county_name,total_population,percent_under_18,median_household_income,poverty_rate,unemployment_rate,broadband_internet_rate,state,county,GEOID,target_population_indicator,economic_barrier_indicator,employment_barrier_indicator,income_barrier_indicator,digital_access_barrier_indicator,market_outreach_opportunity_score
"Oglala Lakota County, South Dakota",13491.0,35.4,41417.0,57.6,16.4,70.2,46,102,46102,0.9974554707379135,1.0,0.9961832061068703,0.9700922685332485,0.9826653944020356,98.92792679560134
"Todd County, South Dakota",9244.0,38.8,42075.0,48.4,18.7,75.2,46,121,46121,0.9990458015267175,0.9996819338422391,0.9980916030534351,0.962456251988546,0.9526081424936387,98.23767465809154
"Leflore County, Mississippi",27141.0,27.3,35277.0,31.5,11.6,69.3,28,083,28083,0.9486323155216285,0.9847328244274809,0.9847328244274809,0.9910913140311804,0.9852099236641222,97.88798404143787
"Buffalo County, South Dakota",1808.0,39.2,47045.0,33.9,10.8,68.7,46,017,46017,0.9993638676844784,0.9931615776081425,0.9796437659033079,0.9204581609926822,0.9879134860050891,97.610817163874
"Jackson County, South Dakota",2802.0,32.9,35417.0,42.4,7.2,62.7,46,071,46071,0.99220737913486,0.9987277353689568,0.8916984732824428,0.9904549793191219,0.9971374045801527,97.40451943371069
"Starr County, Texas",66067.0,32.5,37639.0,33.5,10.4,78.6,48,427,48427,0.9910941475826972,0.9925254452926209,0.9766221374045801,0.9844097995545658,0.9052162849872774,96.99735629643482
"Apache County, Arizona",65341.0,26.0,41438.0,30.5,10.7,60.0,04,001,04001,0.9168256997455471,0.9809160305343512,0.978530534351145,0.9697741011772192,0.9984096692111959,96.88912070038917
"Humphreys County, Mississippi",7395.0,25.2,33731.0,27.0,12.5,65.3,28,053,28053,0.8737277353689568,0.9661259541984732,0.9891857506361323,0.9936366528794146,0.9926844783715013,96.30721142908956
"Sioux County, North Dakota",3740.0,34.0,42083.0,43.3,17.0,80.6,38,085,38085,0.9949109414758269,0.9990458015267175,0.9974554707379135,0.9621380846325167,0.8594147582697201,96.25930113285388
"Tunica County, Mississippi",9475.0,27.7,39364.0,31.1,13.3,78.7,28,143,28143,0.9538804071246819,0.9831424936386769,0.99220737913486,0.9793191218580973,0.9033078880407125,96.23714579594058
"Dimmit County, Texas",8380.0,26.0,38808.0,41.1,8.4,73.9,48,127,48127,0.9168256997455471,0.9980916030534351,0.9387722646310432,0.9818644607063315,0.9654898218829516,96.02087700038618
"McKinley County, New Mexico",70431.0,27.1,47668.0,33.2,9.0,64.8,35,031,35031,0.94529262086514,0.9907760814249363,0.9513358778625954,0.9169583200763601,0.9933206106870229,95.95367021832111
"Coahoma County, Mississippi",20540.0,27.0,37461.0,35.5,9.9,79.0,28,027,28027,0.943384223918575,0.9949109414758269,0.9701017811704835,0.9856824689786828,0.8966284987277353,95.81415828542606
"Holmes County, Mississippi",16191.0,24.5,32538.0,36.4,9.5,68.2,28,051,28051,0.8228371501272265,0.9955470737913485,0.9634223918575063,0.9955456570155902,0.9888676844783715,95.32439914540086
"Phillips County, Arkansas",15450.0,26.2,40134.0,29.3,14.5,79.3,05,107,05107,0.9230279898218829,0.976940203562341,0.9945928753180662,0.9751829462297168,0.8912213740458015,95.21930777955617
"Zapata County, Texas",13841.0,31.6,39239.0,38.4,7.3,79.4,48,505,48505,0.9883905852417303,0.9968193384223919,0.8975826972010178,0.9805917912822144,0.8891539440203562,95.05076712335422
"Bennett County, South Dakota",3345.0,35.1,53750.0,29.9,10.0,65.2,46,007,46007,0.996501272264631,0.9788486005089059,0.9721692111959288,0.8098950047725103,0.9930025445292621,95.00833266542476
"Noxubee County, Mississippi",10025.0,25.1,33833.0,26.3,8.6,69.8,28,103,28103,0.8657760814249363,0.9621501272264631,0.9430661577608143,0.993000318167356,0.9837786259541985,94.95542621067536
"Randolph County, Georgia",6196.0,27.0,28380.0,30.0,10.9,81.5,13,243,13243,0.943384223918575,0.9794847328244275,0.9812340966921119,0.9993636652879414,0.8322201017811705,94.71373641008452
"Duval County, Texas",9742.0,25.2,49038.0,33.3,11.0,68.9,48,131,48131,0.8737277353689568,0.9917302798982188,0.9823473282442748,0.8991409481387209,0.987118320610687,94.68129224521718
"Mellette County, South Dakota",1943.0,28.7,54076.0,41.7,12.5,74.4,46,095,46095,0.9651717557251909,0.9984096692111959,0.9891857506361323,0.804327076041998,0.960559796437659,94.35308096104352
"Dillon County, South Carolina",27862.0,25.3,46605.0,27.7,9.0,70.4,45,033,45033,0.8813613231552163,0.9694656488549618,0.9513358778625954,0.9271396754692969,0.9821882951653944,94.2298164101493
"Jim Hogg County, Texas",4727.0,32.3,42211.0,31.4,6.3,76.3,48,247,48247,0.990617048346056,0.9842557251908397,0.8249045801526718,0.9608654152083996,0.9413167938931297,94.03919125582195
"Rosebud County, Montana",8165.0,28.3,49914.0,24.5,10.6,77.4,30,087,30087,0.9611959287531806,0.9443384223918575,0.9778944020356234,0.8825962456251989,0.9262086513994912,93.84467300410704
"Evangeline Parish, Louisiana",32060.0,25.7,41915.0,24.3,9.8,78.7,22,039,22039,0.9044211195928753,0.9414758269720102,0.9677162849872774,0.9643652561247216,0.9033078880407125,93.62572751435194
"Turner County, Georgia",8939.0,25.0,36799.0,20.3,12.2,72.6,13,287,13287,0.8584605597964376,0.8581424936386769,0.9877544529262087,0.9872733057588291,0.9728053435114504,93.28872311263206
"Roosevelt County, Montana",10526.0,32.9,57063.0,30.4,10.8,74.1,30,085,30085,0.99220737913486,0.9805979643765903,0.9796437659033079,0.7391027680559974,0.9642175572519084,93.11538869445329
"Desha County, Arkansas",10786.0,24.9,37662.0,28.3,8.0,78.0,05,041,05041,0.8524173027989822,0.9728053435114504,0.9263676844783715,0.9837734648425072,0.9171437659033079,93.05015123069239
"Washington County, Mississippi",42765.0,25.6,42165.0,26.4,6.3,50.2,28,151,28151,0.9004452926208651,0.9634223918575063,0.8249045801526718,0.9615017499204581,0.999204834605598,92.98957698314199
"Kusilvak Census Area, Alaska",8176.0,42.1,51471.0,32.4,19.8,82.5,02,158,02158,1.0,0.9877544529262087,0.9987277353689568,0.8568246897868279,0.7927798982188295,92.72173552601647
"St. Landry Parish, Louisiana",81670.0,26.6,44462.0,26.8,6.3,74.3,22,097,22097,0.934001272264631,0.96485368956743,0.8249045801526718,0.947184218899141,0.9616730279898219,92.65233577747392
"Quitman County, Mississippi",5774.0,23.1,32412.0,29.6,12.4,66.5,28,119,28119,0.6720737913486005,0.9778944020356234,0.9882315521628499,0.9961819917276488,0.9909351145038168,92.50633703557078
"Sharkey County, Mississippi",3872.0,23.3,40000.0,30.9,9.1,48.6,28,125,28125,0.6999045801526718,0.9821882951653944,0.9540394402035624,0.9764556156538339,0.9996819338422391,92.24539730035403
"Bolivar County, Mississippi",29534.0,24.6,39585.0,32.6,7.1,77.9,28,011,28011,0.8322201017811705,0.9888676844783715,0.8861323155216285,0.9783646197900095,0.9188931297709924,92.08955702684347
"Lawrence County, Mississippi",11786.0,24.4,43531.0,23.7,9.2,75.6,28,077,28077,0.813295165394402,0.933206106870229,0.9567430025445293,0.9538657333757556,0.9472010178117048,92.08622051993241
"Harding County, New Mexico",741.0,25.4,48553.0,19.4,15.3,71.7,35,021,35021,0.8885178117048346,0.8314249363867684,0.9952290076335878,0.9080496341075406,0.9759860050890585,91.98414789843581
"Franklin Parish, Louisiana",19408.0,24.8,47020.0,24.1,8.2,76.0,22,041,22041,0.8462150127226463,0.9379770992366412,0.934001272264631,0.92141266306077,0.9444974554707379,91.68207005510854
"Adair County, Oklahoma",19575.0,26.1,48041.0,21.5,6.9,71.1,40,001,40001,0.9206424936386769,0.8897900763358778,0.8748409669211196,0.9125039770919504,0.9793256997455471,91.54206427466343
"Jeff Davis County, Georgia",14924.0,25.6,40283.0,21.8,6.7,76.6,13,161,13161,0.9004452926208651,0.8985368956743003,0.8608460559796438,0.9745466115176583,0.9376590330788804,91.44067777742697
"Glacier County, Montana",13637.0,30.3,46875.0,31.1,10.0,84.0,30,035,30035,0.9793256997455471,0.9831424936386769,0.9721692111959288,0.9220489977728286,0.7132633587786259,91.39899522263214
"Presidio County, Texas",5930.0,25.6,43802.0,32.0,6.7,80.4,48,377,48377,0.9004452926208651,0.9858460559796438,0.8608460559796438,0.9525930639516386,0.8652989821882952,91.30058901440172
"Washington Parish, Louisiana",45120.0,23.7,45380.0,24.3,9.9,74.2,22,117,22117,0.7477735368956743,0.9414758269720102,0.9701017811704835,0.9389118676423799,0.9629452926208651,91.22416610602826
"Corson County, South Dakota",3806.0,35.3,46406.0,44.2,23.5,85.1,46,031,46031,0.9971374045801527,0.9993638676844784,0.9995229007633588,0.9280941775373847,0.6364503816793894,91.21137464489529
"Robeson County, North Carolina",116902.0,25.8,41978.0,27.2,6.0,77.6,37,155,37155,0.9085559796437659,0.9675572519083969,0.7969147582697201,0.9630925867006045,0.9235050890585241,91.19251331162023
"Dallas County, Alabama",36858.0,23.6,35627.0,31.0,11.0,80.5,01,047,01047,0.7368002544529262,0.9825063613231552,0.9823473282442748,0.9898186446070634,0.8619592875318066,91.06863752318452
"Yazoo County, Mississippi",24835.0,22.9,39295.0,30.8,9.7,73.1,28,163,28163,0.6456743002544529,0.9818702290076335,0.9658078880407125,0.9799554565701559,0.9699427480916031,90.86501243929115
"Maverick County, Texas",58082.0,30.8,49568.0,22.8,7.7,81.4,48,323,48323,0.982824427480916,0.9185750636132316,0.9169847328244275,0.8883232580337257,0.8355597964376591,90.8453455677992
"Acadia Parish, Louisiana",56955.0,26.0,45562.0,25.0,7.7,81.9,22,001,22001,0.9168256997455471,0.951176844783715,0.9169847328244275,0.9373210308622335,0.8191793893129771,90.82975395057801
"Madison Parish, Louisiana",9513.0,25.6,35456.0,34.5,5.5,77.8,22,065,22065,0.9004452926208651,0.9942748091603053,0.7263040712468194,0.9901368119630926,0.9206424936386768,90.63606957259518
"Navajo County, Arizona",108415.0,25.2,54606.0,24.7,8.8,74.2,04,017,04017,0.8737277353689568,0.9472010178117048,0.9470419847328244,0.79478205536112,0.9629452926208651,90.51396171790941
"Morehouse Parish, Louisiana",24551.0,23.1,39454.0,29.3,9.4,76.7,22,067,22067,0.6720737913486005,0.976940203562341,0.961354961832061,0.9786827871460388,0.9362277353689568,90.50558958515997
"Avoyelles Parish, Louisiana",38905.0,23.9,39325.0,27.8,6.9,78.3,22,009,22009,0.767175572519084,0.9702608142493638,0.8748409669211196,0.9796372892141266,0.9111005089058524,90.06030303619092
"Pemiscot County, Missouri",14958.0,26.1,40089.0,29.6,9.7,84.8,29,155,29155,0.9206424936386769,0.9778944020356234,0.9658078880407125,0.9755011135857461,0.6603053435114503,90.00302481624418
"Jim Wells County, Texas",38850.0,27.3,51896.0,24.7,6.1,75.5,48,249,48249,0.9486323155216285,0.9472010178117048,0.8072519083969466,0.8485523385300668,0.9483142493638677,89.99903659248429
"Concordia Parish, Louisiana",18174.0,23.4,39943.0,31.8,11.7,81.4,22,029,22029,0.7115139949109415,0.9850508905852418,0.9850508905852418,0.977728285077951,0.8355597964376591,89.8980771519407
"Pike County, Mississippi",39602.0,25.5,43814.0,27.1,5.8,78.8,28,113,28113,0.8950381679389313,0.9669211195928753,0.7662213740458015,0.9522748965956093,0.9013994910941476,89.6371009853473
"Luna County, New Mexico",25611.0,25.8,36419.0,28.6,5.4,79.4,35,029,35029,0.9085559796437659,0.9745547073791349,0.7083333333333334,0.9885459751829462,0.8891539440203562,89.38287879119073
"Hale County, Alabama",14829.0,24.2,39250.0,24.6,6.0,75.4,01,065,01065,0.7946882951653944,0.9456106870229007,0.7969147582697201,0.9802736239261852,0.9502226463104326,89.35420021389267
"Panola County, Mississippi",32808.0,24.7,45945.0,23.3,6.6,78.4,28,107,28107,0.8396946564885496,0.9292302798982188,0.8530534351145038,0.9341393573019409,0.9090330788804071,89.3030161536724
"Crisp County, Georgia",19790.0,23.6,45105.0,23.3,7.5,75.5,13,081,13081,0.7368002544529262,0.9292302798982188,0.9077608142493638,0.9408208717785556,0.9483142493638677,89.25852939485864
"Barnwell County, South Carolina",20521.0,23.7,46626.0,25.0,7.0,75.2,45,011,45011,0.7477735368956743,0.951176844783715,0.8804071246819338,0.9268215081132676,0.9526081424936387,89.1757431393646
"Dewey County, South Dakota",5205.0,38.3,54104.0,33.0,13.9,84.7,46,041,46041,0.9984096692111959,0.989821882951654,0.9937977099236641,0.803054406617881,0.6696882951653944,89.09543927739578
"Ziebach County, South Dakota",2377.0,25.2,53958.0,33.5,23.5,83.0,46,137,46137,0.8737277353689568,0.9925254452926209,0.9995229007633588,0.806554247534203,0.7709923664122138,88.86645390742707
"Cibola County, New Mexico",26845.0,23.2,50759.0,28.4,10.5,78.1,35,006,35006,0.6871819338422391,0.973441475826972,0.9772582697201018,0.8676423798918231,0.9155534351145038,88.42154988791279
"San Juan County, New Mexico",120942.0,24.9,55872.0,23.1,7.3,72.4,35,045,35045,0.8524173027989822,0.9257315521628499,0.8975826972010178,0.7674196627426026,0.9739185750636132,88.34139579938132
"Scott County, Mississippi",27718.0,28.2,48786.0,22.2,5.5,77.9,28,123,28123,0.9594465648854962,0.9069656488549618,0.7263040712468194,0.90391345847916,0.9188931297709924,88.31045746474861
"Dougherty County, Georgia",83091.0,24.1,49044.0,25.0,10.2,82.3,13,095,13095,0.785941475826972,0.951176844783715,0.9755089058524173,0.8988227807826917,0.8026399491094147,88.28179912710421
"Wayne County, Mississippi",19718.0,24.9,37619.0,22.8,7.0,82.9,28,153,28153,0.8524173027989822,0.9185750636132316,0.8804071246819338,0.9847279669105949,0.7756043256997456,88.23463567408977
"Early County, Georgia",10603.0,24.4,54083.0,23.6,6.7,70.7,13,099,13099,0.813295165394402,0.9320928753180662,0.8608460559796438,0.8040089086859689,0.9807569974554707,87.82000005667102
"Tensas Parish, Louisiana",3935.0,21.4,36615.0,34.4,11.4,70.0,22,107,22107,0.4419529262086514,0.9939567430025446,0.9836195928753181,0.9879096404708877,0.9834605597964376,87.8179892470768
"Bienville Parish, Louisiana",12638.0,22.6,35011.0,29.2,6.3,65.7,22,013,22013,0.6057569974554707,0.9764631043256997,0.8249045801526718,0.9914094813872096,0.99220737913486,87.81483084911824
"Scott County, Tennessee",22113.0,23.5,44711.0,23.1,7.5,79.7,47,151,47151,0.7240776081424937,0.9257315521628499,0.9077608142493638,0.9457524657970092,0.8816793893129771,87.70003659329386
"Powell County, Kentucky",13038.0,24.8,40309.0,22.5,5.8,79.7,21,197,21197,0.8462150127226463,0.9126908396946565,0.7662213740458015,0.974228444161629,0.8816793893129771,87.62070119875422
"Marion County, South Carolina",28664.0,22.1,36301.0,30.0,7.2,69.4,45,067,45067,0.5361005089058524,0.9794847328244275,0.8916984732824428,0.9888641425389755,0.9847328244274809,87.61761363958358
"Wilcox County, Alabama",10172.0,22.2,40640.0,28.2,11.8,78.9,01,131,01131,0.5494592875318066,0.9721692111959288,0.9853689567430025,0.9732739420935412,0.8990139949109415,87.58570784950442
"Bradley County, Arkansas",10208.0,24.5,41476.0,19.9,6.6,79.7,05,011,05011,0.8228371501272265,0.8470101781170484,0.8530534351145038,0.96945593382119,0.8816793893129771,87.48072172985893
"Neshoba County, Mississippi",28932.0,27.5,57013.0,23.1,7.5,81.1,28,099,28099,0.9514949109414759,0.9257315521628499,0.9077608142493638,0.7410117721921731,0.8455788804071247,87.43155859905976
"Big Horn County, Montana",12891.0,31.3,58750.0,22.1,13.2,82.7,30,003,30003,0.9872773536895675,0.9055343511450382,0.9917302798982188,0.6988545975182946,0.7843511450381679,87.35495454578574
"Richland Parish, Louisiana",19822.0,23.6,53544.0,24.0,8.9,77.6,22,083,22083,0.7368002544529262,0.9365458015267175,0.9484732824427481,0.8138720967228762,0.9235050890585241,87.18393048407584
"Allen Parish, Louisiana",22477.0,23.2,46469.0,23.1,9.8,81.0,22,003,22003,0.6871819338422391,0.9257315521628499,0.9677162849872774,0.9274578428253262,0.8479643765903307,87.12103980816046
"Ware County, Georgia",35976.0,24.8,47448.0,21.5,5.9,77.9,13,299,13299,0.8462150127226463,0.8897900763358778,0.7818066157760815,0.917912822144448,0.9188931297709924,87.0923531350009
"Caldwell Parish, Louisiana",9500.0,22.5,47028.0,29.8,10.1,79.4,22,021,22021,0.5912849872773537,0.9783715012722646,0.9742366412213741,0.9210944957047407,0.8891539440203562,87.0828313899218
"Harlan County, Kentucky",25772.0,23.7,41693.0,27.4,9.5,84.2,21,095,21095,0.7477735368956743,0.9681933842239185,0.9634223918575063,0.9675469296850143,0.7013358778625954,86.96544241049418
"Hempstead County, Arkansas",19508.0,25.3,46787.0,20.2,5.6,75.7,05,057,05057,0.8813613231552163,0.8554389312977099,0.7399809160305344,0.9239580019090041,0.946882951653944,86.95244248092816
"Bell County, Kentucky",23509.0,21.9,31354.0,28.8,10.1,79.3,21,013,21013,0.5069974554707379,0.9756679389312977,0.9742366412213741,0.9977728285077951,0.8912213740458015,86.91792476354013
"Perry County, Alabama",8031.0,21.3,37654.0,31.4,16.5,75.5,01,105,01105,0.42907124681933845,0.9842557251908397,0.996501272264631,0.9840916321985365,0.9483142493638677,86.84468251674427
"Sunflower County, Mississippi",24333.0,21.4,39956.0,28.9,11.2,74.5,28,133,28133,0.4419529262086514,0.976145038167939,0.9831424936386769,0.9774101177219218,0.9594465648854962,86.76194281245371
"Cochran County, Texas",2550.0,28.0,45313.0,27.8,4.8,79.7,48,079,48079,0.9580152671755725,0.9702608142493638,0.5873091603053435,0.9398663697104677,0.8816793893129771,86.74262001507451
"Monroe County, Arkansas",6589.0,23.6,43214.0,20.6,9.8,82.3,05,095,05095,0.7368002544529262,0.8660941475826972,0.9677162849872774,0.9551384027998727,0.8026399491094147,86.56778077864378
"Jefferson County, Oklahoma",5380.0,25.0,48668.0,23.1,5.2,74.3,40,067,40067,0.8584605597964376,0.9257315521628499,0.6680979643765903,0.9055042952593064,0.9616730279898219,86.38934799170013
"Howard County, Arkansas",12583.0,25.7,45603.0,22.5,5.4,80.8,05,061,05061,0.9044211195928753,0.9126908396946565,0.7083333333333334,0.936684696150175,0.8533715012722647,86.31002980086609
"Lowndes County, Alabama",9833.0,21.9,37052.0,29.9,6.8,72.5,01,085,01085,0.5069974554707379,0.9788486005089059,0.8683206106870229,0.9863188036907413,0.9732824427480916,86.27535826211
"Fleming County, Kentucky",15323.0,23.9,49307.0,21.2,7.5,80.5,21,069,21069,0.767175572519084,0.8829516539440203,0.9077608142493638,0.8934139357301941,0.8619592875318066,86.26522527948937
"Claiborne County, Mississippi",8582.0,21.8,31897.0,30.7,6.9,74.1,28,021,28021,0.49300254452926207,0.9815521628498728,0.8748409669211196,0.9968183264397072,0.9642175572519084,86.2086311598374
"Whitley County, Kentucky",36920.0,26.2,44615.0,26.3,5.4,83.3,21,235,21235,0.9230279898218829,0.9621501272264631,0.7083333333333334,0.9468660515431117,0.7566793893129771,85.94113782475536
"Seminole County, Oklahoma",23494.0,24.3,48062.0,21.7,6.3,80.7,40,133,40133,0.8034351145038168,0.8950381679389313,0.8249045801526718,0.9121858097359211,0.8563931297709924,85.83913604204668
"Knox County, Kentucky",29865.0,23.6,32527.0,36.9,8.1,85.3,21,121,21121,0.7368002544529262,0.9958651399491094,0.9303435114503816,0.9958638243716195,0.6207061068702291,85.5915767418853
"Casey County, Kentucky",15914.0,23.0,45510.0,21.7,8.9,81.4,21,045,21045,0.6577608142493638,0.8950381679389313,0.9484732824427481,0.9379573655742921,0.8355597964376591,85.49578853285989
"Decatur County, Georgia",29195.0,24.2,53317.0,22.0,6.3,77.0,13,087,13087,0.7946882951653944,0.9036259541984732,0.8249045801526718,0.8186446070633153,0.9314567430025446,85.46640359164799
"Tillman County, Oklahoma",6910.0,23.8,48939.0,21.0,5.9,74.9,40,141,40141,0.7574745547073791,0.8781806615776081,0.7818066157760815,0.9004136175628381,0.9553117048346056,85.46374308917024
"Russell County, Alabama",58811.0,24.3,51197.0,22.2,6.2,79.7,01,113,01113,0.8034351145038168,0.9069656488549618,0.8150445292620865,0.8615972001272669,0.8816793893129771,85.37443764122217
"Sabine Parish, Louisiana",21977.0,23.2,50329.0,23.7,6.6,78.1,22,085,22085,0.6871819338422391,0.933206106870229,0.8530534351145038,0.8759147311485842,0.9155534351145038,85.2981928418012
"Poinsett County, Arkansas",22543.0,24.2,46707.0,20.1,6.4,80.9,05,111,05111,0.7946882951653944,0.8524173027989822,0.8358778625954199,0.9249125039770919,0.8506679389312977,85.17127806936372
"St. Helena Parish, Louisiana",10858.0,20.4,41934.0,32.4,17.6,69.2,22,091,22091,0.31838422391857507,0.9877544529262087,0.9977735368956743,0.9640470887686924,0.9858460559796438,85.07610716977588
"Escambia County, Alabama",36629.0,22.7,48225.0,20.0,10.1,79.0,01,053,01053,0.6194338422391857,0.8498727735368957,0.9742366412213741,0.9105949729557747,0.8966284987277353,85.0153345736193
"De Soto Parish, Louisiana",27026.0,23.9,48578.0,21.5,6.0,79.5,22,031,22031,0.767175572519084,0.8897900763358778,0.7969147582697201,0.9072542157174674,0.8870865139949109,84.9644227367412
"Nolan County, Texas",14454.0,25.4,50747.0,22.5,6.0,82.9,48,353,48353,0.8885178117048346,0.9126908396946565,0.7969147582697201,0.8684377982818963,0.7756043256997456,84.84331067301707
"San Juan County, Utah",14483.0,28.4,64481.0,18.1,12.5,72.4,49,037,49037,0.9626272264631043,0.7838740458015268,0.9891857506361323,0.5313394845688832,0.9739185750636132,84.8189016506652
"Lenoir County, North Carolina",54919.0,22.6,45143.0,22.0,9.0,81.3,37,107,37107,0.6057569974554707,0.9036259541984732,0.9513358778625954,0.940184537066497,0.839058524173028,84.79923781512129
"Catahoula Parish, Louisiana",8583.0,22.1,50275.0,24.3,8.9,76.7,22,025,22025,0.5361005089058524,0.9414758269720102,0.9484732824427481,0.8771874005727013,0.9362277353689568,84.78929508524537
"Chickasaw County, Mississippi",16915.0,24.8,43586.0,23.5,4.9,79.2,28,017,28017,0.8462150127226463,0.9314567430025446,0.6102099236641222,0.9535475660197263,0.8931297709923665,84.69118032802811
"Mississippi County, Arkansas",39126.0,25.9,52548.0,21.1,6.9,83.8,05,093,05093,0.9128498727735369,0.8810432569974554,0.8748409669211196,0.8358256442888959,0.727735368956743,84.64590219875501
"Tallahatchie County, Mississippi",11764.0,20.5,37466.0,24.6,10.2,68.8,28,135,28135,0.32840330788804073,0.9456106870229007,0.9755089058524173,0.9853643016226535,0.9875954198473282,84.44965244466681
"McDonald County, Missouri",23701.0,25.5,52375.0,16.8,6.8,78.9,29,119,29119,0.8950381679389313,0.7205788804071247,0.8683206106870229,0.8393254852052179,0.8990139949109415,84.44554278298476
"Cameron County, Texas",426120.0,28.7,52601.0,24.8,5.9,84.4,48,061,48061,0.9651717557251909,0.9489503816793893,0.7818066157760815,0.8345529748647789,0.6900445292620865,84.41052514615052
"Magoffin County, Kentucky",11348.0,22.4,33080.0,38.2,9.0,84.2,21,153,21153,0.576176844783715,0.996501272264631,0.9513358778625954,0.9949093223035317,0.7013358778625954,84.40518390154136
"Choctaw County, Oklahoma",14297.0,24.5,44081.0,23.2,4.8,77.0,40,023,40023,0.8228371501272265,0.9277989821882952,0.5873091603053435,0.9506840598154629,0.9314567430025446,84.40172190877746
"Edgecombe County, North Carolina",48736.0,22.9,51265.0,21.7,8.7,80.0,37,065,37065,0.6456743002544529,0.8950381679389313,0.94529262086514,0.8593700286350621,0.8745229007633588,84.3979603691389
"Leake County, Mississippi",21319.0,23.4,50728.0,20.5,6.2,74.8,28,079,28079,0.7115139949109415,0.8629134860050891,0.8150445292620865,0.8689150493159402,0.9564249363867684,84.29623991761652
"Miller County, Arkansas",42360.0,23.4,48836.0,24.6,7.1,83.1,05,091,05091,0.7115139949109415,0.9456106870229007,0.8861323155216285,0.902640789055043,0.7659033078880407,84.23602188797108
"Bullock County, Alabama",10058.0,20.6,31310.0,33.3,7.2,68.1,01,011,01011,0.34001272264631044,0.9917302798982188,0.8916984732824428,0.9980909958638243,0.9891857506361323,84.21436444653857
"Chicot County, Arkansas",9765.0,21.7,39045.0,22.6,9.1,80.1,05,017,05017,0.481234096692112,0.9150763358778626,0.9540394402035624,0.981228125994273,0.8719783715012723,84.07112740538165
"Harmon County, Oklahoma",2406.0,24.4,43333.0,22.7,7.2,85.2,40,057,40057,0.813295165394402,0.9168256997455471,0.8916984732824428,0.9543429844097996,0.6273854961832062,84.07095638030795
"Willacy County, Texas",20139.0,23.6,54180.0,24.0,7.5,81.9,48,489,48489,0.7368002544529262,0.9365458015267175,0.9077608142493638,0.8020999045497932,0.8191793893129771,84.04772328183554
"Emanuel County, Georgia",23026.0,24.9,52772.0,25.7,8.9,85.5,13,107,13107,0.8524173027989822,0.9584923664122137,0.9484732824427481,0.8310531339484569,0.6079834605597965,83.96839092324396
"Breathitt County, Kentucky",13276.0,21.2,34808.0,33.1,9.3,81.2,21,025,21025,0.41412213740458015,0.9901399491094147,0.9596055979643766,0.9920458160992682,0.8423982188295165,83.96623438814312
"Hancock County, Tennessee",6852.0,21.2,34960.0,32.2,6.3,71.1,47,067,47067,0.41412213740458015,0.9868002544529262,0.8249045801526718,0.9917276487432389,0.9793256997455471,83.9376064099793
"Jasper County, Mississippi",16059.0,22.9,48660.0,19.4,6.2,64.5,28,061,28061,0.6456743002544529,0.8314249363867684,0.8150445292620865,0.9058224626153357,0.9937977099236641,83.83527876884614
"Randolph County, Arkansas",18838.0,24.5,50911.0,22.4,5.3,78.8,05,121,05121,0.8228371501272265,0.91014631043257,0.6868638676844784,0.8654152083996182,0.9013994910941476,83.73324055476081
"Russell County, Kentucky",18221.0,23.1,44738.0,23.1,6.4,82.2,21,207,21207,0.6720737913486005,0.9257315521628499,0.8358778625954199,0.9452752147629653,0.807410941475827,83.72738724691324
"Coal County, Oklahoma",5320.0,24.1,50423.0,20.8,7.5,83.5,40,029,40029,0.785941475826972,0.8729325699745547,0.9077608142493638,0.8740057270124085,0.7457061068702291,83.72693387867056
"Lawrence County, Kentucky",16077.0,23.4,46772.0,21.8,7.7,83.7,21,127,21127,0.7115139949109415,0.8985368956743003,0.9169847328244275,0.9242761692650334,0.7334605597964376,83.69544704942282
"Marlboro County, South Carolina",25975.0,19.9,34301.0,28.5,9.9,70.9,45,069,45069,0.2655852417302799,0.9740776081424937,0.9701017811704835,0.9926821508113267,0.9799618320610687,83.64817227831306
"Wilkinson County, Mississippi",8162.0,20.1,35311.0,27.4,13.4,76.0,28,157,28157,0.2857824427480916,0.9681933842239185,0.9926844783715013,0.9907731466751512,0.9444974554707379,83.63861814978802
"Halifax County, North Carolina",47675.0,21.2,45590.0,22.8,9.3,75.4,37,083,37083,0.41412213740458015,0.9185750636132316,0.9596055979643766,0.9370028635062042,0.9502226463104326,83.5905661759765
"Bronx County, New York",1404779.0,24.3,48676.0,27.8,11.4,86.8,36,005,36005,0.8034351145038168,0.9702608142493638,0.9836195928753181,0.9051861279032771,0.5165394402035624,83.58082179470676
"Swisher County, Texas",6937.0,23.9,36165.0,30.1,4.3,73.1,48,437,48437,0.767175572519084,0.9799618320610687,0.4720101781170484,0.9891823098950048,0.9699427480916031,83.56545281367617
"Oregon County, Missouri",8673.0,23.2,43069.0,23.6,5.2,77.3,29,149,29149,0.6871819338422391,0.9320928753180662,0.6680979643765903,0.9560929048679605,0.9277989821882952,83.42529321186302
"Owsley County, Kentucky",3971.0,19.3,22188.0,36.1,12.6,73.3,21,189,21189,0.21183206106870228,0.9952290076335878,0.9904580152671756,0.9996818326439707,0.968352417302799,83.3110666783247
"Hale County, Texas",32131.0,26.3,51897.0,20.5,5.3,81.5,48,189,48189,0.9250954198473282,0.8629134860050891,0.6868638676844784,0.8482341711740375,0.8322201017811705,83.10654092984208
"Winston County, Mississippi",17536.0,22.2,53031.0,26.9,6.7,75.4,28,159,28159,0.5494592875318066,0.9654898218829516,0.8608460559796438,0.8259624562519885,0.9502226463104326,83.03960535913649
"Atkinson County, Georgia",8337.0,25.3,42347.0,25.0,4.8,83.0,13,003,13003,0.8813613231552163,0.951176844783715,0.5873091603053435,0.9595927457842826,0.7709923664122138,83.00864880881542
"Mingo County, West Virginia",22542.0,22.7,38119.0,32.4,11.5,86.0,54,059,54059,0.6194338422391857,0.9877544529262087,0.9842557251908397,0.9834552974864779,0.5752226463104326,83.00243928306288
"Ouachita Parish, Louisiana",158480.0,24.6,54688.0,23.2,6.5,83.4,22,073,22073,0.8322201017811705,0.9277989821882952,0.8447837150127226,0.7928730512249443,0.7509541984732824,82.97260097360831
"Marion County, Mississippi",24193.0,23.4,45110.0,19.7,7.5,83.5,28,091,28091,0.7115139949109415,0.8411259541984732,0.9077608142493638,0.9405027044225263,0.7457061068702291,82.93219149303069
"Webster Parish, Louisiana",35820.0,22.6,41182.0,23.1,5.1,66.1,22,119,22119,0.6057569974554707,0.9257315521628499,0.6507633587786259,0.9716831053133949,0.991412213740458,82.90694454901599
"Conecuh County, Alabama",11275.0,20.1,41327.0,27.8,8.7,72.7,01,035,01035,0.2857824427480916,0.9702608142493638,0.94529262086514,0.9707286032453071,0.9721692111959288,82.88467384607664
"Carroll County, Kentucky",10954.0,26.6,56466.0,23.1,6.1,83.9,21,041,21041,0.934001272264631,0.9257315521628499,0.8072519083969466,0.7559656379255488,0.7212150127226463,82.88330766945245
"Danville city, Virginia",42214.0,22.6,44423.0,24.7,5.6,78.7,51,590,51590,0.6057569974554707,0.9472010178117048,0.7399809160305344,0.9478205536111994,0.9033078880407125,82.88134745899244
"Bibb County, Georgia",156578.0,24.4,51234.0,24.7,8.1,85.8,13,021,13021,0.813295165394402,0.9472010178117048,0.9303435114503816,0.8609608654152083,0.5885814249363868,82.80763970016167
"Cross County, Arkansas",16543.0,23.7,50863.0,19.7,10.7,84.1,05,037,05037,0.7477735368956743,0.8411259541984732,0.978530534351145,0.8657333757556475,0.7069020356234097,82.801308736487
"East Carroll Parish, Louisiana",7072.0,18.8,33341.0,35.2,13.9,70.8,22,035,22035,0.17573155216284989,0.9945928753180662,0.9937977099236641,0.9939548202354438,0.9802798982188295,82.76713711717706
"Crittenden County, Arkansas",47266.0,27.0,55358.0,21.0,10.2,86.2,05,035,05035,0.943384223918575,0.8781806615776081,0.9755089058524173,0.7782373528475979,0.5618638676844784,82.74350023761355
"Monroe County, Alabama",19388.0,21.2,42292.0,20.1,10.4,76.9,01,099,01099,0.41412213740458015,0.8524173027989822,0.9766221374045801,0.960229080496341,0.9328880407124682,82.72557397633904
"Haskell County, Oklahoma",11683.0,23.5,49806.0,20.8,6.6,82.5,40,061,40061,0.7240776081424937,0.8729325699745547,0.8530534351145038,0.8845052497613745,0.7927798982188295,82.54697522423513
"Clarke County, Alabama",22543.0,21.5,49249.0,20.1,9.2,73.7,01,025,01025,0.4541984732824427,0.8524173027989822,0.9567430025445293,0.8946866051543112,0.9662849872773537,82.48660742115239
"Zavala County, Texas",9412.0,29.3,36749.0,33.9,4.0,83.3,48,507,48507,0.9713740458015268,0.9931615776081425,0.4150763358778626,0.9875914731148584,0.7566793893129771,82.47765643430736
"Clay County, West Virginia",7835.0,21.8,42318.0,26.4,11.9,84.0,54,015,54015,0.49300254452926207,0.9634223918575063,0.9861641221374046,0.9599109131403119,0.7132633587786259,82.31526660886222
"Warren County, Georgia",5170.0,20.3,44289.0,21.4,10.0,63.2,13,301,13301,0.3080470737913486,0.8866094147582697,0.9721692111959288,0.9490932230353166,0.996501272264631,82.24840390090989
"Petersburg city, Virginia",33537.0,23.9,50698.0,21.7,10.0,85.5,51,730,51730,0.767175572519084,0.8950381679389313,0.9721692111959288,0.8695513840279987,0.6079834605597965,82.23835592483478
"Darlington County, South Carolina",62558.0,22.2,48581.0,21.1,6.7,78.2,45,031,45031,0.5494592875318066,0.8810432569974554,0.8608460559796438,0.9067769646834235,0.9131679389312977,82.22587008247254
"Newton County, Mississippi",21093.0,24.1,50540.0,24.7,4.7,76.3,28,101,28101,0.785941475826972,0.9472010178117048,0.5639312977099237,0.8724148902322622,0.9413167938931297,82.21610950947985
"Grayson County, Kentucky",26707.0,23.8,50757.0,20.1,6.6,82.9,21,085,21085,0.7574745547073791,0.8524173027989822,0.8530534351145038,0.8679605472478524,0.7756043256997456,82.13020331136927
"Hopewell city, Virginia",22959.0,25.4,54729.0,21.8,9.2,86.1,51,670,51670,0.8885178117048346,0.8985368956743003,0.9567430025445293,0.7919185491568566,0.5680661577608143,82.07564833682669
"Orangeburg County, South Carolina",83253.0,21.4,45675.0,22.4,8.3,79.9,45,075,45075,0.4419529262086514,0.91014631043257,0.9365458015267175,0.9363665287941457,0.8772264631043257,82.04476060132822
"Sumter County, Alabama",11878.0,19.3,33310.0,26.5,12.1,76.0,01,119,01119,0.21183206106870228,0.964058524173028,0.987118320610687,0.9942729875914731,0.9444974554707379,82.03558697829256
"Faulk County, South Dakota",2126.0,25.0,57750.0,28.3,5.3,80.7,46,049,46049,0.8584605597964376,0.9728053435114504,0.6868638676844784,0.7260579064587973,0.8563931297709924,82.01161614444314
"Scott County, Arkansas",9816.0,22.6,43270.0,18.7,6.2,78.4,05,127,05127,0.6057569974554707,0.8074109414758269,0.8150445292620865,0.9548202354438434,0.9090330788804071,81.84131565035268
"Pondera County, Montana",6035.0,23.8,52338.0,21.9,5.8,81.8,30,073,30073,0.7574745547073791,0.901558524173028,0.7662213740458015,0.8401209035952911,0.8241094147582697,81.78969542559538
"Natchitoches Parish, Louisiana",36693.0,22.9,46292.0,25.4,5.6,81.9,22,069,22069,0.6456743002544529,0.955470737913486,0.7399809160305344,0.9290486796054724,0.8191793893129771,81.78708046233844
"Muskogee County, Oklahoma",66444.0,24.4,53619.0,19.1,5.7,79.4,40,101,40101,0.813295165394402,0.8209287531806616,0.7528625954198473,0.8122812599427298,0.8891539440203562,81.77043435915994
"Floyd County, Texas",5216.0,25.4,58462.0,17.9,6.0,77.8,48,153,48153,0.8885178117048346,0.7741730279898219,0.7969147582697201,0.7079223671651289,0.9206424936386768,81.76340917536365
"St. Francis County, Arkansas",22400.0,21.2,42574.0,28.5,9.2,82.7,05,123,05123,0.41412213740458015,0.9740776081424937,0.9567430025445293,0.9583200763601655,0.7843511450381679,81.75227938979873
"Jackson Parish, Louisiana",14884.0,20.8,44925.0,22.3,7.4,73.9,22,049,22049,0.3638676844783715,0.9082379134860051,0.9026717557251909,0.9427298759147311,0.9654898218829516,81.659941029745
"Hidalgo County, Texas",891977.0,31.0,54338.0,26.7,7.6,88.0,48,215,48215,0.9850508905852418,0.9643765903307888,0.9126908396946565,0.7993954820235444,0.4212786259541985,81.6558485717686
"Johnson County, Arkansas",26003.0,24.2,45995.0,19.8,4.6,74.3,05,071,05071,0.7946882951653944,0.8438295165394402,0.5437340966921119,0.9335030225898823,0.9616730279898219,81.54855917953302
"McCurtain County, Oklahoma",30863.0,26.4,51929.0,21.2,4.8,81.5,40,089,40089,0.9282760814249363,0.8829516539440203,0.5873091603053435,0.846325167037862,0.8322201017811705,81.54164328986666
"Yukon-Koyukuk Census Area, Alaska",5195.0,26.3,55741.0,16.0,5.4,64.2,02,290,02290,0.9250954198473282,0.6749363867684478,0.7083333333333334,0.7702831689468661,0.9944338422391857,81.46164302270323
"Jefferson Davis County, Mississippi",11117.0,19.8,38548.0,28.7,9.6,79.2,28,065,28065,0.25699745547073793,0.975031806615776,0.9651717557251909,0.9825007954183901,0.8931297709923665,81.45663168444923
"Christian County, Kentucky",72069.0,28.3,55494.0,17.1,6.3,82.9,21,047,21047,0.9611959287531806,0.7358460559796438,0.8249045801526718,0.7750556792873051,0.7756043256997456,81.45213139745093
"Attala County, Mississippi",17526.0,25.2,51639.0,18.0,5.4,80.8,28,007,28007,0.8737277353689568,0.7800572519083969,0.7083333333333334,0.8530066815144766,0.8533715012722647,81.36993006794857
"Menifee County, Kentucky",6230.0,21.0,45096.0,26.9,7.9,81.2,21,165,21165,0.3885178117048346,0.9654898218829516,0.9227099236641222,0.9411390391345847,0.8423982188295165,81.20509630432018
"Richmond County, North Carolina",42344.0,23.5,44883.0,25.2,9.8,87.4,37,153,37153,0.7240776081424937,0.9535623409669212,0.9677162849872774,0.943684377982819,0.46660305343511455,81.11287331029251
"Wayne County, Georgia",30949.0,23.9,53427.0,21.3,7.2,84.3,13,305,13305,0.767175572519084,0.8845419847328244,0.8916984732824428,0.8164174355711105,0.6957697201017812,81.11206372414486
"Laclede County, Missouri",36390.0,24.6,53282.0,18.2,5.3,77.2,29,105,29105,0.8322201017811705,0.7873727735368957,0.6868638676844784,0.8192809417753738,0.9287531806615776,81.08981730878992
"Copiah County, Mississippi",27855.0,22.4,49089.0,23.0,5.8,79.5,28,029,28029,0.576176844783715,0.9230279898218829,0.7662213740458015,0.8980273623926185,0.8870865139949109,81.01080170077857
"Caddo Parish, Louisiana",230004.0,23.5,50705.0,22.4,8.7,85.6,22,017,22017,0.7240776081424937,0.91014631043257,0.94529262086514,0.8692332166719694,0.6014631043256997,81.00425720875745
"Arkansas County, Arkansas",16515.0,23.2,53164.0,19.0,8.1,82.5,05,001,05001,0.6871819338422391,0.8169529262086515,0.9303435114503816,0.8224626153356666,0.7927798982188295,80.99441770111537
"Vance County, North Carolina",42322.0,24.0,50465.0,19.8,8.2,85.3,37,181,37181,0.7763994910941476,0.8438295165394402,0.934001272264631,0.8736875596563792,0.6207061068702291,80.97247892849654
"Ashley County, Arkansas",18429.0,22.5,44266.0,22.1,5.5,80.0,05,003,05003,0.5912849872773537,0.9055343511450382,0.7263040712468194,0.9494113903913458,0.8745229007633588,80.94115401647832
"Sevier County, Arkansas",15712.0,28.4,53527.0,17.3,4.9,78.3,05,133,05133,0.9626272264631043,0.7476145038167938,0.6102099236641222,0.8141902640789055,0.9111005089058524,80.91484853857557
"Scotland County, North Carolina",33590.0,23.2,45730.0,25.8,10.9,87.3,37,165,37165,0.6871819338422391,0.959764631043257,0.9812340966921119,0.9360483614381164,0.476940203562341,80.82338453156132
"Barbour County, Alabama",24643.0,20.7,46042.0,21.4,7.8,75.5,01,005,01005,0.35162213740458015,0.8866094147582697,0.9201653944020356,0.9322303531657652,0.9483142493638677,80.77883098189037
"Montgomery County, Mississippi",9602.0,22.5,41748.0,25.2,4.7,74.2,28,097,28097,0.5912849872773537,0.9535623409669212,0.5639312977099237,0.9669105949729557,0.9629452926208651,80.7726902709604
"Floyd County, Kentucky",35224.0,21.9,41279.0,28.0,7.7,84.7,21,071,21071,0.5069974554707379,0.9713740458015268,0.9169847328244275,0.9710467706013363,0.6696882951653944,80.72182599726845
"Union Parish, Louisiana",20821.0,21.5,42885.0,29.4,5.1,64.1,22,111,22111,0.4541984732824427,0.9774173027989822,0.6507633587786259,0.9567292395800191,0.9950699745547074,80.68356697989555
"Drew County, Arkansas",17046.0,22.0,42824.0,22.4,5.9,80.5,05,043,05043,0.5225826972010178,0.91014631043257,0.7818066157760815,0.9570474069360484,0.8619592875318066,80.6708463575505
"Mahnomen County, Minnesota",5358.0,31.0,59441.0,18.3,9.8,85.5,27,087,27087,0.9850508905852418,0.7930979643765903,0.9677162849872774,0.6786509704104359,0.6079834605597965,80.64999141838683
"Brooks County, Texas",6943.0,20.9,47764.0,19.4,19.9,78.9,48,047,48047,0.37754452926208654,0.8314249363867684,0.9990458015267175,0.9163219853643016,0.8990139949109415,80.4670249490163
"Worth County, Georgia",20451.0,22.2,58694.0,24.0,6.9,74.5,13,321,13321,0.5494592875318066,0.9365458015267175,0.8748409669211196,0.7002863506204263,0.9594465648854962,80.41157942971132
"Butler County, Alabama",18630.0,22.1,44755.0,22.4,6.5,82.7,01,013,01013,0.5361005089058524,0.91014631043257,0.8447837150127226,0.9449570474069361,0.7843511450381679,80.40677453592497
"Adams County, Ohio",27540.0,23.9,50264.0,20.2,6.4,84.5,39,001,39001,0.767175572519084,0.8554389312977099,0.8358778625954199,0.8778237352847598,0.6836832061068703,80.39998615607689
"Allendale County, South Carolina",7661.0,18.2,32328.0,28.2,8.5,73.6,45,005,45005,0.1407442748091603,0.9721692111959288,0.9411577608142494,0.9965001590836781,0.9666030534351145,80.34348918676261
"Quay County, New Mexico",8564.0,19.6,41946.0,27.1,7.4,76.4,35,037,35037,0.24013994910941475,0.9669211195928753,0.9026717557251909,0.9634107540566338,0.9400445292620865,80.26376215492401
"Blaine County, Montana",6949.0,29.0,64813.0,18.3,13.6,83.7,30,005,30005,0.9685114503816794,0.7930979643765903,0.9930025445292621,0.5246579700922686,0.7334605597964376,80.25460978352477
"Charles Mix County, South Dakota",9281.0,30.7,64038.0,24.0,5.8,82.7,46,023,46023,0.9821882951653944,0.9365458015267175,0.7662213740458015,0.5413617562838053,0.7843511450381679,80.21336744119773
"Dawson County, Texas",12134.0,24.3,54360.0,19.6,6.4,83.7,48,115,48115,0.8034351145038168,0.8385814249363868,0.8358778625954199,0.7989182309895004,0.7334605597964376,80.20546385643122
"Crenshaw County, Alabama",13122.0,22.8,48560.0,17.9,5.4,69.2,01,041,01041,0.6332697201017812,0.7741730279898219,0.7083333333333334,0.9077314667515113,0.9858460559796438,80.18707208312182
"Hampton County, South Carolina",18254.0,21.4,44711.0,20.7,9.5,82.6,45,049,45049,0.4419529262086514,0.8695928753180662,0.9634223918575063,0.9457524657970092,0.7883269720101781,80.18095262382822
"Alexander County, Illinois",4875.0,21.3,47043.0,19.0,6.5,61.9,17,003,17003,0.42907124681933845,0.8169529262086515,0.8447837150127226,0.9207763283487114,0.9974554707379135,80.18079374254675
"Iberia Parish, Louisiana",68599.0,25.4,56961.0,22.8,7.3,86.2,22,045,22045,0.8885178117048346,0.9185750636132316,0.8975826972010178,0.7419662742602608,0.5618638676844784,80.17011428927647
"Douglas County, Missouri",11965.0,23.1,45985.0,17.5,6.1,81.4,29,067,29067,0.6720737913486005,0.7574745547073791,0.8072519083969466,0.9338211899459116,0.8355597964376591,80.12362481672992
"Grenada County, Mississippi",21217.0,24.2,48804.0,24.6,4.9,83.4,28,043,28043,0.7946882951653944,0.9456106870229007,0.6102099236641222,0.9032771237671015,0.7509541984732824,80.09480456185602
"Chaves County, New Mexico",64217.0,24.6,52938.0,24.3,5.0,83.0,35,005,35005,0.8322201017811705,0.9414758269720102,0.630884223918575,0.8285077951002227,0.7709923664122138,80.08160628368384
"Le Flore County, Oklahoma",49053.0,24.4,51565.0,19.4,5.2,81.4,40,079,40079,0.813295165394402,0.8314249363867684,0.6680979643765903,0.8552338530066815,0.8355597964376591,80.07223431204203
"Amite County, Mississippi",12565.0,20.2,37222.0,27.6,5.8,69.5,28,005,28005,0.2969147582697201,0.969147582697201,0.7662213740458015,0.986000636334712,0.9842557251908397,80.05080153076548
"Calhoun County, West Virginia",6048.0,19.0,43980.0,32.9,8.9,77.4,54,013,54013,0.1871819338422392,0.9895038167938931,0.9484732824427481,0.9510022271714922,0.9262086513994912,80.04739823299728
"Washington County, North Carolina",10812.0,19.1,41813.0,24.1,13.0,78.2,37,187,37187,0.1944974554707379,0.9379770992366412,0.9910941475826972,0.9653197581928095,0.9131679389312977,80.04112798828366
"Walthall County, Mississippi",13839.0,22.6,48905.0,18.8,6.6,81.6,28,147,28147,0.6057569974554707,0.8107506361323156,0.8530534351145038,0.9010499522748966,0.8298346055979644,80.00891253150304
"Matagorda County, Texas",36329.0,25.6,58628.0,20.7,8.7,86.0,48,321,48321,0.9004452926208651,0.8695928753180662,0.94529262086514,0.7037861915367483,0.5752226463104326,79.88679253302504
"Fayette County, Alabama",16053.0,21.2,49488.0,21.8,8.4,80.9,01,057,01057,0.41412213740458015,0.8985368956743003,0.9387722646310432,0.8895959274578429,0.8506679389312977,79.83390328198128
"Lee County, Virginia",21900.0,18.2,41827.0,28.8,9.5,75.8,51,105,51105,0.1407442748091603,0.9756679389312977,0.9634223918575063,0.9650015908367802,0.9462468193384224,79.82166031546333
"Chesterfield County, South Carolina",43784.0,22.2,49235.0,20.3,7.5,82.8,45,025,45025,0.5494592875318066,0.8581424936386769,0.9077608142493638,0.8950047725103405,0.7800572519083969,79.8084923967717
"Webster County, West Virginia",8144.0,20.1,43839.0,23.3,9.2,80.6,54,101,54101,0.2857824427480916,0.9292302798982188,0.9567430025445293,0.9516385618835508,0.8594147582697201,79.65618090688221
"Latimer County, Oklahoma",9518.0,21.9,41405.0,20.7,5.7,79.7,40,077,40077,0.5069974554707379,0.8695928753180662,0.7528625954198473,0.9704104358892778,0.8816793893129771,79.63085502821812
"Clay County, Kentucky",19921.0,20.6,40900.0,32.4,9.3,83.9,21,051,21051,0.34001272264631044,0.9877544529262087,0.9596055979643766,0.9726376073814826,0.7212150127226463,79.62450787282049
"Lee County, Arkansas",8359.0,18.9,34375.0,39.4,19.1,82.2,05,077,05077,0.18145674300254452,0.9974554707379135,0.9984096692111959,0.9923639834552975,0.807410941475827,79.54193615765558
"Cherokee County, South Carolina",56647.0,22.7,50288.0,18.4,6.3,80.7,45,021,45021,0.6194338422391857,0.7981870229007634,0.8249045801526718,0.8765510658606427,0.8563931297709924,79.50939281848513
"Clay County, Mississippi",18383.0,22.5,43125.0,20.9,7.2,84.8,28,025,28025,0.5912849872773537,0.8753180661577609,0.8916984732824428,0.9556156538339167,0.6603053435114503,79.48445048125849
"Menard County, Texas",1955.0,21.3,53043.0,18.9,10.8,77.4,48,327,48327,0.42907124681933845,0.813295165394402,0.9796437659033079,0.8245307031498568,0.9262086513994912,79.45499065332793
"Union County, South Carolina",26885.0,20.8,41621.0,22.6,7.9,82.3,45,087,45087,0.3638676844783715,0.9150763358778626,0.9227099236641222,0.9681832643970729,0.8026399491094147,79.44954315053688
"Estill County, Kentucky",14035.0,21.3,46051.0,20.7,7.0,80.7,21,065,21065,0.42907124681933845,0.8695928753180662,0.8804071246819338,0.9319121858097359,0.8563931297709924,79.34753124800135
"Santa Cruz County, Arizona",48926.0,25.8,55217.0,20.2,12.2,87.9,04,023,04023,0.9085559796437659,0.8554389312977099,0.9877544529262087,0.7836461979000955,0.42970737913486,79.3020588180528
"Crosby County, Texas",5041.0,25.5,52188.0,20.1,8.2,87.8,48,107,48107,0.8950381679389313,0.8524173027989822,0.934001272264631,0.8429844097995546,0.4379770992366412,79.24836504077481
"Edwards County, Kansas",2779.0,23.2,52692.0,18.9,6.8,83.3,20,047,20047,0.6871819338422391,0.813295165394402,0.8683206106870229,0.8329621380846325,0.7566793893129771,79.16878474642547
"George County, Mississippi",25170.0,26.6,59758.0,18.3,7.5,84.9,28,039,28039,0.934001272264631,0.7930979643765903,0.9077608142493638,0.6687877823735284,0.6521946564885497,79.11684979505326
"Clay County, Tennessee",7670.0,18.8,39972.0,24.2,10.0,79.4,47,027,47027,0.17573155216284989,0.9394083969465649,0.9721692111959288,0.9770919503658925,0.8891539440203562,79.07110109383184
"Okmulgee County, Oklahoma",36899.0,23.6,54029.0,18.0,7.3,83.7,40,111,40111,0.7368002544529262,0.7800572519083969,0.8975826972010178,0.8055997454661152,0.7334605597964376,79.07001017649786
"Kemper County, Mississippi",8729.0,18.4,46431.0,24.8,10.8,75.9,28,069,28069,0.15108142493638677,0.9489503816793893,0.9796437659033079,0.9277760101813554,0.9454516539440203,79.05806473288919
"Pike County, Ohio",27044.0,23.5,52736.0,21.3,5.4,82.3,39,131,39131,0.7240776081424937,0.8845419847328244,0.7083333333333334,0.8320076360165447,0.8026399491094147,79.03201022669222
"Robertson County, Kentucky",2283.0,26.6,51830.0,21.1,3.8,78.3,21,201,21201,0.934001272264631,0.8810432569974554,0.37515903307888043,0.8498250079541839,0.9111005089058524,79.02258158402007
"Lauderdale County, Mississippi",71504.0,23.4,50817.0,26.3,5.8,85.0,28,075,28075,0.7115139949109415,0.9621501272264631,0.7662213740458015,0.866369710467706,0.6447201017811706,79.01950616864164
"Colleton County, South Carolina",38783.0,22.7,51114.0,19.6,9.9,84.8,45,029,45029,0.6194338422391857,0.8385814249363868,0.9701017811704835,0.8625517021953548,0.6603053435114503,79.01948188105722
"Polk County, Arkansas",19361.0,22.5,49191.0,15.9,7.3,79.6,05,113,05113,0.5912849872773537,0.6692111959287532,0.8975826972010178,0.8953229398663697,0.8848600508905853,78.7652374232816
"Pocahontas County, West Virginia",7784.0,17.7,42119.0,22.5,11.9,74.6,54,075,54075,0.11418575063613232,0.9126908396946565,0.9861641221374046,0.9618199172764874,0.9583333333333334,78.66387926156028
"Mitchell County, Georgia",21058.0,22.9,57613.0,23.4,5.9,81.2,13,205,13205,0.6456743002544529,0.9306615776081425,0.7818066157760815,0.7301940820871778,0.8423982188295165,78.61469589110742
"Toombs County, Georgia",27102.0,26.3,52621.0,22.5,4.4,83.2,13,279,13279,0.9250954198473282,0.9126908396946565,0.4969783715012723,0.8342348075087496,0.7616094147582697,78.61217706620552
"Metcalfe County, Kentucky",10425.0,23.6,51473.0,27.5,4.9,83.3,21,169,21169,0.7368002544529262,0.9688295165394402,0.6102099236641222,0.8565065224307986,0.7566793893129771,78.58051212800528
"Roane County, West Virginia",13786.0,20.0,45778.0,19.1,9.1,76.3,54,087,54087,0.27512722646310434,0.8209287531806616,0.9540394402035624,0.9350938593700286,0.9413167938931297,78.53012146220972
"Woodruff County, Arkansas",6026.0,21.6,48158.0,24.1,5.0,71.3,05,147,05147,0.46771628498727735,0.9379770992366412,0.630884223918575,0.9118676423798918,0.9780534351145038,78.52997371273777
"Bamberg County, South Carolina",13042.0,18.3,44370.0,24.3,15.0,79.2,45,009,45009,0.14567430025445294,0.9414758269720102,0.9949109414758269,0.948456888323258,0.8931297709923665,78.4729545603583
"Yalobusha County, Mississippi",12419.0,21.9,49151.0,21.5,5.9,81.0,28,161,28161,0.5069974554707379,0.8897900763358778,0.7818066157760815,0.8965956092904868,0.8479643765903307,78.4630826692703
"San Augustine County, Texas",7874.0,20.0,50408.0,27.1,9.5,81.2,48,405,48405,0.27512722646310434,0.9669211195928753,0.9634223918575063,0.8743238943684378,0.8423982188295165,78.4438570222288
"Sampson County, North Carolina",59470.0,24.5,52432.0,21.8,5.3,84.7,37,163,37163,0.8228371501272265,0.8985368956743003,0.6868638676844784,0.8383709831371301,0.6696882951653944,78.3259438357706
"Lincoln County, West Virginia",19902.0,22.6,46205.0,23.2,5.9,84.7,54,043,54043,0.6057569974554707,0.9277989821882952,0.7818066157760815,0.9306395163856188,0.6696882951653944,78.3138081394172
"Gadsden County, Florida",43710.0,22.1,48801.0,27.9,5.0,80.3,12,039,12039,0.5361005089058524,0.9710559796437659,0.630884223918575,0.9035952911231308,0.8680025445292621,78.1927709624117
"Shelby County, Texas",24155.0,26.0,49776.0,20.6,4.1,82.2,48,419,48419,0.9168256997455471,0.8660941475826972,0.43209287531806617,0.8848234171174038,0.807410941475827,78.14494162479082
"West Carroll Parish, Louisiana",9464.0,22.5,49134.0,16.2,5.7,71.5,22,123,22123,0.5912849872773537,0.686704834605598,0.7528625954198473,0.8975501113585747,0.9774173027989822,78.11639662920712
"Tippah County, Mississippi",21523.0,23.6,52542.0,18.9,5.5,82.5,28,139,28139,0.7368002544529262,0.813295165394402,0.7263040712468194,0.8361438116449252,0.7927798982188295,78.10646401915805
"Choctaw County, Mississippi",8118.0,21.4,50919.0,18.4,9.8,81.5,28,019,28019,0.4419529262086514,0.7981870229007634,0.9677162849872774,0.865097041043589,0.8322201017811705,78.10346753842903
"Otero County, Colorado",18321.0,23.1,54037.0,22.1,6.7,84.8,08,089,08089,0.6720737913486005,0.9055343511450382,0.8608460559796438,0.8052815781100859,0.6603053435114503,78.08082240189637
"Lewis County, Kentucky",12965.0,22.7,46838.0,22.0,6.0,84.8,21,135,21135,0.6194338422391857,0.9036259541984732,0.7969147582697201,0.922685332484887,0.6603053435114503,78.05930461407434
"Craig County, Oklahoma",14302.0,22.7,51922.0,19.0,5.1,73.3,40,035,40035,0.6194338422391857,0.8169529262086515,0.6507633587786259,0.8469615017499205,0.968352417302799,78.04928092558366
"Wolfe County, Kentucky",6443.0,22.4,30417.0,37.7,13.1,89.1,21,237,21237,0.576176844783715,0.9961832061068703,0.9914122137404581,0.9984091632198536,0.33476463104325704,77.93892117788307
"Decatur County, Tennessee",11579.0,20.2,45375.0,22.1,7.2,80.5,47,039,47039,0.2969147582697201,0.9055343511450382,0.8916984732824428,0.9392300349984092,0.8619592875318066,77.90673810454834
"Hill County, Montana",16155.0,28.2,52798.0,20.7,4.2,82.7,30,041,30041,0.9594465648854962,0.8695928753180662,0.451176844783715,0.8300986318803691,0.7843511450381679,77.8933212381163
"Bethel Census Area, Alaska",18394.0,34.7,73996.0,25.6,15.9,84.9,02,050,02050,0.9958651399491094,0.9573791348600509,0.9958651399491094,0.290804963410754,0.6521946564885497,77.84218069315146
"Nicholas County, Kentucky",7708.0,24.4,59531.0,17.6,6.1,81.6,21,181,21181,0.813295165394402,0.7620865139949109,0.8072519083969466,0.674196627426026,0.8298346055979644,77.733296416205
"Macon County, Georgia",11864.0,18.0,41031.0,25.1,7.2,76.5,13,193,13193,0.1313613231552163,0.9524491094147582,0.8916984732824428,0.9720012726694242,0.9390903307888041,77.7320101862129
"Hickory County, Missouri",8585.0,17.3,39390.0,19.8,13.8,71.7,29,085,29085,0.09239821882951654,0.8438295165394402,0.9933206106870229,0.9790009545020681,0.9759860050890585,77.69070611294214
"Conway County, Arkansas",21054.0,22.6,54187.0,19.7,6.4,82.4,05,029,05029,0.6057569974554707,0.8411259541984732,0.8358778625954199,0.8017817371937639,0.7977099236641221,77.64504950214499
"Jackson County, Arkansas",16712.0,20.0,44218.0,21.7,9.8,82.5,05,067,05067,0.27512722646310434,0.8950381679389313,0.9677162849872774,0.9497295577473751,0.7927798982188295,77.60782270711036
"Haywood County, Tennessee",17475.0,21.9,50472.0,21.5,5.9,81.8,47,075,47075,0.5069974554707379,0.8897900763358778,0.7818066157760815,0.87336939230035,0.8241094147582697,77.52145909282633
"Covington County, Mississippi",18148.0,24.3,45051.0,19.8,3.5,71.1,28,031,28031,0.8034351145038168,0.8438295165394402,0.307410941475827,0.941457206490614,0.9793256997455471,77.5091695751049
"Johnston County, Oklahoma",10278.0,23.4,52688.0,22.9,4.5,79.7,40,069,40069,0.7115139949109415,0.9208015267175572,0.5225826972010178,0.8332803054406618,0.8816793893129771,77.39715827166312
"Greene County, Alabama",7424.0,21.6,29200.0,40.1,4.0,67.0,01,063,01063,0.46771628498727735,0.9977735368956743,0.4150763358778626,0.9987273305758829,0.9901399491094147,77.38866874892224
"Galax city, Virginia",6726.0,24.8,38675.0,31.1,5.1,88.2,51,640,51640,0.8462150127226463,0.9831424936386769,0.6507633587786259,0.9821826280623608,0.4069656488549618,77.38538284114543
"Red River Parish, Louisiana",7443.0,23.4,49167.0,25.8,3.6,72.9,22,081,22081,0.7115139949109415,0.959764631043257,0.32903944020356235,0.8958001909004136,0.9707379134860051,77.3371234108836
"Clarke County, Mississippi",15314.0,21.8,46108.0,17.4,7.0,82.2,28,023,28023,0.49300254452926207,0.7528625954198473,0.8804071246819338,0.9312758510976774,0.807410941475827,77.29918114409095
"Swain County, North Carolina",14013.0,20.8,52349.0,19.1,7.6,77.3,37,173,37173,0.3638676844783715,0.8209287531806616,0.9126908396946565,0.8396436525612472,0.9277989821882952,77.29859824206464
"Duplin County, North Carolina",49335.0,23.7,55148.0,20.5,5.3,82.8,37,061,37061,0.7477735368956743,0.8629134860050891,0.6868638676844784,0.7846006999681833,0.7800572519083969,77.24417684923644
"Jones County, Mississippi",66472.0,25.1,52216.0,18.7,4.0,77.2,28,067,28067,0.8657760814249363,0.8074109414758269,0.4150763358778626,0.8421889914094813,0.9287531806615776,77.18411061699369
"Cass County, Texas",28568.0,22.4,53813.0,17.5,6.4,79.9,48,067,48067,0.576176844783715,0.7574745547073791,0.8358778625954199,0.8087814190264079,0.8772264631043257,77.11074288434496
"Kiowa County, Oklahoma",8383.0,24.1,44962.0,22.9,5.2,86.6,40,075,40075,0.785941475826972,0.9208015267175572,0.6680979643765903,0.9420935412026726,0.5322837150127226,76.9843644627303
"Lamar County, Alabama",13693.0,22.1,50000.0,18.0,5.5,77.7,01,075,01075,0.5361005089058524,0.7800572519083969,0.7263040712468194,0.8814826598790964,0.9220737913486006,76.92036566577531
"Saline County, Illinois",23213.0,20.7,53117.0,18.9,7.7,76.5,17,165,17165,0.35162213740458015,0.813295165394402,0.9169847328244275,0.8234171174037543,0.9390903307888041,76.88818967631936
"Kleberg County, Texas",30579.0,24.1,61292.0,28.1,7.7,86.4,48,273,48273,0.785941475826972,0.9716921119592875,0.9169847328244275,0.6207445116131085,0.5483460559796438,76.87417776406879
"Sequoyah County, Oklahoma",39860.0,23.9,51093.0,20.2,4.7,82.5,40,135,40135,0.767175572519084,0.8554389312977099,0.5639312977099237,0.8631880369074133,0.7927798982188295,76.85027473305921
"Frio County, Texas",18582.0,24.7,66010.0,19.5,5.6,76.6,48,163,48163,0.8396946564885496,0.8349236641221374,0.7399809160305344,0.4899777282850779,0.9376590330788804,76.8447199601036
"Jefferson County, Arkansas",64802.0,21.5,51096.0,18.6,8.1,82.6,05,069,05069,0.4541984732824427,0.8040712468193384,0.9303435114503816,0.862869869551384,0.7883269720101781,76.79620146227451
"Colquitt County, Georgia",46224.0,25.6,49341.0,22.9,4.3,84.9,13,071,13071,0.9004452926208651,0.9208015267175572,0.4720101781170484,0.8927776010181355,0.6521946564885497,76.7645850992431
"St. Bernard Parish, Louisiana",44419.0,25.9,58651.0,23.0,7.6,88.5,22,087,22087,0.9128498727735369,0.9230279898218829,0.9126908396946565,0.7031498568246898,0.3834287531806616,76.70294624590855
"Lincoln County, Kentucky",24504.0,24.4,52440.0,16.3,6.5,85.0,21,137,21137,0.813295165394402,0.6930661577608143,0.8447837150127226,0.8380528157811009,0.6447201017811706,76.6783591146042
"Wilkinson County, Georgia",8747.0,21.9,45465.0,21.6,4.8,78.5,13,319,13319,0.5069974554707379,0.8926526717557252,0.5873091603053435,0.9382755329303214,0.9069656488549618,76.64400938634179
"Wayne County, Missouri",10862.0,19.6,47226.0,25.7,7.3,82.0,29,223,29223,0.24013994910941475,0.9584923664122137,0.8975826972010178,0.9191854915685651,0.8144083969465649,76.59617802475552
"Calhoun County, Mississippi",12922.0,22.1,43125.0,20.4,4.7,78.4,28,013,28013,0.5361005089058524,0.8602099236641222,0.5639312977099237,0.9556156538339167,0.9090330788804071,76.49780925988445
"Appling County, Georgia",18493.0,24.4,46651.0,22.5,3.1,76.1,13,001,13001,0.813295165394402,0.9126908396946565,0.22853053435114504,0.926185173401209,0.943384223918575,76.48171873519975
"Coshocton County, Ohio",36744.0,23.8,55577.0,18.5,5.4,82.8,39,031,39031,0.7574745547073791,0.8016857506361323,0.7083333333333334,0.7731466751511296,0.7800572519083969,76.41395131472743
"Wright County, Missouri",18965.0,25.8,47909.0,18.7,3.5,79.7,29,229,29229,0.9085559796437659,0.8074109414758269,0.307410941475827,0.9147311485841553,0.8816793893129771,76.39576800985105
"Knott County, Kentucky",13830.0,19.8,41761.0,23.3,9.3,84.1,21,119,21119,0.25699745547073793,0.9292302798982188,0.9596055979643766,0.9662742602608972,0.7069020356234097,76.3801925843528
"Claiborne Parish, Louisiana",13833.0,19.0,32831.0,32.0,5.1,50.2,22,027,22027,0.1871819338422392,0.9858460559796438,0.6507633587786259,0.995227489659561,0.999204834605598,76.36447345731335
"Carter County, Kentucky",26341.0,22.6,51235.0,19.2,5.3,81.3,21,043,21043,0.6057569974554707,0.8250636132315522,0.6868638676844784,0.8606426980591791,0.839058524173028,76.34771401207416
"Clinch County, Georgia",6759.0,24.8,45847.0,26.1,2.1,71.3,13,065,13065,0.8462150127226463,0.9610368956743003,0.09716921119592875,0.9347756920139993,0.9780534351145038,76.34500493442756
"Ben Hill County, Georgia",17089.0,24.5,41758.0,25.2,3.1,81.1,13,017,13017,0.8228371501272265,0.9535623409669212,0.22853053435114504,0.9665924276169265,0.8455788804071247,76.34202666938688
"Franklin County, Alabama",31966.0,25.2,53338.0,19.1,3.6,72.0,01,059,01059,0.8737277353689568,0.8209287531806616,0.32903944020356235,0.8180082723512567,0.9751908396946565,76.33790081598187
"Hall County, Texas",2820.0,21.2,48459.0,16.3,9.0,81.0,48,191,48191,0.41412213740458015,0.6930661577608143,0.9513358778625954,0.9090041361756284,0.8479643765903307,76.30985371587899
"Washington County, Georgia",19849.0,21.4,46023.0,17.2,8.0,83.0,13,303,13303,0.4419529262086514,0.7417302798982188,0.9263676844783715,0.9325485205217945,0.7709923664122138,76.27183555038502
"Ripley County, Missouri",10708.0,24.1,42037.0,24.8,3.7,83.2,29,181,29181,0.785941475826972,0.9489503816793893,0.35225826972010177,0.9627744193445753,0.7616094147582697,76.23067922658615
"Seminole County, Georgia",9156.0,20.1,49495.0,20.1,6.0,68.9,13,253,13253,0.2857824427480916,0.8524173027989822,0.7969147582697201,0.8889595927457843,0.987118320610687,76.2238483434653
"McCreary County, Kentucky",16867.0,21.8,33750.0,38.9,4.2,80.1,21,147,21147,0.49300254452926207,0.9971374045801527,0.451176844783715,0.9933184855233853,0.8719783715012723,76.13227301835575
"Franklin County, Georgia",24234.0,22.2,53046.0,19.5,5.9,82.0,13,119,13119,0.5494592875318066,0.8349236641221374,0.7818066157760815,0.8240534521158129,0.8144083969465649,76.09302832984807
"Geneva County, Alabama",26887.0,22.0,52771.0,19.2,5.6,79.6,01,061,01061,0.5225826972010178,0.8250636132315522,0.7399809160305344,0.8313713013044861,0.8848600508905853,76.07717157316351
"Baker County, Georgia",2790.0,16.0,46012.0,26.3,6.7,64.0,13,007,13007,0.05184478371501272,0.9621501272264631,0.8608460559796438,0.933184855233853,0.9955470737913485,76.07145791892643
"Uvalde County, Texas",24881.0,26.5,53801.0,22.2,4.3,84.6,48,463,48463,0.9311386768447837,0.9069656488549618,0.4720101781170484,0.8094177537384665,0.6777989821882952,75.94662479487111
"Socorro County, New Mexico",16200.0,24.0,36570.0,33.2,1.3,63.0,35,053,35053,0.7763994910941476,0.9907760814249363,0.04373409669211196,0.988227807826917,0.9968193384223919,75.9191363092101
"Winn Parish, Louisiana",13467.0,20.7,48871.0,24.3,5.2,77.0,22,127,22127,0.35162213740458015,0.9414758269720102,0.6680979643765903,0.9016862869869551,0.9314567430025446,75.88677917485361
"Texas County, Missouri",25161.0,22.1,50036.0,19.8,5.1,79.8,29,215,29215,0.5361005089058524,0.8438295165394402,0.6507633587786259,0.8806872414890232,0.8789758269720102,75.80712905369903
"Curry County, New Mexico",47638.0,26.5,57309.0,20.5,8.2,89.2,35,009,35009,0.9311386768447837,0.8629134860050891,0.934001272264631,0.7343302577155584,0.32649491094147587,75.77757207543077
"Ouachita County, Arkansas",22085.0,22.2,49268.0,18.9,5.2,80.5,05,103,05103,0.5494592875318066,0.813295165394402,0.6680979643765903,0.8943684377982819,0.8619592875318066,75.74360285265776
"Bibb County, Alabama",22130.0,20.0,52541.0,22.5,12.1,82.9,01,007,01007,0.27512722646310434,0.9126908396946565,0.987118320610687,0.8364619790009545,0.7756043256997456,75.74005382938296
"Green County, Kentucky",11369.0,21.2,46798.0,20.4,7.2,84.3,21,087,21087,0.41412213740458015,0.8602099236641222,0.8916984732824428,0.9233216671969456,0.6957697201017812,75.70243843299744
"Wyoming County, West Virginia",20629.0,20.0,48440.0,22.6,5.7,77.0,54,109,54109,0.27512722646310434,0.9150763358778626,0.7528625954198473,0.909640470887687,0.9314567430025446,75.68326743302092
"Meigs County, Ohio",21896.0,20.6,46873.0,21.8,5.4,78.2,39,105,39105,0.34001272264631044,0.8985368956743003,0.7083333333333334,0.9223671651288577,0.9131679389312977,75.648361114282
"Sharp County, Arkansas",17773.0,20.4,44637.0,16.5,8.1,80.0,05,135,05135,0.31838422391857507,0.7040394402035624,0.9303435114503816,0.9465478841870824,0.8745229007633588,75.47675921045919
"Hancock County, Georgia",8650.0,13.7,40082.0,30.6,6.3,71.3,13,141,13141,0.013676844783715014,0.9812340966921119,0.8249045801526718,0.9758192809417754,0.9780534351145038,75.47376475369555
"Little River County, Arkansas",11821.0,21.9,53344.0,15.5,7.3,78.8,05,081,05081,0.5069974554707379,0.6491730279898219,0.8975826972010178,0.8176901049952274,0.9013994910941476,75.45685553501905
"Perry County, Kentucky",27499.0,23.4,42181.0,26.8,5.8,88.7,21,193,21193,0.7115139949109415,0.96485368956743,0.7662213740458015,0.9611835825644289,0.3676844783715013,75.42914238920207
"Imperial County, California",180202.0,28.3,57681.0,19.5,12.5,90.1,06,025,06025,0.9611959287531806,0.8349236641221374,0.9891857506361323,0.727966910594973,0.2574745547073791,75.41493617627604
"Union County, Arkansas",37900.0,23.7,55259.0,19.5,5.5,84.6,05,139,05139,0.7477735368956743,0.8349236641221374,0.7263040712468194,0.7817371937639198,0.6777989821882952,75.37074896433693
"Jasper County, Georgia",15929.0,23.3,60134.0,16.0,7.2,81.2,13,159,13159,0.6999045801526718,0.6749363867684478,0.8916984732824428,0.6587655106586064,0.8423982188295165,75.3540633938337
"Hamilton County, Florida",13616.0,20.6,50144.0,20.1,6.7,81.4,12,047,12047,0.34001272264631044,0.8524173027989822,0.8608460559796438,0.8784600699968184,0.8355597964376591,75.34591895718827
"Northampton County, North Carolina",16931.0,17.7,50086.0,21.1,8.1,74.3,37,131,37131,0.11418575063613232,0.8810432569974554,0.9303435114503816,0.8797327394209354,0.9616730279898219,75.33956572989453
"Macon County, Alabama",18691.0,15.4,43707.0,24.3,8.3,79.1,01,087,01087,0.03864503816793893,0.9414758269720102,0.9365458015267175,0.9529112313076679,0.8947201017811705,75.28595999511009
"Laurens County, Georgia",49798.0,24.6,55010.0,22.6,5.2,86.2,13,175,13175,0.8322201017811705,0.9150763358778626,0.6680979643765903,0.7861915367483296,0.5618638676844784,75.26899612936863
"Clare County, Michigan",31218.0,19.3,49384.0,21.6,9.5,82.3,26,035,26035,0.21183206106870228,0.8926526717557252,0.9634223918575063,0.8918230989500477,0.8026399491094147,75.24740345482792
"Miller County, Georgia",5850.0,22.5,51425.0,23.8,3.9,70.7,13,201,13201,0.5912849872773537,0.9344783715012722,0.3969465648854962,0.8571428571428572,0.9807569974554707,75.21219556524899
"Hinds County, Mississippi",218533.0,23.5,49402.0,22.7,7.5,89.3,28,049,28049,0.7240776081424937,0.9168256997455471,0.9077608142493638,0.8915049315940184,0.3193384223918575,75.19014952246562
"Nacogdoches County, Texas",65162.0,23.3,53555.0,21.8,7.0,87.4,48,347,48347,0.6999045801526718,0.8985368956743003,0.8804071246819338,0.8125994272987591,0.46660305343511455,75.1610216248556
"Roosevelt County, New Mexico",18928.0,25.1,52685.0,21.8,5.4,87.6,35,041,35041,0.8657760814249363,0.8985368956743003,0.7083333333333334,0.8335984727966911,0.4516539440203562,75.15797454499233
"Putnam County, Florida",75164.0,21.2,47934.0,23.4,7.4,85.7,12,107,12107,0.41412213740458015,0.9306615776081425,0.9026717557251909,0.9140948138720967,0.5949427480916031,75.12986065403227
"Hardeman County, Tennessee",25433.0,19.3,46069.0,19.0,9.8,81.7,47,069,47069,0.21183206106870228,0.8169529262086515,0.9677162849872774,0.9315940184537066,0.8272900763358779,75.10770734108432
"Evans County, Georgia",10757.0,25.1,53259.0,19.1,4.3,82.9,13,109,13109,0.8657760814249363,0.8209287531806616,0.4720101781170484,0.8199172764874324,0.7756043256997456,75.08473229819647
"Blaine County, Oklahoma",8570.0,24.6,61642.0,17.4,8.4,85.4,40,011,40011,0.8322201017811705,0.7528625954198473,0.9387722646310432,0.6111994909322304,0.614821882951654,74.99752671431892
"Jackson County, Kentucky",13086.0,23.8,40000.0,19.5,4.0,83.1,21,109,21109,0.7574745547073791,0.8349236641221374,0.4150763358778626,0.9764556156538339,0.7659033078880407,74.99666956498507
"Letcher County, Kentucky",20808.0,21.8,41793.0,24.4,6.2,86.6,21,133,21133,0.49300254452926207,0.943384223918575,0.8150445292620865,0.9656379255488386,0.5322837150127226,74.9870587654297
"Brooks County, Georgia",16293.0,20.0,46807.0,25.4,5.0,74.8,13,027,13027,0.27512722646310434,0.955470737913486,0.630884223918575,0.9230034998409163,0.9564249363867684,74.81821249045699
"Howell County, Missouri",40383.0,24.1,50993.0,20.3,5.0,85.6,29,091,29091,0.785941475826972,0.8581424936386769,0.630884223918575,0.8641425389755011,0.6014631043256997,74.81147673370849
"Florence County, South Carolina",137117.0,23.5,58305.0,18.7,5.6,83.3,45,041,45041,0.7240776081424937,0.8074109414758269,0.7399809160305344,0.7120585427935093,0.7566793893129771,74.80414795510684
"Reynolds County, Missouri",6010.0,19.0,45028.0,17.3,10.9,79.7,29,179,29179,0.1871819338422392,0.7476145038167938,0.9812340966921119,0.9417753738466433,0.8816793893129771,74.7897059502153
"Butler County, Missouri",42020.0,23.3,49089.0,20.5,4.8,84.4,29,023,29023,0.6999045801526718,0.8629134860050891,0.5873091603053435,0.8980273623926185,0.6900445292620865,74.7639823623562
"Madison County, Idaho",54618.0,20.2,60160.0,24.5,8.3,78.8,16,065,16065,0.2969147582697201,0.9443384223918575,0.9365458015267175,0.6582882596245625,0.9013994910941476,74.74973465814011
"Carbon County, Utah",20517.0,25.2,58377.0,17.0,5.9,85.1,49,007,49007,0.8737277353689568,0.7301208651399491,0.7818066157760815,0.7101495386573338,0.6364503816793894,74.64510273243421
"Rockcastle County, Kentucky",16163.0,21.5,48862.0,25.6,4.6,80.0,21,203,21203,0.4541984732824427,0.9573791348600509,0.5437340966921119,0.9020044543429844,0.8745229007633588,74.63678119881897
"Greene County, Mississippi",13615.0,18.9,54276.0,18.3,11.9,73.5,28,041,28041,0.18145674300254452,0.7930979643765903,0.9861641221374046,0.8008272351256761,0.9670801526717557,74.57252434627944
"Braxton County, West Virginia",12208.0,18.4,50331.0,20.4,9.4,79.8,54,007,54007,0.15108142493638677,0.8602099236641222,0.961354961832061,0.8755965637925549,0.8789758269720102,74.54437402394271
"Marengo County, Alabama",18851.0,22.0,43825.0,21.9,4.1,78.0,01,091,01091,0.5225826972010178,0.901558524173028,0.43209287531806617,0.95195672923958,0.9171437659033079,74.5066918367
"Dale County, Alabama",49599.0,23.3,54963.0,18.7,6.6,86.0,01,045,01045,0.6999045801526718,0.8074109414758269,0.8530534351145038,0.7877823735284759,0.5752226463104326,74.46747953163822
"Raleigh County, West Virginia",73195.0,21.0,52150.0,22.8,5.0,76.3,54,081,54081,0.3885178117048346,0.9185750636132316,0.630884223918575,0.8437798281896277,0.9413167938931297,74.46147442638797
"Cumberland County, Kentucky",5948.0,22.1,40000.0,24.8,4.0,81.1,21,057,21057,0.5361005089058524,0.9489503816793893,0.4150763358778626,0.9764556156538339,0.8455788804071247,74.44323445048127
"Nevada County, Arkansas",8159.0,22.1,53886.0,20.3,4.6,72.0,05,099,05099,0.5361005089058524,0.8581424936386769,0.5437340966921119,0.8075087496022908,0.9751908396946565,74.41353377067176
"Pulaski County, Illinois",5015.0,20.6,42463.0,25.0,4.3,61.1,17,153,17153,0.34001272264631044,0.951176844783715,0.4720101781170484,0.958956411072224,0.9980916030534351,74.40495519345465
"Chester County, South Carolina",32182.0,22.3,52458.0,18.7,5.6,83.0,45,023,45023,0.5629770992366412,0.8074109414758269,0.7399809160305344,0.8374164810690423,0.7709923664122138,74.37555608448518
"Forrest County, Mississippi",78272.0,22.7,53640.0,21.0,6.7,86.4,28,035,28035,0.6194338422391857,0.8781806615776081,0.8608460559796438,0.811326757874642,0.5483460559796438,74.36266747301448
"Henderson County, Tennessee",27980.0,22.7,55136.0,16.9,6.1,82.8,47,077,47077,0.6194338422391857,0.7255089058524173,0.8072519083969466,0.7852370346802418,0.7800572519083969,74.34977886154377
"Caddo County, Oklahoma",26447.0,23.0,55353.0,18.3,5.8,83.9,40,015,40015,0.6577608142493638,0.7930979643765903,0.7662213740458015,0.7785555202036272,0.7212150127226463,74.33701371196058
"Monroe County, Kentucky",11269.0,24.4,51280.0,22.1,4.0,83.9,21,171,21171,0.813295165394402,0.9055343511450382,0.4150763358778626,0.8590518612790328,0.7212150127226463,74.28345452837964
"Franklin County, Illinois",37323.0,22.1,56740.0,17.5,7.7,83.4,17,055,17055,0.5361005089058524,0.7574745547073791,0.9169847328244275,0.748965956092905,0.7509541984732824,74.20959902007692
"Schley County, Georgia",4513.0,24.6,56875.0,13.9,7.6,84.7,13,249,13249,0.8322201017811705,0.5507315521628499,0.9126908396946565,0.7440343620744512,0.6696882951653944,74.18730301757044
"Perry County, Tennessee",8697.0,22.3,55972.0,18.1,5.8,81.6,47,135,47135,0.5629770992366412,0.7838740458015268,0.7662213740458015,0.7651924912503977,0.8298346055979644,74.16199231864663
"Clay County, Arkansas",14280.0,21.5,51481.0,17.2,6.3,81.6,05,021,05021,0.4541984732824427,0.7417302798982188,0.8249045801526718,0.8561883550747693,0.8298346055979644,74.13712588012133
"Dunklin County, Missouri",27493.0,26.0,47849.0,22.0,4.8,88.5,29,069,29069,0.9168256997455471,0.9036259541984732,0.5873091603053435,0.9153674832962138,0.3834287531806616,74.13114101452479
"St. Mary Parish, Louisiana",47828.0,24.5,52576.0,20.8,5.4,87.4,22,101,22101,0.8228371501272265,0.8729325699745547,0.7083333333333334,0.8351893095768375,0.46660305343511455,74.11790832894133
"Owen County, Kentucky",11330.0,22.1,61134.0,18.3,7.0,80.4,21,187,21187,0.5361005089058524,0.7930979643765903,0.8804071246819338,0.6286986955138403,0.8652989821882952,74.07206551333024
"Valencia County, New Mexico",78458.0,22.7,58933.0,18.1,7.0,83.8,35,061,35061,0.6194338422391857,0.7838740458015268,0.8804071246819338,0.6916958320076361,0.727735368956743,74.0629242737405
"Pickett County, Tennessee",5079.0,17.3,49030.0,23.9,6.8,78.5,47,137,47137,0.09239821882951654,0.9354325699745547,0.8683206106870229,0.8994591154947502,0.9069656488549618,74.05152327681613
"Tattnall County, Georgia",24208.0,20.1,50747.0,23.4,6.7,83.3,13,267,13267,0.2857824427480916,0.9306615776081425,0.8608460559796438,0.8684377982818963,0.7566793893129771,74.04814527861502
"Wilbarger County, Texas",12616.0,21.5,54102.0,17.5,9.3,83.8,48,487,48487,0.4541984732824427,0.7574745547073791,0.9596055979643766,0.8033725739739103,0.727735368956743,74.04773137769702
"Lafayette County, Arkansas",6136.0,18.3,41278.0,22.3,5.3,68.3,05,073,05073,0.14567430025445294,0.9082379134860051,0.6868638676844784,0.9713649379573656,0.9885496183206107,74.01381275405825
"Sumter County, Georgia",29061.0,22.4,42653.0,23.7,4.7,84.7,13,261,13261,0.576176844783715,0.933206106870229,0.5639312977099237,0.9576837416481069,0.6696882951653944,74.01372572354738
"Martin County, Kentucky",11027.0,19.8,37042.0,33.2,5.5,83.6,21,159,21159,0.25699745547073793,0.9907760814249363,0.7263040712468194,0.9866369710467706,0.739821882951654,74.01072924281836
"Carter County, Missouri",5297.0,24.3,50000.0,20.8,3.8,83.1,29,035,29035,0.8034351145038168,0.8729325699745547,0.37515903307888043,0.8814826598790964,0.7659033078880407,73.97825370648778
"Adams County, Mississippi",28803.0,20.5,43644.0,27.0,6.4,85.4,28,001,28001,0.32840330788804073,0.9661259541984732,0.8358778625954199,0.953229398663697,0.614821882951654,73.9691681259457
"Camp County, Texas",12798.0,26.2,58843.0,19.9,5.7,87.3,48,063,48063,0.9230279898218829,0.8470101781170484,0.7528625954198473,0.6958320076360165,0.476940203562341,73.91345949114273
"Grundy County, Missouri",9787.0,25.9,51975.0,17.6,3.2,77.6,29,079,29079,0.9128498727735369,0.7620865139949109,0.2506361323155216,0.8456888323258034,0.9235050890585241,73.89532880936594
"Lawrence County, Arkansas",16238.0,22.3,44882.0,20.1,5.8,86.1,05,075,05075,0.5629770992366412,0.8524173027989822,0.7662213740458015,0.9440025453388482,0.5680661577608143,73.87368958362174
"Dallas County, Arkansas",6242.0,20.1,42500.0,13.9,8.2,74.1,05,039,05039,0.2857824427480916,0.5507315521628499,0.934001272264631,0.9586382437161947,0.9642175572519084,73.86742136287351
"Butler County, Kentucky",12393.0,23.1,56092.0,20.5,4.4,79.0,21,031,21031,0.6720737913486005,0.8629134860050891,0.4969783715012723,0.7639198218262806,0.8966284987277353,73.85027938817956
"Cherokee County, Texas",51886.0,25.2,61261.0,18.2,5.2,83.6,48,073,48073,0.8737277353689568,0.7873727735368957,0.6680979643765903,0.6226535157492841,0.739821882951654,73.8334774396676
"Pushmataha County, Oklahoma",10790.0,21.4,47940.0,20.7,4.4,73.3,40,127,40127,0.4419529262086514,0.8695928753180662,0.4969783715012723,0.9137766465160675,0.968352417302799,73.81306473693712
"Nowata County, Oklahoma",9435.0,23.0,54333.0,17.2,4.5,73.3,40,105,40105,0.6577608142493638,0.7417302798982188,0.5225826972010178,0.7998727330575883,0.968352417302799,73.80597883417975
"Roberts County, South Dakota",10221.0,28.2,65130.0,15.7,6.0,83.3,46,109,46109,0.9594465648854962,0.6591921119592875,0.7969147582697201,0.515749284123449,0.7566793893129771,73.7596421710186
"Cook County, Georgia",17532.0,25.4,53651.0,17.7,3.6,79.2,13,075,13075,0.8885178117048346,0.7660623409669212,0.32903944020356235,0.8110085905186128,0.8931297709923665,73.75515908772596
"Kay County, Oklahoma",43625.0,24.8,58423.0,16.0,5.8,84.4,40,071,40071,0.8462150127226463,0.6749363867684478,0.7662213740458015,0.7091950365892459,0.6900445292620865,73.73224678776455
"Webb County, Texas",269294.0,31.3,63058.0,21.3,5.5,86.8,48,479,48479,0.9872773536895675,0.8845419847328244,0.7263040712468194,0.5695195672923958,0.5165394402035624,73.68364834330339
"Lowndes County, Georgia",119965.0,24.6,58541.0,19.2,5.1,84.7,13,185,13185,0.8322201017811705,0.8250636132315522,0.6507633587786259,0.7060133630289532,0.6696882951653944,73.67497463971391
"Stewart County, Georgia",4869.0,12.2,33250.0,26.4,5.5,67.7,13,259,13259,0.00826972010178117,0.9634223918575063,0.7263040712468194,0.9945911549475024,0.9895038167938931,73.64182309895006
"Rio Arriba County, New Mexico",40070.0,22.5,57155.0,18.2,4.9,75.3,35,039,35039,0.5912849872773537,0.7873727735368957,0.6102099236641222,0.7368755965637925,0.9514949109414759,73.5447638396728
"Bristol city, Virginia",16849.0,19.6,50404.0,18.0,6.3,74.8,51,520,51520,0.24013994910941475,0.7800572519083969,0.8249045801526718,0.8749602290804963,0.9564249363867684,73.52973893275497
"McIntosh County, Oklahoma",19400.0,19.9,46281.0,21.1,5.3,78.2,40,091,40091,0.2655852417302799,0.8810432569974554,0.6868638676844784,0.9293668469615017,0.9131679389312977,73.52054304610026
"Burke County, Georgia",24470.0,24.5,53014.0,18.3,5.0,85.6,13,033,13033,0.8228371501272265,0.7930979643765903,0.630884223918575,0.8267578746420617,0.6014631043256997,73.50080634780308
"McDowell County, West Virginia",17943.0,18.2,31559.0,34.2,8.2,85.5,54,047,54047,0.1407442748091603,0.9936386768447837,0.934001272264631,0.9971364937957365,0.6079834605597965,73.47008356548217
"Hendry County, Florida",42382.0,24.9,56393.0,22.5,4.4,84.9,12,051,12051,0.8524173027989822,0.9126908396946565,0.4969783715012723,0.758510976773783,0.6521946564885497,73.45584294514488
"Graham County, Arizona",39232.0,25.8,67325.0,17.3,7.7,84.9,04,009,04009,0.9085559796437659,0.7476145038167938,0.9169847328244275,0.4457524657970092,0.6521946564885497,73.42204677141092
"Dillingham Census Area, Alaska",4724.0,30.9,78533.0,19.5,10.5,84.7,02,070,02070,0.9839376590330788,0.8349236641221374,0.9772582697201018,0.2052179446388801,0.6696882951653944,73.42051665359183
"Terrell County, Georgia",8850.0,22.3,46171.0,33.3,4.1,83.4,13,273,13273,0.5629770992366412,0.9917302798982188,0.43209287531806617,0.9309576837416481,0.7509541984732824,73.37424273335714
"Treutlen County, Georgia",6376.0,21.8,55518.0,13.8,7.7,76.3,13,283,13283,0.49300254452926207,0.5429389312977099,0.9169847328244275,0.7744193445752465,0.9413167938931297,73.37324694239553
"Izard County, Arkansas",14009.0,17.8,49405.0,22.3,7.2,80.7,05,065,05065,0.1203880407124682,0.9082379134860051,0.8916984732824428,0.8911867642379891,0.8563931297709924,73.35808642979795
"Beckham County, Oklahoma",22148.0,23.1,53328.0,21.7,7.9,88.8,40,009,40009,0.6720737913486005,0.8950381679389313,0.9227099236641222,0.818326439707286,0.3597328244274809,73.35762294172842
"Montgomery County, Georgia",8640.0,20.3,51941.0,20.6,7.5,83.6,13,209,13209,0.3080470737913486,0.8660941475826972,0.9077608142493638,0.8460069996818327,0.739821882951654,73.35461836513792
"Marion County, Texas",9737.0,16.9,49672.0,18.3,8.7,73.9,48,315,48315,0.07569974554707379,0.7930979643765903,0.94529262086514,0.8867324212535794,0.9654898218829516,73.3262514785067
"Merced County, California",290201.0,28.7,65510.0,19.1,10.6,88.4,06,047,06047,0.9651717557251909,0.8209287531806616,0.9778944020356234,0.5062042634425707,0.39153944020356235,73.23477229175218
"Richmond County, Georgia",206069.0,22.9,55637.0,20.0,8.5,87.6,13,245,13245,0.6456743002544529,0.8498727735368957,0.9411577608142494,0.7721921730830417,0.4516539440203562,73.21101903417991
"Montgomery County, Arkansas",8553.0,18.7,48906.0,22.4,5.8,78.2,05,097,05097,0.169529262086514,0.91014631043257,0.7662213740458015,0.9007317849188673,0.9131679389312977,73.19593340830102
"Jefferson County, Georgia",15341.0,22.6,53014.0,16.9,5.8,83.7,13,163,13163,0.6057569974554707,0.7255089058524173,0.7662213740458015,0.8267578746420617,0.7334605597964376,73.15411423584376
"Webster County, Mississippi",9972.0,24.5,58789.0,16.4,6.6,85.9,28,155,28155,0.8228371501272265,0.6983142493638677,0.8530534351145038,0.697422844416163,0.5826972010178118,73.08649760079146
"Dodge County, Georgia",19805.0,18.7,51587.0,21.5,6.1,77.0,13,091,13091,0.169529262086514,0.8897900763358778,0.8072519083969466,0.8542793509385938,0.9314567430025446,73.04614681520954
"Independence County, Arkansas",38175.0,24.3,56609.0,20.4,3.9,81.4,05,063,05063,0.8034351145038168,0.8602099236641222,0.3969465648854962,0.7527839643652561,0.8355597964376591,72.97870727712701
"Hertford County, North Carolina",19908.0,19.3,45537.0,22.9,6.0,82.8,37,091,37091,0.21183206106870228,0.9208015267175572,0.7969147582697201,0.9376391982182628,0.7800572519083969,72.94489592365278
"Pontotoc County, Mississippi",31550.0,26.1,51484.0,16.7,3.1,77.5,28,115,28115,0.9206424936386769,0.7154898218829516,0.22853053435114504,0.85587018771874,0.924618320610687,72.903027164044
"Quitman County, Georgia",2264.0,14.0,40179.0,15.7,28.6,66.5,13,239,13239,0.01717557251908397,0.6591921119592875,1.0,0.9748647788736876,0.9909351145038168,72.84335155711751
"DeSoto County, Florida",35386.0,17.9,54417.0,24.1,9.5,82.0,12,027,12027,0.12579516539440203,0.9379770992366412,0.9634223918575063,0.7973273942093542,0.8144083969465649,72.77860895288937
"Lea County, New Mexico",73733.0,29.5,68015.0,18.7,6.9,86.3,35,025,35025,0.9724872773536896,0.8074109414758269,0.8748409669211196,0.42634425707922363,0.5555025445292621,72.73171974718244
"Rapides Parish, Louisiana",127527.0,25.0,54967.0,19.9,5.1,87.1,22,079,22079,0.8584605597964376,0.8470101781170484,0.6507633587786259,0.7874642061724467,0.4925254452926209,72.72447496314358
"Tift County, Georgia",41438.0,24.8,53255.0,20.8,2.8,78.3,13,277,13277,0.8462150127226463,0.8729325699745547,0.1830470737913486,0.8202354438434617,0.9111005089058524,72.67061218475727
"Menominee County, Wisconsin",4252.0,30.3,62108.0,21.7,10.0,91.2,55,078,55078,0.9793256997455471,0.8950381679389313,0.9721692111959288,0.6006999681832643,0.1854325699745547,72.65331234076451
"Oscoda County, Michigan",8425.0,19.6,49515.0,17.2,8.0,81.4,26,135,26135,0.24013994910941475,0.7417302798982188,0.9263676844783715,0.888641425389755,0.8355597964376591,72.64878270626838
"Coffee County, Georgia",43347.0,24.5,50683.0,23.1,4.4,86.8,13,069,13069,0.8228371501272265,0.9257315521628499,0.4969783715012723,0.869869551384028,0.5165394402035624,72.63912130757879
"Dallas County, Missouri",17551.0,23.6,53464.0,20.5,3.9,81.9,29,059,29059,0.7368002544529262,0.8629134860050891,0.3969465648854962,0.8157811008590519,0.8191793893129771,72.63241591031081
"Benson County, North Dakota",5808.0,33.5,64033.0,25.6,3.4,80.9,38,005,38005,0.9934796437659033,0.9573791348600509,0.2876908396946565,0.5418390073178492,0.8506679389312977,72.62113129139514
"Pike County, Kentucky",56727.0,20.3,44312.0,24.4,5.2,83.2,21,195,21195,0.3080470737913486,0.943384223918575,0.6680979643765903,0.9487750556792873,0.7616094147582697,72.59827465048141
"Ottawa County, Oklahoma",30341.0,25.2,49947.0,20.9,3.0,82.6,40,115,40115,0.8737277353689568,0.8753180661577609,0.209764631043257,0.8822780782691696,0.7883269720101781,72.58830965698645
"Martin County, North Carolina",21644.0,20.3,48578.0,20.4,6.1,83.5,37,117,37117,0.3080470737913486,0.8602099236641222,0.8072519083969466,0.9072542157174674,0.7457061068702291,72.56938456880228
"Lowndes County, Mississippi",57838.0,23.8,53812.0,17.3,6.3,87.2,28,087,28087,0.7574745547073791,0.7476145038167938,0.8249045801526718,0.8090995863824372,0.4848918575063613,72.47970165131285
"Hughes County, Oklahoma",13389.0,21.5,51581.0,20.2,4.9,81.0,40,063,40063,0.4541984732824427,0.8554389312977099,0.6102099236641222,0.8545975182946229,0.8479643765903307,72.44818446258456
"Franklin County, Arkansas",17326.0,22.3,55886.0,18.0,4.9,78.8,05,047,05047,0.5629770992366412,0.7800572519083969,0.6102099236641222,0.7664651606745148,0.9013994910941476,72.42217853155645
"Todd County, Kentucky",12469.0,27.0,61103.0,20.9,3.2,77.7,21,219,21219,0.943384223918575,0.8753180661577609,0.2506361323155216,0.6296531975819282,0.9220737913486006,72.42130822644772
"Lawrence County, Tennessee",45385.0,25.0,54706.0,15.0,4.9,83.6,47,099,47099,0.8584605597964376,0.6192748091603053,0.6102099236641222,0.792554883868915,0.739821882951654,72.40644118882868
"Chattooga County, Georgia",25036.0,22.0,50285.0,21.2,5.4,85.2,13,055,13055,0.5225826972010178,0.8829516539440203,0.7083333333333334,0.876869233216672,0.6273854961832062,72.362448277565
"Reagan County, Texas",3232.0,33.6,57813.0,11.8,5.0,79.7,48,383,48383,0.9939567430025446,0.38915394402035625,0.630884223918575,0.7222398981864461,0.8816793893129771,72.35828396881799
"Vernon Parish, Louisiana",47117.0,25.4,57270.0,19.0,5.7,88.0,22,115,22115,0.8885178117048346,0.8169529262086515,0.7528625954198473,0.7346484250715877,0.4212786259541985,72.28520768718238
"Grundy County, Tennessee",13819.0,21.5,47593.0,18.9,9.0,87.3,47,061,47061,0.4541984732824427,0.813295165394402,0.9513358778625954,0.9175946547884187,0.476940203562341,72.267287497804
"Barbour County, West Virginia",15424.0,19.9,51394.0,20.0,8.5,84.3,54,001,54001,0.2655852417302799,0.8498727735368957,0.9411577608142494,0.858097359210945,0.6957697201017812,72.20965710788302
"DeKalb County, Tennessee",20959.0,21.7,53153.0,18.6,5.6,83.2,47,041,47041,0.481234096692112,0.8040712468193384,0.7399809160305344,0.8227807826916959,0.7616094147582697,72.193529139839
"Covington County, Alabama",37628.0,22.2,52456.0,19.2,5.2,83.8,01,039,01039,0.5494592875318066,0.8250636132315522,0.6680979643765903,0.8377346484250716,0.727735368956743,72.16181765043528
"Hardee County, Florida",25675.0,24.4,60489.0,25.3,5.9,88.2,12,049,12049,0.813295165394402,0.954675572519084,0.7818066157760815,0.6496977410117721,0.4069656488549618,72.12881487112602
"Clinton County, Kentucky",9202.0,21.5,44844.0,17.5,5.0,81.9,21,053,21053,0.4541984732824427,0.7574745547073791,0.630884223918575,0.9443207126948775,0.8191793893129771,72.12114707832502
"Dickens County, Texas",1747.0,21.2,49335.0,18.0,9.2,86.2,48,125,48125,0.41412213740458015,0.7800572519083969,0.9567430025445293,0.8930957683741648,0.5618638676844784,72.11764055832299
"Jefferson Davis Parish, Louisiana",31924.0,25.1,57341.0,14.6,4.7,81.1,22,053,22053,0.8657760814249363,0.5957379134860051,0.5639312977099237,0.7336939230034998,0.8455788804071247,72.0943619206298
"Liberty County, Montana",1952.0,27.2,57857.0,25.8,0.6,74.6,30,051,30051,0.946882951653944,0.959764631043257,0.01812977099236641,0.720967228762329,0.9583333333333334,72.0815583157046
"Lee County, Kentucky",7339.0,18.1,37568.0,27.4,4.7,75.5,21,129,21129,0.1364503816793893,0.9681933842239185,0.5639312977099237,0.9850461342666242,0.9483142493638677,72.03870894487447
"Meriwether County, Georgia",20929.0,21.0,57340.0,18.9,6.6,82.1,13,199,13199,0.3885178117048346,0.813295165394402,0.8530534351145038,0.7340120903595291,0.8112277353689568,72.00212475884452
"Madison County, Florida",18089.0,17.7,48485.0,21.0,5.8,77.1,12,079,12079,0.11418575063613232,0.8781806615776081,0.7662213740458015,0.9086859688195991,0.9298664122137404,71.94280334585763
"Johnson County, Georgia",9190.0,17.8,51028.0,24.2,7.4,83.0,13,167,13167,0.1203880407124682,0.9394083969465649,0.9026717557251909,0.8635062042634426,0.7709923664122138,71.9393352811976
"Okfuskee County, Oklahoma",11278.0,22.5,48363.0,25.8,3.5,81.7,40,107,40107,0.5912849872773537,0.959764631043257,0.307410941475827,0.9102768055997454,0.8272900763358779,71.92054883464122
"Lee County, South Carolina",16166.0,18.7,44760.0,25.0,6.7,84.7,45,061,45061,0.169529262086514,0.951176844783715,0.8608460559796438,0.9446388800509068,0.6696882951653944,71.91758676132348
"Calhoun County, Georgia",5498.0,15.3,46940.0,22.8,6.0,77.7,13,037,13037,0.035623409669211195,0.9185750636132316,0.7969147582697201,0.9217308304167993,0.9220737913486006,71.89835706635125
"Graves County, Kentucky",36630.0,24.2,50772.0,19.9,3.4,82.4,21,083,21083,0.7946882951653944,0.8470101781170484,0.2876908396946565,0.8670060451797645,0.7977099236641221,71.88210563641972
"Edwards County, Texas",1290.0,22.9,40313.0,31.9,0.0,69.3,48,137,48137,0.6456743002544529,0.9853689567430025,0.003657760814249364,0.9739102768055997,0.9852099236641222,71.87642436562854
"Hart County, Kentucky",19603.0,24.4,52285.0,19.3,3.8,83.7,21,099,21099,0.813295165394402,0.8287213740458015,0.37515903307888043,0.8412344893413936,0.7334605597964376,71.8374124331383
"Osceola County, Michigan",23227.0,22.3,58267.0,15.8,6.4,82.0,26,133,26133,0.5629770992366412,0.6641221374045801,0.8358778625954199,0.7123767101495386,0.8144083969465649,71.7952441266549
"Scioto County, Ohio",72627.0,21.7,50609.0,21.8,5.9,86.3,39,145,39145,0.481234096692112,0.8985368956743003,0.7818066157760815,0.8714603881641744,0.5555025445292621,71.77081081671861
"Union County, New Mexico",4013.0,21.3,46694.0,16.6,6.2,84.1,35,059,35059,0.42907124681933845,0.7104007633587787,0.8150445292620865,0.9255488386891505,0.7069020356234097,71.73934827505528
"Simpson County, Mississippi",25691.0,23.1,56381.0,20.0,4.4,82.3,28,127,28127,0.6720737913486005,0.8498727735368957,0.4969783715012723,0.7588291441298123,0.8026399491094147,71.60788059251992
"Monroe County, Mississippi",33747.0,22.4,51866.0,18.0,6.3,86.4,28,095,28095,0.576176844783715,0.7800572519083969,0.8249045801526718,0.8495068405981546,0.5483460559796438,71.57983146845164
"Deaf Smith County, Texas",18460.0,31.4,60799.0,17.7,3.5,79.9,48,117,48117,0.9879134860050891,0.7660623409669212,0.307410941475827,0.6385618835507476,0.8772264631043257,71.54350230205822
"Baylor County, Texas",3485.0,21.7,45370.0,21.8,4.5,83.7,48,023,48023,0.481234096692112,0.8985368956743003,0.5225826972010178,0.9395482023544385,0.7334605597964376,71.50724903436611
"Fulton County, Arkansas",12302.0,20.7,42241.0,18.0,4.6,76.5,05,049,05049,0.35162213740458015,0.7800572519083969,0.5437340966921119,0.9605472478523703,0.9390903307888041,71.50102129292526
"Gilmer County, West Virginia",7288.0,14.9,47981.0,19.0,6.8,75.8,54,021,54021,0.03037531806615776,0.8169529262086515,0.8683206106870229,0.9131403118040089,0.9462468193384224,71.50071972208526
"Crittenden County, Kentucky",8979.0,23.2,46656.0,17.7,3.4,78.6,21,055,21055,0.6871819338422391,0.7660623409669212,0.2876908396946565,0.9258670060451798,0.9052162849872774,71.44036811072547
"Bacon County, Georgia",11109.0,25.1,44694.0,24.5,2.6,84.8,13,005,13005,0.8657760814249363,0.9443384223918575,0.15505725190839695,0.9462297168310532,0.6603053435114503,71.43413632135388
"Wilson County, North Carolina",79290.0,22.8,56423.0,19.8,5.6,85.7,37,195,37195,0.6332697201017812,0.8438295165394402,0.7399809160305344,0.7575564747056952,0.5949427480916031,71.39158750938107
"Marion County, Georgia",7509.0,20.2,51667.0,20.9,4.8,74.7,13,197,13197,0.2969147582697201,0.8753180661577609,0.5873091603053435,0.8523703468024181,0.9575381679389313,71.38900998948347
"Stone County, Mississippi",18894.0,21.2,61413.0,16.9,9.3,80.9,28,131,28131,0.41412213740458015,0.7255089058524173,0.9596055979643766,0.6175628380528158,0.8506679389312977,71.34934836410976
"Covington city, Virginia",5680.0,23.0,41944.0,25.7,2.8,82.3,51,580,51580,0.6577608142493638,0.9584923664122137,0.1830470737913486,0.9637289214126631,0.8026399491094147,71.31338249950008
"Martinsville city, Virginia",13658.0,26.8,46727.0,23.5,2.9,86.0,51,690,51690,0.9389312977099237,0.9314567430025446,0.19545165394402036,0.9245943366210627,0.5752226463104326,71.31313355175969
"Wayne County, Kentucky",19602.0,20.4,45739.0,24.8,5.8,85.7,21,231,21231,0.31838422391857507,0.9489503816793893,0.7662213740458015,0.9357301940820871,0.5949427480916031,71.28457843634912
"Terry County, Texas",11629.0,27.7,44100.0,18.3,4.5,89.0,48,445,48445,0.9538804071246819,0.7930979643765903,0.5225826972010178,0.9503658924594337,0.34319338422391854,71.26240690771284
"Lewis County, West Virginia",16740.0,21.7,56477.0,16.1,8.6,84.2,54,041,54041,0.481234096692112,0.6808206106870229,0.9430661577608143,0.7556474705695195,0.7013358778625954,71.24208427144129
"Ozark County, Missouri",8873.0,19.0,44163.0,21.5,5.0,78.7,29,153,29153,0.1871819338422392,0.8897900763358778,0.630884223918575,0.9500477251034044,0.9033078880407125,71.22423694481618
"Potter County, Texas",115975.0,26.7,53249.0,20.8,3.8,86.3,48,375,48375,0.9370229007633588,0.8729325699745547,0.37515903307888043,0.8205536111994909,0.5555025445292621,71.22341319091093
"Craighead County, Arkansas",113249.0,25.2,59548.0,20.1,5.6,88.0,05,031,05031,0.8737277353689568,0.8524173027989822,0.7399809160305344,0.6735602927139676,0.4212786259541985,71.21929745733277
"Malheur County, Oregon",31954.0,25.3,54519.0,17.6,5.2,87.6,41,045,41045,0.8813613231552163,0.7620865139949109,0.6680979643765903,0.796054724785237,0.4516539440203562,71.18508940664621
"Morris County, Texas",12076.0,23.0,58645.0,19.5,7.1,87.3,48,343,48343,0.6577608142493638,0.8349236641221374,0.8861323155216285,0.7034680241807191,0.476940203562341,71.1845004327238
"Lauderdale County, Tennessee",24784.0,21.7,49879.0,21.0,5.6,86.0,47,097,47097,0.481234096692112,0.8781806615776081,0.7399809160305344,0.8832325803372574,0.5752226463104326,71.15701801895888
"Vernon County, Missouri",19687.0,23.8,52230.0,18.8,4.2,84.3,29,217,29217,0.7574745547073791,0.8107506361323156,0.451176844783715,0.8415526566974229,0.6957697201017812,71.13448824845227
"Prowers County, Colorado",11910.0,26.1,53508.0,18.2,4.1,85.6,08,099,08099,0.9206424936386769,0.7873727735368957,0.43209287531806617,0.8148265987909641,0.6014631043256997,71.12795691220605
"Upton County, Texas",3191.0,23.5,49167.0,16.0,3.5,75.1,48,461,48461,0.7240776081424937,0.6749363867684478,0.307410941475827,0.8958001909004136,0.9540394402035624,71.12529134981489
"Lyman County, South Dakota",3724.0,28.0,67143.0,23.7,4.0,82.4,46,085,46085,0.9580152671755725,0.933206106870229,0.4150763358778626,0.45147947820553613,0.7977099236641221,71.10974223586645
"Berrien County, Georgia",18352.0,23.4,52876.0,20.6,3.7,82.5,13,019,13019,0.7115139949109415,0.8660941475826972,0.35225826972010177,0.8291441298122812,0.7927798982188295,71.03580880489703
"Torrance County, New Mexico",15490.0,20.2,57842.0,18.3,9.0,82.6,35,057,35057,0.2969147582697201,0.7930979643765903,0.9513358778625954,0.7212853961183583,0.7883269720101781,71.01921937274885
"Wilcox County, Georgia",8798.0,19.0,54138.0,21.9,5.5,76.9,13,315,13315,0.1871819338422392,0.901558524173028,0.7263040712468194,0.8027362392618518,0.9328880407124682,71.01337618472814
"Sumter County, South Carolina",104725.0,23.7,56693.0,16.6,6.9,87.4,45,085,45085,0.7477735368956743,0.7104007633587787,0.8748409669211196,0.7508749602290805,0.46660305343511455,71.00986561679534
"Grant County, Oklahoma",4131.0,23.7,60758.0,17.5,4.3,76.9,40,053,40053,0.7477735368956743,0.7574745547073791,0.4720101781170484,0.6403118040089086,0.9328880407124682,71.00916228882956
"Warren County, North Carolina",18795.0,17.7,50638.0,21.1,7.2,82.5,37,185,37185,0.11418575063613232,0.8810432569974554,0.8916984732824428,0.8705058860960866,0.7927798982188295,71.00426530461894
"La Paz County, Arizona",16664.0,14.9,49478.0,17.5,10.0,78.9,04,012,04012,0.03037531806615776,0.7574745547073791,0.9721692111959288,0.8899140948138721,0.8990139949109415,70.9789434738856
"Irwin County, Georgia",9285.0,22.7,51384.0,22.4,4.0,83.5,13,155,13155,0.6194338422391857,0.91014631043257,0.4150763358778626,0.8584155265669742,0.7457061068702291,70.97556243973644
"Jay County, Indiana",20229.0,25.6,54969.0,14.4,4.4,82.8,18,075,18075,0.9004452926208651,0.5836513994910941,0.4969783715012723,0.7871460388164174,0.7800572519083969,70.96556708676093
"Bladen County, North Carolina",29566.0,20.6,42422.0,22.0,5.4,85.1,37,017,37017,0.34001272264631044,0.9036259541984732,0.7083333333333334,0.9592745784282533,0.6364503816793894,70.95393940571519
"Castro County, Texas",7344.0,29.1,56776.0,19.2,3.7,84.9,48,069,48069,0.9696246819338422,0.8250636132315522,0.35225826972010177,0.7475342029907732,0.6521946564885497,70.93350848729638
"Jackson County, Tennessee",12029.0,18.3,47951.0,20.3,7.6,84.0,47,087,47087,0.14567430025445294,0.8581424936386769,0.9126908396946565,0.9134584791600382,0.7132633587786259,70.86458943052901
"Trinity County, California",15860.0,17.2,53002.0,20.7,8.4,81.9,06,105,06105,0.08810432569974555,0.8695928753180662,0.9387722646310432,0.8272351256761057,0.8191793893129771,70.85767961275874
"Lake County, Tennessee",6579.0,14.9,28814.0,32.2,4.9,78.1,47,095,47095,0.03037531806615776,0.9868002544529262,0.6102099236641222,0.9990454979319122,0.9155534351145038,70.83968858459244
"Muscogee County, Georgia",203711.0,24.9,58073.0,19.0,6.3,89.2,13,215,13215,0.8524173027989822,0.8169529262086515,0.8249045801526718,0.7168310531339485,0.32649491094147587,70.75201546471459
"Clark County, Missouri",6675.0,23.9,51781.0,11.2,5.0,75.4,29,045,29045,0.767175572519084,0.33826335877862596,0.630884223918575,0.8507795100222717,0.9502226463104326,70.74650623097979
"Hardy County, West Virginia",14243.0,19.8,49272.0,17.7,7.3,83.9,54,031,54031,0.25699745547073793,0.7660623409669212,0.8975826972010178,0.8937321030862233,0.7212150127226463,70.71179218895094
"Alcorn County, Mississippi",34289.0,22.3,51260.0,15.8,4.6,78.8,28,003,28003,0.5629770992366412,0.6641221374045801,0.5437340966921119,0.8596881959910914,0.9013994910941476,70.63842040837145
"Breckinridge County, Kentucky",20881.0,22.8,55843.0,21.4,4.5,83.9,21,027,21027,0.6332697201017812,0.8866094147582697,0.5225826972010178,0.7680559974546611,0.7212150127226463,70.63465684476753
"Cottle County, Texas",1368.0,18.3,59063.0,17.1,12.6,72.8,48,101,48101,0.14567430025445294,0.7358460559796438,0.9904580152671756,0.6878778237352847,0.9713740458015268,70.62460482076168
"Val Verde County, Texas",47741.0,27.8,66100.0,16.6,5.9,85.7,48,465,48465,0.955470737913486,0.7104007633587787,0.7818066157760815,0.48647788736875597,0.5949427480916031,70.5819750501741
"Tangipahoa Parish, Louisiana",136738.0,24.6,56760.0,19.2,6.0,89.2,22,105,22105,0.8322201017811705,0.8250636132315522,0.7969147582697201,0.7480114540248171,0.32649491094147587,70.57409676497473
"Warren County, Mississippi",43020.0,23.5,59401.0,19.5,4.8,84.2,28,149,28149,0.7240776081424937,0.8349236641221374,0.5873091603053435,0.6792873051224944,0.7013358778625954,70.5386723111013
"Greene County, Arkansas",46432.0,24.0,57839.0,17.4,5.9,87.1,05,055,05055,0.7763994910941476,0.7528625954198473,0.7818066157760815,0.7216035634743876,0.4925254452926209,70.5039542211417
"Fayette County, West Virginia",39519.0,20.7,53194.0,19.2,5.6,82.7,54,019,54019,0.35162213740458015,0.8250636132315522,0.7399809160305344,0.8221444479796373,0.7843511450381679,70.46324519368945
"Wirt County, West Virginia",5053.0,21.2,49867.0,16.8,4.9,79.2,54,105,54105,0.41412213740458015,0.7205788804071247,0.6102099236641222,0.8835507476932867,0.8931297709923665,70.4318292032296
"Jackson County, West Virginia",27705.0,21.4,58845.0,18.5,5.1,77.1,54,035,54035,0.4419529262086514,0.8016857506361323,0.6507633587786259,0.6955138402799872,0.9298664122137404,70.39564576234275
"Vermilion Parish, Louisiana",57123.0,25.2,55707.0,20.2,5.2,88.9,22,113,22113,0.8737277353689568,0.8554389312977099,0.6680979643765903,0.7709195036589246,0.3513040712468194,70.38976411898001
"Polk County, Georgia",43785.0,25.1,58515.0,16.4,5.9,87.4,13,233,13233,0.8657760814249363,0.6983142493638677,0.7818066157760815,0.706967865097041,0.46660305343511455,70.38935730194082
"Leslie County, Kentucky",10079.0,20.7,35934.0,30.3,3.8,81.9,21,131,21131,0.35162213740458015,0.9802798982188295,0.37515903307888043,0.9895004772510341,0.8191793893129771,70.31481870532603
"Campbell County, Tennessee",39761.0,20.3,51557.0,18.5,5.0,77.9,47,013,47013,0.3080470737913486,0.8016857506361323,0.630884223918575,0.8555520203627107,0.9188931297709924,70.30124396959518
"Roanoke city, Virginia",98355.0,22.6,55378.0,18.3,5.6,85.7,51,770,51770,0.6057569974554707,0.7930979643765903,0.7399809160305344,0.7779191854915686,0.5949427480916031,70.23395622891535
"Pearl River County, Mississippi",57458.0,22.9,58135.0,16.5,6.1,85.1,28,109,28109,0.6456743002544529,0.7040394402035624,0.8072519083969466,0.7158765510658607,0.6364503816793894,70.18585163200424
"Lincoln Parish, Louisiana",48174.0,19.7,39172.0,31.2,3.8,77.9,22,061,22061,0.24920483460559797,0.9837786259541985,0.37515903307888043,0.9809099586382437,0.9188931297709924,70.15891164095825
"Mineral County, Nevada",4542.0,20.7,54855.0,18.5,9.8,85.7,32,021,32021,0.35162213740458015,0.8016857506361323,0.9677162849872774,0.7900095450206809,0.5949427480916031,70.11952932280548
"Taylor County, Florida",21503.0,20.3,49073.0,17.3,5.4,81.2,12,123,12123,0.3080470737913486,0.7476145038167938,0.7083333333333334,0.8985046134266624,0.8423982188295165,70.09795486395309
"Smith County, Mississippi",14132.0,22.9,60916.0,17.0,4.4,64.2,28,129,28129,0.6456743002544529,0.7301208651399491,0.4969783715012723,0.636652879414572,0.9944338422391857,70.07720517098865
"Lake County, Michigan",12563.0,14.8,50805.0,20.5,7.4,81.2,26,085,26085,0.027830788804071246,0.8629134860050891,0.9026717557251909,0.8666878778237352,0.8423982188295165,70.05004254375206
"Muhlenberg County, Kentucky",30591.0,21.1,51927.0,18.4,5.7,84.2,21,177,21177,0.3991730279898219,0.7981870229007634,0.7528625954198473,0.8466433343938912,0.7013358778625954,69.96403717133839
"Pawnee County, Oklahoma",15795.0,23.2,58738.0,18.2,4.4,81.8,40,117,40117,0.6871819338422391,0.7873727735368957,0.4969783715012723,0.6996500159083678,0.8241094147582697,69.90585019094088
"Bryan County, Oklahoma",48253.0,23.7,57225.0,16.6,4.6,83.3,40,013,40013,0.7477735368956743,0.7104007633587787,0.5437340966921119,0.7359210944957048,0.7566793893129771,69.89017761510493
"Marion County, Alabama",29184.0,21.1,50088.0,16.2,5.0,79.0,01,093,01093,0.3991730279898219,0.686704834605598,0.630884223918575,0.8794145720649061,0.8966284987277353,69.85610314613272
"Wayne County, Michigan",1772259.0,23.6,60539.0,20.8,8.7,89.7,26,163,26163,0.7368002544529262,0.8729325699745547,0.94529262086514,0.6484250715876552,0.2892811704834606,69.85463374727475
"Nome Census Area, Alaska",9866.0,33.7,78681.0,21.5,16.9,88.2,02,180,02180,0.9942748091603053,0.8897900763358778,0.9971374045801527,0.20267260579064583,0.4069656488549618,69.81681089443886
"Pike County, Arkansas",10115.0,22.3,49269.0,20.7,3.9,83.1,05,109,05109,0.5629770992366412,0.8695928753180662,0.3969465648854962,0.8940502704422526,0.7659033078880407,69.78940235540993
"Vinton County, Ohio",12630.0,20.8,55336.0,17.3,5.5,80.1,39,163,39163,0.3638676844783715,0.7476145038167938,0.7263040712468194,0.779510022271715,0.8719783715012723,69.78549306629944
"Bleckley County, Georgia",12430.0,20.3,62008.0,19.3,5.9,73.4,13,023,13023,0.3080470737913486,0.8287213740458015,0.7818066157760815,0.6026089723194401,0.9675572519083969,69.77482575682139
"DeKalb County, Alabama",72269.0,24.0,51204.0,22.4,4.1,86.9,01,049,01049,0.7763994910941476,0.91014631043257,0.43209287531806617,0.8612790327712376,0.5081106870229007,69.76056793277844
"Mason County, Kentucky",16956.0,22.4,52178.0,18.8,4.9,85.0,21,161,21161,0.576176844783715,0.8107506361323156,0.6102099236641222,0.8434616608335985,0.6447201017811706,69.70638334389844
"Pulaski County, Kentucky",65897.0,22.2,51898.0,19.7,4.9,85.1,21,199,21199,0.5494592875318066,0.8411259541984732,0.6102099236641222,0.8479160038180082,0.6364503816793894,69.703231017836
"Jasper County, Texas",32727.0,23.3,56723.0,20.7,13.3,91.4,48,241,48241,0.6999045801526718,0.8695928753180662,0.99220737913486,0.7499204581609926,0.1717557251908397,69.6676203591486
"McDuffie County, Georgia",21718.0,24.7,56733.0,20.3,1.9,75.1,13,189,13189,0.8396946564885496,0.8581424936386769,0.08158396946564886,0.7496022908049634,0.9540394402035624,69.66125701202802
"Coke County, Texas",3353.0,21.3,43333.0,22.9,5.6,87.8,48,081,48081,0.42907124681933845,0.9208015267175572,0.7399809160305344,0.9543429844097996,0.4379770992366412,69.64347546427742
"Union County, Mississippi",28122.0,25.0,55505.0,15.1,4.4,83.8,28,145,28145,0.8584605597964376,0.6237277353689568,0.4969783715012723,0.7747375119312758,0.727735368956743,69.63279095109371
"Walker County, Alabama",64841.0,22.9,56509.0,18.5,4.9,84.7,01,127,01127,0.6456743002544529,0.8016857506361323,0.6102099236641222,0.7543748011454025,0.6696882951653944,69.63266141731009
"Taliaferro County, Georgia",1558.0,18.7,52500.0,20.4,5.0,70.1,13,265,13265,0.169529262086514,0.8602099236641222,0.630884223918575,0.837098313713013,0.9831424936386769,69.61728434041802
"Lucas County, Iowa",8716.0,23.5,61793.0,14.9,5.2,80.4,19,117,19117,0.7240776081424937,0.6146628498727735,0.6680979643765903,0.6086541520839962,0.8652989821882952,69.61583113328298
"Benton County, Tennessee",16006.0,20.1,51746.0,17.8,5.3,79.5,47,005,47005,0.2857824427480916,0.7695610687022901,0.6868638676844784,0.8514158447343303,0.8870865139949109,69.61419475728204
"Vermilion County, Illinois",72386.0,23.4,56877.0,17.7,6.1,87.6,17,183,17183,0.7115139949109415,0.7660623409669212,0.8072519083969466,0.7435571110404073,0.4516539440203562,69.60078598671146
"Cocke County, Tennessee",36813.0,20.4,48016.0,21.9,4.2,79.1,47,029,47029,0.31838422391857507,0.901558524173028,0.451176844783715,0.9128221444479796,0.8947201017811705,69.57323678208937
"Culberson County, Texas",2195.0,27.0,58777.0,19.5,1.2,74.1,48,109,48109,0.943384223918575,0.8349236641221374,0.038326972010178116,0.6977410117721922,0.9642175572519084,69.57186858149981
"Carroll County, Tennessee",28641.0,22.1,51787.0,17.0,4.5,81.3,47,017,47017,0.5361005089058524,0.7301208651399491,0.5225826972010178,0.8504613426662424,0.839058524173028,69.56647876172181
"White County, Arkansas",77838.0,23.2,55249.0,17.5,5.8,87.2,05,145,05145,0.6871819338422391,0.7574745547073791,0.7662213740458015,0.7823735284759783,0.4848918575063613,69.5628649715552
"Norton city, Virginia",3577.0,20.2,41495.0,26.3,3.8,80.1,51,720,51720,0.2969147582697201,0.9621501272264631,0.37515903307888043,0.9691377664651607,0.8719783715012723,69.50680113082993
"Marshall County, Mississippi",33979.0,20.8,53458.0,23.0,4.4,80.0,28,093,28093,0.3638676844783715,0.9230279898218829,0.4969783715012723,0.8160992682150812,0.8745229007633588,69.48992429559932
"Barton County, Missouri",11690.0,23.4,51635.0,20.2,3.3,82.7,29,011,29011,0.7115139949109415,0.8554389312977099,0.2695610687022901,0.8533248488705059,0.7843511450381679,69.4837997763923
"El Paso County, Texas",870779.0,26.1,59806.0,18.7,6.0,89.8,48,141,48141,0.9206424936386769,0.8074109414758269,0.7969147582697201,0.6673560292713967,0.280852417302799,69.46353279916839
"Huerfano County, Colorado",6972.0,15.6,52526.0,17.3,8.0,77.9,08,055,08055,0.04341603053435115,0.7476145038167938,0.9263676844783715,0.8367801463569837,0.9188931297709924,69.46142989914985
"Montague County, Texas",21046.0,22.8,64545.0,14.2,7.1,80.9,48,337,48337,0.6332697201017812,0.5722010178117048,0.8861323155216285,0.5307031498568247,0.8506679389312977,69.45948284446473
"Hidalgo County, New Mexico",4041.0,21.3,48882.0,23.1,3.5,78.4,35,023,35023,0.42907124681933845,0.9257315521628499,0.307410941475827,0.9013681196309259,0.9090330788804071,69.45229877938696
"Kings County, California",153298.0,26.8,70995.0,16.0,10.8,86.8,06,031,06031,0.9389312977099237,0.6749363867684478,0.9796437659033079,0.3592109449570474,0.5165394402035624,69.38523671084577
"Coleman County, Texas",7833.0,20.6,49159.0,19.6,7.7,87.3,48,083,48083,0.34001272264631044,0.8385814249363868,0.9169847328244275,0.8962774419344575,0.476940203562341,69.37593051807846
"Isabella County, Michigan",64565.0,17.8,55237.0,21.9,6.4,81.7,26,073,26073,0.1203880407124682,0.901558524173028,0.8358778625954199,0.7830098631880369,0.8272900763358779,69.3624873400966
"Searcy County, Arkansas",7859.0,20.3,44426.0,23.0,3.7,76.7,05,129,05129,0.3080470737913486,0.9230279898218829,0.35225826972010177,0.9475023862551702,0.9362277353689568,69.34126909914922
"Hamblen County, Tennessee",65669.0,23.9,55454.0,18.4,5.3,87.8,47,063,47063,0.767175572519084,0.7981870229007634,0.6868638676844784,0.7756920139993637,0.4379770992366412,69.31791152680663
"Rutherford County, North Carolina",64930.0,20.1,51410.0,16.8,6.3,82.9,37,161,37161,0.2857824427480916,0.7205788804071247,0.8249045801526718,0.8577791918549157,0.7756043256997456,69.292988417251
"Allen County, Kentucky",21293.0,23.1,61403.0,13.5,6.9,82.9,21,003,21003,0.6720737913486005,0.5225826972010178,0.8748409669211196,0.6181991727648743,0.7756043256997456,69.26601907870716
"Pope County, Arkansas",64131.0,23.1,57344.0,16.9,5.1,84.6,05,115,05115,0.6720737913486005,0.7255089058524173,0.6507633587786259,0.7333757556474706,0.6777989821882952,69.19041587630818
"Sebastian County, Arkansas",128900.0,23.8,57790.0,16.0,5.5,86.0,05,131,05131,0.7574745547073791,0.6749363867684478,0.7263040712468194,0.7238307349665924,0.5752226463104326,69.15536787999343
"Warren County, Tennessee",42166.0,23.3,55487.0,15.7,5.9,86.5,47,177,47177,0.6999045801526718,0.6591921119592875,0.7818066157760815,0.7753738466433344,0.5399173027989822,69.12388914660715
"Guadalupe County, New Mexico",4381.0,22.3,42750.0,25.5,2.6,81.8,35,019,35019,0.5629770992366412,0.9564249363867684,0.15505725190839695,0.9573655742920776,0.8241094147582697,69.11868553164308
"Cherokee County, Oklahoma",47942.0,21.2,53218.0,18.2,5.1,82.8,40,021,40021,0.41412213740458015,0.7873727735368957,0.6507633587786259,0.8211899459115495,0.7800572519083969,69.07010935080096
"Conejos County, Colorado",7530.0,25.3,50978.0,11.7,4.8,83.6,08,021,08021,0.8813613231552163,0.37929389312977096,0.5873091603053435,0.8644607063315304,0.739821882951654,69.0449393174703
"Bath County, Kentucky",12851.0,25.5,56541.0,25.3,2.5,84.1,21,011,21011,0.8950381679389313,0.954675572519084,0.1410623409669211,0.7534202990773147,0.7069020356234097,69.02196832251322
"Real County, Texas",2802.0,24.1,39605.0,17.9,0.0,78.4,48,385,48385,0.785941475826972,0.7741730279898219,0.003657760814249364,0.9780464524339803,0.9090330788804071,69.0170359189086
"Clayton County, Georgia",298924.0,26.8,59806.0,17.9,7.2,91.3,13,063,13063,0.9389312977099237,0.7741730279898219,0.8916984732824428,0.6673560292713967,0.17843511450381677,69.01187885514804
"Miller County, Missouri",25269.0,23.2,56736.0,14.4,5.3,83.6,29,131,29131,0.6871819338422391,0.5836513994910941,0.6868638676844784,0.7492841234489341,0.739821882951654,68.93606414836799
"Logan County, Kentucky",27986.0,24.3,60382.0,16.8,5.7,86.8,21,141,21141,0.8034351145038168,0.7205788804071247,0.7528625954198473,0.6525612472160356,0.5165394402035624,68.91954555500773
"Jefferson County, Florida",15091.0,17.2,61212.0,21.0,7.4,75.4,12,065,12065,0.08810432569974555,0.8781806615776081,0.9026717557251909,0.624880687241489,0.9502226463104326,68.88120153108932
"Choctaw County, Alabama",12380.0,19.7,47813.0,16.5,5.0,76.1,01,023,01023,0.24920483460559797,0.7040394402035624,0.630884223918575,0.9160038180082724,0.943384223918575,68.87033081309167
"McNairy County, Tennessee",25970.0,21.6,53473.0,16.5,5.8,84.4,47,109,47109,0.46771628498727735,0.7040394402035624,0.7662213740458015,0.8154629335030226,0.6900445292620865,68.869691240035
"Franklin County, Mississippi",7622.0,23.1,52939.0,25.4,4.0,86.1,28,037,28037,0.6720737913486005,0.955470737913486,0.4150763358778626,0.8281896277441935,0.5680661577608143,68.77753301289913
"Greene County, North Carolina",20486.0,18.9,53244.0,21.0,5.7,82.3,37,079,37079,0.18145674300254452,0.8781806615776081,0.7528625954198473,0.8208717785555202,0.8026399491094147,68.7202345532987
"Williamsburg County, South Carolina",30282.0,19.4,46213.0,23.3,4.0,76.6,45,089,45089,0.22264631043256997,0.9292302798982188,0.4150763358778626,0.9303213490295895,0.9376590330788804,68.69866616634243
"Benton County, Mississippi",7589.0,21.1,46016.0,21.5,3.1,69.5,28,009,28009,0.3991730279898219,0.8897900763358778,0.22853053435114504,0.9328666878778238,0.9842557251908397,68.69232103491017
"Oktibbeha County, Mississippi",51771.0,17.5,46695.0,25.5,5.8,84.5,28,105,28105,0.10241730279898219,0.9564249363867684,0.7662213740458015,0.9252306713331212,0.6836832061068703,68.67954981343087
"Lake and Peninsula Borough, Alaska",1013.0,23.2,65625.0,12.8,8.6,81.5,02,164,02164,0.6871819338422391,0.46803435114503816,0.9430661577608143,0.5015908367801464,0.8322201017811705,68.64186762618817
"Glades County, Florida",12563.0,13.2,45870.0,17.2,7.1,80.7,12,043,12043,0.011768447837150127,0.7417302798982188,0.8861323155216285,0.93445752465797,0.8563931297709924,68.6096339537192
"Klamath County, Oregon",70247.0,21.7,58830.0,18.3,7.2,86.1,41,035,41035,0.481234096692112,0.7930979643765903,0.8916984732824428,0.6961501749920458,0.5680661577608143,68.60493734208009
"Crawford County, Indiana",10499.0,20.7,49640.0,22.9,3.5,74.4,18,025,18025,0.35162213740458015,0.9208015267175572,0.307410941475827,0.8873687559656379,0.960559796437659,68.55526316002522
"Bent County, Colorado",5549.0,16.0,50179.0,28.4,5.8,83.3,08,011,08011,0.05184478371501272,0.973441475826972,0.7662213740458015,0.8781419026407891,0.7566793893129771,68.52657851083104
"Union County, Illinois",16997.0,21.3,55728.0,20.2,3.9,72.6,17,181,17181,0.42907124681933845,0.8554389312977099,0.3969465648854962,0.7706013363028953,0.9728053435114504,68.4972684563378
"Jackson County, Colorado",1372.0,16.9,47667.0,14.6,9.2,79.8,08,057,08057,0.07569974554707379,0.5957379134860051,0.9567430025445293,0.9172764874323894,0.8789758269720102,68.48865951964015
"Spalding County, Georgia",68892.0,23.4,62071.0,18.9,7.3,88.3,13,255,13255,0.7115139949109415,0.813295165394402,0.8975826972010178,0.6016544702513522,0.3986959287531806,68.45484513021789
"Anson County, North Carolina",22289.0,19.9,47302.0,21.7,5.5,85.4,37,007,37007,0.2655852417302799,0.8950381679389313,0.7263040712468194,0.9185491568565065,0.614821882951654,68.40597041448382
"Clearwater County, Minnesota",8616.0,25.0,64475.0,12.6,7.7,84.8,27,029,27029,0.8584605597964376,0.45133587786259544,0.9169847328244275,0.5316576519249125,0.6603053435114503,68.37488331839647
"Telfair County, Georgia",11831.0,16.1,50929.0,24.1,5.2,79.3,13,271,13271,0.055025445292620864,0.9379770992366412,0.6680979643765903,0.8647788736875597,0.8912213740458015,68.34201513278427
"Live Oak County, Texas",11620.0,19.4,57150.0,17.1,5.9,76.8,48,297,48297,0.22264631043256997,0.7358460559796438,0.7818066157760815,0.7371937639198218,0.9344783715012722,68.2394223521878
"Pickens County, Alabama",18721.0,19.1,46274.0,20.0,4.7,80.1,01,107,01107,0.1944974554707379,0.8498727735368957,0.5639312977099237,0.929685014317531,0.8719783715012723,68.1992982507272
"Sequatchie County, Tennessee",16809.0,19.9,58750.0,21.9,6.6,84.4,47,153,47153,0.2655852417302799,0.901558524173028,0.8530534351145038,0.6988545975182946,0.6900445292620865,68.18192655596386
"Greenwood County, South Carolina",69489.0,22.4,52830.0,15.1,5.5,84.9,45,047,45047,0.576176844783715,0.6237277353689568,0.7263040712468194,0.8297804645243398,0.6521946564885497,68.1636754482476
"Marshall County, Oklahoma",15792.0,23.3,57245.0,16.1,4.7,83.8,40,095,40095,0.6999045801526718,0.6808206106870229,0.5639312977099237,0.7356029271396755,0.727735368956743,68.15989569292074
"Clay County, Georgia",2850.0,19.7,49147.0,21.0,4.5,80.6,13,061,13061,0.24920483460559797,0.8781806615776081,0.5225826972010178,0.8972319440025454,0.8594147582697201,68.13229791312979
"Trigg County, Kentucky",14315.0,21.9,59857.0,20.6,4.2,78.1,21,221,21221,0.5069974554707379,0.8660941475826972,0.451176844783715,0.6665606108813236,0.9155534351145038,68.12764987665956
"Jackson County, Illinois",53064.0,18.8,48763.0,21.0,7.5,86.5,17,077,17077,0.17573155216284989,0.8781806615776081,0.9077608142493638,0.9042316258351893,0.5399173027989822,68.11643913247987
"Thurston County, Nebraska",6627.0,34.3,69177.0,13.9,10.0,87.2,31,173,31173,0.9952290076335878,0.5507315521628499,0.9721692111959288,0.40089086859688194,0.4848918575063613,68.07824994191219
"Lanier County, Georgia",10221.0,22.5,47186.0,26.1,4.0,86.8,13,173,13173,0.5912849872773537,0.9610368956743003,0.4150763358778626,0.9195036589245943,0.5165394402035624,68.06882635915346
"San Miguel County, New Mexico",26850.0,16.9,49431.0,24.4,4.8,78.6,35,047,35047,0.07569974554707379,0.943384223918575,0.5873091603053435,0.8908685968819599,0.9052162849872774,68.0495602328046
"Barren County, Kentucky",44938.0,23.9,50628.0,19.4,4.1,87.0,21,009,21009,0.767175572519084,0.8314249363867684,0.43209287531806617,0.8708240534521158,0.500795165394402,68.04625206140872
"Bowie County, Texas",92115.0,23.8,59803.0,16.2,4.4,82.5,48,037,48037,0.7574745547073791,0.686704834605598,0.4969783715012723,0.6678332803054406,0.7927798982188295,68.03541878677038
"Hamilton County, Texas",8406.0,22.5,58219.0,16.5,5.4,84.5,48,193,48193,0.5912849872773537,0.7040394402035624,0.7083333333333334,0.7136493795736558,0.6836832061068703,68.01980692989551
"Atoka County, Oklahoma",14379.0,21.3,54785.0,17.3,4.6,79.5,40,005,40005,0.42907124681933845,0.7476145038167938,0.5437340966921119,0.791282214444798,0.8870865139949109,67.97577151535906
"Jefferson County, Texas",253878.0,24.6,60026.0,19.5,6.3,90.3,48,245,48245,0.8322201017811705,0.8349236641221374,0.8249045801526718,0.6617881005408845,0.2420483460559797,67.91769585305687
"Branch County, Michigan",45300.0,23.5,63724.0,16.4,5.7,84.7,26,023,26023,0.7240776081424937,0.6983142493638677,0.7528625954198473,0.5494750238625516,0.6696882951653944,67.88835543908309
"Shelby County, Tennessee",919173.0,25.4,63767.0,17.8,7.2,89.6,47,157,47157,0.8885178117048346,0.7695610687022901,0.8916984732824428,0.5482023544384347,0.2962786259541985,67.88516668164402
"Doña Ana County, New Mexico",224266.0,23.1,56848.0,21.3,6.8,90.6,35,013,35013,0.6720737913486005,0.8845419847328244,0.8683206106870229,0.7451479478205536,0.2221692111959288,67.8450709156986
"Van Buren County, Iowa",7241.0,23.6,61161.0,15.1,4.1,72.8,19,177,19177,0.7368002544529262,0.6237277353689568,0.43209287531806617,0.6261533566656061,0.9713740458015268,67.80296535214164
"Franklin city, Virginia",8250.0,27.0,63245.0,19.3,7.9,92.2,51,620,51620,0.943384223918575,0.8287213740458015,0.9227099236641222,0.5634743875278396,0.13120229007633588,67.78984398465349
"Falls County, Texas",17291.0,21.0,57247.0,14.7,6.0,80.4,48,145,48145,0.3885178117048346,0.6030534351145038,0.7969147582697201,0.7352847597836463,0.8652989821882952,67.78139494122001
"Wise County, Virginia",35448.0,19.1,52943.0,17.2,8.2,84.4,51,195,51195,0.1944974554707379,0.7417302798982188,0.934001272264631,0.8278714603881642,0.6900445292620865,67.76289994567676
"Gallia County, Ohio",29068.0,23.6,56830.0,16.4,3.5,78.9,39,053,39053,0.7368002544529262,0.6983142493638677,0.307410941475827,0.7461024498886415,0.8990139949109415,67.75283780184408
"Chambers County, Alabama",34192.0,20.9,49656.0,15.7,5.1,82.1,01,017,01017,0.37754452926208654,0.6591921119592875,0.6507633587786259,0.8870505886096086,0.8112277353689568,67.7155664795713
"Wheeler County, Georgia",7335.0,15.7,40539.0,32.7,5.0,83.5,13,309,13309,0.04596055979643766,0.9891857506361323,0.630884223918575,0.9735921094495705,0.7457061068702291,67.70657501341888
"Heard County, Georgia",11773.0,23.1,65868.0,17.9,4.3,73.5,13,149,13149,0.6720737913486005,0.7741730279898219,0.4720101781170484,0.495227489659561,0.9670801526717557,67.61129279573575
"Liberty County, Florida",7687.0,19.6,58671.0,17.5,6.6,81.7,12,077,12077,0.24013994910941475,0.7574745547073791,0.8530534351145038,0.7025135221126313,0.8272900763358779,67.60943074759614
"Nicholas County, West Virginia",24277.0,21.1,54639.0,15.4,5.9,83.2,54,067,54067,0.3991730279898219,0.6432888040712468,0.7818066157760815,0.7941457206490614,0.7616094147582697,67.60047166488962
"Wetzel County, West Virginia",14078.0,21.2,56836.0,16.0,5.4,81.4,54,103,54103,0.41412213740458015,0.6749363867684478,0.7083333333333334,0.7454661151765829,0.8355597964376591,67.56835538241207
"Washita County, Oklahoma",10815.0,24.2,63501.0,14.1,5.7,84.1,40,149,40149,0.7946882951653944,0.5661577608142494,0.7528625954198473,0.5577473751193127,0.7069020356234097,67.56716124284428
"Pittsburg County, Oklahoma",43561.0,22.7,55310.0,17.7,5.7,87.5,40,121,40121,0.6194338422391857,0.7660623409669212,0.7528625954198473,0.7811008590518613,0.4584923664122137,67.55904008180057
"Geary County, Kansas",35815.0,31.8,59317.0,18.0,6.9,94.1,20,061,20061,0.9893447837150128,0.7800572519083969,0.8748409669211196,0.6831053133948457,0.04643765903307884,67.47571949944907
"Moore County, Texas",21373.0,31.1,61762.0,18.3,3.3,84.0,48,341,48341,0.9860050890585241,0.7930979643765903,0.2695610687022901,0.609608654152084,0.7132633587786259,67.4307227013623
"Calhoun County, Florida",13492.0,19.8,50517.0,20.7,8.0,87.7,12,013,12013,0.25699745547073793,0.8695928753180662,0.9263676844783715,0.8730512249443207,0.44513358778625955,67.42285655995511
"Elbert County, Georgia",19849.0,22.1,58450.0,18.0,4.6,82.3,13,105,13105,0.5361005089058524,0.7800572519083969,0.5437340966921119,0.7082405345211582,0.8026399491094147,67.41544682273867
"Cedar County, Missouri",14615.0,24.0,48181.0,17.0,2.6,82.4,29,039,29039,0.7763994910941476,0.7301208651399491,0.15505725190839695,0.9112313076678333,0.7977099236641221,67.41037678948899
"Bates County, Missouri",16186.0,22.8,60733.0,15.9,5.9,85.0,29,013,29013,0.6332697201017812,0.6692111959287532,0.7818066157760815,0.6414253897550111,0.6447201017811706,67.40866046685593
"Greer County, Oklahoma",5489.0,19.9,59406.0,16.9,7.3,82.3,40,055,40055,0.2655852417302799,0.7255089058524173,0.8975826972010178,0.6789691377664652,0.8026399491094147,67.4057186331919
"Lamar County, Texas",50669.0,24.1,61880.0,19.0,4.0,83.5,48,277,48277,0.785941475826972,0.8169529262086515,0.4150763358778626,0.6059497295577474,0.7457061068702291,67.39253148682926
"Houston County, Texas",22051.0,20.3,56531.0,15.0,6.7,81.7,48,225,48225,0.3080470737913486,0.6192748091603053,0.8608460559796438,0.753738466433344,0.8272900763358779,67.38392963401039
"Jackson County, Ohio",32650.0,23.8,57106.0,18.5,3.8,84.3,39,079,39079,0.7574745547073791,0.8016857506361323,0.37515903307888043,0.7375119312758511,0.6957697201017812,67.35201979600049
"Wadena County, Minnesota",14256.0,26.1,61467.0,12.5,5.5,84.8,27,159,27159,0.9206424936386769,0.4443384223918575,0.7263040712468194,0.6153356665606109,0.6603053435114503,67.33851994698831
"Troup County, Georgia",70330.0,24.5,56776.0,16.9,5.3,88.5,13,285,13285,0.8228371501272265,0.7255089058524173,0.6868638676844784,0.7475342029907732,0.3834287531806616,67.32345759671115
"Adair County, Kentucky",19089.0,19.7,53553.0,18.4,6.8,85.1,21,001,21001,0.24920483460559797,0.7981870229007634,0.8683206106870229,0.8132357620108177,0.6364503816793894,67.30797223767183
"Navarro County, Texas",54711.0,26.7,63111.0,17.1,4.4,85.2,48,349,48349,0.9370229007633588,0.7358460559796438,0.4969783715012723,0.5679287305122495,0.6273854961832062,67.3032310987946
"Orleans Parish, Louisiana",371853.0,19.7,56631.0,22.6,7.5,86.5,22,071,22071,0.24920483460559797,0.9150763358778626,0.9077608142493638,0.7521476296531976,0.5399173027989822,67.2821383437001
"Grady County, Georgia",26108.0,24.6,58980.0,20.3,3.7,85.2,13,131,13131,0.8322201017811705,0.8581424936386769,0.35225826972010177,0.6910594972955775,0.6273854961832062,67.22131717237465
"Harrison County, Mississippi",210891.0,23.6,59479.0,17.1,7.1,89.2,28,047,28047,0.7368002544529262,0.7358460559796438,0.8861323155216285,0.6757874642061725,0.32649491094147587,67.22122002203695
"Thomas County, Georgia",45777.0,23.6,60736.0,17.9,5.6,87.4,13,275,13275,0.7368002544529262,0.7741730279898219,0.7399809160305344,0.6411072223989819,0.46660305343511455,67.17328948614758
"Washington County, Missouri",23470.0,23.5,56043.0,17.4,3.6,82.6,29,221,29221,0.7240776081424937,0.7528625954198473,0.32903944020356235,0.7642379891823099,0.7883269720101781,67.17089209916783
"Grant County, New Mexico",27775.0,17.9,44958.0,19.5,8.4,86.8,35,017,35017,0.12579516539440203,0.8349236641221374,0.9387722646310432,0.9424117085587018,0.5165394402035624,67.16884485819693
"Lake County, California",68152.0,21.9,60621.0,17.0,11.1,87.1,06,033,06033,0.5069974554707379,0.7301208651399491,0.982824427480916,0.645879732739421,0.4925254452926209,67.1669585224729
"St. Martin Parish, Louisiana",51353.0,24.0,55960.0,15.3,4.0,83.2,22,099,22099,0.7763994910941476,0.636291348600509,0.4150763358778626,0.765510658606427,0.7616094147582697,67.09774497874432
"Cattaraugus County, New York",76145.0,21.9,59540.0,19.1,5.0,83.9,36,009,36009,0.5069974554707379,0.8209287531806616,0.630884223918575,0.6738784600699967,0.7212150127226463,67.07807810725235
"Saluda County, South Carolina",19131.0,21.9,51009.0,18.7,3.2,77.5,45,081,45081,0.5069974554707379,0.8074109414758269,0.2506361323155216,0.8638243716194718,0.924618320610687,67.0697444298449
"Musselshell County, Montana",5152.0,19.4,58920.0,17.0,9.2,83.4,30,065,30065,0.22264631043256997,0.7301208651399491,0.9567430025445293,0.6926503340757239,0.7509541984732824,67.0622942133211
"Yell County, Arkansas",20134.0,24.0,55934.0,15.6,3.4,80.4,05,149,05149,0.7763994910941476,0.6544211195928753,0.2876908396946565,0.7661469933184855,0.8652989821882952,66.9991485177692
"Hopkins County, Kentucky",45119.0,23.0,56815.0,20.0,6.2,89.8,21,107,21107,0.6577608142493638,0.8498727735368957,0.8150445292620865,0.7464206172446707,0.280852417302799,66.99902303191631
"Tulare County, California",478693.0,29.8,71300.0,17.9,9.3,89.7,06,107,06107,0.9748727735368957,0.7741730279898219,0.9596055979643766,0.35062042634425705,0.2892811704834606,66.97105992637623
"Marion County, Illinois",37000.0,23.5,61240.0,15.4,5.9,86.0,17,121,17121,0.7240776081424937,0.6432888040712468,0.7818066157760815,0.623608017817372,0.5752226463104326,66.96007384235253
"Henry County, Kentucky",15856.0,23.5,63347.0,16.4,5.0,83.7,21,103,21103,0.7240776081424937,0.6983142493638677,0.630884223918575,0.5609290486796055,0.7334605597964376,66.9533137980196
"Gray County, Texas",21045.0,24.8,59614.0,15.7,5.6,87.9,48,179,48179,0.8462150127226463,0.6591921119592875,0.7399809160305344,0.6722876232898505,0.42970737913486,66.94766086274358
"Halifax County, Virginia",33639.0,20.4,52013.0,17.3,4.2,71.2,51,083,51083,0.31838422391857507,0.7476145038167938,0.451176844783715,0.8453706649697741,0.9786895674300254,66.82471609837766
"Jackson County, Texas",15152.0,24.6,65414.0,14.1,5.3,83.5,48,239,48239,0.8322201017811705,0.5661577608142494,0.6868638676844784,0.5097041043588928,0.7457061068702291,66.8130388301804
"Harrison County, Texas",70155.0,24.0,66103.0,15.6,5.6,84.5,48,203,48203,0.7763994910941476,0.6544211195928753,0.7399809160305344,0.4858415526566974,0.6836832061068703,66.8065257096225
"Harper County, Kansas",5400.0,25.8,53488.0,17.3,2.0,82.8,20,077,20077,0.9085559796437659,0.7476145038167938,0.08889949109414758,0.8151447661469933,0.7800572519083969,66.80543985220196
"McDonough County, Illinois",26920.0,18.0,52795.0,17.2,7.9,84.0,17,109,17109,0.1313613231552163,0.7417302798982188,0.9227099236641222,0.8304167992363983,0.7132633587786259,66.78963369465163
"Clay County, Illinois",13052.0,23.8,60417.0,17.5,4.8,85.9,17,025,17025,0.7574745547073791,0.7574745547073791,0.5873091603053435,0.6516067451479478,0.5826972010178118,66.73124431771723
"Liberty County, Texas",103380.0,29.9,68703.0,18.7,7.1,90.1,48,291,48291,0.9766221374045801,0.8074109414758269,0.8861323155216285,0.4088450524976137,0.2574745547073791,66.72970003214056
"Montgomery County, Alabama",226718.0,24.1,59386.0,19.9,5.9,90.3,01,101,01101,0.785941475826972,0.8470101781170484,0.7818066157760815,0.6796054724785237,0.2420483460559797,66.72824176509211
"Issaquena County, Mississippi",928.0,5.8,31429.0,16.2,5.1,55.4,28,055,28055,0.001272264631043257,0.686704834605598,0.6507633587786259,0.9974546611517658,0.9987277353689568,66.69845709071978
"Candler County, Georgia",11043.0,24.8,49581.0,16.3,2.5,83.1,13,043,13043,0.8462150127226463,0.6930661577608143,0.1410623409669211,0.8880050906776965,0.7659033078880407,66.68503820032238
"Logan County, Arkansas",21277.0,21.6,58555.0,13.9,5.6,80.2,05,083,05083,0.46771628498727735,0.5507315521628499,0.7399809160305344,0.7053770283168947,0.869910941475827,66.67433445946767
"Harrison County, Missouri",8190.0,24.3,54367.0,19.6,2.5,83.4,29,081,29081,0.8034351145038168,0.8385814249363868,0.1410623409669211,0.7986000636334712,0.7509541984732824,66.65266285027757
"Comanche County, Texas",13950.0,22.8,59635.0,16.2,6.2,86.7,48,093,48093,0.6332697201017812,0.686704834605598,0.8150445292620865,0.6713331212217626,0.5249681933842238,66.62640797150905
"Chilton County, Alabama",45992.0,24.1,65603.0,14.0,5.5,83.3,01,021,01021,0.785941475826972,0.559001272264631,0.7263040712468194,0.5033407572383073,0.7566793893129771,66.62533931779413
"Prentiss County, Mississippi",25184.0,22.2,49724.0,16.8,3.5,80.3,28,117,28117,0.5494592875318066,0.7205788804071247,0.307410941475827,0.8857779191854915,0.8680025445292621,66.62459146259025
"Fresno County, California",1016725.0,27.8,74201.0,18.3,8.7,88.9,06,019,06019,0.955470737913486,0.7930979643765903,0.94529262086514,0.2844416162901686,0.3513040712468194,66.59214021384409
"Portsmouth city, Virginia",97190.0,23.0,60491.0,17.3,6.6,88.0,51,740,51740,0.6577608142493638,0.7476145038167938,0.8530534351145038,0.649379573655743,0.4212786259541985,66.58173905581206
"Winchester city, Virginia",27913.0,22.5,63974.0,21.5,6.4,87.4,51,840,51840,0.5912849872773537,0.8897900763358778,0.8358778625954199,0.5437480114540247,0.46660305343511455,66.54607982195581
"Logan County, West Virginia",31418.0,20.8,49723.0,21.8,8.5,90.4,54,045,54045,0.3638676844783715,0.8985368956743003,0.9411577608142494,0.8860960865415208,0.23505089058524176,66.49418636187367
"Comanche County, Oklahoma",121825.0,23.8,60761.0,18.1,7.1,90.1,40,031,40031,0.7574745547073791,0.7838740458015268,0.8861323155216285,0.6395163856188355,0.2574745547073791,66.48943712713498
"Morgan County, Missouri",21717.0,22.8,53412.0,18.3,2.9,79.6,29,141,29141,0.6332697201017812,0.7930979643765903,0.19545165394402036,0.817053770283169,0.8848600508905853,66.47466319192293
"Mobile County, Alabama",412590.0,23.3,58880.0,16.2,5.3,86.3,01,097,01097,0.6999045801526718,0.686704834605598,0.6868638676844784,0.6936048361438116,0.5555025445292621,66.45161326231644
"Grant County, Indiana",66295.0,21.3,53522.0,19.8,6.3,88.2,18,053,18053,0.42907124681933845,0.8438295165394402,0.8249045801526718,0.8145084314349348,0.4069656488549618,66.38558847602695
"Upson County, Georgia",28029.0,22.8,55429.0,19.3,3.9,84.5,13,293,13293,0.6332697201017812,0.8287213740458015,0.3969465648854962,0.7761692650334076,0.6836832061068703,66.37580260346712
"Iberville Parish, Louisiana",29815.0,20.0,54000.0,19.9,6.1,85.9,22,047,22047,0.27512722646310434,0.8470101781170484,0.8072519083969466,0.8060769965001591,0.5826972010178118,66.3632702099014
"Hoke County, North Carolina",53835.0,26.9,64912.0,17.1,6.6,90.0,37,093,37093,0.9408396946564885,0.7358460559796438,0.8530534351145038,0.5214762965319758,0.2652671755725191,66.32965315710263
"Adams County, Idaho",4744.0,17.4,61808.0,17.9,7.4,76.8,16,003,16003,0.09637404580152671,0.7741730279898219,0.9026717557251909,0.6083359847279669,0.9344783715012722,66.32066371491557
"Carter County, Oklahoma",48555.0,25.0,60723.0,16.2,3.8,83.4,40,019,40019,0.8584605597964376,0.686704834605598,0.37515903307888043,0.6417435571110404,0.7509541984732824,66.26044366130476
"Otero County, New Mexico",68816.0,21.9,55876.0,19.3,8.6,90.0,35,035,35035,0.5069974554707379,0.8287213740458015,0.9430661577608143,0.7671014953865734,0.2652671755725191,66.22307316472892
"Butte County, Idaho",2684.0,24.6,53015.0,19.3,4.4,89.2,16,023,16023,0.8322201017811705,0.8287213740458015,0.4969783715012723,0.8262806236080178,0.32649491094147587,66.21390763755475
"Wharton County, Texas",41794.0,25.4,66924.0,13.6,4.9,81.8,48,481,48481,0.8885178117048346,0.5291030534351145,0.6102099236641222,0.45752465797009223,0.8241094147582697,66.18929723064866
"Cumberland County, North Carolina",338545.0,25.1,61291.0,16.7,7.6,91.1,37,051,37051,0.8657760814249363,0.7154898218829516,0.9126908396946565,0.6210626789691378,0.19258905852417307,66.15216960991711
"Calcasieu Parish, Louisiana",207088.0,24.9,67564.0,17.4,5.4,86.3,22,019,22019,0.8524173027989822,0.7528625954198473,0.7083333333333334,0.43843461660833594,0.5555025445292621,66.15100785379522
"Taylor County, Georgia",7786.0,19.8,41788.0,32.1,2.6,76.3,13,269,13269,0.25699745547073793,0.986323155216285,0.15505725190839695,0.965956092904868,0.9413167938931297,66.11301498786834
"Buchanan County, Virginia",19415.0,16.7,42886.0,25.2,3.9,77.2,51,027,51027,0.06965648854961833,0.9535623409669212,0.3969465648854962,0.9564110722239898,0.9287531806615776,66.10659294575207
"Yuma County, Arizona",211741.0,24.6,62876.0,15.6,6.9,88.7,04,027,04027,0.8322201017811705,0.6544211195928753,0.8748409669211196,0.5752465797009227,0.3676844783715013,66.08826492735179
"Trinity County, Texas",14046.0,19.4,52018.0,17.6,6.5,85.2,48,455,48455,0.22264631043256997,0.7620865139949109,0.8447837150127226,0.8450524976137448,0.6273854961832062,66.03909066474309
"Gallatin County, Illinois",4819.0,20.5,59219.0,13.6,9.2,82.3,17,059,17059,0.32840330788804073,0.5291030534351145,0.9567430025445293,0.6850143175310213,0.8026399491094147,66.03807261016242
"Rolette County, North Dakota",11924.0,32.2,59517.0,24.3,4.0,89.8,38,079,38079,0.9899809160305344,0.9414758269720102,0.4150763358778626,0.6745147947820553,0.280852417302799,66.03800581930524
"Madison County, Missouri",12729.0,23.3,54434.0,13.2,4.8,84.0,29,123,29123,0.6999045801526718,0.5019083969465649,0.5873091603053435,0.7970092268533249,0.7132633587786259,65.98789446073062
"Vigo County, Indiana",106109.0,20.5,52976.0,19.2,5.7,86.2,18,167,18167,0.32840330788804073,0.8250636132315522,0.7528625954198473,0.8275532930321349,0.5618638676844784,65.91493354512107
"Bulloch County, Georgia",82683.0,20.0,58810.0,23.0,8.2,87.4,13,031,13031,0.27512722646310434,0.9230279898218829,0.934001272264631,0.6967865097041044,0.46660305343511455,65.91092103377675
"Glenn County, California",28494.0,26.7,67139.0,16.0,8.0,89.5,06,021,06021,0.9370229007633588,0.6749363867684478,0.9263676844783715,0.45195672923957997,0.3050254452926209,65.90618293084758
"Randolph County, West Virginia",27576.0,18.3,52757.0,15.9,7.4,83.5,54,083,54083,0.14567430025445294,0.6692111959287532,0.9026717557251909,0.8316894686605154,0.7457061068702291,65.89905654878282
"Cleveland County, North Carolina",100991.0,22.3,58534.0,16.6,5.2,85.0,37,045,37045,0.5629770992366412,0.7104007633587787,0.6680979643765903,0.7063315303849824,0.6447201017811706,65.85054918276326
"White County, Illinois",13619.0,21.7,54813.0,16.4,4.0,78.6,17,193,17193,0.481234096692112,0.6983142493638677,0.4150763358778626,0.7906458797327394,0.9052162849872774,65.80973693307719
"Hudspeth County, Texas",3403.0,17.7,48600.0,17.3,8.0,85.7,48,229,48229,0.11418575063613232,0.7476145038167938,0.9263676844783715,0.9064587973273942,0.5949427480916031,65.7913896870059
"Polk County, Missouri",32444.0,23.4,59647.0,16.3,4.0,82.4,29,167,29167,0.7115139949109415,0.6930661577608143,0.4150763358778626,0.6706967865097041,0.7977099236641221,65.7612639744689
"Crawford County, Missouri",22797.0,22.2,57629.0,14.1,4.9,81.5,29,055,29055,0.5494592875318066,0.5661577608142494,0.6102099236641222,0.7295577473751194,0.8322201017811705,65.75209642332936
"Woods County, Oklahoma",8596.0,20.8,53275.0,19.9,4.6,84.0,40,151,40151,0.3638676844783715,0.8470101781170484,0.5437340966921119,0.8195991091314031,0.7132633587786259,65.74948854395122
"Northwest Arctic Borough, Alaska",7441.0,37.3,84018.0,17.9,16.7,88.6,02,188,02188,0.9980916030534351,0.7741730279898219,0.9968193384223919,0.1431753102131721,0.37468193384223913,65.7388242704212
"Fulton County, Indiana",20312.0,23.4,61360.0,15.3,6.8,87.6,18,049,18049,0.7115139949109415,0.636291348600509,0.8683206106870229,0.6191536748329621,0.4516539440203562,65.73867146103585
"Humphreys County, Tennessee",19214.0,21.1,60616.0,14.8,6.9,83.3,47,085,47085,0.3991730279898219,0.6094147582697201,0.8748409669211196,0.6461979000954502,0.7566793893129771,65.72612085178177
"Echols County, Georgia",3709.0,30.3,59489.0,14.2,1.7,68.5,13,101,13101,0.9793256997455471,0.5722010178117048,0.06615776081424936,0.6754692968501432,0.9882315521628499,65.6277065476899
"Columbus County, North Carolina",50140.0,20.6,49442.0,18.2,4.4,83.1,37,047,37047,0.34001272264631044,0.7873727735368957,0.4969783715012723,0.8905504295259307,0.7659033078880407,65.616352101969
"Jenkins County, Georgia",8711.0,17.2,44389.0,22.9,3.9,77.4,13,165,13165,0.08810432569974555,0.9208015267175572,0.3969465648854962,0.9481387209672287,0.9262086513994912,65.60399579339038
"Wyandotte County, Kansas",167654.0,27.4,63631.0,15.8,5.7,88.8,20,209,20209,0.9500636132315522,0.6641221374045801,0.7528625954198473,0.5529748647788737,0.3597328244274809,65.59512070524669
"Carter County, Tennessee",56712.0,17.7,50135.0,17.1,6.2,83.7,47,019,47019,0.11418575063613232,0.7358460559796438,0.8150445292620865,0.8787782373528477,0.7334605597964376,65.54630266054296
"Webster County, Georgia",2381.0,14.2,46792.0,22.3,4.2,72.4,13,307,13307,0.019720101781170483,0.9082379134860051,0.451176844783715,0.9236398345529748,0.9739185750636132,65.53386539334957
"Baltimore city, Maryland",573243.0,20.9,62177.0,19.7,6.5,85.4,24,510,24510,0.37754452926208654,0.8411259541984732,0.8447837150127226,0.5981546293350302,0.614821882951654,65.52861421519933
"Bossier Parish, Louisiana",129789.0,24.8,69617.0,15.9,5.9,85.8,22,015,22015,0.8462150127226463,0.6692111959287532,0.7818066157760815,0.390391345847916,0.5885814249363868,65.52411190423568
"Obion County, Tennessee",30453.0,21.8,54613.0,18.6,4.2,83.7,47,131,47131,0.49300254452926207,0.8040712468193384,0.451176844783715,0.7944638880050907,0.7334605597964376,65.5235016786769
"Lincoln County, Oklahoma",34219.0,23.5,62216.0,17.3,3.9,82.1,40,081,40081,0.7240776081424937,0.7476145038167938,0.3969465648854962,0.5962456251988546,0.8112277353689568,65.5222407482519
"Calhoun County, Alabama",116090.0,21.4,55029.0,17.9,6.0,87.3,01,015,01015,0.4419529262086514,0.7741730279898219,0.7969147582697201,0.7858733693923003,0.476940203562341,65.5170857084567
"Wayne County, Indiana",66397.0,22.6,55692.0,17.9,5.4,88.1,18,177,18177,0.6057569974554707,0.7741730279898219,0.7083333333333334,0.7715558383709831,0.41364503816793896,65.46928470635096
"Bertie County, North Carolina",17170.0,16.2,48750.0,16.1,5.1,71.6,37,015,37015,0.0580470737913486,0.6808206106870229,0.6507633587786259,0.9045497931912185,0.9767811704834606,65.41924013863353
"Etowah County, Alabama",103105.0,21.9,54563.0,16.9,5.9,87.5,01,055,01055,0.5069974554707379,0.7255089058524173,0.7818066157760815,0.7951002227171492,0.4584923664122137,65.358111324572
"Tyler County, Texas",20238.0,19.2,55396.0,17.9,7.1,85.2,48,457,48457,0.20244910941475827,0.7741730279898219,0.8861323155216285,0.7776010181355393,0.6273854961832062,65.35481934489908
"Gonzales County, Texas",19851.0,25.5,58672.0,15.8,4.3,86.6,48,177,48177,0.8950381679389313,0.6641221374045801,0.4720101781170484,0.702195354756602,0.5322837150127226,65.3129910645977
"Kern County, California",915075.0,28.6,70210.0,19.1,8.6,91.6,06,029,06029,0.9643765903307888,0.8209287531806616,0.9430661577608143,0.37639198218262804,0.15982824427480913,65.29183455459403
"Pendleton County, Kentucky",14723.0,23.3,64669.0,15.9,4.5,81.1,21,191,21191,0.6999045801526718,0.6692111959287532,0.5225826972010178,0.5265669742284442,0.8455788804071247,65.27688655836023
"Catron County, New Mexico",3743.0,6.1,49864.0,24.8,4.2,71.6,35,003,35003,0.0015903307888040711,0.9489503816793893,0.451176844783715,0.883868915049316,0.9767811704834606,65.24735285569369
"Ector County, Texas",164654.0,30.4,71536.0,16.5,5.9,87.6,48,135,48135,0.9804389312977099,0.7040394402035624,0.7818066157760815,0.34425707922367166,0.4516539440203562,65.24392021042765
"Titus County, Texas",31363.0,28.2,58425.0,17.1,3.1,85.2,48,449,48449,0.9594465648854962,0.7358460559796438,0.22853053435114504,0.708717785555202,0.6273854961832062,65.19852873909386
"Mayes County, Oklahoma",39604.0,23.2,60305.0,16.2,6.3,88.2,40,097,40097,0.6871819338422391,0.686704834605598,0.8249045801526718,0.654152083996182,0.4069656488549618,65.19818162903304
"San Jacinto County, Texas",28441.0,21.5,65364.0,18.4,6.8,85.2,48,407,48407,0.4541984732824427,0.7981870229007634,0.8683206106870229,0.5112949411390391,0.6273854961832062,65.18773088384948
"Greenup County, Kentucky",35501.0,21.3,60751.0,15.4,6.8,84.6,21,089,21089,0.42907124681933845,0.6432888040712468,0.8683206106870229,0.6407890550429526,0.6777989821882952,65.18537397617712
"Bee County, Texas",31083.0,20.0,57673.0,17.6,5.2,81.8,48,025,48025,0.27512722646310434,0.7620865139949109,0.6680979643765903,0.7286032453070315,0.8241094147582697,65.16048729799813
"Robertson County, Texas",17167.0,24.0,72236.0,13.5,7.9,84.1,48,395,48395,0.7763994910941476,0.5225826972010178,0.9227099236641222,0.3277123767101495,0.7069020356234097,65.12613048585693
"Stone County, Arkansas",12568.0,19.7,40943.0,19.3,3.2,75.2,05,137,05137,0.24920483460559797,0.8287213740458015,0.2506361323155216,0.9723194400254533,0.9526081424936387,65.06979846972027
"Lee County, North Carolina",65816.0,23.7,65387.0,16.5,3.8,78.1,37,105,37105,0.7477735368956743,0.7040394402035624,0.37515903307888043,0.5106586064269806,0.9155534351145038,65.06368103439202
"Southeast Fairbanks Census Area, Alaska",7068.0,24.3,73882.0,12.7,6.5,80.9,02,240,02240,0.8034351145038168,0.4599236641221374,0.8447837150127226,0.29366846961501747,0.8506679389312977,65.04957804369982
"Edwards County, Illinois",6075.0,22.0,60519.0,16.5,5.6,85.1,17,047,17047,0.5225826972010178,0.7040394402035624,0.7399809160305344,0.6487432389436844,0.6364503816793894,65.03593348116377
"Fairfield County, South Carolina",20550.0,18.0,47885.0,15.6,5.5,81.8,45,039,45039,0.1313613231552163,0.6544211195928753,0.7263040712468194,0.9150493159401846,0.8241094147582697,65.0249048938673
"Reeves County, Texas",12664.0,25.9,64297.0,16.8,2.4,75.2,48,389,48389,0.9128498727735369,0.7205788804071247,0.1294529262086514,0.5354756601972638,0.9526081424936387,65.01930964160432
"Labette County, Kansas",19869.0,24.3,56325.0,16.0,3.1,82.7,20,099,20099,0.8034351145038168,0.6749363867684478,0.22853053435114504,0.7594654788418709,0.7843511450381679,65.01437319006897
"Pitt County, North Carolina",177193.0,21.0,58188.0,19.8,7.8,88.5,37,147,37147,0.3885178117048346,0.8438295165394402,0.9201653944020356,0.7146038816417435,0.3834287531806616,65.01090714937432
"Livingston County, Kentucky",8903.0,22.0,58984.0,19.3,4.2,83.3,21,139,21139,0.5225826972010178,0.8287213740458015,0.451176844783715,0.6907413299395482,0.7566793893129771,64.9980327056612
"Ashtabula County, Ohio",97167.0,21.8,57728.0,17.6,6.6,88.1,39,007,39007,0.49300254452926207,0.7620865139949109,0.8530534351145038,0.7270124085268852,0.41364503816793896,64.97599880667002
"Madison County, Tennessee",99295.0,22.4,60042.0,18.2,7.0,89.0,47,113,47113,0.576176844783715,0.7873727735368957,0.8804071246819338,0.6609926821508113,0.34319338422391854,64.96285618754548
"Love County, Oklahoma",10261.0,24.1,66580.0,15.0,5.2,84.1,40,085,40085,0.785941475826972,0.6192748091603053,0.6680979643765903,0.4645243398027362,0.7069020356234097,64.89481249580027
"Upshur County, West Virginia",23712.0,20.2,54338.0,19.2,5.7,86.1,54,097,54097,0.2969147582697201,0.8250636132315522,0.7528625954198473,0.7993954820235444,0.5680661577608143,64.84605213410957
"Stephens County, Oklahoma",43551.0,22.8,61620.0,18.0,5.2,86.4,40,137,40137,0.6332697201017812,0.7800572519083969,0.6680979643765903,0.6123130766783328,0.5483460559796438,64.8416813808949
"Hockley County, Texas",21363.0,26.6,63140.0,13.1,4.7,84.5,48,219,48219,0.934001272264631,0.4931615776081425,0.5639312977099237,0.5657015590200445,0.6836832061068703,64.80957825419225
"Liberty County, Georgia",67397.0,27.8,60456.0,15.3,7.9,93.3,13,179,13179,0.955470737913486,0.636291348600509,0.9227099236641222,0.6508113267578746,0.07283715012722647,64.76240974126436
"Lake County, Montana",32561.0,22.0,63360.0,17.2,5.7,84.8,30,047,30047,0.5225826972010178,0.7417302798982188,0.7528625954198473,0.5596563792554884,0.6603053435114503,64.74274590572044
"Whitman County, Washington",47003.0,15.8,55406.0,22.7,7.0,85.4,53,075,53075,0.04802798982188295,0.9168256997455471,0.8804071246819338,0.7766465160674515,0.614821882951654,64.73458426536939
"Claiborne County, Tennessee",32466.0,18.7,49379.0,17.4,4.5,78.9,47,025,47025,0.169529262086514,0.7528625954198473,0.5225826972010178,0.892141266306077,0.8990139949109415,64.72259631848794
"Lincoln County, Mississippi",34877.0,23.1,51119.0,21.2,3.2,86.1,28,085,28085,0.6720737913486005,0.8829516539440203,0.2506361323155216,0.8622335348393255,0.5680661577608143,64.71922540416564
"Grainger County, Tennessee",24266.0,18.8,50538.0,17.1,4.7,79.5,47,057,47057,0.17573155216284989,0.7358460559796438,0.5639312977099237,0.8727330575882914,0.8870865139949109,64.7065695487124
"Madison County, Arkansas",17329.0,22.8,56798.0,14.1,5.3,85.6,05,087,05087,0.6332697201017812,0.5661577608142494,0.6868638676844784,0.7467387846007,0.6014631043256997,64.68986475053818
"Columbia County, Arkansas",22349.0,21.5,55334.0,21.1,3.2,80.3,05,027,05027,0.4541984732824427,0.8810432569974554,0.2506361323155216,0.7798281896277441,0.8680025445292621,64.67417193504852
"Macon County, Tennessee",26240.0,25.1,59177.0,17.2,3.4,84.9,47,111,47111,0.8657760814249363,0.7417302798982188,0.2876908396946565,0.6859688195991092,0.6521946564885497,64.66721354210941
"Angelina County, Texas",87275.0,25.3,60960.0,15.8,6.4,90.7,48,005,48005,0.8813613231552163,0.6641221374045801,0.8358778625954199,0.6344257079223672,0.21501272264631044,64.61599507447788
"McMullen County, Texas",700.0,39.9,43875.0,12.3,0.0,81.2,48,311,48311,0.9996819338422391,0.43018447837150126,0.003657760814249364,0.9513203945275215,0.8423982188295165,64.54485572770055
"Ferry County, Washington",7387.0,16.6,55614.0,13.6,12.5,80.2,53,019,53019,0.06615776081424936,0.5291030534351145,0.9891857506361323,0.7728285077951003,0.869910941475827,64.54372028312847
"Perry County, Mississippi",11449.0,21.9,49634.0,18.4,2.0,76.2,28,111,28111,0.5069974554707379,0.7981870229007634,0.08889949109414758,0.8876869233216672,0.9425890585241731,64.48719902622977
"Iosco County, Michigan",25347.0,17.0,50066.0,17.7,6.5,84.9,26,069,26069,0.08015267175572519,0.7660623409669212,0.8447837150127226,0.8803690741329939,0.6521946564885497,64.47124916713825
"Victoria County, Texas",91413.0,25.1,70896.0,16.2,4.4,82.1,48,469,48469,0.8657760814249363,0.686704834605598,0.4969783715012723,0.3604836143811645,0.8112277353689568,64.42341274563856
"Greene County, Tennessee",71628.0,19.0,56194.0,15.4,5.7,80.0,47,059,47059,0.1871819338422392,0.6432888040712468,0.7528625954198473,0.7623289850461343,0.8745229007633588,64.40370438285653
"Dent County, Missouri",14539.0,22.6,56312.0,12.2,4.4,76.8,29,065,29065,0.6057569974554707,0.4211195928753181,0.4969783715012723,0.7604199809099587,0.9344783715012722,64.37506628486585
"Boone County, West Virginia",21026.0,20.5,57093.0,16.2,8.9,86.8,54,005,54005,0.32840330788804073,0.686704834605598,0.9484732824427481,0.7381482659879096,0.5165394402035624,64.36538262255718
"Pike County, Alabama",32987.0,19.3,48677.0,23.3,3.7,81.9,01,109,01109,0.21183206106870228,0.9292302798982188,0.35225826972010177,0.9048679605472478,0.8191793893129771,64.34735921094496
"Gentry County, Missouri",6245.0,25.8,55848.0,17.9,2.2,84.8,29,075,29075,0.9085559796437659,0.7741730279898219,0.10607506361323155,0.767737830098632,0.6603053435114503,64.33694489713803
"Grant County, North Dakota",2269.0,22.5,57875.0,16.6,3.6,80.5,38,037,38037,0.5912849872773537,0.7104007633587787,0.32903944020356235,0.7206490614062997,0.8619592875318066,64.26667079555602
"Talbot County, Georgia",5742.0,16.5,41597.0,25.2,3.3,74.8,13,263,13263,0.06393129770992366,0.9535623409669212,0.2695610687022901,0.9688195991091314,0.9564249363867684,64.24598485750069
"Greenbrier County, West Virginia",32386.0,19.3,48218.0,21.8,4.2,83.6,54,025,54025,0.21183206106870228,0.8985368956743003,0.451176844783715,0.910913140311804,0.739821882951654,64.24561649580352
"Walker County, Texas",80209.0,14.5,52324.0,18.4,8.9,85.6,48,471,48471,0.023059796437659034,0.7981870229007634,0.9484732824427481,0.8405981546293351,0.6014631043256997,64.2356272147241
"Bourbon County, Kansas",14394.0,25.0,59238.0,13.6,5.3,87.6,20,011,20011,0.8584605597964376,0.5291030534351145,0.6868638676844784,0.684696150174992,0.4516539440203562,64.21555150222758
"Lawrence County, Missouri",38593.0,25.4,61215.0,14.5,4.3,85.1,29,109,29109,0.8885178117048346,0.5892175572519084,0.4720101781170484,0.6245625198854597,0.6364503816793894,64.2151689727728
"Atascosa County, Texas",51008.0,26.5,70770.0,15.8,4.1,81.9,48,013,48013,0.9311386768447837,0.6641221374045801,0.43209287531806617,0.36302895322939865,0.8191793893129771,64.19124064219612
"Pointe Coupee Parish, Louisiana",20217.0,21.4,65961.0,16.5,7.0,84.4,22,077,22077,0.4419529262086514,0.7040394402035624,0.8804071246819338,0.491250397709195,0.6900445292620865,64.15388836130857
"Cass County, Indiana",37680.0,23.0,56403.0,13.2,4.6,83.5,18,017,18017,0.6577608142493638,0.5019083969465649,0.5437340966921119,0.7578746420617245,0.7457061068702291,64.13968113639989
"Elliott County, Kentucky",7307.0,17.0,45776.0,25.1,6.5,88.4,21,063,21063,0.08015267175572519,0.9524491094147582,0.8447837150127226,0.9354120267260579,0.39153944020356235,64.08673926225653
"Ohio County, Kentucky",23735.0,23.9,57798.0,12.5,5.0,85.1,21,183,21183,0.767175572519084,0.4443384223918575,0.630884223918575,0.7231944002545339,0.6364503816793894,64.04086001526879
"Tishomingo County, Mississippi",18660.0,21.5,53040.0,18.0,3.2,79.3,28,141,28141,0.4541984732824427,0.7800572519083969,0.2506361323155216,0.8250079541839007,0.8912213740458015,64.02242371472127
"Barry County, Missouri",35033.0,22.8,58346.0,15.2,4.6,84.5,29,009,29009,0.6332697201017812,0.6291348600508906,0.5437340966921119,0.7111040407254215,0.6836832061068703,64.01851847354149
"Blackford County, Indiana",11950.0,22.8,51326.0,16.2,3.7,84.7,18,009,18009,0.6332697201017812,0.686704834605598,0.35225826972010177,0.8587336939230035,0.6696882951653944,64.01309627031758
"Watonwan County, Minnesota",11205.0,26.3,71699.0,13.2,5.3,83.5,27,165,27165,0.9250954198473282,0.5019083969465649,0.6868638676844784,0.3398027362392618,0.7457061068702291,63.987530551757246
"Hancock County, Kentucky",9034.0,23.9,65464.0,16.2,4.4,83.6,21,091,21091,0.767175572519084,0.686704834605598,0.4969783715012723,0.5077951002227171,0.739821882951654,63.9695152360065
"Johnson County, Kentucky",22334.0,22.2,44904.0,22.8,4.2,89.1,21,115,21115,0.5494592875318066,0.9185750636132316,0.451176844783715,0.9430480432707604,0.33476463104325704,63.940477404855415
"Hoonah-Angoon Census Area, Alaska",2311.0,17.0,61406.0,14.2,15.8,77.1,02,105,02105,0.08015267175572519,0.5722010178117048,0.9955470737913485,0.617881005408845,0.9298664122137404,63.912963619627284
"Alpena County, Michigan",28880.0,18.5,53950.0,18.0,6.2,85.1,26,007,26007,0.15696564885496184,0.7800572519083969,0.8150445292620865,0.8068724148902322,0.6364503816793894,63.907804531901334
"Colusa County, California",21984.0,26.9,75672.0,11.4,9.8,84.6,06,011,06011,0.9408396946564885,0.3549618320610687,0.9677162849872774,0.2535793827553293,0.6777989821882952,63.89792353296918
"Taylor County, West Virginia",16487.0,20.5,57795.0,13.9,7.5,84.5,54,091,54091,0.32840330788804073,0.5507315521628499,0.9077608142493638,0.7235125676105632,0.6836832061068703,63.88182896035376
"Yancey County, North Carolina",18797.0,18.0,58709.0,15.2,7.3,81.4,37,199,37199,0.1313613231552163,0.6291348600508906,0.8975826972010178,0.6999681832643971,0.8355597964376591,63.87213720218362
"Crane County, Texas",4610.0,29.6,62212.0,10.9,4.6,83.1,48,103,48103,0.9731234096692112,0.3139312977099237,0.5437340966921119,0.5965637925548839,0.7659033078880407,63.865118090283424
"Tehama County, California",65167.0,24.1,63784.0,15.6,5.9,88.0,06,103,06103,0.785941475826972,0.6544211195928753,0.7818066157760815,0.5477251034043907,0.4212786259541985,63.82345881109035
"Baca County, Colorado",3428.0,22.4,46215.0,24.6,0.6,83.9,08,009,08009,0.576176844783715,0.9456106870229007,0.01812977099236641,0.9300031816735603,0.7212150127226463,63.822709943903774
"Payne County, Oklahoma",82972.0,18.4,49809.0,22.6,5.7,87.2,40,119,40119,0.15108142493638677,0.9150763358778626,0.7528625954198473,0.8841870824053453,0.4848918575063613,63.76198592291607
"Talladega County, Alabama",81021.0,20.6,57776.0,17.8,6.8,87.2,01,121,01121,0.34001272264631044,0.7695610687022901,0.8683206106870229,0.724467069678651,0.4848918575063613,63.74506658441271
"Coffee County, Tennessee",59710.0,24.2,61505.0,17.4,3.6,84.3,47,031,47031,0.7946882951653944,0.7528625954198473,0.32903944020356235,0.614381164492523,0.6957697201017812,63.734824307662166
"Long County, Georgia",18374.0,27.6,68808.0,17.3,6.8,90.8,13,183,13183,0.9527671755725191,0.7476145038167938,0.8683206106870229,0.40757238307349664,0.208969465648855,63.70488277597375
"Gila County, Arizona",53795.0,18.6,61986.0,16.9,7.1,82.2,04,007,04007,0.16316793893129772,0.7255089058524173,0.8861323155216285,0.6029271396754693,0.807410941475827,63.70294482913279
"Yakima County, Washington",257152.0,28.9,70656.0,15.5,7.3,89.5,53,077,53077,0.9677162849872774,0.6491730279898219,0.8975826972010178,0.3652561247216035,0.3050254452926209,63.69507160384684
"Leon County, Texas",16263.0,22.7,61449.0,16.4,4.2,82.4,48,289,48289,0.6194338422391857,0.6983142493638677,0.451176844783715,0.6159720012726695,0.7977099236641221,63.6521372264712
"Fayette County, Pennsylvania",125997.0,19.2,58236.0,16.8,6.3,83.9,42,051,42051,0.20244910941475827,0.7205788804071247,0.8249045801526718,0.7130130448615972,0.7212150127226463,63.643212551175964
"Throckmorton County, Texas",1639.0,21.2,59216.0,24.2,8.3,90.9,48,447,48447,0.41412213740458015,0.9394083969465649,0.9365458015267175,0.6853324848870506,0.20308524173027986,63.56988124990386
"Madera County, California",160940.0,27.1,76627.0,19.2,10.1,91.0,06,039,06039,0.94529262086514,0.8250636132315522,0.9742366412213741,0.2354438434616608,0.19831424936386766,63.5670193628719
"Washington County, Maine",31331.0,18.5,56024.0,17.1,6.3,84.3,23,029,23029,0.15696564885496184,0.7358460559796438,0.8249045801526718,0.7645561565383392,0.6957697201017812,63.56084323254796
"Montgomery County, Kansas",30940.0,23.7,55697.0,15.9,4.4,87.1,20,125,20125,0.7477735368956743,0.6692111959287532,0.4969783715012723,0.7712376710149539,0.4925254452926209,63.5545244126655
"Henry County, Tennessee",32412.0,19.9,50613.0,18.3,4.8,84.8,47,079,47079,0.2655852417302799,0.7930979643765903,0.5873091603053435,0.8711422208081451,0.6603053435114503,63.54879861463619
"Fulton County, Kentucky",6409.0,21.8,38217.0,22.6,3.3,86.8,21,075,21075,0.49300254452926207,0.9150763358778626,0.2695610687022901,0.9831371301304486,0.5165394402035624,63.54633038886851
"Mahoning County, Ohio",226491.0,20.3,56942.0,18.9,6.4,87.3,39,099,39099,0.3080470737913486,0.813295165394402,0.8358778625954199,0.7422844416162901,0.476940203562341,63.528894939196036
"Putnam County, Missouri",4642.0,22.6,63510.0,15.5,4.0,75.9,29,171,29171,0.6057569974554707,0.6491730279898219,0.4150763358778626,0.5574292077632834,0.9454516539440203,63.45774446060919
"Houston County, Alabama",108140.0,22.9,58626.0,17.5,4.5,86.5,01,069,01069,0.6456743002544529,0.7574745547073791,0.5225826972010178,0.7041043588927776,0.5399173027989822,63.395064277092196
"Philadelphia County, Pennsylvania",1579706.0,21.2,61953.0,21.4,8.1,89.1,42,101,42101,0.41412213740458015,0.8866094147582697,0.9303435114503816,0.6038816417435571,0.33476463104325704,63.394426728000916
"Monroe County, Ohio",13227.0,20.3,60134.0,15.2,5.4,80.4,39,111,39111,0.3080470737913486,0.6291348600508906,0.7083333333333334,0.6587655106586064,0.8652989821882952,63.39159520044948
"Monroe County, West Virginia",12386.0,21.2,56750.0,14.0,4.8,80.6,54,063,54063,0.41412213740458015,0.559001272264631,0.5873091603053435,0.7484887050588609,0.8594147582697201,63.366720666062704
"North Slope Borough, Alaska",10810.0,25.7,95694.0,11.1,7.6,75.1,02,185,02185,0.9044211195928753,0.32840330788804073,0.9126908396946565,0.06681514476614703,0.9540394402035624,63.327397042905645
"Marion County, Kentucky",19749.0,23.8,59627.0,17.0,4.2,86.3,21,155,21155,0.7574745547073791,0.7301208651399491,0.451176844783715,0.6719694559338212,0.5555025445292621,63.32488530188254
"Montmorency County, Michigan",9516.0,14.9,49756.0,18.2,5.3,82.9,26,119,26119,0.03037531806615776,0.7873727735368957,0.6868638676844784,0.8854597518294622,0.7756043256997456,63.31352073633478
"Brown County, Kansas",9343.0,25.0,62233.0,13.8,5.2,87.0,20,013,20013,0.8584605597964376,0.5429389312977099,0.6680979643765903,0.5949729557747375,0.500795165394402,63.30531153279754
"Jackson County, Oklahoma",24678.0,24.9,62799.0,16.2,5.6,89.5,40,065,40065,0.8524173027989822,0.686704834605598,0.7399809160305344,0.5790645879732739,0.3050254452926209,63.263861734020175
"Itawamba County, Mississippi",24036.0,21.3,55546.0,15.5,5.1,84.8,28,057,28057,0.42907124681933845,0.6491730279898219,0.6507633587786259,0.7734648425071587,0.6603053435114503,63.25555639212791
"Marion County, Ohio",65020.0,21.3,59371.0,16.6,6.3,86.8,39,101,39101,0.42907124681933845,0.7104007633587787,0.8249045801526718,0.6802418071905822,0.5165394402035624,63.22315675449867
"Oceana County, Michigan",26915.0,21.3,62417.0,13.6,6.5,83.1,26,127,26127,0.42907124681933845,0.5291030534351145,0.8447837150127226,0.5898822780782691,0.7659033078880407,63.1748720246697
"Cotton County, Oklahoma",5485.0,22.8,58425.0,20.5,3.5,85.0,40,033,40033,0.6332697201017812,0.8629134860050891,0.307410941475827,0.708717785555202,0.6447201017811706,63.140640698381404
"Beauregard Parish, Louisiana",36676.0,25.3,65944.0,14.3,6.8,89.1,22,011,22011,0.8813613231552163,0.5777671755725191,0.8683206106870229,0.49284123448934136,0.33476463104325704,63.101099498947136
"Mora County, New Mexico",4149.0,17.1,53663.0,21.4,3.8,63.3,35,033,35033,0.08412849872773537,0.8866094147582697,0.37515903307888043,0.8106904231625836,0.9961832061068703,63.05541151668679
"Lee County, Mississippi",83034.0,25.0,67863.0,14.6,5.1,85.4,28,081,28081,0.8584605597964376,0.5957379134860051,0.6507633587786259,0.43175310213172124,0.614821882951654,63.03073634288888
"Rockingham County, North Carolina",92131.0,20.3,57053.0,16.3,5.8,85.0,37,157,37157,0.3080470737913486,0.6930661577608143,0.7662213740458015,0.7394209354120267,0.6447201017811706,63.029512855823235
"Holmes County, Florida",19513.0,20.5,49343.0,14.0,4.5,81.0,12,059,12059,0.32840330788804073,0.559001272264631,0.5225826972010178,0.8924594336621062,0.8479643765903307,63.00822175212253
"Lewis County, Missouri",9924.0,21.2,59934.0,12.7,5.1,74.4,29,111,29111,0.41412213740458015,0.4599236641221374,0.6507633587786259,0.6649697741011773,0.960559796437659,63.00677461688359
"Limestone County, Texas",22283.0,22.4,60573.0,17.1,3.7,81.4,48,293,48293,0.576176844783715,0.7358460559796438,0.35225826972010177,0.647152402163538,0.8355597964376591,62.93986738169315
"Charlton County, Georgia",12818.0,19.9,61276.0,18.1,14.0,87.3,13,049,13049,0.2655852417302799,0.7838740458015268,0.9942748091603053,0.6220171810372256,0.476940203562341,62.85382962583357
"Stephens County, Georgia",27012.0,21.3,54754.0,15.8,5.4,86.4,13,257,13257,0.42907124681933845,0.6641221374045801,0.7083333333333334,0.7916003818008273,0.5483460559796438,62.82946310675446
"Audrain County, Missouri",24548.0,22.7,59448.0,17.8,4.3,85.6,29,007,29007,0.6194338422391857,0.7695610687022901,0.4720101781170484,0.6776964683423481,0.6014631043256997,62.80329323453143
"Henry County, Virginia",49980.0,19.3,50760.0,16.0,4.1,75.3,51,089,51089,0.21183206106870228,0.6749363867684478,0.43209287531806617,0.8673242125357938,0.9514949109414759,62.75360893264972
"East Baton Rouge Parish, Louisiana",452938.0,22.7,63071.0,19.6,7.7,91.1,22,033,22033,0.6194338422391857,0.8385814249363868,0.9169847328244275,0.5692013999363665,0.19258905852417307,62.73580916921079
"Lucas County, Ohio",428018.0,22.8,62224.0,17.7,6.3,89.4,39,095,39095,0.6332697201017812,0.7660623409669212,0.8249045801526718,0.595609290486796,0.3129770992366412,62.656460618896226
"Appanoose County, Iowa",12184.0,21.6,54934.0,17.5,3.9,83.9,19,007,19007,0.46771628498727735,0.7574745547073791,0.3969465648854962,0.7885777919185492,0.7212150127226463,62.638604184426974
"Winnebago County, Illinois",283292.0,23.5,65837.0,15.6,7.3,88.8,17,201,17201,0.7240776081424937,0.6544211195928753,0.8975826972010178,0.4960229080496341,0.3597328244274809,62.636743148270035
"Brown County, Ohio",43845.0,22.8,71270.0,19.6,4.9,84.3,39,015,39015,0.6332697201017812,0.8385814249363868,0.6102099236641222,0.35300668151447656,0.6957697201017812,62.61674940637095
"Hardin County, Tennessee",27249.0,20.1,49956.0,21.5,4.7,86.9,47,071,47071,0.2857824427480916,0.8897900763358778,0.5639312977099237,0.8819599109131403,0.5081106870229007,62.591488294598676
"DeWitt County, Texas",20016.0,22.3,63730.0,17.6,3.7,78.8,48,123,48123,0.5629770992366412,0.7620865139949109,0.35225826972010177,0.5489977728285078,0.9013994910941476,62.55438293748619
"Cowley County, Kansas",34411.0,23.6,57878.0,14.3,3.9,84.3,20,035,20035,0.7368002544529262,0.5777671755725191,0.3969465648854962,0.7203308940502704,0.6957697201017812,62.55229218125986
"Okeechobee County, Florida",40816.0,21.4,57984.0,18.0,4.4,84.4,12,093,12093,0.4419529262086514,0.7800572519083969,0.4969783715012723,0.7181037225580655,0.6900445292620865,62.542736028769454
"Iron County, Missouri",9446.0,21.0,48850.0,19.3,3.0,82.4,29,093,29093,0.3885178117048346,0.8287213740458015,0.209764631043257,0.9023226216990137,0.7977099236641221,62.54072724314058
"San Patricio County, Texas",70181.0,25.7,69704.0,14.8,4.5,84.2,48,409,48409,0.9044211195928753,0.6094147582697201,0.5225826972010178,0.3873687559656379,0.7013358778625954,62.50246417783693
"Pike County, Illinois",14469.0,23.2,59777.0,14.8,3.9,83.2,17,149,17149,0.6871819338422391,0.6094147582697201,0.3969465648854962,0.6684696150174991,0.7616094147582697,62.472445735464476
"Pendleton County, West Virginia",6043.0,18.8,64931.0,16.6,6.3,79.3,54,071,54071,0.17573155216284989,0.7104007633587787,0.8249045801526718,0.5211581291759466,0.8912213740458015,62.468327977920964
"Piute County, Utah",1694.0,19.3,48393.0,10.2,5.9,75.1,49,031,49031,0.21183206106870228,0.2657442748091603,0.7818066157760815,0.9099586382437161,0.9540394402035624,62.46762060202445
"Wheatland County, Montana",2056.0,21.6,49489.0,23.0,0.8,81.9,30,107,30107,0.46771628498727735,0.9230279898218829,0.023536895674300253,0.8892777601018136,0.8191793893129771,62.45476639796503
"Yuma County, Colorado",9979.0,27.8,60545.0,17.9,4.5,90.6,08,125,08125,0.955470737913486,0.7741730279898219,0.5225826972010178,0.6481069042316259,0.2221692111959288,62.45005157063761
"Webster County, Missouri",40500.0,27.5,71155.0,15.2,3.8,82.1,29,225,29225,0.9514949109414759,0.6291348600508906,0.37515903307888043,0.3553929366846962,0.8112277353689568,62.448189522498
"Assumption Parish, Louisiana",20484.0,20.4,51423.0,15.3,4.8,83.9,22,007,22007,0.31838422391857507,0.636291348600509,0.5873091603053435,0.8574610244988864,0.7212150127226463,62.413215400919206
"White County, Tennessee",28160.0,21.6,52188.0,13.2,5.6,86.1,47,185,47185,0.46771628498727735,0.5019083969465649,0.7399809160305344,0.8429844097995546,0.5680661577608143,62.41312331049491
"Jackson County, North Carolina",43771.0,16.4,55815.0,18.0,4.9,78.9,37,099,37099,0.062340966921119595,0.7800572519083969,0.6102099236641222,0.7690104995227489,0.8990139949109415,62.41265273854658
"Sanilac County, Michigan",40462.0,20.9,58863.0,15.3,6.0,85.4,26,151,26151,0.37754452926208654,0.636291348600509,0.7969147582697201,0.6945593382118995,0.614821882951654,62.402637145917396
"Washington County, Oklahoma",53326.0,24.0,60162.0,16.1,4.4,86.9,40,147,40147,0.7763994910941476,0.6808206106870229,0.4969783715012723,0.6576519249125039,0.5081106870229007,62.39922170435695
"Hardin County, Ohio",30475.0,22.9,62484.0,17.3,4.6,85.7,39,065,39065,0.6456743002544529,0.7476145038167938,0.5437340966921119,0.5876551065860642,0.5949427480916031,62.39241510882052
"Clark County, Arkansas",21125.0,20.1,52034.0,21.6,3.8,83.9,05,019,05019,0.2857824427480916,0.8926526717557252,0.37515903307888043,0.8447343302577155,0.7212150127226463,62.39086981126118
"Luce County, Michigan",6271.0,16.3,54893.0,16.7,9.9,85.9,26,095,26095,0.06059160305343511,0.7154898218829516,0.9701017811704835,0.7896913776646516,0.5826972010178118,62.37143569578667
"Marion County, Tennessee",29250.0,20.3,61824.0,16.3,7.1,85.3,47,115,47115,0.3080470737913486,0.6930661577608143,0.8861323155216285,0.6080178173719377,0.6207061068702291,62.31938942631917
"Taylor County, Kentucky",26397.0,23.0,60456.0,17.5,5.1,88.3,21,217,21217,0.6577608142493638,0.7574745547073791,0.6507633587786259,0.6508113267578746,0.3986959287531806,62.31011966492848
"Guernsey County, Ohio",38223.0,22.1,58478.0,15.3,5.3,86.4,39,059,39059,0.5361005089058524,0.636291348600509,0.6868638676844784,0.7076041998090996,0.5483460559796438,62.304119619591646
"Radford city, Virginia",16726.0,12.5,57348.0,28.7,8.1,87.4,51,750,51750,0.009382951653944021,0.975031806615776,0.9303435114503816,0.7330575882914413,0.46660305343511455,62.28837822893316
"Suwannee County, Florida",45342.0,20.9,56658.0,15.0,6.3,86.5,12,121,12121,0.37754452926208654,0.6192748091603053,0.8249045801526718,0.7518294622971683,0.5399173027989822,62.26941367342429
"Pottawatomie County, Oklahoma",73463.0,23.1,61398.0,15.9,5.3,87.4,40,125,40125,0.6720737913486005,0.6692111959287532,0.6868638676844784,0.6185173401209036,0.46660305343511455,62.265384970357005
"Randolph County, Missouri",24365.0,22.1,53033.0,13.9,4.4,84.2,29,175,29175,0.5361005089058524,0.5507315521628499,0.4969783715012723,0.8256442888959593,0.7013358778625954,62.21581198657058
"Union County, Oregon",26144.0,21.4,65661.0,16.1,5.7,83.7,41,061,41061,0.4419529262086514,0.6808206106870229,0.7528625954198473,0.5001590836780146,0.7334605597964376,62.18511551579948
"Phillips County, Colorado",4496.0,25.5,64674.0,16.8,2.9,83.0,08,095,08095,0.8950381679389313,0.7205788804071247,0.19545165394402036,0.5262488068724149,0.7709923664122138,62.166197511494104
"Newton County, Texas",12093.0,19.2,42618.0,19.0,8.3,91.1,48,351,48351,0.20244910941475827,0.8169529262086515,0.9365458015267175,0.9580019090041362,0.19258905852417307,62.13077609356873
"Van Buren County, Arkansas",15998.0,19.2,50354.0,19.1,3.8,81.5,05,141,05141,0.20244910941475827,0.8209287531806616,0.37515903307888043,0.8752783964365256,0.8322201017811705,62.12070787783993
"Wayne County, Illinois",15973.0,22.5,55521.0,16.1,3.4,83.0,17,191,17191,0.5912849872773537,0.6808206106870229,0.2876908396946565,0.7741011772192173,0.7709923664122138,62.09779962580928
"Tucker County, West Virginia",6654.0,14.2,53358.0,15.3,6.1,81.8,54,093,54093,0.019720101781170483,0.636291348600509,0.8072519083969466,0.8173719376391982,0.8241094147582697,62.09489422352188
"Coles County, Illinois",46777.0,18.3,56478.0,18.7,6.1,85.8,17,029,17029,0.14567430025445294,0.8074109414758269,0.8072519083969466,0.7553293032134902,0.5885814249363868,62.08495756554206
"Harrisonburg city, Virginia",51392.0,17.3,62254.0,25.7,6.9,85.9,51,660,51660,0.09239821882951654,0.9584923664122137,0.8748409669211196,0.594336621062679,0.5826972010178118,62.055307484866816
"Webster County, Kentucky",12842.0,24.0,59628.0,13.5,4.1,84.3,21,233,21233,0.7763994910941476,0.5225826972010178,0.43209287531806617,0.6716512885777919,0.6957697201017812,61.96992144585609
"Terrebonne Parish, Louisiana",106186.0,25.0,64836.0,16.0,4.7,87.3,22,109,22109,0.8584605597964376,0.6749363867684478,0.5639312977099237,0.5237034680241808,0.476940203562341,61.95943831722662
"Cameron County, Pennsylvania",4427.0,16.9,50573.0,13.5,7.8,84.1,42,023,42023,0.07569974554707379,0.5225826972010178,0.9201653944020356,0.8720967228762329,0.7069020356234097,61.948931912995384
"Laurens County, South Carolina",68666.0,21.8,57623.0,18.1,4.5,86.1,45,059,45059,0.49300254452926207,0.7838740458015268,0.5225826972010178,0.7298759147311487,0.5680661577608143,61.94802720047539
"Boyd County, Kentucky",47911.0,21.2,61118.0,16.9,6.4,87.1,21,019,21019,0.41412213740458015,0.7255089058524173,0.8358778625954199,0.6290168628698696,0.4925254452926209,61.94102428029817
"Garvin County, Oklahoma",25860.0,25.1,58556.0,17.0,3.4,86.9,40,049,40049,0.8657760814249363,0.7301208651399491,0.2876908396946565,0.7050588609608655,0.5081106870229007,61.93514668486616
"Washington County, Alabama",15143.0,20.0,61042.0,17.1,4.9,81.2,01,129,01129,0.27512722646310434,0.7358460559796438,0.6102099236641222,0.6323576201081769,0.8423982188295165,61.91878090089128
"Sierra County, New Mexico",11500.0,15.6,41600.0,21.4,4.2,83.5,35,051,35051,0.04341603053435115,0.8866094147582697,0.451176844783715,0.9685014317531021,0.7457061068702291,61.908196573993344
"Collingsworth County, Texas",2588.0,27.9,61280.0,21.8,1.1,85.9,48,087,48087,0.9570610687022901,0.8985368956743003,0.03435114503816794,0.6216990136811963,0.5826972010178118,61.88690648227533
"Allen County, Kansas",12483.0,22.5,60689.0,9.9,7.9,84.4,20,001,20001,0.5912849872773537,0.24602417302798982,0.9227099236641222,0.6430162265351576,0.6900445292620865,61.861596795334194
"Randolph County, Alabama",22510.0,20.9,52338.0,19.9,3.8,84.9,01,111,01111,0.37754452926208654,0.8470101781170484,0.37515903307888043,0.8401209035952911,0.6521946564885497,61.84058601083713
"Mason County, West Virginia",25043.0,20.5,49761.0,19.4,3.8,84.7,54,053,54053,0.32840330788804073,0.8314249363867684,0.37515903307888043,0.885141584473433,0.6696882951653944,61.79634313985034
"Dixie County, Florida",17058.0,17.9,50110.0,20.9,3.3,76.5,12,029,12029,0.12579516539440203,0.8753180661577609,0.2695610687022901,0.8790964047088768,0.9390903307888041,61.77722071504268
"Screven County, Georgia",14130.0,20.8,52792.0,17.2,4.6,85.5,13,251,13251,0.3638676844783715,0.7417302798982188,0.5437340966921119,0.8307349665924276,0.6079834605597965,61.76100976441853
"Clark County, Wisconsin",34739.0,29.7,67400.0,12.1,3.7,78.6,55,019,55019,0.9737595419847328,0.4128498727735369,0.35225826972010177,0.44384346166083355,0.9052162849872774,61.75854862252965
"Wayne County, North Carolina",118652.0,23.6,59733.0,17.3,5.2,90.0,37,191,37191,0.7368002544529262,0.7476145038167938,0.6680979643765903,0.6700604517976456,0.2652671755725191,61.7568070003295
"Coffee County, Alabama",54920.0,24.1,68353.0,16.7,5.1,86.8,01,031,01031,0.785941475826972,0.7154898218829516,0.6507633587786259,0.41839007317849186,0.5165394402035624,61.74248339741207
"Prince of Wales-Hyder Census Area, Alaska",5715.0,21.1,61156.0,12.7,7.7,84.5,02,198,02198,0.3991730279898219,0.4599236641221374,0.9169847328244275,0.6271078587336939,0.6836832061068703,61.73744979553902
"Cleburne County, Arkansas",25226.0,19.1,55798.0,13.9,6.4,83.7,05,023,05023,0.1944974554707379,0.5507315521628499,0.8358778625954199,0.7694877505567929,0.7334605597964376,61.68110361164476
"Cumberland County, New Jersey",153305.0,24.4,67436.0,15.6,6.8,89.5,34,011,34011,0.813295165394402,0.6544211195928753,0.8683206106870229,0.4422526248806873,0.3050254452926209,61.66629931695218
"Mercer County, Missouri",3482.0,24.5,62679.0,13.5,3.5,81.0,29,129,29129,0.8228371501272265,0.5225826972010178,0.307410941475827,0.5816099268215081,0.8479643765903307,61.648101844318205
"Woodward County, Oklahoma",20158.0,24.2,61417.0,14.0,6.2,89.6,40,153,40153,0.7946882951653944,0.559001272264631,0.8150445292620865,0.6172446706967865,0.2962786259541985,61.64514786686194
"Jackson County, Florida",48250.0,18.9,49149.0,19.5,4.5,85.0,12,063,12063,0.18145674300254452,0.8349236641221374,0.5225826972010178,0.8969137766465161,0.6447201017811706,61.61193965506773
"Russell County, Virginia",25538.0,18.9,50012.0,16.7,3.6,72.7,51,167,51167,0.18145674300254452,0.7154898218829516,0.32903944020356235,0.8810054088450525,0.9721692111959288,61.583212502600794
"Delaware County, Oklahoma",41279.0,19.8,56676.0,19.0,5.2,85.9,40,041,40041,0.25699745547073793,0.8169529262086515,0.6680979643765903,0.7511931275851098,0.5826972010178118,61.518773493178024
"Fremont County, Wyoming",39533.0,24.5,64904.0,12.8,7.4,88.8,56,013,56013,0.8228371501272265,0.46803435114503816,0.9026717557251909,0.5221126312440343,0.3597328244274809,61.50777425337941
"Shelby County, Missouri",5986.0,24.0,51594.0,15.9,1.8,84.2,29,205,29205,0.7763994910941476,0.6692111959287532,0.07410941475826972,0.8539611835825645,0.7013358778625954,61.500343264526606
"Fentress County, Tennessee",19309.0,20.4,51149.0,21.0,4.7,87.6,47,049,47049,0.31838422391857507,0.8781806615776081,0.5639312977099237,0.8619153674832962,0.4516539440203562,61.48130989419519
"Clarendon County, South Carolina",30986.0,18.2,52401.0,15.4,6.8,85.9,45,027,45027,0.1407442748091603,0.6432888040712468,0.8683206106870229,0.8386891504931594,0.5826972010178118,61.474800821568024
"Dorchester County, Maryland",32754.0,21.0,61839.0,17.1,5.7,85.8,24,019,24019,0.3885178117048346,0.7358460559796438,0.7528625954198473,0.6076996500159084,0.5885814249363868,61.470150761132416
"Iron County, Michigan",11667.0,17.5,55940.0,17.0,5.4,83.1,26,071,26071,0.10241730279898219,0.7301208651399491,0.7083333333333334,0.7658288259624563,0.7659033078880407,61.452072702455226
"Tyler County, West Virginia",8064.0,19.4,63693.0,20.2,7.0,86.2,54,095,54095,0.22264631043256997,0.8554389312977099,0.8804071246819338,0.5507476932866688,0.5618638676844784,61.42207854766721
"Schuyler County, Missouri",4038.0,27.5,61205.0,8.6,3.7,69.1,29,197,29197,0.9514949109414759,0.15473918575063614,0.35225826972010177,0.6251988545975182,0.9864821882951654,61.40346818609795
"Lewis County, Tennessee",12992.0,21.1,56285.0,16.7,3.7,81.2,47,101,47101,0.3991730279898219,0.7154898218829516,0.35225826972010177,0.7607381482659878,0.8423982188295165,61.40114973376759
"Genesee County, Michigan",403305.0,22.2,62281.0,16.4,8.1,89.6,26,049,26049,0.5494592875318066,0.6983142493638677,0.9303435114503816,0.5937002863506204,0.2962786259541985,61.3619192130175
"Seward County, Kansas",21486.0,30.3,63827.0,12.2,4.9,86.9,20,175,20175,0.9793256997455471,0.4211195928753181,0.6102099236641222,0.546293350302259,0.5081106870229007,61.30118507220295
"Cheyenne County, Kansas",2628.0,22.8,55429.0,17.0,2.5,82.7,20,023,20023,0.6332697201017812,0.7301208651399491,0.1410623409669211,0.7761692650334076,0.7843511450381679,61.29946672560453
"Charlotte County, Virginia",11422.0,21.5,58000.0,18.9,2.4,75.4,51,037,51037,0.4541984732824427,0.813295165394402,0.1294529262086514,0.7177855552020362,0.9502226463104326,61.29909532795929
"Greene County, Indiana",31021.0,21.4,62094.0,12.8,6.0,83.3,18,055,18055,0.4419529262086514,0.46803435114503816,0.7969147582697201,0.6013363028953229,0.7566793893129771,61.298354556634195
"Peoria County, Illinois",179645.0,23.9,65108.0,15.7,6.2,89.5,17,143,17143,0.767175572519084,0.6591921119592875,0.8150445292620865,0.517021953547566,0.3050254452926209,61.26919225161289
"Franklin County, Iowa",9956.0,24.1,59894.0,13.6,3.8,84.1,19,069,19069,0.785941475826972,0.5291030534351145,0.37515903307888043,0.665924276169265,0.7069020356234097,61.26059748267283
"Indiana County, Pennsylvania",83042.0,18.0,60208.0,14.0,6.7,80.7,42,063,42063,0.1313613231552163,0.559001272264631,0.8608460559796438,0.6552656697422845,0.8563931297709924,61.25734901825536
"Crawford County, Kansas",39008.0,22.2,52844.0,20.6,4.1,88.5,20,037,20037,0.5494592875318066,0.8660941475826972,0.43209287531806617,0.8294622971683105,0.3834287531806616,61.210747215630846
"Sumner County, Kansas",22353.0,24.1,63951.0,10.6,5.9,84.9,20,191,20191,0.785941475826972,0.29421119592875317,0.7818066157760815,0.5447025135221126,0.6521946564885497,61.17712915084938
"Ohio County, West Virginia",41582.0,19.4,57094.0,17.7,6.0,86.6,54,069,54069,0.22264631043256997,0.7660623409669212,0.7969147582697201,0.7378300986318804,0.5322837150127226,61.114744466276285
"Garden County, Nebraska",1761.0,20.4,41882.0,16.5,5.4,88.8,31,069,31069,0.31838422391857507,0.7040394402035624,0.7083333333333334,0.9646834234807509,0.3597328244274809,61.10346490727405
"Appomattox County, Virginia",16610.0,22.0,62853.0,14.0,5.1,83.5,51,011,51011,0.5225826972010178,0.559001272264631,0.6507633587786259,0.576837416481069,0.7457061068702291,61.09781703191146
"Parke County, Indiana",16406.0,22.3,68485.0,16.2,4.4,79.3,18,121,18121,0.5629770992366412,0.686704834605598,0.4969783715012723,0.4142538975501113,0.8912213740458015,61.04271153878849
"Emporia city, Virginia",5547.0,27.6,51899.0,15.8,2.9,88.4,51,595,51595,0.9527671755725191,0.6641221374045801,0.19545165394402036,0.847597836461979,0.39153944020356235,61.02956487173322
"Meigs County, Tennessee",13343.0,20.3,61375.0,14.3,5.5,81.9,47,121,47121,0.3080470737913486,0.5777671755725191,0.7263040712468194,0.6188355074769329,0.8191793893129771,61.00266434801195
"Ford County, Kansas",34074.0,29.9,70781.0,14.0,5.1,87.0,20,057,20057,0.9766221374045801,0.559001272264631,0.6507633587786259,0.3625517021953547,0.500795165394402,60.99467272075187
"Overton County, Tennessee",23065.0,20.6,48959.0,16.3,3.2,80.4,47,133,47133,0.34001272264631044,0.6930661577608143,0.2506361323155216,0.9000954502068088,0.8652989821882952,60.982188902355006
"Brazos County, Texas",242311.0,20.1,58553.0,24.3,4.7,86.4,48,041,48041,0.2857824427480916,0.9414758269720102,0.5639312977099237,0.7056951956729239,0.5483460559796438,60.904616381651856
"Pike County, Missouri",17711.0,22.5,54989.0,16.0,3.9,85.7,29,163,29163,0.5912849872773537,0.6749363867684478,0.3969465648854962,0.7868278714603881,0.5949427480916031,60.89877116966578
"McCulloch County, Texas",7514.0,21.9,54043.0,15.3,9.0,91.9,48,307,48307,0.5069974554707379,0.636291348600509,0.9513358778625954,0.8049634107540566,0.1444020356234097,60.87980256622616
"Caswell County, North Carolina",22404.0,18.3,59755.0,18.6,5.2,83.3,37,033,37033,0.14567430025445294,0.8040712468193384,0.6680979643765903,0.6691059497295577,0.7566793893129771,60.87257700985833
"Carroll County, Virginia",29157.0,17.6,54484.0,15.3,5.5,82.9,51,035,51035,0.10861959287531807,0.636291348600509,0.7263040712468194,0.7966910594972956,0.7756043256997456,60.87020795839375
"Washington County, Idaho",11142.0,22.2,54000.0,15.3,5.2,88.5,16,087,16087,0.5494592875318066,0.636291348600509,0.6680979643765903,0.8060769965001591,0.3834287531806616,60.86708700379453
"Saginaw County, Michigan",188665.0,21.3,60622.0,18.2,6.4,89.0,26,145,26145,0.42907124681933845,0.7873727735368957,0.8358778625954199,0.6455615653833917,0.34319338422391854,60.82153665117929
"Twiggs County, Georgia",7803.0,18.8,56324.0,18.2,3.8,76.2,13,289,13289,0.17573155216284989,0.7873727735368957,0.37515903307888043,0.7597836461979001,0.9425890585241731,60.81272127001398
"Texas County, Oklahoma",20774.0,28.8,60069.0,15.7,3.4,87.4,40,139,40139,0.9666030534351145,0.6591921119592875,0.2876908396946565,0.6601972637607382,0.46660305343511455,60.80572644569823
"Carroll County, Missouri",8411.0,21.9,62154.0,13.7,4.3,77.4,29,033,29033,0.5069974554707379,0.5357824427480916,0.4720101781170484,0.5991091314031181,0.9262086513994912,60.80215718276973
"Maries County, Missouri",8450.0,20.6,59455.0,13.5,4.8,78.2,29,125,29125,0.34001272264631044,0.5225826972010178,0.5873091603053435,0.676901049952275,0.9131679389312977,60.79947138072489
"Lincoln County, New Mexico",20224.0,16.7,53303.0,19.3,5.1,84.7,35,027,35027,0.06965648854961833,0.8287213740458015,0.6507633587786259,0.8189627744193446,0.6696882951653944,60.75584581917569
"Garland County, Arkansas",100035.0,19.8,57181.0,15.8,5.7,85.2,05,051,05051,0.25699745547073793,0.6641221374045801,0.7528625954198473,0.7362392618517339,0.6273854961832062,60.75213892660211
"Jefferson Parish, Louisiana",430920.0,22.4,65252.0,16.6,6.2,88.0,22,051,22051,0.576176844783715,0.7104007633587787,0.8150445292620865,0.513522112631244,0.4212786259541985,60.72845751980045
"Winston County, Alabama",23682.0,20.6,57256.0,18.7,3.6,81.8,01,133,01133,0.34001272264631044,0.8074109414758269,0.32903944020356235,0.734966592427617,0.8241094147582697,60.71078223023173
"Athens County, Ohio",61737.0,14.8,56001.0,21.5,6.5,86.9,39,009,39009,0.027830788804071246,0.8897900763358778,0.8447837150127226,0.7648743238943685,0.5081106870229007,60.707791821398814
"Lipscomb County, Texas",2918.0,30.8,72560.0,11.5,6.5,86.7,48,295,48295,0.982824427480916,0.3614821882951654,0.8447837150127226,0.32103086223353483,0.5249681933842238,60.701787728131265
"Summers County, West Virginia",11729.0,15.7,40699.0,23.8,2.2,72.3,54,089,54089,0.04596055979643766,0.9344783715012722,0.10607506361323155,0.9729557747375119,0.9745547073791349,60.68048954055176
"Chautauqua County, Kansas",3370.0,22.0,56438.0,14.9,3.6,82.1,20,019,20019,0.5225826972010178,0.6146628498727735,0.32903944020356235,0.7562838052815781,0.8112277353689568,60.67593055855778
"Hawkins County, Tennessee",57964.0,19.2,56936.0,15.2,7.3,86.2,47,073,47073,0.20244910941475827,0.6291348600508906,0.8975826972010178,0.7426026089723194,0.5618638676844784,60.67266286646928
"Carroll County, Arkansas",28626.0,21.7,54230.0,17.2,4.7,87.7,05,015,05015,0.481234096692112,0.7417302798982188,0.5639312977099237,0.8014635698377346,0.44513358778625955,60.66985663848497
"Montgomery County, New York",49528.0,23.1,64943.0,14.6,4.7,84.6,36,057,36057,0.6720737913486005,0.5957379134860051,0.5639312977099237,0.5206808781419026,0.6777989821882952,60.604457257494545
"Henry County, Missouri",22328.0,22.3,57926.0,14.3,4.4,84.7,29,083,29083,0.5629770992366412,0.5777671755725191,0.4969783715012723,0.7200127266942411,0.6696882951653944,60.54847336340137
"Lunenburg County, Virginia",12016.0,19.6,54842.0,15.9,3.6,61.8,51,111,51111,0.24013994910941475,0.6692111959287532,0.32903944020356235,0.7903277123767102,0.9977735368956743,60.52983669028229
"Cabell County, West Virginia",92739.0,19.7,55832.0,19.2,5.1,86.6,54,011,54011,0.24920483460559797,0.8250636132315522,0.6507633587786259,0.7683741648106904,0.5322837150127226,60.51379372878378
"Modoc County, California",8600.0,19.1,59455.0,17.9,7.6,87.4,06,049,06049,0.1944974554707379,0.7741730279898219,0.9126908396946565,0.676901049952275,0.46660305343511455,60.49730853085212
"Newton County, Arkansas",7112.0,18.7,48986.0,15.9,4.1,80.8,05,101,05101,0.169529262086514,0.6692111959287532,0.43209287531806617,0.8997772828507795,0.8533715012722647,60.47964234912755
"Wabash County, Illinois",11119.0,21.0,57086.0,16.7,4.4,84.5,17,185,17185,0.3885178117048346,0.7154898218829516,0.4969783715012723,0.7384664333439389,0.6836832061068703,60.462712890797356
"Briscoe County, Texas",1301.0,20.8,45417.0,16.8,1.0,73.1,48,045,48045,0.3638676844783715,0.7205788804071247,0.030057251908396948,0.9385937002863506,0.9699427480916031,60.460805303436935
"Calloway County, Kentucky",38224.0,18.2,52706.0,17.2,4.4,82.2,21,035,21035,0.1407442748091603,0.7417302798982188,0.4969783715012723,0.8326439707286033,0.807410941475827,60.39015676826164
"Shannon County, Missouri",7177.0,22.7,55222.0,18.0,1.3,82.5,29,203,29203,0.6194338422391857,0.7800572519083969,0.04373409669211196,0.7833280305440662,0.7927798982188295,60.38666239205182
"Gladwin County, Michigan",25693.0,18.9,55349.0,14.9,6.8,86.0,26,051,26051,0.18145674300254452,0.6146628498727735,0.8683206106870229,0.7788736875596564,0.5752226463104326,60.370730748648604
"Bell County, Texas",386897.0,27.5,68865.0,14.5,6.8,90.9,48,027,48027,0.9514949109414759,0.5892175572519084,0.8683206106870229,0.40598154629335026,0.20308524173027986,60.36199733808074
"Ritchie County, West Virginia",8286.0,19.9,50582.0,21.6,2.4,80.7,54,085,54085,0.2655852417302799,0.8926526717557252,0.1294529262086514,0.8717785555202037,0.8563931297709924,60.31725049971705
"Morrill County, Nebraska",4534.0,22.4,58500.0,13.9,3.6,80.9,31,123,31123,0.576176844783715,0.5507315521628499,0.32903944020356235,0.7072860324530703,0.8506679389312977,60.278036170689894
"Cochise County, Arizona",125566.0,20.6,59742.0,15.4,7.4,87.5,04,003,04003,0.34001272264631044,0.6432888040712468,0.9026717557251909,0.669424117085587,0.4584923664122137,60.277795318810966
"Jefferson County, Illinois",36550.0,22.3,63118.0,13.5,5.8,85.7,17,081,17081,0.5629770992366412,0.5225826972010178,0.7662213740458015,0.5669742284441617,0.5949427480916031,60.27396294038449
"Levy County, Florida",45391.0,19.4,56750.0,17.4,4.1,80.8,12,075,12075,0.22264631043256997,0.7528625954198473,0.43209287531806617,0.7484887050588609,0.8533715012722647,60.189239750032186
"Scott County, Virginia",21479.0,17.8,46349.0,20.2,2.8,77.7,51,169,51169,0.1203880407124682,0.8554389312977099,0.1830470737913486,0.928412344893414,0.9220737913486006,60.18720364087082
"Wilson County, Kansas",8505.0,23.9,60677.0,15.5,3.0,83.6,20,205,20205,0.767175572519084,0.6491730279898219,0.209764631043257,0.6433343938911867,0.739821882951654,60.185390167900074
"Linn County, Missouri",11852.0,23.3,61635.0,13.7,3.2,78.4,29,115,29115,0.6999045801526718,0.5357824427480916,0.2506361323155216,0.6115176582882595,0.9090330788804071,60.13747784769904
"Oconee County, South Carolina",80469.0,19.1,62388.0,17.6,5.9,84.6,45,073,45073,0.1944974554707379,0.7620865139949109,0.7818066157760815,0.5905186127903277,0.6777989821882952,60.134163604407064
"Pittsylvania County, Virginia",59856.0,17.9,54085.0,14.6,4.7,78.0,51,143,51143,0.12579516539440203,0.5957379134860051,0.5639312977099237,0.8036907413299396,0.9171437659033079,60.125977676471564
"Rusk County, Texas",52842.0,22.6,68658.0,14.4,4.5,79.6,48,401,48401,0.6057569974554707,0.5836513994910941,0.5225826972010178,0.409163219853643,0.8848600508905853,60.120287297836214
"Jones County, North Carolina",9302.0,18.5,59641.0,18.4,4.4,79.7,37,103,37103,0.15696564885496184,0.7981870229007634,0.4969783715012723,0.6710149538657334,0.8816793893129771,60.096507728714165
"Dewey County, Oklahoma",4360.0,27.3,62569.0,14.1,3.5,85.7,40,043,40043,0.9486323155216285,0.5661577608142494,0.307410941475827,0.5857461024498887,0.5949427480916031,60.057797367063934
"Rhea County, Tennessee",33992.0,21.2,55033.0,15.9,5.8,88.7,47,143,47143,0.41412213740458015,0.6692111959287532,0.7662213740458015,0.785555202036271,0.3676844783715013,60.05588775573815
"Switzerland County, Indiana",9909.0,23.7,65343.0,12.6,4.2,81.3,18,155,18155,0.7477735368956743,0.45133587786259544,0.451176844783715,0.5125676105631563,0.839058524173028,60.03824788556338
"Wheeler County, Texas",4862.0,24.2,60167.0,15.4,4.8,89.3,48,483,48483,0.7946882951653944,0.6432888040712468,0.5873091603053435,0.6570155902004454,0.3193384223918575,60.032805442685756
"Randolph County, Indiana",24387.0,22.7,60791.0,15.8,4.5,86.3,18,135,18135,0.6194338422391857,0.6641221374045801,0.5225826972010178,0.6388800509067769,0.5555025445292621,60.010425445616455
"Las Animas County, Colorado",14413.0,18.0,52074.0,18.7,5.6,87.3,08,071,08071,0.1313613231552163,0.8074109414758269,0.7399809160305344,0.844097995545657,0.476940203562341,59.99582759539152
"Graham County, Kansas",2389.0,20.8,50650.0,14.8,5.0,86.7,20,065,20065,0.3638676844783715,0.6094147582697201,0.630884223918575,0.8701877187400573,0.5249681933842238,59.986451575818954
"Trumbull County, Ohio",200929.0,20.6,56435.0,16.6,4.7,85.2,39,155,39155,0.34001272264631044,0.7104007633587787,0.5639312977099237,0.756761056315622,0.6273854961832062,59.96982672427682
"Barton County, Kansas",25097.0,24.1,58851.0,15.4,3.9,87.3,20,009,20009,0.785941475826972,0.6432888040712468,0.3969465648854962,0.6950365892459434,0.476940203562341,59.96307275183999
"Hitchcock County, Nebraska",2569.0,23.5,51567.0,12.8,1.7,79.6,31,087,31087,0.7240776081424937,0.46803435114503816,0.06615776081424936,0.8549156856506522,0.8848600508905853,59.96090913286037
"Knox County, Illinois",49046.0,20.2,57030.0,14.6,5.1,84.0,17,095,17095,0.2969147582697201,0.5957379134860051,0.6507633587786259,0.7403754374801146,0.7132633587786259,59.94109653586184
"Polk County, Texas",52800.0,20.3,62259.0,17.5,8.1,88.2,48,373,48373,0.3080470737913486,0.7574745547073791,0.9303435114503816,0.5940184537066497,0.4069656488549618,59.936984850214415
"Harrison County, Kentucky",19140.0,23.4,66442.0,17.1,3.2,81.6,21,097,21097,0.7115139949109415,0.7358460559796438,0.2506361323155216,0.46897868278714605,0.8298346055979644,59.936189431824346
"Coosa County, Alabama",10300.0,17.4,57355.0,13.1,6.2,80.7,01,037,01037,0.09637404580152671,0.4931615776081425,0.8150445292620865,0.732739420935412,0.8563931297709924,59.87425406756321
"Ogemaw County, Michigan",20885.0,17.8,54666.0,16.7,6.2,86.4,26,129,26129,0.1203880407124682,0.7154898218829516,0.8150445292620865,0.7938275532930321,0.5483460559796438,59.861920022603655
"St. John the Baptist Parish, Louisiana",40743.0,24.1,66630.0,14.4,10.9,91.3,22,095,22095,0.785941475826972,0.5836513994910941,0.9812340966921119,0.46356983773464844,0.17843511450381677,59.85663848497287
"Tallapoosa County, Alabama",40938.0,20.1,59356.0,16.3,4.9,83.9,01,123,01123,0.2857824427480916,0.6930661577608143,0.6102099236641222,0.6811963092586701,0.7212150127226463,59.8293969230869
"Harrison County, Ohio",14306.0,21.0,54414.0,13.1,4.6,83.1,39,067,39067,0.3885178117048346,0.4931615776081425,0.5437340966921119,0.7976455615653834,0.7659033078880407,59.77924710917025
"Macon County, Illinois",101849.0,22.6,62666.0,15.0,6.8,89.4,17,115,17115,0.6057569974554707,0.6192748091603053,0.8683206106870229,0.5819280941775373,0.3129770992366412,59.765152214339544
"Nueces County, Texas",352955.0,23.7,66897.0,17.4,5.2,88.8,48,355,48355,0.7477735368956743,0.7528625954198473,0.6680979643765903,0.4594336621062679,0.3597328244274809,59.758011664517205
"Lincoln County, Tennessee",35946.0,22.3,64667.0,12.9,4.7,80.7,47,103,47103,0.5629770992366412,0.4767811704834606,0.5639312977099237,0.5268851415844734,0.8563931297709924,59.73935677570983
"Hocking County, Ohio",27799.0,21.4,62960.0,16.0,5.4,85.8,39,073,39073,0.4419529262086514,0.6749363867684478,0.7083333333333334,0.5727012408526886,0.5885814249363868,59.730106241990164
"Tazewell County, Virginia",39624.0,20.0,47313.0,18.5,3.8,85.4,51,185,51185,0.27512722646310434,0.8016857506361323,0.37515903307888043,0.9182309895004772,0.614821882951654,59.700497652604966
"Perry County, Missouri",18976.0,22.5,62981.0,13.9,4.9,84.8,29,157,29157,0.5912849872773537,0.5507315521628499,0.6102099236641222,0.57206490614063,0.6603053435114503,59.69193425512813
"Knox County, Missouri",3756.0,24.8,57788.0,11.9,1.1,70.5,29,103,29103,0.8462150127226463,0.39774173027989823,0.03435114503816794,0.7241489023226217,0.9817111959287532,59.68335972584175
"Grant County, Washington",101799.0,28.3,73267.0,15.8,6.5,90.8,53,025,53025,0.9611959287531806,0.6641221374045801,0.8447837150127226,0.3044861597200127,0.208969465648855,59.671148130787024
"Whitfield County, Georgia",103598.0,24.9,67070.0,14.8,5.2,88.3,13,313,13313,0.8524173027989822,0.6094147582697201,0.6680979643765903,0.4543429844097996,0.3986959287531806,59.65937877216546
"Baxter County, Arkansas",42407.0,17.7,48452.0,15.5,6.3,87.2,05,005,05005,0.11418575063613232,0.6491730279898219,0.8249045801526718,0.9093223035316577,0.4848918575063613,59.6495503963329
"Rio Grande County, Colorado",11321.0,20.1,64411.0,18.0,10.1,88.2,08,105,08105,0.2857824427480916,0.7800572519083969,0.9742366412213741,0.5338848234171174,0.4069656488549618,59.61853616299882
"Somerset County, Maryland",24822.0,17.5,64943.0,16.4,7.5,83.4,24,039,24039,0.10241730279898219,0.6983142493638677,0.9077608142493638,0.5206808781419026,0.7509541984732824,59.60254886054797
"Jefferson County, Pennsylvania",43864.0,21.4,58686.0,14.1,4.2,81.9,42,065,42065,0.4419529262086514,0.5661577608142494,0.451176844783715,0.7007636016544703,0.8191793893129771,59.584610455481254
"Bradford County, Pennsylvania",59858.0,22.1,63675.0,12.6,6.3,85.4,42,015,42015,0.5361005089058524,0.45133587786259544,0.8249045801526718,0.5520203627107858,0.614821882951654,59.58366425167119
"Newberry County, South Carolina",38435.0,21.4,61780.0,17.4,4.4,84.6,45,071,45071,0.4419529262086514,0.7528625954198473,0.4969783715012723,0.6089723194400254,0.6777989821882952,59.57130389516184
"New Madrid County, Missouri",15731.0,23.7,51881.0,17.7,3.4,89.2,29,143,29143,0.7477735368956743,0.7660623409669212,0.2876908396946565,0.8488705058860961,0.32649491094147587,59.53784268769648
"Marion County, Arkansas",17228.0,18.6,48619.0,18.0,4.9,86.8,05,089,05089,0.16316793893129772,0.7800572519083969,0.6102099236641222,0.9061406299713649,0.5165394402035624,59.522303693574884
"Wapello County, Iowa",35362.0,23.8,64766.0,15.8,4.3,86.3,19,179,19179,0.7574745547073791,0.6641221374045801,0.4720101781170484,0.525294304804327,0.5555025445292621,59.488074391251935
"Edmonson County, Kentucky",12355.0,18.0,54937.0,15.3,7.7,87.0,21,061,21061,0.1313613231552163,0.636291348600509,0.9169847328244275,0.7881005408845052,0.500795165394402,59.4706622171812
"Lamb County, Texas",12828.0,27.2,60760.0,15.0,2.1,84.7,48,279,48279,0.946882951653944,0.6192748091603053,0.09716921119592875,0.6398345529748648,0.6696882951653944,59.456996403008745
"Brooke County, West Virginia",21805.0,17.2,54316.0,13.1,6.3,83.1,54,009,54009,0.08810432569974555,0.4931615776081425,0.8249045801526718,0.8005090677696468,0.7659033078880407,59.45165718236495
"Adair County, Missouri",25301.0,18.7,61536.0,22.0,4.1,80.8,29,001,29001,0.169529262086514,0.9036259541984732,0.43209287531806617,0.6137448297804645,0.8533715012722647,59.447288453115654
"Columbia County, Florida",71789.0,22.2,59205.0,16.7,5.3,89.1,12,023,12023,0.5494592875318066,0.7154898218829516,0.6868638676844784,0.6856506522430799,0.33476463104325704,59.44456520771146
"Nemaha County, Nebraska",7046.0,22.3,60924.0,13.3,6.0,87.4,31,127,31127,0.5629770992366412,0.5092239185750637,0.7969147582697201,0.6363347120585428,0.46660305343511455,59.44107083150164
"Dyer County, Tennessee",36508.0,23.7,58154.0,16.3,4.7,90.2,47,045,47045,0.7477735368956743,0.6930661577608143,0.5639312977099237,0.7155583837098314,0.24984096692111957,59.40340685994726
"Chautauqua County, New York",125544.0,20.6,58351.0,17.4,5.9,88.5,36,013,36013,0.34001272264631044,0.7528625954198473,0.7818066157760815,0.7107858733693924,0.3834287531806616,59.377931207845855
"Logan County, Colorado",20892.0,18.0,51829.0,15.8,5.4,85.4,08,075,08075,0.1313613231552163,0.6641221374045801,0.7083333333333334,0.8501431753102131,0.614821882951654,59.375637043099935
"Perry County, Arkansas",10101.0,21.8,55764.0,14.2,4.1,84.2,05,105,05105,0.49300254452926207,0.5722010178117048,0.43209287531806617,0.7699650015908368,0.7013358778625954,59.3719463422493
"Newton County, Missouri",60118.0,23.9,66301.0,13.5,5.9,88.0,29,145,29145,0.767175572519084,0.5225826972010178,0.7818066157760815,0.47566019726376074,0.4212786259541985,59.37007417428285
"Goliad County, Texas",7141.0,19.8,59359.0,13.0,5.2,79.9,48,175,48175,0.25699745547073793,0.48520992366412213,0.6680979643765903,0.6808781419026408,0.8772264631043257,59.36819897036833
"Harnett County, North Carolina",139150.0,25.4,71287.0,13.7,4.7,85.2,37,085,37085,0.8885178117048346,0.5357824427480916,0.5639312977099237,0.35157492841234494,0.6273854961832062,59.343839535168016
"Siskiyou County, California",43466.0,20.0,59095.0,16.4,7.9,88.5,06,093,06093,0.27512722646310434,0.6983142493638677,0.9227099236641222,0.6872414890232262,0.3834287531806616,59.33643283389964
"Anderson County, Kansas",7834.0,25.6,70614.0,11.0,4.1,75.8,20,003,20003,0.9004452926208651,0.3196564885496183,0.43209287531806617,0.3671651288577792,0.9462468193384224,59.31213209369503
"Hyde County, North Carolina",4592.0,18.0,53713.0,22.2,2.5,72.0,37,095,37095,0.1313613231552163,0.9069656488549618,0.1410623409669211,0.8103722558065543,0.9751908396946565,59.299048169566206
"Aleutians East Borough, Alaska",3491.0,14.0,65365.0,13.2,8.4,64.1,02,013,02013,0.01717557251908397,0.5019083969465649,0.9387722646310432,0.5109767737830099,0.9950699745547074,59.278059648688185
"Surry County, North Carolina",71425.0,21.1,55656.0,16.8,4.4,86.0,37,171,37171,0.3991730279898219,0.7205788804071247,0.4969783715012723,0.7718740057270124,0.5752226463104326,59.27653863871327
"Carroll County, Ohio",26659.0,20.4,64835.0,12.9,5.6,78.7,39,019,39019,0.31838422391857507,0.4767811704834606,0.7399809160305344,0.5240216353802101,0.9033078880407125,59.24951667706985
"Pierce County, Georgia",20202.0,24.7,60517.0,13.8,2.6,82.9,13,229,13229,0.8396946564885496,0.5429389312977099,0.15505725190839695,0.6490614062997137,0.7756043256997456,59.247131433882316
"Blount County, Alabama",59518.0,23.1,64190.0,12.9,5.0,85.0,01,009,01009,0.6720737913486005,0.4767811704834606,0.630884223918575,0.5373846643334395,0.6447201017811706,59.236879037304924
"Worth County, Missouri",1934.0,21.6,47847.0,20.6,1.6,84.9,29,227,29227,0.46771628498727735,0.8660941475826972,0.059955470737913484,0.915685650652243,0.6521946564885497,59.232924208973614
"Ford County, Illinois",13406.0,23.3,62439.0,12.4,5.5,86.9,17,053,17053,0.6999045801526718,0.4378180661577608,0.7263040712468194,0.589086859688196,0.5081106870229007,59.22448528536697
"Stephens County, Texas",9351.0,20.8,58008.0,14.6,5.4,86.0,48,429,48429,0.3638676844783715,0.5957379134860051,0.7083333333333334,0.7174673878460069,0.5752226463104326,59.21257930908299
"Wexford County, Michigan",34077.0,22.8,61085.0,13.9,5.3,87.5,26,165,26165,0.6332697201017812,0.5507315521628499,0.6868638676844784,0.6306076996500158,0.4584923664122137,59.19930412022677
"Mitchell County, North Carolina",14992.0,17.6,57602.0,12.9,6.5,82.4,37,121,37121,0.10861959287531807,0.4767811704834606,0.8447837150127226,0.7305122494432071,0.7977099236641221,59.168133029576595
"Cannon County, Tennessee",14818.0,22.8,59443.0,18.3,2.8,84.7,47,015,47015,0.6332697201017812,0.7930979643765903,0.1830470737913486,0.6780146356983774,0.6696882951653944,59.14235378266983
"Calhoun County, South Carolina",14182.0,18.6,58682.0,12.9,5.8,81.0,45,017,45017,0.16316793893129772,0.4767811704834606,0.7662213740458015,0.7015590200445434,0.8479643765903307,59.11387760190868
"Saguache County, Colorado",6580.0,17.8,50082.0,17.8,10.3,90.8,08,109,08109,0.1203880407124682,0.7695610687022901,0.976145038167939,0.8800509067769646,0.208969465648855,59.10229040017035
"Wilkes County, Georgia",9549.0,20.2,52043.0,17.8,1.5,67.1,13,317,13317,0.2969147582697201,0.7695610687022901,0.05407124681933842,0.8444161629016863,0.989821882951654,59.09570239289378
"Watauga County, North Carolina",55123.0,12.1,51693.0,25.5,7.9,90.7,37,189,37189,0.007474554707379135,0.9564249363867684,0.9227099236641222,0.8520521794463888,0.21501272264631044,59.073486337019375
"Abbeville County, South Carolina",24420.0,19.6,52935.0,15.7,4.0,82.2,45,001,45001,0.24013994910941475,0.6591921119592875,0.4150763358778626,0.828825962456252,0.807410941475827,59.012906017572874
"Boyle County, Kentucky",30941.0,20.9,61159.0,15.6,5.8,86.7,21,021,21021,0.37754452926208654,0.6544211195928753,0.7662213740458015,0.6267896913776647,0.5249681933842238,58.998898153253045
"Garfield County, Oklahoma",62146.0,25.9,66182.0,12.5,4.9,87.0,40,047,40047,0.9128498727735369,0.4443384223918575,0.6102099236641222,0.48170537702831695,0.500795165394402,58.997975225044705
"Grimes County, Texas",31340.0,22.4,69803.0,14.6,5.1,83.6,48,185,48185,0.576176844783715,0.5957379134860051,0.6507633587786259,0.3840279987273306,0.739821882951654,58.93055997454661
"Lewis County, Idaho",3682.0,21.9,51615.0,15.3,2.4,81.9,16,061,16061,0.5069974554707379,0.636291348600509,0.1294529262086514,0.8536430162265352,0.8191793893129771,58.911282716388214
"Knox County, Nebraska",8363.0,24.1,64636.0,13.7,3.6,83.1,31,107,31107,0.785941475826972,0.5357824427480916,0.32903944020356235,0.5278396436525612,0.7659033078880407,58.89012620638455
"Sanpete County, Utah",29719.0,24.0,70083.0,15.2,5.1,86.9,49,039,49039,0.7763994910941476,0.6291348600508906,0.6507633587786259,0.3795736557429208,0.5081106870229007,58.87964105378971
"Caldwell County, Kentucky",12618.0,22.9,59583.0,15.1,4.4,87.0,21,033,21033,0.6456743002544529,0.6237277353689568,0.4969783715012723,0.6729239580019091,0.500795165394402,58.801990610419864
"Baldwin County, Georgia",43642.0,18.4,54403.0,21.7,6.2,89.8,13,009,13009,0.15108142493638677,0.8950381679389313,0.8150445292620865,0.7979637289214127,0.280852417302799,58.799605367232324
"Cleburne County, Alabama",15426.0,22.0,55345.0,13.7,2.6,76.0,01,029,01029,0.5225826972010178,0.5357824427480916,0.15505725190839695,0.7791918549156857,0.9444974554707379,58.74223404487861
"Clinton County, Pennsylvania",37798.0,20.2,60816.0,14.8,5.6,84.9,42,035,42035,0.2969147582697201,0.6094147582697201,0.7399809160305344,0.6379255488386891,0.6521946564885497,58.728612757944276
"Henderson County, Illinois",6193.0,18.5,62227.0,13.9,7.8,84.0,17,071,17071,0.15696564885496184,0.5507315521628499,0.9201653944020356,0.5952911231307667,0.7132633587786259,58.728341546584794
"Lubbock County, Texas",318884.0,23.5,64155.0,17.1,4.9,89.2,48,303,48303,0.7240776081424937,0.7358460559796438,0.6102099236641222,0.5386573337575564,0.32649491094147587,58.70571664970584
"Massac County, Illinois",13865.0,21.3,65116.0,16.3,3.8,77.8,17,127,17127,0.42907124681933845,0.6930661577608143,0.37515903307888043,0.5163856188355075,0.9206424936386768,58.68649100266434
"Okanogan County, Washington",43425.0,21.6,63207.0,20.7,4.5,86.9,53,047,53047,0.46771628498727735,0.8695928753180662,0.5225826972010178,0.5642698059179128,0.5081106870229007,58.6454470089435
"Adams County, Indiana",36227.0,31.3,65289.0,11.2,2.8,78.4,18,001,18001,0.9872773536895675,0.33826335877862596,0.1830470737913486,0.5132039452752148,0.9090330788804071,58.61649620830327
"Wood County, West Virginia",83407.0,20.8,57810.0,14.7,5.4,86.6,54,107,54107,0.3638676844783715,0.6030534351145038,0.7083333333333334,0.7225580655424754,0.5322837150127226,58.601924669628126
"Miami County, Indiana",35712.0,20.8,61139.0,15.1,6.6,87.5,18,103,18103,0.3638676844783715,0.6237277353689568,0.8530534351145038,0.628380528157811,0.4584923664122137,58.550434990637136
"Hampshire County, West Virginia",23465.0,18.0,63116.0,13.1,9.0,82.7,54,027,54027,0.1313613231552163,0.4931615776081425,0.9513358778625954,0.567292395800191,0.7843511450381679,58.55004638928627
"Clay County, Alabama",14192.0,21.0,55250.0,17.6,2.4,80.4,01,027,01027,0.3885178117048346,0.7620865139949109,0.1294529262086514,0.7820553611199491,0.8652989821882952,58.54823190433282
"Pawnee County, Nebraska",2530.0,24.5,62188.0,13.5,2.2,79.9,31,133,31133,0.8228371501272265,0.5225826972010178,0.10607506361323155,0.5976773783009863,0.8772264631043257,58.52797504693575
"Palo Pinto County, Texas",29295.0,23.2,67674.0,16.7,6.1,89.8,48,363,48363,0.6871819338422391,0.7154898218829516,0.8072519083969466,0.4355711104040726,0.280852417302799,58.52694383658017
"Westmoreland County, Virginia",18826.0,17.9,63398.0,14.0,7.3,82.7,51,193,51193,0.12579516539440203,0.559001272264631,0.8975826972010178,0.5593382118994591,0.7843511450381679,58.521369835953564
"Hamilton County, Illinois",7916.0,21.9,65746.0,12.1,5.1,80.7,17,065,17065,0.5069974554707379,0.4128498727735369,0.6507633587786259,0.498250079541839,0.8563931297709924,58.50507792671464
"St. Clair County, Missouri",9587.0,21.3,53043.0,14.7,3.3,82.4,29,185,29185,0.42907124681933845,0.6030534351145038,0.2695610687022901,0.8245307031498568,0.7977099236641221,58.47852754900222
"St. Louis city, Missouri",288512.0,18.3,56160.0,20.6,5.0,86.8,29,510,29510,0.14567430025445294,0.8660941475826972,0.630884223918575,0.7632834871142221,0.5165394402035624,58.449511981470195
"Madison County, Georgia",31528.0,23.4,61963.0,17.2,3.9,87.4,13,195,13195,0.7115139949109415,0.7417302798982188,0.3969465648854962,0.6035634743875278,0.46660305343511455,58.40714735034598
"Mitchell County, Texas",9018.0,20.5,60550.0,13.8,5.3,84.0,48,335,48335,0.32840330788804073,0.5429389312977099,0.6868638676844784,0.6474705695195673,0.7132633587786259,58.37880070336844
"Milam County, Texas",25567.0,22.6,66141.0,12.9,5.0,83.9,48,331,48331,0.6057569974554707,0.4767811704834606,0.630884223918575,0.4836143811644925,0.7212150127226463,58.3650357148929
"Nye County, Nevada",54344.0,16.6,60714.0,14.1,8.1,84.0,32,023,32023,0.06615776081424936,0.5661577608142494,0.9303435114503816,0.6420617244670697,0.7132633587786259,58.35968232649152
"Lafourche Parish, Louisiana",96252.0,22.9,63135.0,17.0,4.2,86.7,22,057,22057,0.6456743002544529,0.7301208651399491,0.451176844783715,0.5660197263760738,0.5249681933842238,58.3591985987683
"Tate County, Mississippi",28321.0,22.3,69704.0,16.9,4.7,84.6,28,137,28137,0.5629770992366412,0.7255089058524173,0.5639312977099237,0.3873687559656379,0.6777989821882952,58.351700819058316
"Colfax County, New Mexico",12322.0,17.5,53554.0,18.2,3.8,81.3,35,007,35007,0.10241730279898219,0.7873727735368957,0.37515903307888043,0.8129175946547884,0.839058524173028,58.338504564851505
"Page County, Virginia",23727.0,19.6,57037.0,11.3,5.5,80.5,51,139,51139,0.24013994910941475,0.3473282442748092,0.7263040712468194,0.7400572701240853,0.8619592875318066,58.3157764457387
"Eastland County, Texas",18011.0,21.1,53549.0,16.2,4.7,87.6,48,133,48133,0.3991730279898219,0.686704834605598,0.5639312977099237,0.813553929366847,0.4516539440203562,58.30034067385095
"Allegany County, New York",47159.0,19.6,62869.0,16.2,7.1,86.7,36,003,36003,0.24013994910941475,0.686704834605598,0.8861323155216285,0.5762010817690105,0.5249681933842238,58.28292748779751
"Smyth County, Virginia",29420.0,19.3,49883.0,16.8,3.1,80.2,51,173,51173,0.21183206106870228,0.7205788804071247,0.22853053435114504,0.8829144129812281,0.869910941475827,58.275336605680536
"Fayette County, Ohio",28876.0,23.4,63275.0,15.5,3.7,85.1,39,047,39047,0.7115139949109415,0.6491730279898219,0.35225826972010177,0.562838052815781,0.6364503816793894,58.24467454232071
"Adams County, Washington",20800.0,34.7,66136.0,19.5,3.6,90.0,53,001,53001,0.9958651399491094,0.8349236641221374,0.32903944020356235,0.4842507158765511,0.2652671755725191,58.18692271447758
"Refugio County, Texas",6707.0,21.7,60181.0,14.6,4.5,84.9,48,391,48391,0.481234096692112,0.5957379134860051,0.5225826972010178,0.6563792554883869,0.6521946564885497,58.162572387121415
"Benton County, Missouri",20151.0,17.3,52567.0,19.9,3.8,83.3,29,015,29015,0.09239821882951654,0.8470101781170484,0.37515903307888043,0.8355074769328668,0.7566793893129771,58.13508592542578
"Nance County, Nebraska",3324.0,23.8,65179.0,16.6,3.6,85.7,31,125,31125,0.7574745547073791,0.7104007633587787,0.32903944020356235,0.5143175310213173,0.5949427480916031,58.1235007476528
"Milwaukee County, Wisconsin",926331.0,23.7,64435.0,17.2,4.8,89.6,55,079,55079,0.7477735368956743,0.7417302798982188,0.5873091603053435,0.532771237671015,0.2962786259541985,58.117256814489004
"Gogebic County, Michigan",14319.0,16.4,52732.0,14.4,6.5,85.9,26,053,26053,0.062340966921119595,0.5836513994910941,0.8447837150127226,0.832325803372574,0.5826972010178118,58.11598171630644
"Mecosta County, Michigan",41242.0,19.1,60951.0,19.9,4.0,82.0,26,107,26107,0.1944974554707379,0.8470101781170484,0.4150763358778626,0.6347438752783965,0.8144083969465649,58.11472483381219
"Jack County, Texas",8882.0,22.5,68079.0,13.0,9.6,87.8,48,237,48237,0.5912849872773537,0.48520992366412213,0.9651717557251909,0.42475342029907737,0.4379770992366412,58.087943724047705
"Wibaux County, Montana",1193.0,29.8,67462.0,15.8,1.7,83.3,30,109,30109,0.9748727735368957,0.6641221374045801,0.06615776081424936,0.4406617881005409,0.7566793893129771,58.04987698338486
"Henry County, Alabama",17647.0,20.4,59931.0,18.3,3.6,82.5,01,067,01067,0.31838422391857507,0.7930979643765903,0.32903944020356235,0.6652879414572065,0.7927798982188295,57.971789363495276
"Pettis County, Missouri",43397.0,25.1,60430.0,15.6,3.8,88.9,29,159,29159,0.8657760814249363,0.6544211195928753,0.37515903307888043,0.6512885777919186,0.3513040712468194,57.95897766270861
"Pulaski County, Georgia",9939.0,17.5,50406.0,16.5,3.2,73.9,13,235,13235,0.10241730279898219,0.7040394402035624,0.2506361323155216,0.874642061724467,0.9654898218829516,57.94449517850969
"Clark County, Ohio",135158.0,22.6,63132.0,15.2,6.7,90.4,39,023,39023,0.6057569974554707,0.6291348600508906,0.8608460559796438,0.5663378937321031,0.23505089058524176,57.942533956067
"Grant Parish, Louisiana",22095.0,20.9,64016.0,17.0,3.7,79.1,22,043,22043,0.37754452926208654,0.7301208651399491,0.35225826972010177,0.5424753420299078,0.8947201017811705,57.942382158664316
"Cleveland County, Arkansas",7453.0,21.4,54794.0,15.8,2.2,79.3,05,025,05025,0.4419529262086514,0.6641221374045801,0.10607506361323155,0.7909640470887687,0.8912213740458015,57.88671096722066
"Brantley County, Georgia",18315.0,20.9,58239.0,17.1,2.8,79.6,13,025,13025,0.37754452926208654,0.7358460559796438,0.1830470737913486,0.7126948775055679,0.8848600508905853,57.879851748584635
"Calhoun County, Michigan",133778.0,22.9,63177.0,13.9,6.4,89.6,26,025,26025,0.6456743002544529,0.5507315521628499,0.8358778625954199,0.5647470569519567,0.2962786259541985,57.86618795837756
"Bourbon County, Kentucky",20240.0,22.8,61354.0,14.2,4.2,85.4,21,017,21017,0.6332697201017812,0.5722010178117048,0.451176844783715,0.6194718421889914,0.614821882951654,57.81882615675693
"Weakley County, Tennessee",33016.0,19.0,51880.0,19.0,4.0,85.3,47,183,47183,0.1871819338422392,0.8169529262086515,0.4150763358778626,0.8491886732421253,0.6207061068702291,57.78211952082215
"Red River County, Texas",11611.0,20.3,48491.0,15.6,2.0,77.3,48,387,48387,0.3080470737913486,0.6544211195928753,0.08889949109414758,0.9083678014635699,0.9277989821882952,57.750689362604724
"Allen County, Ohio",101348.0,23.5,64038.0,13.3,5.7,88.8,39,003,39003,0.7240776081424937,0.5092239185750637,0.7528625954198473,0.5413617562838053,0.3597328244274809,57.74517405697382
"Wilkes County, North Carolina",65935.0,20.0,51721.0,16.7,5.0,88.1,37,193,37193,0.27512722646310434,0.7154898218829516,0.630884223918575,0.8517340120903596,0.41364503816793896,57.73760645045859
"Custer County, Oklahoma",28259.0,24.9,59738.0,16.4,4.2,90.7,40,039,40039,0.8524173027989822,0.6983142493638677,0.451176844783715,0.6697422844416163,0.21501272264631044,57.73326808068984
"Aroostook County, Maine",67058.0,18.7,56700.0,14.4,5.3,84.3,23,003,23003,0.169529262086514,0.5836513994910941,0.6868638676844784,0.7505567928730512,0.6957697201017812,57.727420844738376
"Jasper County, Missouri",124357.0,24.6,60694.0,17.0,3.6,88.9,29,097,29097,0.8322201017811705,0.7301208651399491,0.32903944020356235,0.6426980591791283,0.3513040712468194,57.70765075101259
"Dakota County, Nebraska",21354.0,29.5,70329.0,11.5,4.8,85.8,31,043,31043,0.9724872773536896,0.3614821882951654,0.5873091603053435,0.3741648106904232,0.5885814249363868,57.680497231620166
"St. Francois County, Missouri",66999.0,20.9,57477.0,15.9,4.5,85.9,29,187,29187,0.37754452926208654,0.6692111959287532,0.5225826972010178,0.7314667515112949,0.5826972010178118,57.67004749841929
"Lincoln County, Montana",21175.0,18.1,47143.0,15.4,5.1,86.6,30,053,30053,0.1364503816793893,0.6432888040712468,0.6507633587786259,0.9201399936366529,0.5322837150127226,57.65852506357275
"Glascock County, Georgia",2932.0,22.5,54934.0,12.6,1.6,66.0,13,125,13125,0.5912849872773537,0.45133587786259544,0.059955470737913484,0.7885777919185492,0.9917302798982188,57.657688153892614
"Hardin County, Kentucky",111942.0,24.7,67647.0,13.1,6.6,90.1,21,093,21093,0.8396946564885496,0.4931615776081425,0.8530534351145038,0.43684377982818967,0.2574745547073791,57.604560074935286
"Upshur County, Texas",42567.0,23.8,66208.0,12.4,5.8,87.8,48,459,48459,0.7574745547073791,0.4378180661577608,0.7662213740458015,0.4799554565701559,0.4379770992366412,57.58893101435477
"Sullivan County, Missouri",5857.0,22.3,56964.0,13.7,2.5,79.0,29,211,29211,0.5629770992366412,0.5357824427480916,0.1410623409669211,0.7416481069042316,0.8966284987277353,57.56196977167243
"Eddy County, New Mexico",61105.0,25.8,78426.0,13.8,5.5,87.1,35,015,35015,0.9085559796437659,0.5429389312977099,0.7263040712468194,0.20744511613108496,0.4925254452926209,57.55539087224003
"Tripp County, South Dakota",5611.0,23.2,58987.0,18.4,1.8,85.2,46,123,46123,0.6871819338422391,0.7981870229007634,0.07410941475826972,0.6904231625835189,0.6273854961832062,57.54574060535994
"Mackinac County, Michigan",10957.0,15.0,63909.0,16.1,8.0,84.4,26,097,26097,0.03244274809160305,0.6808206106870229,0.9263676844783715,0.5459751829462297,0.6900445292620865,57.513015109306274
"Karnes County, Texas",14968.0,19.4,60214.0,19.1,2.9,70.6,48,255,48255,0.22264631043256997,0.8209287531806616,0.19545165394402036,0.6547884187082406,0.9812340966921119,57.500984659152074
"Colbert County, Alabama",58022.0,21.3,60628.0,17.4,3.1,81.9,01,033,01033,0.42907124681933845,0.7528625954198473,0.22853053435114504,0.6449252306713331,0.8191793893129771,57.49137993149282
"Peach County, Georgia",28560.0,21.3,71293.0,17.3,6.6,87.1,13,225,13225,0.42907124681933845,0.7476145038167938,0.8530534351145038,0.35125676105631565,0.4925254452926209,57.47042784199146
"Muskegon County, Michigan",175961.0,22.5,65024.0,14.1,6.4,88.8,26,121,26121,0.5912849872773537,0.5661577608142494,0.8358778625954199,0.5186127903277125,0.3597328244274809,57.43332450884433
"Alleghany County, North Carolina",11174.0,16.4,47172.0,16.0,3.7,80.5,37,005,37005,0.062340966921119595,0.6749363867684478,0.35225826972010177,0.9198218262806236,0.8619592875318066,57.42633474444199
"Pocahontas County, Iowa",7046.0,23.3,61875.0,10.3,5.4,85.9,19,151,19151,0.6999045801526718,0.2732188295165394,0.7083333333333334,0.606586064269806,0.5826972010178118,57.41480016580325
"Harris County, Texas",4838303.0,25.9,74983.0,16.3,6.7,92.1,48,201,48201,0.9128498727735369,0.6930661577608143,0.8608460559796438,0.2675787464206173,0.13613231552162852,57.40946296912482
"Rockland County, New York",341883.0,29.7,109959.0,16.2,5.6,87.8,36,087,36087,0.9737595419847328,0.686704834605598,0.7399809160305344,0.031180400890868598,0.4379770992366412,57.392055854967495
"King and Queen County, Virginia",6695.0,17.4,70469.0,17.9,5.2,74.5,51,097,51097,0.09637404580152671,0.7741730279898219,0.6680979643765903,0.37034680241807194,0.9594465648854962,57.36876810943015
"Marshall County, Alabama",99748.0,26.0,62571.0,16.6,3.9,90.1,01,095,01095,0.9168256997455471,0.7104007633587787,0.3969465648854962,0.5854279350938594,0.2574745547073791,57.341510355821214
"Tyrrell County, North Carolina",3423.0,16.2,41685.0,18.7,2.8,80.9,37,177,37177,0.0580470737913486,0.8074109414758269,0.1830470737913486,0.9678650970410436,0.8506679389312977,57.340762500617316
"Johnson County, Tennessee",18196.0,16.7,53129.0,21.4,3.2,81.4,47,091,47091,0.06965648854961833,0.8866094147582697,0.2506361323155216,0.823098950047725,0.8355597964376591,57.31121564217588
"Neosho County, Kansas",15656.0,23.9,56618.0,13.1,3.2,85.6,20,133,20133,0.767175572519084,0.4931615776081425,0.2506361323155216,0.7524657970092269,0.6014631043256997,57.29804367555349
"Tuscarawas County, Ohio",92385.0,23.2,65044.0,13.4,4.5,85.3,39,157,39157,0.6871819338422391,0.5157442748091603,0.5225826972010178,0.5179764556156539,0.6207061068702291,57.283829366766014
"Trimble County, Kentucky",8550.0,21.2,66027.0,13.3,6.2,85.1,21,223,21223,0.41412213740458015,0.5092239185750637,0.8150445292620865,0.4890232262169901,0.6364503816793894,57.2772838627622
"Buchanan County, Missouri",83568.0,22.3,62158.0,16.0,4.2,86.0,29,021,29021,0.5629770992366412,0.6749363867684478,0.451176844783715,0.5987909640470888,0.5752226463104326,57.2620788229265
"Republic County, Kansas",4646.0,24.5,56833.0,10.6,1.8,77.5,20,157,20157,0.8228371501272265,0.29421119592875317,0.07410941475826972,0.7457842825326122,0.924618320610687,57.231207279150965
"Baraga County, Michigan",8191.0,17.0,55327.0,15.2,5.1,83.9,26,013,26013,0.08015267175572519,0.6291348600508906,0.6507633587786259,0.7801463569837734,0.7212150127226463,57.228245205833225
"Pulaski County, Arkansas",399818.0,23.3,62873.0,16.7,4.7,89.5,05,119,05119,0.6999045801526718,0.7154898218829516,0.5639312977099237,0.5758829144129812,0.3050254452926209,57.20468118902298
"Wayne County, Iowa",6532.0,25.9,61964.0,10.1,2.9,79.4,19,185,19185,0.9128498727735369,0.25842875318066155,0.19545165394402036,0.6032453070314986,0.8891539440203562,57.18259061900147
"Belmont County, Ohio",65473.0,18.7,57017.0,15.8,5.4,86.0,39,013,39013,0.169529262086514,0.6641221374045801,0.7083333333333334,0.7406936048361439,0.5752226463104326,57.15801967942008
"Garrard County, Kentucky",17568.0,21.6,63087.0,15.9,5.1,87.0,21,079,21079,0.46771628498727735,0.6692111959287532,0.6507633587786259,0.5682468978682786,0.500795165394402,57.134658059146744
"Lafayette County, Florida",8161.0,17.3,62757.0,17.5,10.9,87.7,12,067,12067,0.09239821882951654,0.7574745547073791,0.9812340966921119,0.5803372573973911,0.44513358778625955,57.131554308253165
"Highlands County, Florida",105702.0,16.7,54897.0,15.3,6.4,86.7,12,055,12055,0.06965648854961833,0.636291348600509,0.8358778625954199,0.7893732103086224,0.5249681933842238,57.123342068767855
"Knox County, Texas",3307.0,26.0,56667.0,15.7,1.3,87.2,48,275,48275,0.9168256997455471,0.6591921119592875,0.04373409669211196,0.7515112949411391,0.4848918575063613,57.12310121688894
"Crowley County, Colorado",5647.0,13.0,48826.0,19.4,3.9,84.0,08,025,08025,0.011450381679389313,0.8314249363867684,0.3969465648854962,0.9029589564110723,0.7132633587786259,57.12088396282704
"Todd County, Minnesota",25575.0,24.6,67662.0,11.5,4.1,82.5,27,153,27153,0.8322201017811705,0.3614821882951654,0.43209287531806617,0.4365256124721604,0.7927798982188295,57.10201352170784
"Grayson County, Virginia",15287.0,16.2,47730.0,16.5,3.6,81.1,51,077,51077,0.0580470737913486,0.7040394402035624,0.32903944020356235,0.916640152720331,0.8455788804071247,57.06689974651857
"Taos County, New Mexico",34543.0,15.6,58950.0,15.5,7.6,86.3,35,055,35055,0.04341603053435115,0.6491730279898219,0.9126908396946565,0.6913776646516068,0.5555025445292621,57.043202147993966
"Brown County, Texas",38347.0,20.4,57470.0,15.3,5.3,87.3,48,049,48049,0.31838422391857507,0.636291348600509,0.6868638676844784,0.7321030862233535,0.476940203562341,57.01165459978513
"Bracken County, Kentucky",8444.0,23.1,66319.0,19.5,4.8,89.8,21,023,21023,0.6720737913486005,0.8349236641221374,0.5873091603053435,0.47406936048361437,0.280852417302799,56.984567871249894
"Delaware County, Indiana",112280.0,18.1,58127.0,19.6,5.8,88.4,18,035,18035,0.1364503816793893,0.8385814249363868,0.7662213740458015,0.71619471842189,0.39153944020356235,56.979746785740595
"Chemung County, New York",82147.0,20.9,63716.0,16.3,6.1,88.0,36,015,36015,0.37754452926208654,0.6930661577608143,0.8072519083969466,0.549793191218581,0.4212786259541985,56.978688251852546
"Richland County, Ohio",125099.0,21.8,59509.0,13.8,5.4,87.9,39,139,39139,0.49300254452926207,0.5429389312977099,0.7083333333333334,0.6748329621380846,0.42970737913486,56.976303008665
"Crawford County, Pennsylvania",82716.0,20.6,60476.0,14.3,5.0,85.0,42,039,42039,0.34001272264631044,0.5777671755725191,0.630884223918575,0.6503340757238307,0.6447201017811706,56.87436599284812
"Jones County, Texas",20304.0,16.9,59464.0,14.1,5.5,82.4,48,253,48253,0.07569974554707379,0.5661577608142494,0.7263040712468194,0.676423798918231,0.7977099236641221,56.84590600380991
"Swift County, Minnesota",9748.0,22.5,60412.0,12.0,4.4,84.3,27,151,27151,0.5912849872773537,0.4053753180661578,0.4969783715012723,0.6519249125039771,0.6957697201017812,56.826666189010844
"Madison County, Nebraska",35532.0,25.3,63128.0,13.1,3.0,84.4,31,119,31119,0.8813613231552163,0.4931615776081425,0.209764631043257,0.5666560610881324,0.6900445292620865,56.81976244313669
"Fisher County, Texas",3655.0,22.7,65533.0,13.7,4.7,85.4,48,151,48151,0.6194338422391857,0.5357824427480916,0.5639312977099237,0.505249761374483,0.614821882951654,56.78438454046677
"Clearfield County, Pennsylvania",78635.0,18.2,62152.0,14.6,5.9,83.9,42,033,42033,0.1407442748091603,0.5957379134860051,0.7818066157760815,0.5994272987591474,0.7212150127226463,56.77862231106082
"Haralson County, Georgia",31285.0,23.7,72127.0,15.4,4.4,85.3,13,143,13143,0.7477735368956743,0.6432888040712468,0.4969783715012723,0.3299395482023545,0.6207061068702291,56.77372735081555
"Keokuk County, Iowa",9924.0,22.4,62329.0,12.1,4.5,83.8,19,107,19107,0.576176844783715,0.4128498727735369,0.5225826972010178,0.5927457842825326,0.727735368956743,56.641811359950914
"La Salle County, Texas",6839.0,21.9,57716.0,21.4,1.8,85.1,48,283,48283,0.5069974554707379,0.8866094147582697,0.07410941475826972,0.7273305758829144,0.6364503816793894,56.62994485099162
"Schoolcraft County, Michigan",8128.0,17.7,56782.0,14.1,6.2,85.8,26,153,26153,0.11418575063613232,0.5661577608142494,0.8150445292620865,0.7470569519567292,0.5885814249363868,56.62052835211169
"Monroe County, Tennessee",47695.0,20.5,56895.0,15.5,4.3,85.1,47,123,47123,0.32840330788804073,0.6491730279898219,0.4720101781170484,0.743238943684378,0.6364503816793894,56.585516787173574
"Crawford County, Iowa",16277.0,25.5,67027.0,14.8,3.8,87.1,19,047,19047,0.8950381679389313,0.6094147582697201,0.37515903307888043,0.45625198854597515,0.4925254452926209,56.56778786252256
"Richland County, South Carolina",422117.0,21.6,63784.0,17.2,6.4,90.4,45,079,45079,0.46771628498727735,0.7417302798982188,0.8358778625954199,0.5477251034043907,0.23505089058524176,56.56200842941097
"Wayne County, West Virginia",38164.0,20.4,58878.0,14.6,4.9,85.5,54,099,54099,0.31838422391857507,0.5957379134860051,0.6102099236641222,0.6939230034998409,0.6079834605597965,56.5247705025668
"Power County, Idaho",8133.0,29.8,61146.0,9.5,5.6,90.0,16,077,16077,0.9748727735368957,0.21755725190839695,0.7399809160305344,0.6280623608017817,0.2652671755725191,56.514809557002565
"Union County, Iowa",11993.0,22.5,57772.0,12.4,4.0,84.9,19,175,19175,0.5912849872773537,0.4378180661577608,0.4150763358778626,0.7251034043907095,0.6521946564885497,56.42954900384473
"McCormick County, South Carolina",9760.0,10.2,55798.0,17.6,4.4,82.6,45,065,45065,0.0031806615776081423,0.7620865139949109,0.4969783715012723,0.7694877505567929,0.7883269720101781,56.40120539281524
"Lincoln County, Georgia",7854.0,18.7,56907.0,17.0,2.8,64.5,13,181,13181,0.169529262086514,0.7301208651399491,0.1830470737913486,0.7429207763283487,0.9937977099236641,56.38831374539649
"Jackson County, Mississippi",145249.0,22.9,66201.0,13.8,6.7,89.7,28,059,28059,0.6456743002544529,0.5429389312977099,0.8608460559796438,0.48043270760419976,0.2892811704834606,56.383463312389345
"Ellis County, Oklahoma",3683.0,22.1,61016.0,13.0,5.3,87.3,40,045,40045,0.5361005089058524,0.48520992366412213,0.6868638676844784,0.63315303849825,0.476940203562341,56.36535084630088
"Montgomery County, Kentucky",28395.0,23.2,56396.0,15.4,4.0,89.4,21,173,21173,0.6871819338422391,0.6432888040712468,0.4150763358778626,0.7581928094177537,0.3129770992366412,56.33433964891486
"Highland County, Ohio",43517.0,23.9,65785.0,14.1,3.1,83.4,39,071,39071,0.767175572519084,0.5661577608142494,0.22853053435114504,0.4979319121858098,0.7509541984732824,56.21499956687141
"Doddridge County, West Virginia",7711.0,14.7,57401.0,14.8,5.7,84.4,54,017,54017,0.025763358778625955,0.6094147582697201,0.7528625954198473,0.7324212535793828,0.6900445292620865,56.21012990619325
"Martin County, Minnesota",19780.0,22.8,59507.0,13.1,4.2,86.3,27,091,27091,0.6332697201017812,0.4931615776081425,0.451176844783715,0.6751511294941139,0.5555025445292621,56.16523633034029
"Sioux County, Nebraska",1171.0,20.9,53929.0,14.9,1.8,77.1,31,165,31165,0.37754452926208654,0.6146628498727735,0.07410941475826972,0.8071905822462615,0.9298664122137404,56.06747576706263
"Pratt County, Kansas",9127.0,24.7,66022.0,12.3,3.6,84.0,20,151,20151,0.8396946564885496,0.43018447837150126,0.32903944020356235,0.4896595609290487,0.7132633587786259,56.036829895425754
"Allegany County, Maryland",67452.0,17.8,59603.0,16.9,5.0,84.9,24,001,24001,0.1203880407124682,0.7255089058524173,0.630884223918575,0.6726057906458798,0.6521946564885497,56.031632352357796
"Lafayette Parish, Louisiana",247997.0,24.2,67451.0,17.1,5.1,91.3,22,055,22055,0.7946882951653944,0.7358460559796438,0.6507633587786259,0.4412981228125994,0.17843511450381677,56.020618944801605
"Howard County, Indiana",83752.0,22.8,64027.0,13.4,5.8,89.0,18,067,18067,0.6332697201017812,0.5157442748091603,0.7662213740458015,0.5421571746738785,0.34319338422391854,56.011718557090795
"Perry County, Indiana",19270.0,20.6,61151.0,15.0,4.5,84.4,18,123,18123,0.34001272264631044,0.6192748091603053,0.5225826972010178,0.6277441934457524,0.6900445292620865,55.99317903430945
"Washington County, Kentucky",12140.0,22.9,61616.0,12.7,3.4,82.5,21,229,21229,0.6456743002544529,0.4599236641221374,0.2876908396946565,0.6127903277123767,0.7927798982188295,55.97718060004906
"Steuben County, New York",92588.0,21.5,65887.0,13.8,6.0,86.9,36,101,36101,0.4541984732824427,0.5429389312977099,0.7969147582697201,0.49379573655742925,0.5081106870229007,55.919171728604056
"Ramsey County, North Dakota",11556.0,23.2,61006.0,15.2,1.2,82.2,38,071,38071,0.6871819338422391,0.6291348600508906,0.038326972010178116,0.6337893732103086,0.807410941475827,55.916881611788874
"Howard County, Texas",32290.0,22.6,69649.0,13.8,5.4,86.4,48,227,48227,0.6057569974554707,0.5429389312977099,0.7083333333333334,0.38880050906776964,0.5483460559796438,55.88351654267856
"Rusk County, Wisconsin",14179.0,20.0,59944.0,13.1,5.4,84.9,55,107,55107,0.27512722646310434,0.4931615776081425,0.7083333333333334,0.6643334393891187,0.6521946564885497,55.863004665644965
"Gibson County, Tennessee",50869.0,24.3,62755.0,13.7,5.0,90.3,47,053,47053,0.8034351145038168,0.5357824427480916,0.630884223918575,0.5806554247534204,0.2420483460559797,55.856111039597664
"Saline County, Missouri",23231.0,22.0,57931.0,16.4,3.2,85.6,29,195,29195,0.5225826972010178,0.6983142493638677,0.2506361323155216,0.7196945593382119,0.6014631043256997,55.85381485088637
"Chouteau County, Montana",5906.0,22.3,58218.0,11.2,3.2,77.4,30,015,30015,0.5629770992366412,0.33826335877862596,0.2506361323155216,0.713967546929685,0.9262086513994912,55.8410557731993
"Hot Spring County, Arkansas",33180.0,19.7,55405.0,15.1,3.7,82.6,05,059,05059,0.24920483460559797,0.6237277353689568,0.35225826972010177,0.7769646834234807,0.7883269720101781,55.80964990256631
"Wilkin County, Minnesota",6371.0,22.7,71410.0,14.1,4.8,84.7,27,167,27167,0.6194338422391857,0.5661577608142494,0.5873091603053435,0.3474387527839644,0.6696882951653944,55.80055622616275
"Lawrence County, Ohio",56819.0,21.6,58325.0,17.7,2.7,84.7,39,087,39087,0.46771628498727735,0.7660623409669212,0.17032442748091603,0.71174037543748,0.6696882951653944,55.71063448075979
"Clay County, South Dakota",15219.0,17.4,56850.0,19.7,7.0,90.6,46,027,46027,0.09637404580152671,0.8411259541984732,0.8804071246819338,0.7448297804645243,0.2221692111959288,55.698122326847745
"Anderson County, Texas",58439.0,19.2,62068.0,17.4,6.0,87.9,48,001,48001,0.20244910941475827,0.7528625954198473,0.7969147582697201,0.6019726376073815,0.42970737913486,55.67812959693135
"Mifflin County, Pennsylvania",46041.0,22.6,63953.0,16.2,2.7,82.9,42,087,42087,0.6057569974554707,0.686704834605598,0.17032442748091603,0.5443843461660833,0.7756043256997456,55.65549862815627
"Vermillion County, Indiana",15421.0,21.5,60200.0,15.3,4.6,87.1,18,165,18165,0.4541984732824427,0.636291348600509,0.5437340966921119,0.6557429207763283,0.4925254452926209,55.64984569288025
"Haskell County, Kansas",3641.0,26.9,66162.0,11.2,3.6,84.4,20,081,20081,0.9408396946564885,0.33826335877862596,0.32903944020356235,0.4832962138084632,0.6900445292620865,55.62966473418454
"Nash County, North Carolina",96216.0,22.0,62426.0,11.8,4.9,84.7,37,127,37127,0.5225826972010178,0.38915394402035625,0.6102099236641222,0.5895641107222399,0.6696882951653944,55.62397941546262
"Sawyer County, Wisconsin",18476.0,17.4,60801.0,15.6,6.0,85.7,55,113,55113,0.09637404580152671,0.6544211195928753,0.7969147582697201,0.6382437161947184,0.5949427480916031,55.617927759008865
"Kings County, New York",2631580.0,22.2,80263.0,19.1,7.9,89.5,36,047,36047,0.5494592875318066,0.8209287531806616,0.9227099236641222,0.18262806236080176,0.3050254452926209,55.61502944060026
"Morgan County, Kentucky",14053.0,20.1,47913.0,17.1,3.1,85.4,21,175,21175,0.2857824427480916,0.7358460559796438,0.22853053435114504,0.914412981228126,0.614821882951654,55.58787794517321
"Delta County, Texas",5438.0,24.1,66575.0,11.4,4.3,84.2,48,119,48119,0.785941475826972,0.3549618320610687,0.4720101781170484,0.4648425071587655,0.7013358778625954,55.581837420529
"Jefferson County, New York",115040.0,24.0,66301.0,13.7,5.9,90.8,36,045,36045,0.7763994910941476,0.5357824427480916,0.7818066157760815,0.47566019726376074,0.208969465648855,55.57236425061873
"Jefferson County, Ohio",64518.0,19.4,59055.0,16.5,5.0,86.6,39,081,39081,0.22264631043256997,0.7040394402035624,0.630884223918575,0.6885141584473433,0.5322837150127226,55.56735696029547
"Missaukee County, Michigan",15207.0,22.2,66194.0,11.3,6.7,86.5,26,113,26113,0.5494592875318066,0.3473282442748092,0.8608460559796438,0.48075087496022906,0.5399173027989822,55.56603531090942
"Umatilla County, Oregon",79940.0,24.6,67728.0,11.8,5.0,87.1,41,059,41059,0.8322201017811705,0.38915394402035625,0.630884223918575,0.4333439389118676,0.4925254452926209,55.5625530784918
"Alamosa County, Colorado",16581.0,23.8,55397.0,17.2,3.7,91.8,08,003,08003,0.7574745547073791,0.7417302798982188,0.35225826972010177,0.77728285077951,0.14901399491094147,55.55519900032302
"Yuba County, California",84507.0,27.2,76373.0,14.2,6.8,91.8,06,115,06115,0.946882951653944,0.5722010178117048,0.8683206106870229,0.24021635380209994,0.14901399491094147,55.53269857731426
"Fayette County, Indiana",23334.0,22.0,59321.0,17.9,3.4,86.9,18,041,18041,0.5225826972010178,0.7741730279898219,0.2876908396946565,0.6826280623608018,0.5081106870229007,55.50370628538397
"Houghton County, Michigan",37693.0,19.8,58899.0,16.5,5.7,88.7,26,061,26061,0.25699745547073793,0.7040394402035624,0.7528625954198473,0.6932866687877823,0.3676844783715013,55.49741276506863
"Person County, North Carolina",39542.0,20.6,63300.0,17.5,5.6,88.6,37,145,37145,0.34001272264631044,0.7574745547073791,0.7399809160305344,0.5625198854597518,0.37468193384223913,55.4934002537243
"Gooding County, Idaho",15931.0,26.4,63559.0,13.0,3.8,87.9,16,047,16047,0.9282760814249363,0.48520992366412213,0.37515903307888043,0.5548838689150493,0.42970737913486,55.46472572435697
"Hardin County, Texas",57642.0,24.7,75808.0,12.1,5.4,86.2,48,199,48199,0.8396946564885496,0.4128498727735369,0.7083333333333334,0.25039770919503657,0.5618638676844784,55.462788789498696
"Gallatin County, Kentucky",8769.0,23.0,63346.0,13.8,4.6,87.4,21,077,21077,0.6577608142493638,0.5429389312977099,0.5437340966921119,0.5612472160356348,0.46660305343511455,55.4456822341987
"St. Lawrence County, New York",107226.0,19.9,62850.0,16.9,5.3,86.8,36,089,36089,0.2655852417302799,0.7255089058524173,0.6868638676844784,0.5771555838370983,0.5165394402035624,55.43306078615673
"Carroll County, Georgia",124569.0,23.8,73714.0,15.4,5.9,89.7,13,045,13045,0.7574745547073791,0.6432888040712468,0.7818066157760815,0.297804645243398,0.2892811704834606,55.39311580563131
"St. Joseph County, Michigan",60969.0,24.3,66425.0,11.4,5.9,88.8,26,149,26149,0.8034351145038168,0.3549618320610687,0.7818066157760815,0.46929685014317535,0.3597328244274809,55.38466473823247
"McLennan County, Texas",266067.0,24.0,66643.0,16.6,4.5,89.6,48,309,48309,0.7763994910941476,0.7104007633587787,0.5225826972010178,0.46325167037861914,0.2962786259541985,55.37826495973525
"Wythe County, Virginia",28188.0,19.4,57745.0,15.2,4.0,82.9,51,197,51197,0.22264631043256997,0.6291348600508906,0.4150763358778626,0.7263760738148266,0.7756043256997456,55.37675811751791
"Graham County, North Carolina",8072.0,19.1,49684.0,6.7,7.0,83.4,37,075,37075,0.1944974554707379,0.055820610687022904,0.8804071246819338,0.8864142538975501,0.7509541984732824,55.36187286421054
"Pecos County, Texas",14896.0,23.9,72750.0,21.6,2.6,85.1,48,371,48371,0.767175572519084,0.8926526717557252,0.15505725190839695,0.31514476614699327,0.6364503816793894,55.32961288019178
"Cherokee County, Alabama",25443.0,18.6,53863.0,14.8,3.9,82.6,01,019,01019,0.16316793893129772,0.6094147582697201,0.3969465648854962,0.8084632516703786,0.7883269720101781,55.32638971534142
"Greenwood County, Kansas",5919.0,21.5,60042.0,13.9,3.4,82.1,20,073,20073,0.4541984732824427,0.5507315521628499,0.2876908396946565,0.6609926821508113,0.8112277353689568,55.29682565319435
"Humboldt County, California",134541.0,18.8,61160.0,18.7,9.0,90.9,06,023,06023,0.17573155216284989,0.8074109414758269,0.9513358778625954,0.6264715240216354,0.20308524173027986,55.280702745063756
"Gregg County, Texas",125480.0,25.7,66550.0,16.1,3.6,88.5,48,183,48183,0.9044211195928753,0.6808206106870229,0.32903944020356235,0.465478841870824,0.3834287531806616,55.263775310698925
"Prairie County, Arkansas",8064.0,20.6,51646.0,11.8,3.0,72.8,05,117,05117,0.34001272264631044,0.38915394402035625,0.209764631043257,0.8526885141584474,0.9713740458015268,55.25987715339795
"Newaygo County, Michigan",50792.0,21.9,63304.0,12.8,4.4,83.8,26,123,26123,0.5069974554707379,0.46803435114503816,0.4969783715012723,0.5622017181037225,0.727735368956743,55.23894530355028
"Presque Isle County, Michigan",13209.0,15.4,59321.0,14.0,6.5,85.1,26,141,26141,0.03864503816793893,0.559001272264631,0.8447837150127226,0.6826280623608018,0.6364503816793894,55.23016938970968
"Sutter County, California",98857.0,25.2,79704.0,14.4,7.2,90.6,06,101,06101,0.8737277353689568,0.5836513994910941,0.8916984732824428,0.1901049952274897,0.2221692111959288,55.22703629131824
"Franklin County, Kentucky",51842.0,21.0,65298.0,13.6,5.9,86.4,21,073,21073,0.3885178117048346,0.5291030534351145,0.7818066157760815,0.5128857779191855,0.5483460559796438,55.2131862962972
"Oklahoma County, Oklahoma",806199.0,25.3,66679.0,16.0,4.8,91.7,40,109,40109,0.8813613231552163,0.6749363867684478,0.5873091603053435,0.46261533566656066,0.15362595419847325,55.196963201880834
"Austin County, Texas",31170.0,23.4,75789.0,12.0,4.3,77.9,48,015,48015,0.7115139949109415,0.4053753180661578,0.4720101781170484,0.25103404390709516,0.9188931297709924,55.1765332954447
"Caroline County, Maryland",33669.0,23.9,68457.0,12.2,5.7,88.3,24,011,24011,0.767175572519084,0.4211195928753181,0.7528625954198473,0.4148902322621699,0.3986959287531806,55.094878436592
"Jackson County, Alabama",53053.0,20.8,51908.0,17.3,4.5,89.9,01,071,01071,0.3638676844783715,0.7476145038167938,0.5225826972010178,0.8472796691059498,0.2725826972010178,55.07854503606301
"Pulaski County, Missouri",53894.0,21.9,64466.0,12.7,4.7,84.4,29,169,29169,0.5069974554707379,0.4599236641221374,0.5639312977099237,0.532293986636971,0.6900445292620865,55.06381866403712
"Vernon County, Wisconsin",31049.0,26.0,71893.0,13.1,2.5,80.4,55,123,55123,0.9168256997455471,0.4931615776081425,0.1410623409669211,0.3356665606108813,0.8652989821882952,55.040303222395735
"Tulsa County, Oklahoma",680794.0,25.1,69009.0,14.7,5.4,91.4,40,143,40143,0.8657760814249363,0.6030534351145038,0.7083333333333334,0.4027998727330576,0.1717557251908397,55.034368955933424
"Sullivan County, Indiana",20780.0,18.8,56204.0,13.9,4.4,83.1,18,153,18153,0.17573155216284989,0.5507315521628499,0.4969783715012723,0.762010817690105,0.7659033078880407,55.02711202810235
"Wright County, Iowa",12791.0,26.0,67190.0,16.8,1.8,85.8,19,197,19197,0.9168256997455471,0.7205788804071247,0.07410941475826972,0.44988864142538976,0.5885814249363868,54.99968122545435
"Costilla County, Colorado",3607.0,18.6,36861.0,21.0,3.5,88.1,08,023,08023,0.16316793893129772,0.8781806615776081,0.307410941475827,0.9869551384027999,0.41364503816793896,54.98719437110944
"Broome County, New York",197378.0,19.1,62616.0,18.5,7.1,89.8,36,007,36007,0.1944974554707379,0.8016857506361323,0.8861323155216285,0.5844734330257715,0.280852417302799,54.95282743914138
"Marion County, Indiana",975809.0,25.0,66346.0,15.3,5.0,91.8,18,097,18097,0.8584605597964376,0.636291348600509,0.630884223918575,0.472478523703468,0.14901399491094147,54.94257301859861
"Prairie County, Montana",1250.0,17.0,51250.0,20.6,0.9,78.2,30,079,30079,0.08015267175572519,0.8660941475826972,0.02608142493638677,0.8601654470251352,0.9131679389312977,54.91323260462484
"Murray County, Georgia",40562.0,23.5,69253.0,14.4,4.5,86.8,13,213,13213,0.7240776081424937,0.5836513994910941,0.5225826972010178,0.3983455297486478,0.5165394402035624,54.90393349573631
"Henderson County, Texas",84862.0,21.4,65179.0,14.7,4.9,86.0,48,213,48213,0.4419529262086514,0.6030534351145038,0.6102099236641222,0.5143175310213173,0.5752226463104326,54.89512924638055
"Wayne County, Tennessee",16168.0,16.5,52294.0,20.0,3.4,84.2,47,181,47181,0.06393129770992366,0.8498727735368957,0.2876908396946565,0.8409163219853644,0.7013358778625954,54.8749422157887
"Chester County, Tennessee",17611.0,21.7,59341.0,16.1,4.1,87.4,47,023,47023,0.481234096692112,0.6808206106870229,0.43209287531806617,0.6818326439707286,0.46660305343511455,54.8516656020609
"Burleson County, Texas",18857.0,21.9,70000.0,12.7,5.0,83.2,48,051,48051,0.5069974554707379,0.4599236641221374,0.630884223918575,0.381641743557111,0.7616094147582697,54.82113003653662
"McDowell County, North Carolina",44817.0,19.4,57168.0,14.8,4.1,83.6,37,111,37111,0.22264631043256997,0.6094147582697201,0.43209287531806617,0.7365574292077632,0.739821882951654,54.81066512359547
"Hancock County, West Virginia",28431.0,18.4,61466.0,14.5,8.4,87.7,54,029,54029,0.15108142493638677,0.5892175572519084,0.9387722646310432,0.6156538339166402,0.44513358778625955,54.79717337044476
"Stoddard County, Missouri",28470.0,22.1,57957.0,15.1,3.7,86.9,29,207,29207,0.5361005089058524,0.6237277353689568,0.35225826972010177,0.7184218899140948,0.5081106870229007,54.772381818638124
"Mohave County, Arizona",220517.0,16.1,57684.0,16.1,7.3,88.6,04,015,04015,0.055025445292620864,0.6808206106870229,0.8975826972010178,0.7276487432389437,0.37468193384223913,54.7151886052369
"Tuscola County, Michigan",52980.0,20.1,63811.0,12.8,6.0,85.1,26,157,26157,0.2857824427480916,0.46803435114503816,0.7969147582697201,0.5469296850143175,0.6364503816793894,54.682232377131136
"Richmond city, Virginia",229359.0,17.5,64587.0,18.2,5.7,86.2,51,760,51760,0.10241730279898219,0.7873727735368957,0.7528625954198473,0.5294304804327077,0.5618638676844784,54.678940397458234
"Minidoka County, Idaho",22208.0,28.2,70377.0,14.5,3.4,86.7,16,067,16067,0.9594465648854962,0.5892175572519084,0.2876908396946565,0.3725739739102768,0.5249681933842238,54.67794258253124
"Grant County, Oregon",7209.0,17.2,59450.0,12.8,5.2,81.6,41,023,41023,0.08810432569974555,0.46803435114503816,0.6680979643765903,0.6773783009863188,0.8298346055979644,54.62899095611314
"Garza County, Texas",5118.0,15.9,46314.0,8.4,11.5,85.2,48,169,48169,0.04930025445292621,0.14026717557251908,0.9842557251908397,0.9287305122494433,0.6273854961832062,54.59878327297869
"Nottoway County, Virginia",15597.0,19.3,63261.0,18.5,2.8,73.1,51,135,51135,0.21183206106870228,0.8016857506361323,0.1830470737913486,0.5631562201718103,0.9699427480916031,54.593277075191935
"Lamar County, Mississippi",65713.0,24.3,70909.0,14.7,4.8,88.6,28,073,28073,0.8034351145038168,0.6030534351145038,0.5873091603053435,0.3598472796691059,0.37468193384223913,54.56653846870019
"Yoakum County, Texas",7571.0,32.8,84925.0,16.8,6.9,96.2,48,501,48501,0.9915712468193384,0.7205788804071247,0.8748409669211196,0.13458479160038184,0.005725190839694694,54.54602153175318
"Carlisle County, Kentucky",4762.0,23.5,62439.0,15.1,3.7,87.8,21,039,21039,0.7240776081424937,0.6237277353689568,0.35225826972010177,0.589086859688196,0.4379770992366412,54.542551443127785
"Anderson County, South Carolina",210478.0,22.6,66651.0,14.6,5.3,88.6,45,007,45007,0.6057569974554707,0.5957379134860051,0.6868638676844784,0.46293350302258984,0.37468193384223913,54.51948430981567
"Crawford County, Arkansas",61139.0,23.9,64132.0,14.7,4.1,88.5,05,033,05033,0.767175572519084,0.6030534351145038,0.43209287531806617,0.539293668469615,0.3834287531806616,54.500886092038606
"Scurry County, Texas",16488.0,25.2,60039.0,11.6,2.4,84.4,48,415,48415,0.8737277353689568,0.36959287531806617,0.1294529262086514,0.6614699331848553,0.6900445292620865,54.48575998685232
"Dickenson County, Virginia",13733.0,19.1,47254.0,17.3,2.3,83.5,51,051,51051,0.1944974554707379,0.7476145038167938,0.11752544529262086,0.9188673242125358,0.7457061068702291,54.48421671325836
"Freestone County, Texas",20049.0,22.6,59960.0,12.3,3.0,82.0,48,161,48161,0.6057569974554707,0.43018447837150126,0.209764631043257,0.6636971046770601,0.8144083969465649,54.47623216987708
"Simpson County, Kentucky",19972.0,23.4,59858.0,15.5,3.6,88.7,21,213,21213,0.7115139949109415,0.6491730279898219,0.32903944020356235,0.6662424435252943,0.3676844783715013,54.473067700022426
"Scott County, Indiana",24526.0,23.2,56352.0,16.6,3.3,89.6,18,143,18143,0.6871819338422391,0.7104007633587787,0.2695610687022901,0.7591473114858416,0.2962786259541985,54.45139406686697
"Jones County, South Dakota",1004.0,31.8,65119.0,18.3,2.1,89.2,46,075,46075,0.9893447837150128,0.7930979643765903,0.09716921119592875,0.5160674514794782,0.32649491094147587,54.44348643416972
"Reno County, Kansas",61553.0,22.0,60645.0,12.5,3.9,84.0,20,155,20155,0.5225826972010178,0.4443384223918575,0.3969465648854962,0.64412981228126,0.7132633587786259,54.425217110765146
"Bedford County, Tennessee",52237.0,25.3,67225.0,12.6,4.2,87.2,47,003,47003,0.8813613231552163,0.45133587786259544,0.451176844783715,0.448934139357302,0.4848918575063613,54.354000853303795
"Daviess County, Missouri",8477.0,24.8,63984.0,11.4,1.4,77.6,29,061,29061,0.8462150127226463,0.3549618320610687,0.048982188295165395,0.5434298440979956,0.9235050890585241,54.341879324707996
"Laurel County, Kentucky",62983.0,22.6,57771.0,20.5,3.5,90.7,21,125,21125,0.6057569974554707,0.8629134860050891,0.307410941475827,0.7254215717467387,0.21501272264631044,54.33031438658873
"Bath County, Virginia",4100.0,17.3,56184.0,23.8,1.3,79.7,51,017,51017,0.09239821882951654,0.9344783715012722,0.04373409669211196,0.7629653197581928,0.8816793893129771,54.305107921881415
"Lake County, Oregon",8267.0,17.9,62787.0,14.9,4.1,74.2,41,037,41037,0.12579516539440203,0.6146628498727735,0.43209287531806617,0.5797009226853325,0.9629452926208651,54.30394211782878
"Unicoi County, Tennessee",17756.0,17.8,52218.0,14.3,4.3,84.2,47,171,47171,0.1203880407124682,0.5777671755725191,0.4720101781170484,0.8418708240534521,0.7013358778625954,54.26744192636167
"Polk County, Tennessee",17898.0,18.8,62522.0,13.9,5.3,84.0,47,139,47139,0.17573155216284989,0.5507315521628499,0.6868638676844784,0.5867006045179765,0.7132633587786259,54.26581870613562
"Goshen County, Wyoming",12605.0,19.6,58929.0,14.7,3.5,80.2,56,015,56015,0.24013994910941475,0.6030534351145038,0.307410941475827,0.6920139993636654,0.869910941475827,54.25058533078475
"Shoshone County, Idaho",13785.0,20.7,55527.0,13.1,5.3,88.2,16,079,16079,0.35162213740458015,0.4931615776081425,0.6868638676844784,0.773783009863188,0.4069656488549618,54.24792482830701
"Lincoln County, Washington",11489.0,21.8,71512.0,12.5,7.8,86.9,53,043,53043,0.49300254452926207,0.4443384223918575,0.9201653944020356,0.34489341393573014,0.5081106870229007,54.210209245635724
"Schleicher County, Texas",2381.0,23.0,86694.0,9.9,5.4,71.6,48,413,48413,0.6577608142493638,0.24602417302798982,0.7083333333333334,0.12122176264715245,0.9767811704834606,54.202425074825996
"Benewah County, Idaho",10142.0,22.0,59794.0,12.9,3.7,84.4,16,009,16009,0.5225826972010178,0.4767811704834606,0.35225826972010177,0.6681514476614699,0.6900445292620865,54.196362286562724
"Pontotoc County, Oklahoma",38235.0,25.0,63017.0,12.6,3.7,87.3,40,123,40123,0.8584605597964376,0.45133587786259544,0.35225826972010177,0.5707922367165129,0.476940203562341,54.19574295315977
"Lincoln County, Idaho",5358.0,26.0,71453.0,10.5,4.9,86.4,16,063,16063,0.9168256997455471,0.28641857506361323,0.6102099236641222,0.3471205854279351,0.5483460559796438,54.17841679761721
"Lake County, Indiana",500379.0,23.2,71493.0,14.3,6.1,89.7,18,089,18089,0.6871819338422391,0.5777671755725191,0.8072519083969466,0.34552974864778874,0.2892811704834606,54.14023873885908
"Buckingham County, Virginia",16976.0,17.8,60828.0,12.5,4.7,76.4,51,029,51029,0.1203880407124682,0.4443384223918575,0.5639312977099237,0.6376073814826599,0.9400445292620865,54.12619343117993
"Greene County, Illinois",11683.0,22.0,62192.0,14.3,4.9,88.3,17,061,17061,0.5225826972010178,0.5777671755725191,0.6102099236641222,0.5968819599109132,0.3986959287531806,54.12275370203506
"Lawrence County, Illinois",15031.0,18.6,55324.0,14.5,8.1,90.3,17,101,17101,0.16316793893129772,0.5892175572519084,0.9303435114503816,0.780782691695832,0.2420483460559797,54.11120090770799
"Marion County, Missouri",28457.0,24.0,62903.0,14.2,3.8,88.2,29,127,29127,0.7763994910941476,0.5722010178117048,0.37515903307888043,0.5746102449888641,0.4069656488549618,54.10670871657117
"Bollinger County, Missouri",10559.0,21.7,63814.0,13.6,3.5,81.3,29,017,29017,0.481234096692112,0.5291030534351145,0.307410941475827,0.5466115176582882,0.839058524173028,54.068362668687385
"Hunt County, Texas",108972.0,24.5,71938.0,11.8,5.9,88.6,48,231,48231,0.8228371501272265,0.38915394402035625,0.7818066157760815,0.3347120585427935,0.37468193384223913,54.063834046173945
"Coconino County, Arizona",144508.0,19.5,72966.0,16.8,5.6,84.2,04,005,04005,0.23139312977099236,0.7205788804071247,0.7399809160305344,0.3098950047725103,0.7013358778625954,54.06367617687514
"Lavaca County, Texas",20552.0,23.5,63240.0,11.5,3.1,81.8,48,285,48285,0.7240776081424937,0.3614821882951654,0.22853053435114504,0.5637925548838689,0.8241094147582697,54.039846008618866
"Caldwell County, North Carolina",80536.0,19.7,56425.0,13.4,5.0,86.4,37,027,37027,0.24920483460559797,0.5157442748091603,0.630884223918575,0.7572383073496659,0.5483460559796438,54.02835393325287
"Sweetwater County, Wyoming",41542.0,25.0,75034.0,12.9,5.6,88.8,56,037,56037,0.8584605597964376,0.4767811704834606,0.7399809160305344,0.26614699331848557,0.3597328244274809,54.022049281127984
"Cambria County, Pennsylvania",131538.0,19.2,58418.0,14.2,4.7,84.9,42,021,42021,0.20244910941475827,0.5722010178117048,0.5639312977099237,0.7095132039452752,0.6521946564885497,54.00578570740423
"Union County, Florida",15701.0,21.7,64146.0,19.5,4.8,90.1,12,125,12125,0.481234096692112,0.8349236641221374,0.5873091603053435,0.5389755011135857,0.2574745547073791,53.99833953881116
"Luzerne County, Pennsylvania",327675.0,20.3,63691.0,15.3,5.8,87.8,42,079,42079,0.3080470737913486,0.636291348600509,0.7662213740458015,0.5510658606426981,0.4379770992366412,53.99205512633996
"Cuyahoga County, Ohio",1245873.0,20.5,64468.0,16.1,6.6,89.5,39,035,39035,0.32840330788804073,0.6808206106870229,0.8530534351145038,0.5319758192809418,0.3050254452926209,53.9855723652626
"Fayette County, Illinois",21315.0,20.4,60944.0,15.5,3.8,83.9,17,051,17051,0.31838422391857507,0.6491730279898219,0.37515903307888043,0.6350620426344258,0.7212150127226463,53.979866806887
"Kanawha County, West Virginia",176537.0,19.8,60943.0,15.7,5.6,88.2,54,039,54039,0.25699745547073793,0.6591921119592875,0.7399809160305344,0.635380209990455,0.4069656488549618,53.970326846119534
"Greensville County, Virginia",11275.0,15.3,54668.0,14.3,6.3,87.4,51,081,51081,0.035623409669211195,0.5777671755725191,0.8249045801526718,0.7935093859370028,0.46660305343511455,53.96815209533039
"Mecklenburg County, Virginia",30516.0,18.4,57045.0,16.3,2.6,74.7,51,117,51117,0.15108142493638677,0.6930661577608143,0.15505725190839695,0.739739102768056,0.9575381679389313,53.929642106251706
"Berrien County, Michigan",153288.0,21.3,65425.0,15.1,6.2,89.3,26,021,26021,0.42907124681933845,0.6237277353689568,0.8150445292620865,0.5087496022908049,0.3193384223918575,53.918630722660886
"Mendocino County, California",90244.0,20.9,68092.0,15.4,9.0,89.6,06,045,06045,0.37754452926208654,0.6432888040712468,0.9513358778625954,0.4239580019090041,0.2962786259541985,53.84811678118263
"Chippewa County, Minnesota",12377.0,24.4,71458.0,14.5,4.4,87.7,27,023,27023,0.813295165394402,0.5892175572519084,0.4969783715012723,0.3464842507158765,0.44513358778625955,53.82217865299437
"Johnson County, Illinois",13376.0,18.6,62528.0,17.6,3.5,80.1,17,087,17087,0.16316793893129772,0.7620865139949109,0.307410941475827,0.5863824371619472,0.8719783715012723,53.82052406130511
"Humboldt County, Iowa",9591.0,23.7,71946.0,12.9,5.0,87.0,19,091,19091,0.7477735368956743,0.4767811704834606,0.630884223918575,0.3340757238307349,0.500795165394402,53.80619641045694
"Sanders County, Montana",13285.0,17.0,57476.0,15.4,6.0,87.8,30,089,30089,0.08015267175572519,0.6432888040712468,0.7969147582697201,0.7317849188673242,0.4379770992366412,53.80236504401316
"Columbiana County, Ohio",100704.0,20.2,58180.0,15.2,4.5,86.7,39,029,39029,0.2969147582697201,0.6291348600508906,0.5225826972010178,0.7149220489977728,0.5249681933842238,53.77045115807248
"Floyd County, Georgia",99693.0,22.7,65565.0,16.0,4.2,87.8,13,115,13115,0.6194338422391857,0.6749363867684478,0.451176844783715,0.5042952593063952,0.4379770992366412,53.756388646687704
"Essex County, New Jersey",863002.0,23.6,80789.0,14.6,8.7,90.4,34,013,34013,0.7368002544529262,0.5957379134860051,0.94529262086514,0.1740375437480115,0.23505089058524176,53.73838446274649
"Story County, Iowa",100466.0,16.2,69685.0,18.2,4.8,80.4,19,169,19169,0.0580470737913486,0.7873727735368957,0.5873091603053435,0.38848234171174034,0.8652989821882952,53.73020663067247
"Giles County, Tennessee",30620.0,20.6,62307.0,12.8,4.4,82.6,47,055,47055,0.34001272264631044,0.46803435114503816,0.4969783715012723,0.5930639516385618,0.7883269720101781,53.728327378827224
"Stanislaus County, California",553990.0,26.6,81468.0,13.5,8.0,92.1,06,099,06099,0.934001272264631,0.5225826972010178,0.9263676844783715,0.16671969455933822,0.13613231552162852,53.71607328049974
"Nobles County, Minnesota",22041.0,29.0,66101.0,14.0,3.2,88.0,27,105,27105,0.9685114503816794,0.559001272264631,0.2506361323155216,0.48615972001272667,0.4212786259541985,53.711744018575146
"Baker County, Oregon",16840.0,19.8,60936.0,14.9,5.6,87.8,41,001,41001,0.25699745547073793,0.6146628498727735,0.7399809160305344,0.6356983773464843,0.4379770992366412,53.70633395914343
"Cherokee County, Kansas",19151.0,22.7,57668.0,14.1,3.3,87.0,20,021,20021,0.6194338422391857,0.5661577608142494,0.2695610687022901,0.7289214126630608,0.500795165394402,53.69738499626375
"Hemphill County, Texas",3234.0,20.5,61563.0,6.2,5.9,77.8,48,211,48211,0.32840330788804073,0.040235368956743005,0.7818066157760815,0.6132675787464206,0.9206424936386768,53.68710730011925
"Orange County, Texas",85307.0,25.4,72104.0,12.5,6.0,90.6,48,361,48361,0.8885178117048346,0.4443384223918575,0.7969147582697201,0.3308940502704423,0.2221692111959288,53.65668507665566
"Dade County, Missouri",7641.0,20.8,53750.0,12.6,3.2,82.3,29,057,29057,0.3638676844783715,0.45133587786259544,0.2506361323155216,0.8098950047725103,0.8026399491094147,53.56749297076827
"Big Horn County, Wyoming",11828.0,24.5,62101.0,12.7,3.3,86.7,56,003,56003,0.8228371501272265,0.4599236641221374,0.2695610687022901,0.6010181355392936,0.5249681933842238,53.56616423750342
"Burke County, North Carolina",87795.0,18.4,58592.0,15.6,4.4,84.7,37,023,37023,0.15108142493638677,0.6544211195928753,0.4969783715012723,0.7047406936048362,0.6696882951653944,53.5381980960153
"Hill County, Texas",37328.0,23.1,64591.0,14.7,4.2,88.0,48,217,48217,0.6720737913486005,0.6030534351145038,0.451176844783715,0.5291123130766784,0.4212786259541985,53.533900205553934
"LaSalle Parish, Louisiana",14789.0,23.1,68497.0,16.0,4.9,89.5,22,059,22059,0.6720737913486005,0.6749363867684478,0.6102099236641222,0.41361756283805284,0.3050254452926209,53.51726219823689
"Woodbury County, Iowa",106247.0,25.8,73658.0,14.0,4.1,87.3,19,193,19193,0.9085559796437659,0.559001272264631,0.43209287531806617,0.29860006363347125,0.476940203562341,53.50380788844551
"Muskingum County, Ohio",86411.0,22.7,60780.0,15.1,4.3,89.3,39,119,39119,0.6194338422391857,0.6237277353689568,0.4720101781170484,0.6391982182628062,0.3193384223918575,53.474167927597094
"Waller County, Texas",61552.0,23.7,80397.0,14.6,6.8,89.8,48,473,48473,0.7477735368956743,0.5957379134860051,0.8683206106870229,0.1807190582246262,0.280852417302799,53.468070731922545
"McLean County, Kentucky",9114.0,22.5,65596.0,9.5,5.6,85.3,21,149,21149,0.5912849872773537,0.21755725190839695,0.7399809160305344,0.5036589245943366,0.6207061068702291,53.46376373361702
"Grant County, Kentucky",25418.0,26.5,69178.0,11.7,4.9,88.9,21,081,21081,0.9311386768447837,0.37929389312977096,0.6102099236641222,0.40057270124085265,0.3513040712468194,53.450385322526984
"Bailey County, Texas",6913.0,26.8,61420.0,12.0,0.0,84.1,48,017,48017,0.9389312977099237,0.4053753180661578,0.003657760814249364,0.6169265033407572,0.7069020356234097,53.43585831108996
"Bexar County, Texas",2067341.0,24.7,72341.0,14.6,5.8,91.9,48,029,48029,0.8396946564885496,0.5957379134860051,0.7662213740458015,0.32516703786191536,0.1444020356234097,53.424460350113634
"Mississippi County, Missouri",11902.0,22.6,48160.0,19.0,2.7,91.5,29,133,29133,0.6057569974554707,0.8169529262086515,0.17032442748091603,0.9115494750238625,0.166030534351145,53.41228721040091
"Morgan County, Ohio",13651.0,20.9,59351.0,12.9,3.5,81.7,39,115,39115,0.37754452926208654,0.4767811704834606,0.307410941475827,0.6815144766146993,0.8272900763358779,53.41082388343903
"Fulton County, Illinois",33020.0,19.5,60599.0,13.2,6.7,87.9,17,057,17057,0.23139312977099236,0.5019083969465649,0.8608460559796438,0.6465160674514795,0.42970737913486,53.40742058567082
"Tuscaloosa County, Alabama",237552.0,20.5,66231.0,16.8,5.8,88.6,01,125,01125,0.32840330788804073,0.7205788804071247,0.7662213740458015,0.4782055361119949,0.37468193384223913,53.36182064590401
"Lincoln County, Arkansas",12950.0,15.7,51778.0,15.4,2.7,75.0,05,079,05079,0.04596055979643766,0.6432888040712468,0.17032442748091603,0.851097677378301,0.9548346055979644,53.31012148649732
"Lewis County, New York",26607.0,22.6,68182.0,12.3,5.2,86.5,36,049,36049,0.6057569974554707,0.43018447837150126,0.6680979643765903,0.4212535793827553,0.5399173027989822,53.304206447705994
"Uintah County, Utah",37056.0,31.2,73746.0,11.8,6.0,91.1,49,047,49047,0.9866412213740458,0.38915394402035625,0.7969147582697201,0.2968501431753102,0.19258905852417307,53.24298250727211
"Mason County, Illinois",12745.0,20.8,62845.0,14.8,4.9,87.0,17,125,17125,0.3638676844783715,0.6094147582697201,0.6102099236641222,0.5777919185491569,0.500795165394402,53.24158900711545
"Marshall County, West Virginia",29865.0,19.0,59169.0,16.8,4.3,85.7,54,051,54051,0.1871819338422392,0.7205788804071247,0.4720101781170484,0.6862869869551385,0.5949427480916031,53.22001454826307
"Rock Island County, Illinois",142757.0,22.5,67159.0,15.5,5.6,90.5,17,161,17161,0.5912849872773537,0.6491730279898219,0.7399809160305344,0.45116131084950684,0.22916666666666663,53.21533817627767
"Sandusky County, Ohio",58778.0,21.6,62295.0,15.0,4.3,86.9,39,143,39143,0.46771628498727735,0.6192748091603053,0.4720101781170484,0.5933821189945911,0.5081106870229007,53.20988156564246
"Highland County, Virginia",2296.0,14.5,65625.0,9.5,11.9,77.0,51,091,51091,0.023059796437659034,0.21755725190839695,0.9861641221374046,0.5015908367801464,0.9314567430025446,53.196575005323034
"Rowan County, North Carolina",149875.0,22.2,65725.0,16.0,5.3,90.2,37,159,37159,0.5494592875318066,0.6749363867684478,0.6868638676844784,0.4985682468978683,0.24984096692111957,53.19337511607441
"Jefferson County, Mississippi",7068.0,20.6,38305.0,32.5,1.8,89.9,28,063,28063,0.34001272264631044,0.9885496183206107,0.07410941475826972,0.9828189627744194,0.2725826972010178,53.16146831401256
"Tipton County, Tennessee",61553.0,23.5,74127.0,13.6,5.5,88.4,47,167,47167,0.7240776081424937,0.5291030534351145,0.7263040712468194,0.2866687877823735,0.39153944020356235,53.15385921620728
"Benton County, Indiana",8735.0,24.6,65875.0,13.9,3.9,88.5,18,007,18007,0.8322201017811705,0.5507315521628499,0.3969465648854962,0.49411390391345844,0.3834287531806616,53.14881751847273
"Sullivan County, Tennessee",160624.0,19.1,58807.0,15.4,5.4,88.1,47,163,47163,0.1944974554707379,0.6432888040712468,0.7083333333333334,0.6971046770601337,0.41364503816793896,53.13738616206781
"Martin County, Texas",5218.0,29.9,93734.0,8.3,5.4,83.2,48,317,48317,0.9766221374045801,0.1337468193384224,0.7083333333333334,0.07572383073496658,0.7616094147582697,53.12071071139144
"Washington County, Indiana",28212.0,22.8,64641.0,14.4,3.2,84.8,18,175,18175,0.6332697201017812,0.5836513994910941,0.2506361323155216,0.5275214762965319,0.6603053435114503,53.10768143432758
"Traverse County, Minnesota",3243.0,21.6,62989.0,11.3,4.5,83.5,27,155,27155,0.46771628498727735,0.3473282442748092,0.5225826972010178,0.5717467387846007,0.7457061068702291,53.10160144235867
"Montgomery County, North Carolina",26007.0,20.4,57766.0,15.4,2.8,82.7,37,123,37123,0.31838422391857507,0.6432888040712468,0.1830470737913486,0.725739739102768,0.7843511450381679,53.096219718442114
"Hillsdale County, Michigan",45654.0,21.5,64242.0,14.4,4.4,85.9,26,059,26059,0.4541984732824427,0.5836513994910941,0.4969783715012723,0.5364301622653516,0.5826972010178118,53.07911215115946
"Clark County, South Dakota",3917.0,29.4,70726.0,10.9,4.0,85.8,46,025,46025,0.9718511450381679,0.3139312977099237,0.4150763358778626,0.36398345529748644,0.5885814249363868,53.06847317719654
"Putnam County, Tennessee",82558.0,20.9,58912.0,18.4,3.7,87.9,47,141,47141,0.37754452926208654,0.7981870229007634,0.35225826972010177,0.692968501431753,0.42970737913486,53.0133140489913
"Daviess County, Kentucky",103648.0,24.5,68214.0,14.7,4.5,89.8,21,059,21059,0.8228371501272265,0.6030534351145038,0.5225826972010178,0.41966274260260894,0.280852417302799,52.97976884696312
"Stevens County, Kansas",5162.0,28.8,64178.0,14.2,3.1,89.0,20,189,20189,0.9666030534351145,0.5722010178117048,0.22853053435114504,0.5377028316894686,0.34319338422391854,52.96461643022703
"Perry County, Ohio",35535.0,23.4,67460.0,14.7,3.7,86.5,39,127,39127,0.7115139949109415,0.6030534351145038,0.35225826972010177,0.4409799554565702,0.5399173027989822,52.954459160022
"Cullman County, Alabama",90566.0,22.4,62656.0,15.3,3.8,87.3,01,043,01043,0.576176844783715,0.636291348600509,0.37515903307888043,0.5825644288895959,0.476940203562341,52.942637178300835
"Runnels County, Texas",9874.0,23.5,62632.0,11.0,4.9,88.2,48,399,48399,0.7240776081424937,0.3196564885496183,0.6102099236641222,0.5841552656697423,0.4069656488549618,52.901298697618756
"Warren County, Kentucky",140918.0,23.7,65794.0,17.0,4.4,91.4,21,227,21227,0.7477735368956743,0.7301208651399491,0.4969783715012723,0.4976137448297805,0.1717557251908397,52.884844871150314
"Garfield County, Washington",2353.0,18.7,64884.0,12.0,6.3,83.9,53,023,53023,0.169529262086514,0.4053753180661578,0.8249045801526718,0.5230671333121222,0.7212150127226463,52.88182612680223
"Decatur County, Iowa",7759.0,22.2,59044.0,14.6,1.9,83.8,19,053,19053,0.5494592875318066,0.5957379134860051,0.08158396946564886,0.6889914094813872,0.727735368956743,52.87015897843182
"Jefferson County, Iowa",15705.0,17.1,61620.0,15.2,8.0,88.4,19,101,19101,0.08412849872773537,0.6291348600508906,0.9263676844783715,0.6123130766783328,0.39153944020356235,52.869671202777845
"Moniteau County, Missouri",15262.0,25.4,65715.0,10.3,2.5,81.3,29,135,29135,0.8885178117048346,0.2732188295165394,0.1410623409669211,0.49888641425389757,0.839058524173028,52.814878412304424
"Garfield County, Utah",5219.0,21.5,61875.0,9.8,4.1,78.4,49,017,49017,0.4541984732824427,0.23807251908396945,0.43209287531806617,0.606586064269806,0.9090330788804071,52.79966021669382
"Richland County, Wisconsin",17205.0,21.2,66420.0,14.5,3.6,81.4,55,103,55103,0.41412213740458015,0.5892175572519084,0.32903944020356235,0.46961501749920453,0.8355597964376591,52.75107897593829
"Williams County, Ohio",36719.0,22.0,61048.0,12.7,4.0,85.5,39,171,39171,0.5225826972010178,0.4599236641221374,0.4150763358778626,0.6317212853961184,0.6079834605597965,52.74574886313865
"Beltrami County, Minnesota",46512.0,24.7,68975.0,16.1,4.7,91.8,27,007,27007,0.8396946564885496,0.6808206106870229,0.5639312977099237,0.40327712376710145,0.14901399491094147,52.73475367127078
"Buena Vista city, Virginia",6593.0,22.0,57833.0,18.8,1.4,86.6,51,530,51530,0.5225826972010178,0.8107506361323156,0.048982188295165395,0.7219217308304168,0.5322837150127226,52.73041934943276
"Crockett County, Tennessee",13944.0,23.4,62165.0,14.5,2.9,86.5,47,033,47033,0.7115139949109415,0.5892175572519084,0.19545165394402036,0.5984727966910595,0.5399173027989822,52.69146611193823
"Monroe County, Missouri",8734.0,21.9,54516.0,14.2,1.8,84.5,29,137,29137,0.5069974554707379,0.5722010178117048,0.07410941475826972,0.7963728921412663,0.6836832061068703,52.667279725776986
"Ward County, Texas",11144.0,29.2,65952.0,14.9,2.9,88.8,48,475,48475,0.9707379134860051,0.6146628498727735,0.19545165394402036,0.4922048997772829,0.3597328244274809,52.65580283015125
"Greeley County, Nebraska",2202.0,23.1,63929.0,13.1,3.5,85.4,31,077,31077,0.6720737913486005,0.4931615776081425,0.307410941475827,0.5450206808781419,0.614821882951654,52.64977748524732
"Warren County, Illinois",16447.0,22.5,67385.0,14.6,3.6,84.7,17,187,17187,0.5912849872773537,0.5957379134860051,0.32903944020356235,0.44447979637289214,0.6696882951653944,52.604608650104154
"St. Joseph County, Indiana",273040.0,23.2,66868.0,14.2,5.2,90.3,18,141,18141,0.6871819338422391,0.5722010178117048,0.6680979643765903,0.4603881641743557,0.2420483460559797,52.598348525217396
"Mercer County, Pennsylvania",109257.0,18.9,59976.0,13.2,5.3,85.7,42,085,42085,0.18145674300254452,0.5019083969465649,0.6868638676844784,0.6630607699650015,0.5949427480916031,52.564650513803834
"Butte County, California",207929.0,20.4,67928.0,19.2,7.5,91.8,06,007,06007,0.31838422391857507,0.8250636132315522,0.9077608142493638,0.4276169265033407,0.14901399491094147,52.55679145627546
"Montgomery County, Ohio",536096.0,22.2,66139.0,15.0,5.7,90.6,39,113,39113,0.5494592875318066,0.6192748091603053,0.7528625954198473,0.4839325485205218,0.2221692111959288,52.55396903656819
"Daviess County, Indiana",33658.0,29.8,68503.0,11.7,1.5,82.3,18,027,18027,0.9748727735368957,0.37929389312977096,0.05407124681933842,0.41329939548202355,0.8026399491094147,52.483545161548875
"Kenedy County, Texas",145.0,13.8,38882.0,15.3,0.0,69.1,48,261,48261,0.014790076335877863,0.636291348600509,0.003657760814249364,0.9815462933503023,0.9864821882951654,52.45535334792207
"Starke County, Indiana",23365.0,22.5,63960.0,13.4,3.4,84.5,18,149,18149,0.5912849872773537,0.5157442748091603,0.2876908396946565,0.544066178810054,0.6836832061068703,52.449389733961894
"Perry County, Illinois",20639.0,19.3,62118.0,16.9,4.6,86.5,17,145,17145,0.21183206106870228,0.7255089058524173,0.5437340966921119,0.6003818008272351,0.5399173027989822,52.42748334478898
"Clarke County, Georgia",129609.0,16.7,53625.0,26.0,5.2,92.6,13,059,13059,0.06965648854961833,0.960559796437659,0.6680979643765903,0.8119630925867006,0.10861959287531808,52.377938696517724
"Spartanburg County, South Carolina",347852.0,23.4,66234.0,14.5,4.3,88.7,45,083,45083,0.7115139949109415,0.5892175572519084,0.4720101781170484,0.4778873687559656,0.3676844783715013,52.3662715481473
"Haskell County, Texas",5421.0,18.1,60653.0,16.6,4.9,86.8,48,207,48207,0.1364503816793893,0.7104007633587787,0.6102099236641222,0.643652561247216,0.5165394402035624,52.345061403061365
"West Baton Rouge Parish, Louisiana",27974.0,24.5,87299.0,12.9,7.0,89.3,22,121,22121,0.8228371501272265,0.4767811704834606,0.8804071246819338,0.11613108495068403,0.3193384223918575,52.30989905270326
"Fergus County, Montana",11687.0,21.0,63706.0,15.1,4.2,85.6,30,027,30027,0.3885178117048346,0.6237277353689568,0.451176844783715,0.5501113585746102,0.6014631043256997,52.299937095156324
"Chowan County, North Carolina",13836.0,19.2,53864.0,19.1,4.1,88.9,37,041,37041,0.20244910941475827,0.8209287531806616,0.43209287531806617,0.8081450843143494,0.3513040712468194,52.29839786949311
"Harrison County, West Virginia",64984.0,21.2,60377.0,14.4,4.0,86.4,54,033,54033,0.41412213740458015,0.5836513994910941,0.4150763358778626,0.6528794145720649,0.5483460559796438,52.2815068665049
"Brunswick County, Virginia",15841.0,15.3,53084.0,14.9,3.3,80.2,51,025,51025,0.035623409669211195,0.6146628498727735,0.2695610687022901,0.8237352847597836,0.869910941475827,52.26987108959771
"Wichita County, Texas",129996.0,22.8,63524.0,16.5,3.7,88.7,48,485,48485,0.6332697201017812,0.7040394402035624,0.35225826972010177,0.5558383709831372,0.3676844783715013,52.26180558760167
"Montcalm County, Michigan",67816.0,20.8,67344.0,12.6,5.0,83.9,26,117,26117,0.3638676844783715,0.45133587786259544,0.630884223918575,0.4454342984409799,0.7212150127226463,52.25474194846337
"Erath County, Texas",43794.0,20.7,65115.0,16.6,5.7,89.8,48,143,48143,0.35162213740458015,0.7104007633587787,0.7528625954198473,0.5167037861915367,0.280852417302799,52.24883399355084
"Page County, Iowa",15131.0,19.2,57953.0,13.8,5.0,86.8,19,145,19145,0.20244910941475827,0.5429389312977099,0.630884223918575,0.7190582246261534,0.5165394402035624,52.23739858921517
"Murray County, Oklahoma",13753.0,22.7,66322.0,12.7,2.5,78.0,40,099,40099,0.6194338422391857,0.4599236641221374,0.1410623409669211,0.47375119312758507,0.9171437659033079,52.22629612718275
"East Feliciana Parish, Louisiana",19271.0,17.4,73085.0,16.2,5.9,83.6,22,037,22037,0.09637404580152671,0.686704834605598,0.7818066157760815,0.30639516385618837,0.739821882951654,52.22205085982097
"Sherman County, Oregon",1938.0,20.1,60161.0,22.0,1.0,83.7,41,055,41055,0.2857824427480916,0.9036259541984732,0.030057251908396948,0.6579700922685332,0.7334605597964376,52.21792601839865
"Norfolk city, Virginia",233596.0,20.3,66109.0,16.5,5.7,88.8,51,710,51710,0.3080470737913486,0.7040394402035624,0.7528625954198473,0.4852052179446389,0.3597328244274809,52.19774303573755
"Gordon County, Georgia",59100.0,23.1,63650.0,12.0,3.7,85.2,13,129,13129,0.6720737913486005,0.4053753180661578,0.35225826972010177,0.5526566974228444,0.6273854961832062,52.19499145481821
"Cottonwood County, Minnesota",11458.0,25.2,72941.0,15.0,2.8,85.3,27,033,27033,0.8737277353689568,0.6192748091603053,0.1830470737913486,0.3102131721285396,0.6207061068702291,52.139377946387576
"Cass County, Iowa",13096.0,23.2,63013.0,14.3,1.4,83.9,19,029,19029,0.6871819338422391,0.5777671755725191,0.048982188295165395,0.5711104040725421,0.7212150127226463,52.12513429010224
"Madison County, Indiana",131900.0,21.4,63037.0,13.4,5.9,89.6,18,095,18095,0.4419529262086514,0.5157442748091603,0.7818066157760815,0.5704740693604836,0.2962786259541985,52.1251302421715
"Gates County, North Carolina",10376.0,19.2,66333.0,9.4,5.9,76.8,37,073,37073,0.20244910941475827,0.21230916030534353,0.7818066157760815,0.4731148584155266,0.9344783715012722,52.083162308259645
"Dooly County, Georgia",10984.0,15.6,60987.0,15.7,3.6,76.6,13,093,13093,0.04341603053435115,0.6591921119592875,0.32903944020356235,0.6341075405663379,0.9376590330788804,52.06828312684839
"Grady County, Oklahoma",56606.0,23.2,75419.0,12.2,5.5,86.9,40,051,40051,0.6871819338422391,0.4211195928753181,0.7263040712468194,0.260260897231944,0.5081106870229007,52.05954364438442
"Atchison County, Kansas",16208.0,21.8,61112.0,13.0,4.6,87.6,20,005,20005,0.49300254452926207,0.48520992366412213,0.5437340966921119,0.6293350302258989,0.4516539440203562,52.05871078263502
"Accomack County, Virginia",33335.0,20.5,58993.0,13.9,3.4,83.5,51,001,51001,0.32840330788804073,0.5507315521628499,0.2876908396946565,0.6901049952274896,0.7457061068702291,52.05273603686532
"Hall County, Nebraska",62536.0,27.4,69251.0,14.1,4.0,89.9,31,079,31079,0.9500636132315522,0.5661577608142494,0.4150763358778626,0.3986636971046771,0.2725826972010178,52.050882084587194
"Bannock County, Idaho",89454.0,25.1,66499.0,12.3,4.3,88.7,16,005,16005,0.8657760814249363,0.43018447837150126,0.4720101781170484,0.4664333439389119,0.3676844783715013,52.04177120447798
"LaGrange County, Indiana",40805.0,31.7,84487.0,5.9,4.2,66.9,18,087,18087,0.9888676844783715,0.03244274809160305,0.451176844783715,0.13903913458479156,0.9904580152671756,52.039688544113126
"Toole County, Montana",5061.0,21.1,57731.0,12.6,4.9,88.1,30,101,30101,0.3991730279898219,0.45133587786259544,0.6102099236641222,0.7266942411708559,0.41364503816793896,52.02116217710668
"Yadkin County, North Carolina",37574.0,20.7,62932.0,14.0,5.3,87.9,37,197,37197,0.35162213740458015,0.559001272264631,0.6868638676844784,0.5733375755647471,0.42970737913486,52.01064464106593
"Cooke County, Texas",43046.0,23.2,73932.0,13.5,4.5,86.0,48,097,48097,0.6871819338422391,0.5225826972010178,0.5225826972010178,0.2927139675469297,0.5752226463104326,52.00567884203273
"Harney County, Oregon",7499.0,18.5,55208.0,13.7,3.7,83.0,41,025,41025,0.15696564885496184,0.5357824427480916,0.35225826972010177,0.7841234489341393,0.7709923664122138,52.002443533390164
"Mercer County, West Virginia",58563.0,20.8,53210.0,16.5,2.7,86.5,54,055,54055,0.3638676844783715,0.7040394402035624,0.17032442748091603,0.8215081132675788,0.5399173027989822,51.99313936458822
"Edgefield County, South Carolina",27476.0,16.6,73029.0,17.8,4.8,80.3,45,037,45037,0.06615776081424936,0.7695610687022901,0.5873091603053435,0.30862233534839323,0.8680025445292621,51.99305739399076
"San Juan County, Colorado",724.0,12.8,77824.0,21.3,9.4,86.7,08,111,08111,0.01097328244274809,0.8845419847328244,0.961354961832061,0.2166719694559338,0.5249681933842238,51.970207836955815
"Morton County, Kansas",2611.0,24.4,66447.0,14.8,1.6,85.0,20,129,20129,0.813295165394402,0.6094147582697201,0.059955470737913484,0.46866051543111675,0.6447201017811706,51.92092023228646
"Hansford County, Texas",5119.0,28.4,69441.0,8.6,6.2,90.0,48,195,48195,0.9626272264631043,0.15473918575063614,0.8150445292620865,0.39452752147629655,0.2652671755725191,51.844112770492856
"Newport News city, Virginia",184216.0,23.2,69634.0,14.5,5.8,91.6,51,700,51700,0.6871819338422391,0.5892175572519084,0.7662213740458015,0.38911867642379894,0.15982824427480913,51.83135571677114
"Scotts Bluff County, Nebraska",35843.0,24.2,63614.0,12.9,2.7,85.7,31,157,31157,0.7946882951653944,0.4767811704834606,0.17032442748091603,0.5539293668469615,0.5949427480916031,51.813320161366704
"Osceola County, Iowa",6100.0,22.7,69239.0,16.0,3.4,85.5,19,143,19143,0.6194338422391857,0.6749363867684478,0.2876908396946565,0.39961819917276487,0.6079834605597965,51.79325456869702
"Bingham County, Idaho",49664.0,29.1,77878.0,11.7,5.4,89.4,16,011,16011,0.9696246819338422,0.37929389312977096,0.7083333333333334,0.21539930003181673,0.3129770992366412,51.712566153308096
"Huron County, Ohio",58319.0,23.6,67878.0,13.2,4.5,88.4,39,077,39077,0.7368002544529262,0.5019083969465649,0.5225826972010178,0.430162265351575,0.39153944020356235,51.65986108311292
"Stonewall County, Texas",1227.0,25.1,56875.0,14.9,3.6,94.7,48,433,48433,0.8657760814249363,0.6146628498727735,0.32903944020356235,0.7440343620744512,0.0294211195928753,51.65867706337197
"Erie County, Pennsylvania",269052.0,20.7,63354.0,15.0,5.4,89.0,42,049,42049,0.35162213740458015,0.6192748091603053,0.7083333333333334,0.5602927139675469,0.34319338422391854,51.65432756179369
"Linn County, Kansas",9767.0,22.0,59069.0,8.4,4.4,83.7,20,107,20107,0.5225826972010178,0.14026717557251908,0.4969783715012723,0.6875596563792554,0.7334605597964376,51.616969209010044
"Grays Harbor County, Washington",77053.0,19.7,64414.0,15.3,7.0,89.8,53,027,53027,0.24920483460559797,0.636291348600509,0.8804071246819338,0.5335666560610881,0.280852417302799,51.606447625038555
"Jefferson County, Oregon",25203.0,22.7,76260.0,13.4,8.1,89.9,41,031,41031,0.6194338422391857,0.5157442748091603,0.9303435114503816,0.2421253579382755,0.2725826972010178,51.60459367276042
"Wasco County, Oregon",26552.0,21.4,64175.0,11.6,7.7,89.4,41,065,41065,0.4419529262086514,0.36959287531806617,0.9169847328244275,0.5380209990454979,0.3129770992366412,51.59057265266569
"Latah County, Idaho",41049.0,18.9,65424.0,17.6,6.8,90.1,16,057,16057,0.18145674300254452,0.7620865139949109,0.8683206106870229,0.5090677696468342,0.2574745547073791,51.568123840773836
"Lynn County, Texas",5752.0,27.8,73679.0,15.2,3.7,89.0,48,305,48305,0.955470737913486,0.6291348600508906,0.35225826972010177,0.2981228125994273,0.34319338422391854,51.56360129015649
"Adams County, North Dakota",2145.0,22.6,62500.0,14.8,2.2,84.7,38,001,38001,0.6057569974554707,0.6094147582697201,0.10607506361323155,0.5871778555520204,0.6696882951653944,51.56225940111675
"McIntosh County, Georgia",11312.0,15.1,50273.0,23.0,3.2,87.1,13,191,13191,0.033396946564885496,0.9230279898218829,0.2506361323155216,0.8775055679287305,0.4925254452926209,51.54184163847283
"Stanly County, North Carolina",64651.0,21.7,60704.0,15.2,4.1,88.4,37,167,37167,0.481234096692112,0.6291348600508906,0.43209287531806617,0.642379891823099,0.39153944020356235,51.5276232817546
"Douglas County, Oregon",112072.0,19.1,61310.0,16.3,5.4,88.8,41,019,41019,0.1944974554707379,0.6930661577608143,0.7083333333333334,0.6201081769010499,0.3597328244274809,51.514758957868324
"Sedgwick County, Kansas",528226.0,24.9,69365.0,13.9,5.0,91.9,20,173,20173,0.8524173027989822,0.5507315521628499,0.630884223918575,0.3967546929685014,0.1444020356234097,51.503796149446366
"Elmore County, Idaho",29321.0,24.2,65359.0,10.5,6.0,91.2,16,039,16039,0.7946882951653944,0.28641857506361323,0.7969147582697201,0.5116131084950684,0.1854325699745547,51.50134613936701
"Madison County, Kentucky",95769.0,21.0,63351.0,15.1,5.1,88.9,21,151,21151,0.3885178117048346,0.6237277353689568,0.6507633587786259,0.5606108813235762,0.3513040712468194,51.49847716845626
"Jefferson County, Alabama",667755.0,22.9,66388.0,15.7,4.7,90.4,01,073,01073,0.6456743002544529,0.6591921119592875,0.5639312977099237,0.47025135221126313,0.23505089058524176,51.48199905440338
"Creek County, Oklahoma",72830.0,23.3,62338.0,14.5,3.3,88.0,40,037,40037,0.6999045801526718,0.5892175572519084,0.2695610687022901,0.5924276169265034,0.4212786259541985,51.447788979751444
"Randolph County, North Carolina",146348.0,22.2,61022.0,14.5,3.5,87.1,37,151,37151,0.5494592875318066,0.5892175572519084,0.307410941475827,0.6328348711422208,0.4925254452926209,51.42896205388767
"Morgan County, Alabama",124471.0,23.4,68845.0,13.5,3.7,86.0,01,103,01103,0.7115139949109415,0.5225826972010178,0.35225826972010177,0.40661788100540885,0.5752226463104326,51.36390978295806
"St. Clair County, Illinois",253694.0,23.0,73854.0,13.6,6.0,89.7,17,163,17163,0.6577608142493638,0.5291030534351145,0.7969147582697201,0.29430480432707606,0.2892811704834606,51.3472920152947
"Harper County, Oklahoma",3203.0,23.8,64053.0,13.1,2.6,85.3,40,059,40059,0.7574745547073791,0.4931615776081425,0.15505725190839695,0.5405663378937321,0.6207061068702291,51.3393165797576
"Washington County, Florida",25529.0,20.0,58210.0,17.3,3.6,87.0,12,133,12133,0.27512722646310434,0.7476145038167938,0.32903944020356235,0.7142857142857143,0.500795165394402,51.33724100327154
"Crawford County, Michigan",13369.0,17.5,60392.0,14.7,8.2,89.9,26,039,26039,0.10241730279898219,0.6030534351145038,0.934001272264631,0.6522430798600063,0.2725826972010178,51.28595574478283
"Hancock County, Illinois",17281.0,21.0,65865.0,12.3,4.2,82.4,17,067,17067,0.3885178117048346,0.43018447837150126,0.451176844783715,0.4957047406936048,0.7977099236641221,51.26587598435556
"Furnas County, Nebraska",4568.0,21.7,61048.0,13.0,1.0,76.8,31,065,31065,0.481234096692112,0.48520992366412213,0.030057251908396948,0.6317212853961184,0.9344783715012722,51.25401858324044
"McMinn County, Tennessee",54884.0,21.2,61470.0,13.0,4.9,87.8,47,107,47107,0.41412213740458015,0.48520992366412213,0.6102099236641222,0.6150174992045816,0.4379770992366412,51.250731663480956
"Aitkin County, Minnesota",16056.0,15.6,60833.0,13.1,5.8,85.3,27,001,27001,0.04341603053435115,0.4931615776081425,0.7662213740458015,0.6372892141266306,0.6207061068702291,51.215886063703095
"Hampden County, Massachusetts",462815.0,20.9,71306.0,16.3,6.0,89.0,25,013,25013,0.37754452926208654,0.6930661577608143,0.7969147582697201,0.34998409163219857,0.34319338422391854,51.21405842297477
"Williamson County, Illinois",66876.0,21.3,65604.0,13.8,5.0,87.6,17,199,17199,0.42907124681933845,0.5429389312977099,0.630884223918575,0.5030225898822781,0.4516539440203562,51.15141871876515
"Ashe County, North Carolina",26950.0,16.9,56866.0,13.5,4.8,85.2,37,009,37009,0.07569974554707379,0.5225826972010178,0.5873091603053435,0.744511613108495,0.6273854961832062,51.14977424690272
"Winkler County, Texas",7454.0,29.2,86900.0,16.2,3.6,87.6,48,495,48495,0.9707379134860051,0.686704834605598,0.32903944020356235,0.11931275851097678,0.4516539440203562,51.14897781652997
"Caldwell County, Missouri",8927.0,23.5,64806.0,10.3,2.9,81.3,29,025,29025,0.7240776081424937,0.2732188295165394,0.19545165394402036,0.5249761374482977,0.839058524173028,51.13565506448759
"Lawrence County, Pennsylvania",85024.0,20.0,61931.0,11.9,5.7,86.7,42,073,42073,0.27512722646310434,0.39774173027989823,0.7528625954198473,0.6045179764556157,0.5249681933842238,51.10435444005379
"Lynchburg city, Virginia",79497.0,19.4,57947.0,18.6,5.3,92.4,51,680,51680,0.22264631043256997,0.8040712468193384,0.6868638676844784,0.7193763919821826,0.12197837150127222,51.09872376839684
"Andrews County, Texas",18610.0,30.9,72242.0,15.6,3.3,89.3,48,003,48003,0.9839376590330788,0.6544211195928753,0.2695610687022901,0.3273942093541202,0.3193384223918575,51.093049581484436
"Pueblo County, Colorado",169356.0,21.8,64010.0,14.6,4.8,89.1,08,101,08101,0.49300254452926207,0.5957379134860051,0.5873091603053435,0.5427935093859371,0.33476463104325704,51.07215517499609
"Lancaster County, Virginia",10936.0,14.5,69713.0,10.3,9.5,78.5,51,103,51103,0.023059796437659034,0.2732188295165394,0.9634223918575063,0.38689150493159397,0.9069656488549618,51.07116343196522
"Tama County, Iowa",16868.0,23.7,70781.0,14.8,3.8,87.5,19,171,19171,0.7477735368956743,0.6094147582697201,0.37515903307888043,0.3625517021953547,0.4584923664122137,51.06782793703686
"Lee County, Iowa",32893.0,21.2,62382.0,13.1,4.5,86.6,19,111,19111,0.41412213740458015,0.4931615776081425,0.5225826972010178,0.5909958638243716,0.5322837150127226,51.06291982101669
"Golden Valley County, Montana",899.0,18.2,58333.0,17.0,1.5,78.2,30,037,30037,0.1407442748091603,0.7301208651399491,0.05407124681933842,0.7114222080814508,0.9131679389312977,50.99053067562392
"Essex County, Virginia",10623.0,17.9,56520.0,12.3,3.9,81.2,51,057,51057,0.12579516539440203,0.43018447837150126,0.3969465648854962,0.7540566337893733,0.8423982188295165,50.98762122540579
"Deer Lodge County, Montana",9597.0,12.0,57527.0,16.3,3.4,81.6,30,023,30023,0.006679389312977099,0.6930661577608143,0.2876908396946565,0.7308304167992363,0.8298346055979644,50.96202818331298
"Delta County, Colorado",31598.0,19.1,57774.0,14.0,3.2,81.9,08,029,08029,0.1944974554707379,0.559001272264631,0.2506361323155216,0.7247852370346802,0.8191793893129771,50.96198972797096
"Union County, Tennessee",20431.0,21.3,62727.0,13.8,2.6,81.3,47,173,47173,0.42907124681933845,0.5429389312977099,0.15505725190839695,0.5812917594654788,0.839058524173028,50.94835427327904
"Phelps County, Missouri",45194.0,21.1,58396.0,16.8,3.9,89.3,29,161,29161,0.3991730279898219,0.7205788804071247,0.3969465648854962,0.7098313713013045,0.3193384223918575,50.9173653395121
"Fannin County, Texas",37326.0,21.1,72295.0,13.7,5.0,84.9,48,147,48147,0.3991730279898219,0.5357824427480916,0.630884223918575,0.32612153993000315,0.6521946564885497,50.883117821500825
"Phillips County, Kansas",4813.0,22.5,62123.0,15.4,3.2,87.5,20,147,20147,0.5912849872773537,0.6432888040712468,0.2506361323155216,0.6000636334712058,0.4584923664122137,50.87531847095084
"Oswego County, New York",117953.0,20.6,69183.0,16.3,7.0,90.5,36,075,36075,0.34001272264631044,0.6930661577608143,0.8804071246819338,0.40025453388482346,0.22916666666666663,50.858144112810976
"Cass County, Illinois",12784.0,24.4,68125.0,11.1,4.2,86.7,17,017,17017,0.813295165394402,0.32840330788804073,0.451176844783715,0.4228444161629017,0.5249681933842238,50.81375855226567
"Forsyth County, North Carolina",389977.0,22.7,67165.0,14.5,5.0,90.2,37,067,37067,0.6194338422391857,0.5892175572519084,0.630884223918575,0.45084314349347754,0.24984096692111957,50.80439467648532
"Montgomery County, Illinois",27942.0,20.1,63620.0,12.6,4.7,84.5,17,135,17135,0.2857824427480916,0.45133587786259544,0.5639312977099237,0.5536111994909323,0.6836832061068703,50.76688047836827
"Prince Edward County, Virginia",21996.0,15.2,56315.0,20.9,1.5,82.0,51,147,51147,0.03419211195928753,0.8753180661577609,0.05407124681933842,0.7601018135539294,0.8144083969465649,50.76183270873762
"Orange County, Indiana",19767.0,22.9,65873.0,13.4,3.1,84.9,18,117,18117,0.6456743002544529,0.5157442748091603,0.22853053435114504,0.4945911549475024,0.6521946564885497,50.73469841701621
"Morgan County, Colorado",29520.0,25.0,73278.0,14.3,5.3,92.6,08,087,08087,0.8584605597964376,0.5777671755725191,0.6868638676844784,0.3041679923639835,0.10861959287531808,50.717583765854734
"Clarion County, Pennsylvania",37179.0,19.0,62649.0,13.1,5.1,85.3,42,031,42031,0.1871819338422392,0.4931615776081425,0.6507633587786259,0.583359847279669,0.6207061068702291,50.703456487578116
"Bradley County, Tennessee",111065.0,21.9,66552.0,12.7,6.6,90.2,47,011,47011,0.5069974554707379,0.4599236641221374,0.8530534351145038,0.4651606745147948,0.24984096692111957,50.69952392286587
"Montgomery County, Iowa",10214.0,22.6,63666.0,15.3,2.6,85.9,19,137,19137,0.6057569974554707,0.636291348600509,0.15505725190839695,0.5523385300668151,0.5826972010178118,50.64282658098007
"Perkins County, South Dakota",3001.0,22.4,66908.0,13.7,4.9,88.9,46,105,46105,0.576176844783715,0.5357824427480916,0.6102099236641222,0.4584791600381801,0.3513040712468194,50.63904884961856
"Rush County, Indiana",16739.0,22.6,66473.0,11.9,4.3,85.8,18,139,18139,0.6057569974554707,0.39774173027989823,0.4720101781170484,0.46770601336302897,0.5885814249363868,50.63592688303666
"Lee County, Texas",17971.0,21.3,76371.0,11.3,6.5,84.7,48,287,48287,0.42907124681933845,0.3473282442748092,0.8447837150127226,0.24053452115812912,0.6696882951653944,50.62812044860788
"Holmes County, Ohio",44418.0,30.3,76140.0,9.3,2.2,63.5,39,075,39075,0.9793256997455471,0.20483460559796438,0.10607506361323155,0.2451479478205536,0.9958651399491094,50.62496913452812
"Josephine County, Oregon",88179.0,19.2,60098.0,15.6,6.4,91.3,41,033,41033,0.20244910941475827,0.6544211195928753,0.8358778625954199,0.6598790964047089,0.17843511450381677,50.62124605023157
"Arenac County, Michigan",15077.0,18.5,58811.0,11.7,6.0,87.0,26,011,26011,0.15696564885496184,0.37929389312977096,0.7969147582697201,0.6964683423480751,0.500795165394402,50.608756159938594
"Beaufort County, North Carolina",44499.0,19.1,58357.0,17.8,3.9,87.5,37,013,37013,0.1944974554707379,0.7695610687022901,0.3969465648854962,0.7104677060133631,0.4584923664122137,50.59930322968202
"Franklin County, Florida",12553.0,15.4,64105.0,16.5,8.5,89.5,12,037,12037,0.03864503816793893,0.7040394402035624,0.9411577608142494,0.5399300031816736,0.3050254452926209,50.575953753200906
"Iron County, Utah",62252.0,27.1,66247.0,13.8,3.9,91.5,49,021,49021,0.94529262086514,0.5429389312977099,0.3969465648854962,0.4775692013999364,0.166030534351145,50.575557055988554
"Alachua County, Florida",285492.0,17.8,61949.0,21.2,4.4,88.0,12,001,12001,0.1203880407124682,0.8829516539440203,0.4969783715012723,0.6041998090995864,0.4212786259541985,50.51593002423091
"Livingston County, Missouri",14364.0,21.6,63627.0,11.9,2.7,76.7,29,117,29117,0.46771628498727735,0.39774173027989823,0.17032442748091603,0.553293032134903,0.9362277353689568,50.506064205039024
"Gregory County, South Dakota",4016.0,24.4,62917.0,9.5,2.3,82.3,46,053,46053,0.813295165394402,0.21755725190839695,0.11752544529262086,0.5739739102768056,0.8026399491094147,50.49983443963281
"Hutchinson County, Texas",20184.0,24.9,67228.0,13.3,3.6,88.5,48,233,48233,0.8524173027989822,0.5092239185750637,0.32903944020356235,0.4486159720012727,0.3834287531806616,50.454507735190845
"Lafayette County, Wisconsin",16942.0,25.3,76462.0,11.9,2.9,82.2,55,065,55065,0.8813613231552163,0.39774173027989823,0.19545165394402036,0.23894368437798286,0.807410941475827,50.41818666465889
"Yates County, New York",24526.0,22.2,69701.0,12.7,3.1,79.1,36,123,36123,0.5494592875318066,0.4599236641221374,0.22853053435114504,0.38784600699968186,0.8947201017811705,50.40959189571883
"Ingham County, Michigan",283913.0,19.6,65526.0,16.7,6.2,90.3,26,065,26065,0.24013994910941475,0.7154898218829516,0.8150445292620865,0.5058860960865414,0.2420483460559797,50.37217484793949
"Taney County, Missouri",56529.0,20.9,56497.0,15.6,3.9,89.1,29,213,29213,0.37754452926208654,0.6544211195928753,0.3969465648854962,0.7546929685014317,0.33476463104325704,50.367396265702936
"Cloud County, Kansas",8898.0,23.2,58770.0,10.0,2.5,83.6,20,029,20029,0.6871819338422391,0.2522264631043257,0.1410623409669211,0.6980591791282215,0.739821882951654,50.36703599986723
"Stephenson County, Illinois",43768.0,21.2,64043.0,13.9,4.3,86.5,17,177,17177,0.41412213740458015,0.5507315521628499,0.4720101781170484,0.5408845052497614,0.5399173027989822,50.353313514664436
"Huron County, Michigan",31113.0,19.0,58870.0,12.6,4.1,83.4,26,063,26063,0.1871819338422392,0.45133587786259544,0.43209287531806617,0.6942411708558702,0.7509541984732824,50.31612112704107
"Sullivan County, New York",79721.0,21.4,72382.0,15.9,5.8,89.4,36,105,36105,0.4419529262086514,0.6692111959287532,0.7662213740458015,0.3238943684377983,0.3129770992366412,50.285139277152915
"Franklin County, New York",46696.0,19.9,65151.0,18.2,3.9,86.4,36,033,36033,0.2655852417302799,0.7873727735368957,0.3969465648854962,0.5151129494113904,0.5483460559796438,50.26727171087412
"Craven County, North Carolina",102612.0,21.3,65873.0,13.7,4.2,85.6,37,049,37049,0.42907124681933845,0.5357824427480916,0.451176844783715,0.4945911549475024,0.6014631043256997,50.24169587248694
"Preston County, West Virginia",34160.0,17.9,61880.0,13.8,5.3,86.4,54,077,54077,0.12579516539440203,0.5429389312977099,0.6868638676844784,0.6059497295577474,0.5483460559796438,50.19787499827964
"Jasper County, South Carolina",32166.0,18.3,65613.0,17.8,4.6,86.4,45,053,45053,0.14567430025445294,0.7695610687022901,0.5437340966921119,0.5023862551702195,0.5483460559796438,50.194035535974365
"Chenango County, New York",46321.0,20.7,62948.0,11.8,6.4,88.8,36,017,36017,0.35162213740458015,0.38915394402035625,0.8358778625954199,0.5730194082087178,0.3597328244274809,50.18812353313111
"Carroll County, Mississippi",9686.0,17.3,59327.0,17.9,1.6,78.9,28,015,28015,0.09239821882951654,0.7741730279898219,0.059955470737913484,0.6821508113267578,0.8990139949109415,50.15383047589903
"Richardson County, Nebraska",7751.0,21.7,60108.0,10.5,3.7,83.8,31,147,31147,0.481234096692112,0.28641857506361323,0.35225826972010177,0.6595609290486796,0.727735368956743,50.14414478962499
"Chambers County, Texas",51498.0,27.4,109804.0,11.9,7.3,90.5,48,071,48071,0.9500636132315522,0.39774173027989823,0.8975826972010178,0.03245307031498568,0.22916666666666663,50.1401555538824
"Elkhart County, Indiana",207132.0,27.4,68561.0,12.4,3.6,88.6,18,039,18039,0.9500636132315522,0.4378180661577608,0.32903944020356235,0.41202672605790647,0.37468193384223913,50.07259558986041
"Newton County, Indiana",13922.0,20.8,75481.0,14.0,6.5,87.3,18,111,18111,0.3638676844783715,0.559001272264631,0.8447837150127226,0.25867006045179763,0.476940203562341,50.065258715397285
"Ontonagon County, Michigan",5850.0,11.4,54398.0,12.5,5.3,86.1,26,131,26131,0.005089058524173028,0.4443384223918575,0.6868638676844784,0.798281896277442,0.5680661577608143,50.0527880527753
"Noble County, Oklahoma",10897.0,22.6,66365.0,12.9,2.6,82.5,40,103,40103,0.6057569974554707,0.4767811704834606,0.15505725190839695,0.4715240216353802,0.7927798982188295,50.03798679403075
"Somerset County, Pennsylvania",72799.0,18.2,61446.0,11.0,4.9,82.0,42,111,42111,0.1407442748091603,0.3196564885496183,0.6102099236641222,0.6162901686286987,0.8144083969465649,50.02618505196328
"Morgan County, Illinois",33021.0,18.9,66306.0,13.4,5.4,85.3,17,137,17137,0.18145674300254452,0.5157442748091603,0.7083333333333334,0.47470569519567296,0.6207061068702291,50.018923064218804
"Alcona County, Michigan",10397.0,12.6,54993.0,12.3,4.5,83.4,26,001,26001,0.010178117048346057,0.43018447837150126,0.5225826972010178,0.7865097041043589,0.7509541984732824,50.00818390397013
"Millard County, Utah",13315.0,30.8,73639.0,7.7,5.5,88.4,49,027,49027,0.982824427480916,0.1005089058524173,0.7263040712468194,0.2990773146675151,0.39153944020356235,50.0050831890246
"Dallam County, Texas",7298.0,32.8,71500.0,11.5,2.3,84.5,48,111,48111,0.9915712468193384,0.3614821882951654,0.11752544529262086,0.34521158129175944,0.6836832061068703,49.98947335611509
"Day County, South Dakota",5437.0,22.4,66033.0,14.8,2.1,83.8,46,037,46037,0.576176844783715,0.6094147582697201,0.09716921119592875,0.48806872414890234,0.727735368956743,49.971298147100185
"Houston County, Tennessee",8353.0,20.8,59576.0,11.1,3.9,83.7,47,083,47083,0.3638676844783715,0.32840330788804073,0.3969465648854962,0.6732421253579383,0.7334605597964376,49.91840484812569
"Jennings County, Indiana",27562.0,23.1,69322.0,12.6,4.6,87.9,18,079,18079,0.6720737913486005,0.45133587786259544,0.5437340966921119,0.3977091950365892,0.42970737913486,49.89120680149514
"San Bernardino County, California",2197104.0,25.5,85478.0,13.3,7.1,93.3,06,071,06071,0.8950381679389313,0.5092239185750637,0.8861323155216285,0.130130448615972,0.07283715012722647,49.86724001557644
"Ashland County, Wisconsin",16080.0,20.7,62462.0,13.4,3.8,84.8,55,003,55003,0.35162213740458015,0.5157442748091603,0.37515903307888043,0.5882914412981228,0.6603053435114503,49.82244460204388
"Foard County, Texas",991.0,15.1,61563.0,5.6,6.3,65.7,48,155,48155,0.033396946564885496,0.026717557251908396,0.8249045801526718,0.6132675787464206,0.99220737913486,49.809880837014916
"Copper River Census Area, Alaska",2626.0,26.3,79250.0,8.7,4.8,85.3,02,066,02066,0.9250954198473282,0.16125954198473283,0.5873091603053435,0.19503658924594336,0.6207061068702291,49.788136365071544
"Silver Bow County, Montana",35785.0,20.2,61754.0,14.8,4.1,86.5,30,093,30093,0.2969147582697201,0.6094147582697201,0.43209287531806617,0.6099268215081133,0.5399173027989822,49.76533032329204
"Colorado County, Texas",21006.0,23.3,66377.0,10.7,2.9,81.9,48,089,48089,0.6999045801526718,0.3016857506361323,0.19545165394402036,0.4712058542793509,0.8191793893129771,49.74854456650305
"Manistee County, Michigan",25350.0,16.6,63516.0,12.7,6.4,86.1,26,101,26101,0.06615776081424936,0.4599236641221374,0.8358778625954199,0.5571110404072542,0.5680661577608143,49.742729713997505
"Osage County, Oklahoma",45997.0,20.9,62847.0,13.1,5.3,88.9,40,113,40113,0.37754452926208654,0.4931615776081425,0.6868638676844784,0.5774737511931276,0.3513040712468194,49.72695593989309
"Humboldt County, Nevada",17289.0,26.4,81073.0,10.6,5.8,89.2,32,013,32013,0.9282760814249363,0.29421119592875317,0.7662213740458015,0.17085587018771875,0.32649491094147587,49.72118865057371
"Van Buren County, Tennessee",6437.0,20.2,54931.0,16.1,2.3,85.6,47,175,47175,0.2969147582697201,0.6808206106870229,0.11752544529262086,0.7890550429525931,0.6014631043256997,49.71557923055313
"Wood County, Texas",46961.0,18.6,60300.0,12.5,6.3,88.3,48,499,48499,0.16316793893129772,0.4443384223918575,0.8249045801526718,0.6544702513522113,0.3986959287531806,49.71154243162438
"Jackson County, Wisconsin",20981.0,21.1,68110.0,12.4,4.7,84.8,55,053,55053,0.3991730279898219,0.4378180661577608,0.5639312977099237,0.4234807508749602,0.6603053435114503,49.694169724878336
"Paulding County, Ohio",18791.0,23.6,67731.0,8.9,3.6,82.2,39,125,39125,0.7368002544529262,0.1762086513994911,0.32903944020356235,0.4330257715558383,0.807410941475827,49.6497011817529
"Cumberland County, Tennessee",63553.0,16.7,60375.0,14.4,5.1,86.7,47,035,47035,0.06965648854961833,0.5836513994910941,0.6507633587786259,0.6531975819280942,0.5249681933842238,49.64474044263312
"Adams County, Wisconsin",21123.0,13.5,59442.0,14.1,4.5,84.2,55,001,55001,0.01272264631043257,0.5661577608142494,0.5225826972010178,0.6783328030544067,0.7013358778625954,49.62263570485404
"Rowan County, Kentucky",24578.0,19.6,54321.0,24.2,4.1,93.4,21,205,21205,0.24013994910941475,0.9394083969465649,0.43209287531806617,0.8001909004136176,0.06790712468193383,49.59478492939194
"Sedgwick County, Colorado",2304.0,22.1,52386.0,13.0,2.9,88.0,08,115,08115,0.5361005089058524,0.48520992366412213,0.19545165394402036,0.8390073178491887,0.4212786259541985,49.540960606347646
"Clinton County, Ohio",42012.0,22.7,70407.0,12.9,4.5,87.2,39,027,39027,0.6194338422391857,0.4767811704834606,0.5225826972010178,0.371619471842189,0.4848918575063613,49.50618078544429
"Schuyler County, Illinois",6787.0,17.0,65948.0,20.8,5.0,88.3,17,169,17169,0.08015267175572519,0.8729325699745547,0.630884223918575,0.4925230671333122,0.3986959287531806,49.50376923070695
"Lawrence County, Alabama",33276.0,21.8,66071.0,13.3,2.0,79.0,01,079,01079,0.49300254452926207,0.5092239185750637,0.08889949109414758,0.48743238943684375,0.8966284987277353,49.503736847261045
"Jefferson County, Nebraska",7161.0,22.7,59044.0,10.1,1.2,80.2,31,095,31095,0.6194338422391857,0.25842875318066155,0.038326972010178116,0.6889914094813872,0.869910941475827,49.50183836774479
"Adams County, Illinois",64754.0,22.5,66220.0,12.8,3.9,86.5,17,001,17001,0.5912849872773537,0.46803435114503816,0.3969465648854962,0.4788418708240535,0.5399173027989822,49.50050153861848
"Cherokee County, North Carolina",29562.0,16.0,53628.0,12.4,4.1,83.6,37,039,37039,0.05184478371501272,0.4378180661577608,0.43209287531806617,0.8116449252306713,0.739821882951654,49.464450667463296
"San Joaquin County, California",797334.0,26.2,92179.0,12.4,7.6,92.5,06,077,06077,0.9230279898218829,0.4378180661577608,0.9126908396946565,0.08367801463569835,0.11561704834605602,49.45663917312109
"Citrus County, Florida",162472.0,14.7,56546.0,15.6,6.4,90.9,12,017,12017,0.025763358778625955,0.6544211195928753,0.8358778625954199,0.7531021317212854,0.20308524173027986,49.444994288369735
"Alexander County, North Carolina",36412.0,19.6,65354.0,12.6,5.0,85.1,37,003,37003,0.24013994910941475,0.45133587786259544,0.630884223918575,0.5119312758510977,0.6364503816793894,49.41483416842144
"Roger Mills County, Oklahoma",3359.0,24.3,66094.0,14.7,3.2,89.2,40,129,40129,0.8034351145038168,0.6030534351145038,0.2506361323155216,0.48679605472478527,0.32649491094147587,49.40831295200206
"Gaston County, North Carolina",234881.0,22.4,67478.0,13.5,4.8,89.0,37,071,37071,0.576176844783715,0.5225826972010178,0.5873091603053435,0.4403436207445116,0.34319338422391854,49.392114145170126
"Larue County, Kentucky",15107.0,22.5,67067.0,17.9,1.5,85.7,21,123,21123,0.5912849872773537,0.7741730279898219,0.05407124681933842,0.4546611517658288,0.5949427480916031,49.38266323887892
"Delaware County, New York",44487.0,15.9,63337.0,14.4,6.4,87.8,36,025,36025,0.04930025445292621,0.5836513994910941,0.8358778625954199,0.5615653833916641,0.4379770992366412,49.367439983354906
"Sierra County, California",2746.0,14.5,63355.0,4.4,12.6,79.5,06,091,06091,0.023059796437659034,0.005884223918575063,0.9904580152671756,0.5599745466115176,0.8870865139949109,49.329261924596764
"Alamance County, North Carolina",176893.0,22.2,65651.0,13.4,5.1,90.2,37,001,37001,0.5494592875318066,0.5157442748091603,0.6507633587786259,0.5004772510340438,0.24984096692111957,49.325702781495124
"Ross County, Ohio",76492.0,21.0,61303.0,15.7,3.8,88.0,39,141,39141,0.3885178117048346,0.6591921119592875,0.37515903307888043,0.6204263442570792,0.4212786259541985,49.2914785390856
"Jackson County, Indiana",46660.0,25.8,70262.0,12.3,2.6,85.7,18,071,18071,0.9085559796437659,0.43018447837150126,0.15505725190839695,0.37511931275851096,0.5949427480916031,49.27719541547556
"Lassen County, California",30356.0,18.5,67403.0,14.0,8.3,88.7,06,035,06035,0.15696564885496184,0.559001272264631,0.9365458015267175,0.44352529430480436,0.3676844783715013,49.274449906452325
"Red Willow County, Nebraska",10557.0,22.4,63697.0,14.0,1.4,83.8,31,145,31145,0.576176844783715,0.559001272264631,0.048982188295165395,0.5504295259306395,0.727735368956743,49.24650400461788
"Orange County, New York",406616.0,25.6,97178.0,12.6,5.5,89.3,36,071,36071,0.9004452926208651,0.45133587786259544,0.7263040712468194,0.062360801781737196,0.3193384223918575,49.19568931807749
"Kingman County, Kansas",7186.0,22.8,59842.0,10.3,2.2,82.8,20,095,20095,0.6332697201017812,0.2732188295165394,0.10607506361323155,0.6668787782373529,0.7800572519083969,49.18999286754603
"Lackawanna County, Pennsylvania",216146.0,20.5,66223.0,14.4,4.9,87.5,42,069,42069,0.32840330788804073,0.5836513994910941,0.6102099236641222,0.4785237034680242,0.4584923664122137,49.1856140184699
"Wicomico County, Maryland",104914.0,22.5,76210.0,13.9,5.9,89.7,24,045,24045,0.5912849872773537,0.5507315521628499,0.7818066157760815,0.24371619471842187,0.2892811704834606,49.136410408363346
"Clearwater County, Idaho",9012.0,14.9,60000.0,13.2,4.5,83.6,16,035,16035,0.03037531806615776,0.5019083969465649,0.5225826972010178,0.6621062678969138,0.739821882951654,49.135891261246165
"Morgan County, Tennessee",21361.0,18.9,65954.0,15.1,5.1,86.9,47,129,47129,0.18145674300254452,0.6237277353689568,0.6507633587786259,0.4918867324212536,0.5081106870229007,49.118905131885626
"Montezuma County, Colorado",26412.0,20.7,65244.0,13.3,3.9,84.5,08,083,08083,0.35162213740458015,0.5092239185750637,0.3969465648854962,0.5138402799872733,0.6836832061068703,49.10632213918568
"Roscommon County, Michigan",23737.0,14.3,55246.0,15.5,4.7,87.8,26,143,26143,0.020833333333333332,0.6491730279898219,0.5639312977099237,0.7826916958320076,0.4379770992366412,49.09212908203456
"Chattahoochee County, Georgia",8887.0,14.8,61042.0,13.9,9.1,89.7,13,053,13053,0.027830788804071246,0.5507315521628499,0.9540394402035624,0.6323576201081769,0.2892811704834606,49.08481143524243
"Randolph County, Illinois",30058.0,20.2,68131.0,14.6,5.0,86.9,17,157,17157,0.2969147582697201,0.5957379134860051,0.630884223918575,0.4225262488068724,0.5081106870229007,49.08347663008147
"Marshall County, Iowa",40114.0,25.4,73315.0,11.2,4.3,87.6,19,127,19127,0.8885178117048346,0.33826335877862596,0.4720101781170484,0.3035316576519249,0.4516539440203562,49.0795390054558
"Allen County, Indiana",392378.0,25.4,70737.0,12.5,4.7,91.1,18,003,18003,0.8885178117048346,0.4443384223918575,0.5639312977099237,0.36366528794145725,0.19258905852417307,49.06083756544491
"Grant County, Nebraska",626.0,23.6,70147.0,12.2,0.3,78.5,31,075,31075,0.7368002544529262,0.4211195928753181,0.01049618320610687,0.37750556792873047,0.9069656488549618,49.057744946360856
"Iroquois County, Illinois",26449.0,21.6,66255.0,12.5,4.5,86.5,17,075,17075,0.46771628498727735,0.4443384223918575,0.5225826972010178,0.4772510340439071,0.5399173027989822,49.03611482846084
"Essex County, Vermont",5982.0,16.7,59294.0,13.8,4.8,86.1,50,009,50009,0.06965648854961833,0.5429389312977099,0.5873091603053435,0.6837416481069043,0.5680661577608143,49.034247720407805
"Hooker County, Nebraska",647.0,19.0,49464.0,6.2,3.9,76.8,31,091,31091,0.1871819338422392,0.040235368956743005,0.3969465648854962,0.8902322621699014,0.9344783715012722,48.98149002711304
"Black Hawk County, Iowa",131049.0,21.9,66417.0,14.9,4.6,89.4,19,013,19013,0.5069974554707379,0.6146628498727735,0.5437340966921119,0.46993318485523383,0.3129770992366412,48.96609372254998
"LaSalle County, Illinois",108714.0,21.2,73045.0,13.9,5.4,87.4,17,099,17099,0.41412213740458015,0.5507315521628499,0.7083333333333334,0.30798600063633474,0.46660305343511455,48.955521539444256
"Walworth County, South Dakota",5271.0,23.7,65026.0,14.9,3.5,90.1,46,129,46129,0.7477735368956743,0.6146628498727735,0.307410941475827,0.5182946229716832,0.2574745547073791,48.91233011846675
"Onslow County, North Carolina",207906.0,24.8,68148.0,11.6,5.4,92.8,37,133,37133,0.8462150127226463,0.36959287531806617,0.7083333333333334,0.4222080814508431,0.09860050890585237,48.89899623461482
"Coffey County, Kansas",8308.0,21.5,70346.0,10.7,6.4,87.3,20,031,20031,0.4541984732824427,0.3016857506361323,0.8358778625954199,0.3738466433343939,0.476940203562341,48.85097866821459
"Venango County, Pennsylvania",49801.0,19.0,61522.0,13.2,5.6,88.3,42,121,42121,0.1871819338422392,0.5019083969465649,0.7399809160305344,0.6140629971364938,0.3986959287531806,48.836603454180256
"Schuyler County, New York",17562.0,18.8,67663.0,14.8,6.5,88.6,36,097,36097,0.17573155216284989,0.6094147582697201,0.8447837150127226,0.4362074451161311,0.37468193384223913,48.81638808807326
"Crawford County, Ohio",41711.0,21.7,58044.0,11.8,4.7,89.7,39,033,39033,0.481234096692112,0.38915394402035625,0.5639312977099237,0.7171492204899776,0.2892811704834606,48.814994587916594
"Jackson County, Missouri",719976.0,23.3,68577.0,14.1,4.7,91.0,29,095,29095,0.6999045801526718,0.5661577608142494,0.5639312977099237,0.41170855870187717,0.19831424936386766,48.80032893485179
"Clarke County, Iowa",9662.0,25.6,71641.0,9.7,4.2,86.8,19,039,19039,0.9004452926208651,0.22916666666666666,0.451176844783715,0.3417117403754375,0.5165394402035624,48.78079969300494
"Decatur County, Kansas",2726.0,20.8,53870.0,12.7,4.1,88.6,20,039,20039,0.3638676844783715,0.4599236641221374,0.43209287531806617,0.8078269169583201,0.37468193384223913,48.76786149438269
"Macon County, Missouri",15163.0,23.1,62357.0,9.5,2.1,80.6,29,121,29121,0.6720737913486005,0.21755725190839695,0.09716921119592875,0.5921094495704741,0.8594147582697201,48.76648924586241
"Stone County, Missouri",32048.0,16.7,63520.0,13.9,7.1,88.6,29,209,29209,0.06965648854961833,0.5507315521628499,0.8861323155216285,0.5564747056951957,0.37468193384223913,48.753539915430636
"Pamlico County, North Carolina",12390.0,14.2,59717.0,15.2,5.1,87.4,37,137,37137,0.019720101781170483,0.6291348600508906,0.6507633587786259,0.6703786191536749,0.46660305343511455,48.731999863989536
"Newton County, Georgia",118152.0,25.3,77179.0,12.3,6.6,94.2,13,217,13217,0.8813613231552163,0.43018447837150126,0.8530534351145038,0.22876232898504612,0.0430979643765903,48.72919060005715
"Madison County, Texas",13648.0,22.3,74596.0,10.9,7.1,88.3,48,313,48313,0.5629770992366412,0.3139312977099237,0.8861323155216285,0.274260260897232,0.3986959287531806,48.71993804237212
"Redwood County, Minnesota",15350.0,24.7,67866.0,13.3,2.6,87.0,27,127,27127,0.8396946564885496,0.5092239185750637,0.15505725190839695,0.43111676741966276,0.500795165394402,48.7177551957215
"Plumas County, California",19423.0,17.2,66031.0,10.6,9.2,85.5,06,063,06063,0.08810432569974555,0.29421119592875317,0.9567430025445293,0.48838689150493164,0.6079834605597965,48.70857752475512
"Fountain County, Indiana",16617.0,22.2,62542.0,12.4,4.7,89.6,18,045,18045,0.5494592875318066,0.4378180661577608,0.5639312977099237,0.586064269805918,0.2962786259541985,48.67103094319216
"McHenry County, North Dakota",5207.0,24.2,80733.0,9.7,4.1,82.3,38,049,38049,0.7946882951653944,0.22916666666666666,0.43209287531806617,0.17467387846007,0.8026399491094147,48.66523329439224
"Mineral County, Montana",4959.0,20.7,63450.0,13.5,3.1,83.0,30,061,30061,0.35162213740458015,0.5225826972010178,0.22853053435114504,0.5583837098313713,0.7709923664122138,48.642228904006565
"Bledsoe County, Tennessee",15032.0,15.3,54720.0,20.7,1.8,84.8,47,007,47007,0.035623409669211195,0.8695928753180662,0.07410941475826972,0.7922367165128857,0.6603053435114503,48.63735519539766
"Greene County, Pennsylvania",34835.0,18.9,68041.0,13.5,5.6,86.2,42,059,42059,0.18145674300254452,0.5225826972010178,0.7399809160305344,0.42538975501113585,0.5618638676844784,48.62547957859422
"Kershaw County, South Carolina",68314.0,23.2,68231.0,13.2,4.7,90.1,45,055,45055,0.6871819338422391,0.5019083969465649,0.5639312977099237,0.41934457524657975,0.2574745547073791,48.596815169053734
"Camden County, Georgia",56970.0,24.1,74378.0,12.9,5.4,91.3,13,039,13039,0.785941475826972,0.4767811704834606,0.7083333333333334,0.2796691059497296,0.17843511450381677,48.58320400194625
"Dawson County, Nebraska",24202.0,27.8,69880.0,10.8,1.4,83.7,31,047,31047,0.955470737913486,0.30820610687022904,0.048982188295165395,0.38275532930321354,0.7334605597964376,48.577498443570626
"Mineral County, West Virginia",26854.0,20.1,69375.0,14.0,6.6,89.1,54,057,54057,0.2857824427480916,0.559001272264631,0.8530534351145038,0.3959592745784283,0.33476463104325704,48.571221114978236
"Dolores County, Colorado",2432.0,14.0,64907.0,21.6,2.5,80.9,08,033,08033,0.01717557251908397,0.8926526717557252,0.1410623409669211,0.5217944638880051,0.8506679389312977,48.46705976122066
"Hodgeman County, Kansas",1652.0,25.7,59955.0,6.3,0.6,82.5,20,083,20083,0.9044211195928753,0.04389312977099236,0.01812977099236641,0.6640152720330894,0.7927798982188295,48.46478381216306
"Lycoming County, Pennsylvania",113489.0,20.5,63917.0,12.8,5.1,87.9,42,081,42081,0.32840330788804073,0.46803435114503816,0.6507633587786259,0.5456570155902005,0.42970737913486,48.4513082507353
"Lane County, Kansas",1461.0,24.7,54526.0,7.0,0.4,84.1,20,101,20101,0.8396946564885496,0.0669529262086514,0.012881679389312978,0.7957365574292078,0.7069020356234097,48.44335710278262
"Hamilton County, Iowa",14886.0,23.8,72432.0,7.4,4.8,84.7,19,079,19079,0.7574745547073791,0.08396946564885496,0.5873091603053435,0.323576201081769,0.6696882951653944,48.44035353817482
"Clark County, Kentucky",37192.0,22.5,64348.0,14.6,4.4,90.9,21,049,21049,0.5912849872773537,0.5957379134860051,0.4969783715012723,0.5348393254852053,0.20308524173027986,48.438516789602325
"Floyd County, Iowa",15328.0,22.7,68557.0,11.6,3.3,83.4,19,067,19067,0.6194338422391857,0.36959287531806617,0.2695610687022901,0.41234489341393576,0.7509541984732824,48.437737562935204
"Davis County, Iowa",9157.0,29.9,77194.0,7.2,2.7,73.2,19,051,19051,0.9766221374045801,0.07617684478371502,0.17032442748091603,0.22812599427298763,0.969147582697201,48.407939732787995
"Richland County, Illinois",15598.0,23.0,62455.0,12.1,3.1,86.6,17,159,17159,0.6577608142493638,0.4128498727735369,0.22853053435114504,0.5886096086541521,0.5322837150127226,48.400690900818404
"Teton County, Montana",6353.0,25.0,70430.0,13.4,1.0,85.0,30,099,30099,0.8584605597964376,0.5157442748091603,0.030057251908396948,0.3709831371301304,0.6447201017811706,48.399306508505916
"Montgomery County, Missouri",11426.0,21.9,65500.0,13.9,3.0,85.0,29,139,29139,0.5069974554707379,0.5507315521628499,0.209764631043257,0.5065224307986,0.6447201017811706,48.3747234251323
"Bedford County, Pennsylvania",47513.0,19.4,59992.0,11.6,3.9,83.1,42,009,42009,0.22264631043256997,0.36959287531806617,0.3969465648854962,0.6627426026089723,0.7659033078880407,48.35663322266291
"Bradford County, Florida",27885.0,20.5,63050.0,16.8,4.7,90.4,12,007,12007,0.32840330788804073,0.7205788804071247,0.5639312977099237,0.5698377346484251,0.23505089058524176,48.35604222477511
"Schuylkill County, Pennsylvania",143558.0,19.9,68313.0,12.8,5.6,86.7,42,107,42107,0.2655852417302799,0.46803435114503816,0.7399809160305344,0.41870824053452116,0.5249681933842238,48.34553885649194
"Dallas County, Texas",2621179.0,25.1,76547.0,13.9,5.0,92.2,48,113,48113,0.8657760814249363,0.5507315521628499,0.630884223918575,0.23671651288577789,0.13120229007633588,48.306213209369496
"Golden Valley County, North Dakota",1653.0,22.4,68021.0,19.8,3.4,89.8,38,033,38033,0.576176844783715,0.8438295165394402,0.2876908396946565,0.42602608972319445,0.280852417302799,48.291514160876105
"Stevens County, Washington",48067.0,21.1,69327.0,12.0,5.3,86.7,53,065,53065,0.3991730279898219,0.4053753180661578,0.6868638676844784,0.39739102768056,0.5249681933842238,48.275428696104846
"Potter County, Pennsylvania",16188.0,20.0,59020.0,13.0,3.8,85.8,42,105,42105,0.27512722646310434,0.48520992366412213,0.37515903307888043,0.6894686605154311,0.5885814249363868,48.27092537315849
"DeKalb County, Illinois",100703.0,21.6,70724.0,14.8,6.8,92.7,17,037,17037,0.46771628498727735,0.6094147582697201,0.8683206106870229,0.36430162265351573,0.10353053435114501,48.26567621897363
"Pend Oreille County, Washington",14050.0,19.3,67436.0,14.4,6.1,88.7,53,051,53051,0.21183206106870228,0.5836513994910941,0.8072519083969466,0.4422526248806873,0.3676844783715013,48.25344944417863
"Van Buren County, Michigan",75795.0,22.9,68114.0,14.3,4.2,89.4,26,159,26159,0.6456743002544529,0.5777671755725191,0.451176844783715,0.423162583518931,0.3129770992366412,48.215160067325186
"Alger County, Michigan",8762.0,14.7,61286.0,10.4,6.8,85.4,26,003,26003,0.025763358778625955,0.2800572519083969,0.8683206106870229,0.6213808463251671,0.614821882951654,48.20687901301734
"Hamilton County, Ohio",830774.0,23.0,72470.0,15.0,5.0,91.3,39,061,39061,0.6577608142493638,0.6192748091603053,0.630884223918575,0.3223035316576519,0.17843511450381677,48.173169869794265
"Columbia County, Pennsylvania",65362.0,17.6,64644.0,13.7,6.0,87.8,42,037,42037,0.10861959287531807,0.5357824427480916,0.7969147582697201,0.5272033089405027,0.4379770992366412,48.12994404140547
"Jewell County, Kansas",2916.0,21.2,52634.0,10.6,1.3,81.9,20,089,20089,0.41412213740458015,0.29421119592875317,0.04373409669211196,0.8339166401527203,0.8191793893129771,48.10326918982285
"Aiken County, South Carolina",174160.0,21.5,70609.0,14.3,6.1,91.0,45,003,45003,0.4541984732824427,0.5777671755725191,0.8072519083969466,0.3674832962138085,0.19831424936386766,48.100302056591694
"Jerome County, Idaho",25173.0,29.6,71724.0,12.6,3.6,89.4,16,053,16053,0.9731234096692112,0.45133587786259544,0.32903944020356235,0.33853006681514475,0.3129770992366412,48.100117875743095
"Franklin County, Washington",98902.0,30.9,86714.0,13.1,5.4,92.8,53,021,53021,0.9839376590330788,0.4931615776081425,0.7083333333333334,0.12090359529112316,0.09860050890585237,48.09873348343061
"Polk County, Florida",790694.0,22.0,65978.0,14.5,4.8,90.7,12,105,12105,0.5225826972010178,0.5892175572519084,0.5873091603053435,0.4906140629971365,0.21501272264631044,48.09472400803433
"Monroe County, Wisconsin",46208.0,25.4,69467.0,11.7,3.2,87.1,55,081,55081,0.8885178117048346,0.37929389312977096,0.2506361323155216,0.39325485205217947,0.4925254452926209,48.08456268989855
"Calhoun County, Arkansas",4704.0,19.2,66809.0,10.2,5.6,83.7,05,013,05013,0.20244910941475827,0.2657442748091603,0.7399809160305344,0.4613426662424436,0.7334605597964376,48.05955052586668
"Northampton County, Virginia",12059.0,18.3,61632.0,17.7,3.3,85.5,51,131,51131,0.14567430025445294,0.7660623409669212,0.2695610687022901,0.6118358256442888,0.6079834605597965,48.022339922554984
"Converse County, Wyoming",13762.0,24.0,81558.0,10.6,4.2,84.0,56,009,56009,0.7763994910941476,0.29421119592875317,0.451176844783715,0.16544702513522114,0.7132633587786259,48.00995831440925
"Lincoln County, Oregon",50964.0,15.5,63165.0,15.9,8.0,91.0,41,041,41041,0.04150763358778626,0.6692111959287532,0.9263676844783715,0.565065224307986,0.19831424936386766,48.0093197533353
"Washington County, Kansas",5533.0,24.2,65482.0,9.3,1.1,80.6,20,201,20201,0.7946882951653944,0.20483460559796438,0.03435114503816794,0.5068405981546293,0.8594147582697201,48.00258804451752
"Waynesboro city, Virginia",22841.0,22.4,59994.0,11.2,5.1,91.4,51,820,51820,0.576176844783715,0.33826335877862596,0.6507633587786259,0.662424435252943,0.1717557251908397,47.98767445569499
"Wahkiakum County, Washington",4658.0,17.5,62653.0,17.8,3.5,85.1,53,069,53069,0.10241730279898219,0.7695610687022901,0.307410941475827,0.5828825962456252,0.6364503816793894,47.974445818042284
"Adair County, Iowa",7460.0,22.9,68092.0,9.5,4.0,84.3,19,001,19001,0.6456743002544529,0.21755725190839695,0.4150763358778626,0.4239580019090041,0.6957697201017812,47.96071220102995
"Ida County, Iowa",6911.0,24.3,63073.0,11.3,2.4,86.4,19,093,19093,0.8034351145038168,0.3473282442748092,0.1294529262086514,0.5688832325803372,0.5483460559796438,47.94891147094516
"Owyhee County, Idaho",12503.0,24.4,64406.0,12.2,2.0,86.5,16,073,16073,0.813295165394402,0.4211195928753181,0.08889949109414758,0.5342029907731467,0.5399173027989822,47.948690858719935
"Holt County, Nebraska",10102.0,25.8,68513.0,11.7,0.9,84.7,31,089,31089,0.9085559796437659,0.37929389312977096,0.02608142493638677,0.41298122812599425,0.6696882951653944,47.93201642002625
"Staunton city, Virginia",25948.0,19.3,65581.0,12.4,5.3,86.3,51,790,51790,0.21183206106870228,0.4378180661577608,0.6868638676844784,0.5039770919503659,0.5555025445292621,47.91987262781139
"Walker County, Georgia",68762.0,21.2,59469.0,13.3,3.9,88.3,13,295,13295,0.41412213740458015,0.5092239185750637,0.3969465648854962,0.6761056315622017,0.3986959287531806,47.901883623610445
"Coos County, Oregon",64827.0,17.6,62143.0,16.1,6.0,90.8,41,011,41011,0.10861959287531807,0.6808206106870229,0.7969147582697201,0.5997454661151767,0.208969465648855,47.90139787192185
"Jefferson County, Kentucky",783022.0,22.3,69866.0,14.3,5.2,90.9,21,111,21111,0.5629770992366412,0.5777671755725191,0.6680979643765903,0.38307349665924273,0.20308524173027986,47.900019551505466
"Mason County, Michigan",29207.0,19.6,64748.0,14.1,4.5,86.5,26,105,26105,0.24013994910941475,0.5661577608142494,0.5225826972010178,0.5256124721603563,0.5399173027989822,47.88820364168041
"Washington County, Ohio",58978.0,19.8,63603.0,13.7,4.8,87.5,39,167,39167,0.25699745547073793,0.5357824427480916,0.5873091603053435,0.5542475342029908,0.4584923664122137,47.85657918278755
"Marshall County, Indiana",46284.0,24.5,71808.0,11.7,2.6,84.3,18,099,18099,0.8228371501272265,0.37929389312977096,0.15505725190839695,0.33757556474705697,0.6957697201017812,47.81067160028466
"Whiteside County, Illinois",54947.0,22.0,67500.0,12.0,4.4,86.7,17,195,17195,0.5225826972010178,0.4053753180661578,0.4969783715012723,0.4395482023544385,0.5249681933842238,47.7890556501422
"Wayne County, Pennsylvania",51262.0,16.4,62381.0,12.1,6.0,86.7,42,127,42127,0.062340966921119595,0.4128498727735369,0.7969147582697201,0.5914731148584156,0.5249681933842238,47.770938124140315
"Coryell County, Texas",84748.0,22.5,71301.0,11.2,7.1,90.6,48,099,48099,0.5912849872773537,0.33826335877862596,0.8861323155216285,0.35030225898822775,0.2221692111959288,47.763042635235294
"Franklin County, Maine",30413.0,17.1,58675.0,12.2,4.6,85.1,23,007,23007,0.08412849872773537,0.4211195928753181,0.5437340966921119,0.7018771874005727,0.6364503816793894,47.74619514750255
"Webster County, Iowa",36886.0,21.4,68975.0,12.9,4.8,87.3,19,187,19187,0.4419529262086514,0.4767811704834606,0.5873091603053435,0.40327712376710145,0.476940203562341,47.72521168653796
"Childress County, Texas",6743.0,20.2,58654.0,15.3,0.5,83.7,48,075,48075,0.2969147582697201,0.636291348600509,0.015108142493638677,0.7028316894686606,0.7334605597964376,47.692129972579316
"Calhoun County, Texas",19868.0,22.7,79959.0,7.7,7.4,86.0,48,057,48057,0.6194338422391857,0.1005089058524173,0.9026717557251909,0.186446070633153,0.5752226463104326,47.6856644152076
"Pulaski County, Virginia",33687.0,17.8,62028.0,14.4,3.2,81.7,51,155,51155,0.1203880407124682,0.5836513994910941,0.2506361323155216,0.6022908049634108,0.8272900763358779,47.68512907636745
"Steele County, North Dakota",1804.0,21.8,77500.0,12.9,3.3,77.7,38,091,38091,0.49300254452926207,0.4767811704834606,0.2695610687022901,0.22144447979637294,0.9220737913486006,47.65726109719973
"Gratiot County, Michigan",41385.0,19.5,63556.0,14.0,4.2,85.9,26,057,26057,0.23139312977099236,0.559001272264631,0.451176844783715,0.5552020362710786,0.5826972010178118,47.58940968216457
"Saline County, Kansas",53668.0,22.7,65422.0,11.9,4.8,90.0,20,169,20169,0.6194338422391857,0.39774173027989823,0.5873091603053435,0.5093859370028635,0.2652671755725191,47.58275690799619
"Owen County, Indiana",21604.0,20.3,62464.0,12.3,3.0,81.2,18,119,18119,0.3080470737913486,0.43018447837150126,0.209764631043257,0.5879732739420935,0.8423982188295165,47.56735351955433
"Passaic County, New Jersey",521012.0,23.6,87522.0,13.0,8.0,92.5,34,031,34031,0.7368002544529262,0.48520992366412213,0.9263676844783715,0.11422208081450846,0.11561704834605602,47.56433983511969
"Clinton County, Iowa",46268.0,22.9,66981.0,13.2,3.4,87.2,19,045,19045,0.6456743002544529,0.5019083969465649,0.2876908396946565,0.45657015590200445,0.4848918575063613,47.53471100608079
"Fayette County, Iowa",19288.0,21.4,60165.0,12.0,3.2,85.3,19,065,19065,0.4419529262086514,0.4053753180661578,0.2506361323155216,0.6573337575564747,0.6207061068702291,47.5200848203407
"Monroe County, Indiana",140965.0,15.7,65868.0,19.7,5.5,90.0,18,105,18105,0.04596055979643766,0.8411259541984732,0.7263040712468194,0.495227489659561,0.2652671755725191,47.4777050094762
"Marquette County, Michigan",67112.0,17.5,65429.0,14.0,4.6,84.8,26,103,26103,0.10241730279898219,0.559001272264631,0.5437340966921119,0.5081132675787464,0.6603053435114503,47.471425656918434
"McKean County, Pennsylvania",39904.0,19.4,62905.0,13.7,4.9,87.9,42,083,42083,0.22264631043256997,0.5357824427480916,0.6102099236641222,0.5742920776328349,0.42970737913486,47.45276267224957
"Oneida County, New York",229124.0,21.4,70154.0,15.5,4.6,88.8,36,065,36065,0.4419529262086514,0.6491730279898219,0.5437340966921119,0.37702831689468663,0.3597328244274809,47.43242384425505
"Osceola County, Florida",427415.0,23.9,72637.0,12.8,5.4,92.6,12,097,12097,0.767175572519084,0.46803435114503816,0.7083333333333334,0.31912185809735916,0.10861959287531808,47.42569415940266
"Scott County, Missouri",37933.0,24.0,62782.0,12.8,2.9,88.9,29,201,29201,0.7763994910941476,0.46803435114503816,0.19545165394402036,0.5800190900413618,0.3513040712468194,47.424173149427745
"Norman County, Minnesota",6367.0,23.3,72260.0,10.1,5.3,88.3,27,107,27107,0.6999045801526718,0.25842875318066155,0.6868638676844784,0.32675787464206174,0.3986959287531806,47.413020088261085
"Eddy County, North Dakota",2307.0,20.9,50850.0,14.2,2.5,88.1,38,027,38027,0.37754452926208654,0.5722010178117048,0.1410623409669211,0.8660515431116768,0.41364503816793896,47.41008938640657
"Menominee County, Michigan",23247.0,17.4,56435.0,12.2,4.2,85.0,26,109,26109,0.09637404580152671,0.4211195928753181,0.451176844783715,0.756761056315622,0.6447201017811706,47.40303283114705
"Chippewa County, Michigan",36295.0,17.6,62217.0,14.0,5.2,87.8,26,033,26033,0.10861959287531807,0.559001272264631,0.6680979643765903,0.5959274578428253,0.4379770992366412,47.392467731920114
"Leon County, Florida",297542.0,18.5,66287.0,18.7,5.7,91.4,12,073,12073,0.15696564885496184,0.8074109414758269,0.7528625954198473,0.4766146993318485,0.1717557251908397,47.31219220546649
"Shenandoah County, Virginia",44925.0,21.1,67191.0,11.8,4.8,86.5,51,171,51171,0.3991730279898219,0.38915394402035625,0.5873091603053435,0.44957047406936046,0.5399173027989822,47.30247818367729
"Dickey County, North Dakota",4935.0,22.8,68654.0,11.8,4.1,87.0,38,021,38021,0.6332697201017812,0.38915394402035625,0.43209287531806617,0.4094813872096723,0.500795165394402,47.29586184088556
"Emery County, Utah",10046.0,27.9,74291.0,12.5,3.6,88.9,49,015,49015,0.9570610687022901,0.4443384223918575,0.32903944020356235,0.2817371937639198,0.3513040712468194,47.269603926168976
"Franklin County, Nebraska",2846.0,20.2,60195.0,12.3,2.7,82.2,31,061,31061,0.2969147582697201,0.43018447837150126,0.17032442748091603,0.6560610881323576,0.807410941475827,47.217913874606445
"Ray County, Missouri",23145.0,22.8,74573.0,12.6,3.4,84.0,29,177,29177,0.6332697201017812,0.45133587786259544,0.2876908396946565,0.2748965956092905,0.7132633587786259,47.20912784093898
"Kankakee County, Illinois",106635.0,22.8,71281.0,12.2,4.9,89.0,17,091,17091,0.6332697201017812,0.4211195928753181,0.6102099236641222,0.35221126312440343,0.34319338422391854,47.20007767979087
"Cheboygan County, Michigan",25865.0,15.3,62875.0,12.4,6.1,87.0,26,031,26031,0.035623409669211195,0.4378180661577608,0.8072519083969466,0.5755647470569519,0.500795165394402,47.14106593350545
"Becker County, Minnesota",35343.0,23.3,71388.0,12.9,4.3,88.8,27,005,27005,0.6999045801526718,0.4767811704834606,0.4720101781170484,0.34791600381800825,0.3597328244274809,47.1268951399734
"Beadle County, South Dakota",19309.0,28.0,67681.0,13.6,1.9,88.9,46,005,46005,0.9580152671755725,0.5291030534351145,0.08158396946564886,0.4352529430480433,0.3513040712468194,47.105186087423974
"Antelope County, Nebraska",6305.0,24.8,66105.0,9.2,1.7,83.3,31,003,31003,0.8462150127226463,0.19576972010178118,0.06615776081424936,0.4855233853006682,0.7566793893129771,47.00690536504645
"Vanderburgh County, Indiana",180117.0,21.7,61648.0,14.3,4.2,90.5,18,163,18163,0.481234096692112,0.5777671755725191,0.451176844783715,0.6108813235762011,0.22916666666666663,47.00452214582428
"Pleasants County, West Virginia",7521.0,19.5,60932.0,11.6,8.5,91.4,54,073,54073,0.23139312977099236,0.36959287531806617,0.9411577608142494,0.6360165447025135,0.1717557251908397,46.998320715933225
"Audubon County, Iowa",5599.0,21.6,58229.0,11.8,1.3,83.7,19,009,19009,0.46771628498727735,0.38915394402035625,0.04373409669211196,0.7133312122176265,0.7334605597964376,46.9479219542762
"Woodson County, Kansas",3109.0,20.5,50326.0,12.4,1.6,85.0,20,207,20207,0.32840330788804073,0.4378180661577608,0.059955470737913484,0.8762328985046134,0.6447201017811706,46.94259690138998
"Lincoln County, Kansas",2923.0,21.1,57500.0,11.3,2.4,83.6,20,105,20105,0.3991730279898219,0.3473282442748092,0.1294529262086514,0.7311485841552656,0.739821882951654,46.93849331160404
"Lee County, Alabama",181134.0,20.9,65824.0,18.9,3.5,88.9,01,081,01081,0.37754452926208654,0.813295165394402,0.307410941475827,0.4969774101177219,0.3513040712468194,46.93064234993714
"Escambia County, Florida",325923.0,20.9,67500.0,14.7,5.9,91.9,12,033,12033,0.37754452926208654,0.6030534351145038,0.7818066157760815,0.4395482023544385,0.1444020356234097,46.92709636261039
"Grant County, West Virginia",10983.0,19.6,62361.0,13.3,3.3,83.7,54,023,54023,0.24013994910941475,0.5092239185750637,0.2695610687022901,0.5917912822144449,0.7334605597964376,46.883535567953025
"Sullivan County, Pennsylvania",5888.0,10.4,69764.0,11.6,5.8,81.9,42,113,42113,0.003498727735368957,0.36959287531806617,0.7662213740458015,0.3856188355074769,0.8191793893129771,46.88222403839381
"Marshall County, Kentucky",31743.0,20.1,65831.0,12.3,4.5,85.5,21,157,21157,0.2857824427480916,0.43018447837150126,0.5225826972010178,0.4966592427616926,0.6079834605597965,46.863846432841996
"Hancock County, Mississippi",46167.0,19.2,67708.0,13.8,5.0,86.6,28,045,28045,0.20244910941475827,0.5429389312977099,0.630884223918575,0.4339802736239262,0.5322837150127226,46.85072506535384
"Pickens County, South Carolina",134629.0,18.6,61064.0,17.2,3.6,87.3,45,077,45077,0.16316793893129772,0.7417302798982188,0.32903944020356235,0.6312440343620744,0.476940203562341,46.84243793914988
"Blair County, Pennsylvania",121277.0,20.1,62382.0,12.0,4.4,86.2,42,013,42013,0.2857824427480916,0.4053753180661578,0.4969783715012723,0.5909958638243716,0.5618638676844784,46.81991727648743
"Payette County, Idaho",26771.0,25.5,67673.0,10.2,3.2,87.1,16,075,16075,0.8950381679389313,0.2657442748091603,0.2506361323155216,0.4358892777601018,0.4925254452926209,46.79666596232672
"Forest County, Pennsylvania",6715.0,3.7,52191.0,11.9,2.5,74.8,42,053,42053,0.0009541984732824427,0.39774173027989823,0.1410623409669211,0.8425071587655106,0.9564249363867684,46.77380729744762
"Polk County, North Carolina",19891.0,15.3,67758.0,14.0,5.1,84.8,37,149,37149,0.035623409669211195,0.559001272264631,0.6507633587786259,0.43207126948775054,0.6603053435114503,46.75529307423337
"Lander County, Nevada",5770.0,27.6,89014.0,10.7,9.4,95.2,32,015,32015,0.9527671755725191,0.3016857506361323,0.961354961832061,0.10372255806554243,0.017970737913486023,46.75002368039481
"Forest County, Wisconsin",9369.0,19.3,61071.0,15.2,2.9,84.7,55,041,55041,0.21183206106870228,0.6291348600508906,0.19545165394402036,0.6309258670060451,0.6696882951653944,46.740654744701054
"Northumberland County, Pennsylvania",90560.0,19.7,60583.0,12.6,3.7,85.1,42,097,42097,0.24920483460559797,0.45133587786259544,0.35225826972010177,0.6468342348075087,0.6364503816793894,46.72167197350387
"Boone County, Arkansas",38138.0,22.5,55143.0,11.7,2.5,87.8,05,009,05009,0.5912849872773537,0.37929389312977096,0.1410623409669211,0.7849188673242126,0.4379770992366412,46.69074375869799
"Green Lake County, Wisconsin",19263.0,21.7,68196.0,13.8,2.8,84.1,55,047,55047,0.481234096692112,0.5429389312977099,0.1830470737913486,0.41998090995863824,0.7069020356234097,46.68206094726436
"Mercer County, Kentucky",23028.0,21.8,64824.0,10.7,4.4,86.8,21,167,21167,0.49300254452926207,0.3016857506361323,0.4969783715012723,0.5243398027362393,0.5165394402035624,46.65091819212937
"Shawnee County, Kansas",178025.0,23.1,67104.0,12.7,4.1,89.4,20,177,20177,0.6720737913486005,0.4599236641221374,0.43209287531806617,0.453706649697741,0.3129770992366412,46.61548159446372
"Gove County, Kansas",2799.0,25.2,66029.0,5.1,2.6,82.4,20,063,20063,0.8737277353689568,0.015426208651399492,0.15505725190839695,0.48870505886096083,0.7977099236641221,46.61252356907673
"Marshall County, Kansas",9993.0,24.2,68419.0,11.3,2.0,84.5,20,117,20117,0.7946882951653944,0.3473282442748092,0.08889949109414758,0.4155265669742284,0.6836832061068703,46.602516072308994
"Pope County, Illinois",3739.0,14.4,60050.0,13.3,2.8,74.9,17,151,17151,0.021628498727735368,0.5092239185750637,0.1830470737913486,0.6605154311167674,0.9553117048346056,46.59453254091041
"Salem County, New Jersey",65275.0,21.9,79960.0,12.7,7.4,89.9,34,033,34033,0.5069974554707379,0.4599236641221374,0.9026717557251909,0.1861279032771238,0.2725826972010178,46.566069515924156
"Martin County, Indiana",9830.0,21.8,68594.0,16.3,2.4,85.6,18,101,18101,0.49300254452926207,0.6930661577608143,0.1294529262086514,0.4110722239898187,0.6014631043256997,46.561139136284936
"Cassia County, Idaho",25483.0,30.9,70830.0,12.4,2.4,88.1,16,031,16031,0.9839376590330788,0.4378180661577608,0.1294529262086514,0.3614381164492523,0.41364503816793896,46.52583612033364
"Seneca County, New York",32920.0,20.3,68089.0,13.5,4.5,86.4,36,099,36099,0.3080470737913486,0.5225826972010178,0.5225826972010178,0.42443525294304807,0.5483460559796438,46.51987554232152
"Carbon County, Pennsylvania",65382.0,18.9,67554.0,12.3,7.5,88.7,42,025,42025,0.18145674300254452,0.43018447837150126,0.9077608142493638,0.43875278396436523,0.3676844783715013,46.516785959185526
"Clark County, Idaho",849.0,28.5,55208.0,11.7,2.1,92.8,16,033,16033,0.9637404580152672,0.37929389312977096,0.09716921119592875,0.7841234489341393,0.09860050890585237,46.45855040361918
"Warren County, Pennsylvania",37920.0,19.6,60480.0,10.8,4.4,85.2,42,123,42123,0.24013994910941475,0.30820610687022904,0.4969783715012723,0.6500159083678014,0.6273854961832062,46.454516640638474
"Cass County, Minnesota",30992.0,20.0,68874.0,12.8,6.6,89.3,27,021,27021,0.27512722646310434,0.46803435114503816,0.8530534351145038,0.4056633789373211,0.3193384223918575,46.4243362810365
"Delta County, Michigan",36813.0,19.1,57809.0,12.7,4.2,87.1,26,041,26041,0.1944974554707379,0.4599236641221374,0.451176844783715,0.7228762328985046,0.4925254452926209,46.41999285135432
"Greene County, Missouri",303375.0,20.8,61479.0,13.6,3.4,86.7,29,077,29077,0.3638676844783715,0.5291030534351145,0.2876908396946565,0.6146993318485523,0.5249681933842238,46.406582056818365
"Panola County, Texas",22726.0,23.1,64894.0,11.2,2.5,85.0,48,365,48365,0.6720737913486005,0.33826335877862596,0.1410623409669211,0.5227489659560929,0.6447201017811706,46.37737117662822
"Young County, Texas",18029.0,23.0,68010.0,16.5,3.5,90.6,48,503,48503,0.6577608142493638,0.7040394402035624,0.307410941475827,0.42666242443525293,0.2221692111959288,46.3608566311987
"Lawrence County, Indiana",45102.0,21.2,66468.0,12.2,3.5,84.1,18,093,18093,0.41412213740458015,0.4211195928753181,0.307410941475827,0.46834234807508746,0.7069020356234097,46.35794110908445
"Del Norte County, California",27107.0,20.9,67058.0,12.9,6.4,91.4,06,015,06015,0.37754452926208654,0.4767811704834606,0.8358778625954199,0.45529748647788737,0.1717557251908397,46.34513548019388
"Burnett County, Wisconsin",16916.0,15.7,62819.0,12.8,4.9,85.4,55,013,55013,0.04596055979643766,0.46803435114503816,0.6102099236641222,0.5781100859051862,0.614821882951654,46.34273606924877
"Ocean County, New Jersey",654362.0,25.0,89863.0,10.5,5.4,88.7,34,029,34029,0.8584605597964376,0.28641857506361323,0.7083333333333334,0.09608654152083995,0.3676844783715013,46.339669761714504
"Edgar County, Illinois",16535.0,19.8,59941.0,12.0,4.4,87.1,17,045,17045,0.25699745547073793,0.4053753180661578,0.4969783715012723,0.664651606745148,0.4925254452926209,46.33056394151874
"Caroline County, Virginia",32098.0,22.7,87407.0,11.2,5.3,86.3,51,033,51033,0.6194338422391857,0.33826335877862596,0.6868638676844784,0.11549475023862554,0.5555025445292621,46.311167269403555
"Van Zandt County, Texas",62649.0,23.0,69475.0,11.1,3.5,85.2,48,467,48467,0.6577608142493638,0.32840330788804073,0.307410941475827,0.3926185173401209,0.6273854961832062,46.27158154273117
"Davidson County, North Carolina",172954.0,21.7,64172.0,12.8,4.1,88.4,37,057,37057,0.481234096692112,0.46803435114503816,0.43209287531806617,0.5383391664015271,0.39153944020356235,46.22479859520611
"Mower County, Minnesota",40343.0,25.5,73074.0,10.4,3.9,87.9,27,099,27099,0.8950381679389313,0.2800572519083969,0.3969465648854962,0.30703149856824685,0.42970737913486,46.17561724871862
"Marshall County, Tennessee",36049.0,23.4,71049.0,11.8,3.9,87.6,47,117,47117,0.7115139949109415,0.38915394402035625,0.3969465648854962,0.35793827553293034,0.4516539440203562,46.14413446740161
"Brule County, South Dakota",5283.0,24.3,73720.0,10.7,1.5,80.9,46,015,46015,0.8034351145038168,0.3016857506361323,0.05407124681933842,0.2971683105313395,0.8506679389312977,46.14056722843849
"Cumberland County, Virginia",9818.0,19.5,55325.0,8.5,3.3,79.9,51,049,51049,0.23139312977099236,0.14790076335877864,0.2695610687022901,0.7804645243398027,0.8772264631043257,46.13091898552379
"Curry County, Oregon",23381.0,14.1,62244.0,15.2,5.8,89.6,41,015,41015,0.018447837150127225,0.6291348600508906,0.7662213740458015,0.5946547884187082,0.2962786259541985,46.094749712394524
"Washington County, Tennessee",136261.0,18.7,62809.0,15.5,4.7,89.0,47,179,47179,0.169529262086514,0.6491730279898219,0.5639312977099237,0.5784282532612154,0.34319338422391854,46.08510450542786
"Tom Green County, Texas",119577.0,23.7,68370.0,11.1,3.7,87.5,48,451,48451,0.7477735368956743,0.32840330788804073,0.35225826972010177,0.4171174037543748,0.4584923664122137,46.080897693408104
"Kidder County, North Dakota",2377.0,22.0,65610.0,10.2,1.5,74.6,38,043,38043,0.5225826972010178,0.2657442748091603,0.05407124681933842,0.5027044225262488,0.9583333333333334,46.06871949378197
"Coos County, New Hampshire",31271.0,16.0,57677.0,13.2,4.3,86.4,33,007,33007,0.05184478371501272,0.5019083969465649,0.4720101781170484,0.7282850779510022,0.5483460559796438,46.04788985418544
"Moultrie County, Illinois",14424.0,25.2,71784.0,9.2,2.2,82.6,17,139,17139,0.8737277353689568,0.19576972010178118,0.10607506361323155,0.33789373210308626,0.7883269720101781,46.035864463944684
"Clark County, Nevada",2329548.0,22.2,76472.0,13.0,7.6,92.5,32,003,32003,0.5494592875318066,0.48520992366412213,0.9126908396946565,0.23862551702195356,0.11561704834605602,46.0320523251719
"Alfalfa County, Oklahoma",5696.0,18.3,64615.0,16.5,4.3,87.6,40,003,40003,0.14567430025445294,0.7040394402035624,0.4720101781170484,0.5281578110085905,0.4516539440203562,46.0307134720802
"Somerset County, Maine",50959.0,18.4,58179.0,14.2,3.5,86.3,23,025,23025,0.15108142493638677,0.5722010178117048,0.307410941475827,0.7152402163538021,0.5555025445292621,46.02872290213965
"Stafford County, Kansas",3978.0,24.3,64226.0,10.5,2.5,86.6,20,185,20185,0.8034351145038168,0.28641857506361323,0.1410623409669211,0.5370664969774102,0.5322837150127226,46.00532485048968
"Shasta County, California",181436.0,21.6,72636.0,13.3,6.3,91.3,06,089,06089,0.46771628498727735,0.5092239185750637,0.8249045801526718,0.31944002545338845,0.17843511450381677,45.99439847344436
"Effingham County, Georgia",69143.0,26.4,88438.0,6.8,5.5,87.3,13,103,13103,0.9282760814249363,0.05947837150127226,0.7263040712468194,0.10817690104995226,0.476940203562341,45.98351257570642
"Pipestone County, Minnesota",9284.0,26.9,69628.0,10.5,3.2,87.9,27,117,27117,0.9408396946564885,0.28641857506361323,0.2506361323155216,0.3897550111358574,0.42970737913486,45.94713584612683
"Des Moines County, Iowa",38487.0,22.2,62928.0,12.8,3.1,87.3,19,057,19057,0.5494592875318066,0.46803435114503816,0.22853053435114504,0.5736557429207763,0.476940203562341,45.932402390222144
"Ralls County, Missouri",10428.0,21.2,65388.0,11.4,4.8,87.9,29,173,29173,0.41412213740458015,0.3549618320610687,0.5873091603053435,0.5103404390709514,0.42970737913486,45.92881895953608
"Lauderdale County, Alabama",95830.0,19.4,62649.0,12.2,4.1,85.1,01,077,01077,0.22264631043256997,0.4211195928753181,0.43209287531806617,0.583359847279669,0.6364503816793894,45.91338015170025
"Pottawattamie County, Iowa",93424.0,22.9,73602.0,12.1,3.8,86.2,19,155,19155,0.6456743002544529,0.4128498727735369,0.37515903307888043,0.2993954820235444,0.5618638676844784,45.89885111629786
"Morrison County, Minnesota",34249.0,23.0,69446.0,11.0,4.0,86.9,27,097,27097,0.6577608142493638,0.3196564885496183,0.4150763358778626,0.39420935412026725,0.5081106870229007,45.896273596400256
"Granville County, North Carolina",60877.0,20.7,71111.0,15.2,4.6,88.1,37,077,37077,0.35162213740458015,0.6291348600508906,0.5437340966921119,0.35634743875278396,0.41364503816793896,45.88967142136611
"Itasca County, Minnesota",45275.0,20.2,68603.0,12.2,5.9,88.5,27,061,27061,0.2969147582697201,0.4211195928753181,0.7818066157760815,0.4107540566337894,0.3834287531806616,45.880475534711415
"Carbon County, Wyoming",14463.0,22.4,70511.0,12.2,5.0,89.6,56,007,56007,0.576176844783715,0.4211195928753181,0.630884223918575,0.36907413299395486,0.2962786259541985,45.870668410515236
"Barber County, Kansas",4069.0,22.9,61926.0,11.8,1.2,85.4,20,007,20007,0.6456743002544529,0.38915394402035625,0.038326972010178116,0.604836143811645,0.614821882951654,45.85626486096572
"Hardeman County, Texas",3501.0,21.3,63333.0,10.7,2.4,80.2,48,197,48197,0.42907124681933845,0.3016857506361323,0.1294529262086514,0.5618835507476934,0.869910941475827,45.840088317752844
"Kenai Peninsula Borough, Alaska",60413.0,22.0,80538.0,11.8,7.0,89.3,02,122,02122,0.5225826972010178,0.38915394402035625,0.8804071246819338,0.17944638880050912,0.3193384223918575,45.818571541913485
"Mariposa County, California",17082.0,17.2,68412.0,14.0,6.0,87.9,06,043,06043,0.08810432569974555,0.559001272264631,0.7969147582697201,0.416162901686287,0.42970737913486,45.79781274110488
"Jackson County, Iowa",19390.0,22.2,74186.0,9.7,5.1,86.0,19,097,19097,0.5494592875318066,0.22916666666666666,0.6507633587786259,0.2850779510022272,0.5752226463104326,45.793798205795184
"Scotland County, Missouri",4686.0,29.9,68913.0,7.3,0.2,81.9,29,199,29199,0.9766221374045801,0.07999363867684478,0.008905852417302799,0.4047088768692332,0.8191793893129771,45.788197893618765
"Darke County, Ohio",51594.0,23.6,64486.0,11.0,2.8,86.8,39,037,39037,0.7368002544529262,0.3196564885496183,0.1830470737913486,0.531021317212854,0.5165394402035624,45.741291484206194
"Crawford County, Wisconsin",16042.0,19.2,64094.0,13.8,3.1,83.0,55,023,55023,0.20244910941475827,0.5429389312977099,0.22853053435114504,0.5402481705377029,0.7709923664122138,45.7031822402706
"Langlade County, Wisconsin",19490.0,19.1,55878.0,13.5,3.5,87.1,55,067,55067,0.1944974554707379,0.5225826972010178,0.307410941475827,0.766783328030544,0.4925254452926209,45.675997349414956
"Bernalillo County, New Mexico",673930.0,20.3,69473.0,15.2,5.3,90.0,35,001,35001,0.3080470737913486,0.6291348600508906,0.6868638676844784,0.3929366846961502,0.2652671755725191,45.644993235907734
"Sevier County, Tennessee",99652.0,20.8,62581.0,13.5,3.3,86.5,47,155,47155,0.3638676844783715,0.5225826972010178,0.2695610687022901,0.5851097677378301,0.5399173027989822,45.62077041836983
"Marion County, Oregon",349244.0,23.5,77351.0,13.0,5.3,91.6,41,047,41047,0.7240776081424937,0.48520992366412213,0.6868638676844784,0.22462615335666558,0.15982824427480913,45.61211594245139
"Aurora County, South Dakota",2642.0,25.5,72885.0,10.6,1.2,83.6,46,003,46003,0.8950381679389313,0.29421119592875317,0.038326972010178116,0.3114858415526567,0.739821882951654,45.57768120764346
"Shackelford County, Texas",3175.0,20.7,73047.0,9.5,7.5,87.1,48,417,48417,0.35162213740458015,0.21755725190839695,0.9077608142493638,0.30766783328030545,0.4925254452926209,45.542669642705334
"Lewis County, Washington",85154.0,21.6,74796.0,12.2,5.3,87.9,53,041,53041,0.46771628498727735,0.4211195928753181,0.6868638676844784,0.2717149220489977,0.42970737913486,45.542440934618625
"Wells County, North Dakota",3890.0,23.4,66114.0,9.1,2.0,82.3,38,103,38103,0.7115139949109415,0.18845419847328243,0.08889949109414758,0.48472796691059494,0.8026399491094147,45.52471200996762
"Oldham County, Texas",2249.0,38.6,79900.0,20.7,1.7,91.7,48,359,48359,0.9987277353689568,0.8695928753180662,0.06615776081424936,0.18771874005727007,0.15362595419847325,45.51646131514032
"Defiance County, Ohio",38343.0,22.5,73064.0,10.5,5.2,88.0,39,039,39039,0.5912849872773537,0.28641857506361323,0.6680979643765903,0.30734966592427615,0.4212786259541985,45.48859637192063
"Custer County, Nebraska",10518.0,24.3,67906.0,7.1,2.6,82.0,31,041,31041,0.8034351145038168,0.07172391857506362,0.15505725190839695,0.4295259306395164,0.8144083969465649,45.48301225146717
"Roberts County, Texas",832.0,27.2,67868.0,5.6,0.5,80.8,48,393,48393,0.946882951653944,0.026717557251908396,0.015108142493638677,0.43079860006363346,0.8533715012722647,45.45757505470778
"Moore County, Tennessee",6674.0,19.6,66469.0,8.0,4.5,77.4,47,127,47127,0.24013994910941475,0.11513994910941476,0.5225826972010178,0.46802418071905827,0.9262086513994912,45.44190855076794
"Brown County, Nebraska",2869.0,20.1,54676.0,13.4,1.7,85.5,31,017,31017,0.2857824427480916,0.5157442748091603,0.06615776081424936,0.7931912185809735,0.6079834605597965,45.37718315024543
"Plaquemines Parish, Louisiana",22803.0,24.6,86315.0,12.9,4.2,88.5,22,075,22075,0.8322201017811705,0.4767811704834606,0.451176844783715,0.12472160356347439,0.3834287531806616,45.36656947584964
"Champaign County, Illinois",208741.0,19.1,63683.0,19.1,4.3,90.5,17,019,17019,0.1944974554707379,0.8209287531806616,0.4720101781170484,0.5517021953547566,0.22916666666666663,45.36610497579742
"Clinton County, Missouri",21414.0,23.2,70627.0,12.3,3.0,86.0,29,049,29049,0.6871819338422391,0.43018447837150126,0.209764631043257,0.3658924594336621,0.5752226463104326,45.36492298002184
"Bland County, Virginia",6199.0,13.8,61216.0,13.6,2.3,70.5,51,021,51021,0.014790076335877863,0.5291030534351145,0.11752544529262086,0.6242443525294306,0.9817111959287532,45.34748247043594
"Beaver County, Oklahoma",5028.0,24.6,64276.0,13.3,2.6,90.4,40,007,40007,0.8322201017811705,0.5092239185750637,0.15505725190839695,0.535793827553293,0.23505089058524176,45.34691980806332
"Howard County, Missouri",10147.0,21.2,65938.0,12.0,3.7,85.6,29,089,29089,0.41412213740458015,0.4053753180661578,0.35225826972010177,0.49315940184537066,0.6014631043256997,45.3275646272382
"Knox County, Indiana",36007.0,21.6,61237.0,13.7,3.1,88.2,18,083,18083,0.46771628498727735,0.5357824427480916,0.22853053435114504,0.6239261851734013,0.4069656488549618,45.258421922297536
"Mitchell County, Kansas",5779.0,22.9,64246.0,12.2,0.1,84.9,20,123,20123,0.6456743002544529,0.4211195928753181,0.007792620865139949,0.5361119949093223,0.6521946564885497,45.25786330785566
"Orleans County, New York",39608.0,18.8,65969.0,12.7,5.1,87.2,36,073,36073,0.17573155216284989,0.4599236641221374,0.6507633587786259,0.4909322303531658,0.4848918575063613,45.24485325846281
"Hart County, Georgia",26939.0,20.3,59385.0,11.9,3.4,85.8,13,147,13147,0.3080470737913486,0.39774173027989823,0.2876908396946565,0.679923639834553,0.5885814249363868,45.23969417073686
"Kiowa County, Colorado",1376.0,21.7,58618.0,11.8,0.1,84.6,08,061,08061,0.481234096692112,0.38915394402035625,0.007792620865139949,0.7044225262488069,0.6777989821882952,45.20804340029421
"Harvey County, Kansas",33756.0,23.5,74368.0,8.2,4.8,86.5,20,079,20079,0.7240776081424937,0.1272264631043257,0.5873091603053435,0.2799872733057588,0.5399173027989822,45.17035615313808
"Bowman County, North Dakota",2906.0,24.7,72109.0,13.4,3.1,89.0,38,011,38011,0.8396946564885496,0.5157442748091603,0.22853053435114504,0.330575882914413,0.34319338422391854,45.15477465574372
"Guilford County, North Carolina",547940.0,22.0,68642.0,14.6,4.6,91.2,37,081,37081,0.5225826972010178,0.5957379134860051,0.5437340966921119,0.4097995545657016,0.1854325699745547,45.145736638387824
"Logan County, North Dakota",1819.0,20.9,62750.0,12.4,1.7,82.5,38,047,38047,0.37754452926208654,0.4378180661577608,0.06615776081424936,0.5809735921094495,0.7927798982188295,45.10547693124751
"St. Charles Parish, Louisiana",51396.0,24.1,80897.0,11.7,6.7,93.8,22,089,22089,0.785941475826972,0.37929389312977096,0.8608460559796438,0.1727648743238943,0.05454834605597969,45.06789290632522
"Montgomery County, Tennessee",234153.0,26.8,75613.0,11.3,5.1,93.6,47,125,47125,0.9389312977099237,0.3473282442748092,0.6507633587786259,0.2551702195354757,0.06059160305343514,45.05569446704539
"Henderson County, Kentucky",44280.0,22.6,58851.0,14.6,2.5,90.7,21,101,21101,0.6057569974554707,0.5957379134860051,0.1410623409669211,0.6950365892459434,0.21501272264631044,45.052131276013014
"Irion County, Texas",1409.0,23.4,70357.0,10.8,0.4,81.1,48,235,48235,0.7115139949109415,0.30820610687022904,0.012881679389312978,0.3735284759783646,0.8455788804071247,45.03418275111946
"Clinton County, Indiana",32944.0,26.9,65019.0,9.8,2.6,88.3,18,023,18023,0.9408396946564885,0.23807251908396945,0.15505725190839695,0.5189309576837416,0.3986959287531806,45.03192704171554
"Taylor County, Iowa",5868.0,22.7,67740.0,11.0,2.9,84.5,19,173,19173,0.6194338422391857,0.3196564885496183,0.19545165394402036,0.43270760419980914,0.6836832061068703,45.01865590079008
"Freeborn County, Minnesota",30623.0,21.8,71023.0,10.6,4.6,86.3,27,047,27047,0.49300254452926207,0.29421119592875317,0.5437340966921119,0.3585746102449888,0.5555025445292621,44.90049983848756
"Stutsman County, North Dakota",21549.0,20.1,61856.0,12.6,4.0,87.2,38,093,38093,0.2857824427480916,0.45133587786259544,0.4150763358778626,0.6070633153038498,0.4848918575063613,44.88299658597522
"Linn County, Oregon",130706.0,22.0,76329.0,13.0,6.0,91.0,41,043,41043,0.5225826972010178,0.48520992366412213,0.7969147582697201,0.24085268851415842,0.19831424936386766,44.87748634025772
"Morris County, Kansas",5340.0,20.7,58686.0,12.1,2.5,85.1,20,127,20127,0.35162213740458015,0.4128498727735369,0.1410623409669211,0.7007636016544703,0.6364503816793894,44.85496668957795
"McCracken County, Kentucky",67564.0,21.8,64373.0,15.2,3.2,89.1,21,145,21145,0.49300254452926207,0.6291348600508906,0.2506361323155216,0.534521158129176,0.33476463104325704,44.84118652136214
"Buena Vista County, Iowa",20753.0,26.6,71719.0,7.8,5.5,92.1,19,021,19021,0.934001272264631,0.10623409669211197,0.7263040712468194,0.33916640152720334,0.13613231552162852,44.836763145047875
"Juneau County, Wisconsin",26689.0,19.3,67270.0,13.0,3.8,83.9,55,057,55057,0.21183206106870228,0.48520992366412213,0.37515903307888043,0.4473433025771556,0.7212150127226463,44.81518666223013
"Niagara County, New York",210721.0,19.9,69633.0,13.5,5.9,89.8,36,063,36063,0.2655852417302799,0.5225826972010178,0.7818066157760815,0.38943684377982823,0.280852417302799,44.80527631580012
"Cooper County, Missouri",16824.0,22.3,70625.0,11.7,4.3,87.5,29,053,29053,0.5629770992366412,0.37929389312977096,0.4720101781170484,0.3665287941457207,0.4584923664122137,44.7860466208279
"Amherst County, Virginia",31485.0,20.0,68724.0,10.8,4.7,84.5,51,009,51009,0.27512722646310434,0.30820610687022904,0.5639312977099237,0.40820871778555523,0.6836832061068703,44.78313109871365
"Oxford County, Maine",59255.0,17.6,60173.0,13.8,4.3,87.5,23,017,23017,0.10861959287531807,0.5429389312977099,0.4720101781170484,0.6566974228444162,0.4584923664122137,44.775169830934125
"Sheridan County, Nebraska",5014.0,21.3,60121.0,11.3,2.0,84.0,31,161,31161,0.42907124681933845,0.3473282442748092,0.08889949109414758,0.6592427616926504,0.7132633587786259,44.75610205319143
"Hardin County, Illinois",3605.0,14.8,54271.0,11.0,2.8,78.6,17,069,17069,0.027830788804071246,0.3196564885496183,0.1830470737913486,0.8011454024817054,0.9052162849872774,44.73792077228042
"Ashland County, Ohio",52256.0,22.5,69860.0,13.3,3.6,88.0,39,005,39005,0.5912849872773537,0.5092239185750637,0.32903944020356235,0.383391664015272,0.4212786259541985,44.68437272050901
"Barnes County, North Dakota",10773.0,19.7,68038.0,12.1,3.8,83.0,38,003,38003,0.24920483460559797,0.4128498727735369,0.37515903307888043,0.42570792236716515,0.7709923664122138,44.67828058474789
"Lincoln County, Nebraska",33802.0,22.9,65148.0,12.4,3.6,89.5,31,111,31111,0.6456743002544529,0.4378180661577608,0.32903944020356235,0.5154311167674197,0.3050254452926209,44.65976737351633
"Clay County, Minnesota",66059.0,24.7,81172.0,13.3,4.1,89.8,27,027,27027,0.8396946564885496,0.5092239185750637,0.43209287531806617,0.17021953547566016,0.280852417302799,44.641668063202765
"St. James Parish, Louisiana",19528.0,22.1,65531.0,11.1,4.1,87.9,22,093,22093,0.5361005089058524,0.32840330788804073,0.43209287531806617,0.5055679287305123,0.42970737913486,44.63743999954663
"Kanabec County, Minnesota",16390.0,21.3,71460.0,10.0,4.6,84.8,27,065,27065,0.42907124681933845,0.2522264631043257,0.5437340966921119,0.34616608335984733,0.6603053435114503,44.630064669741465
"Jeff Davis County, Texas",1865.0,18.0,59286.0,23.9,0.0,87.3,48,243,48243,0.1313613231552163,0.9354325699745547,0.003657760814249364,0.6840598154629335,0.476940203562341,44.629033459385894
"Platte County, Wyoming",8612.0,20.2,67718.0,7.7,4.6,80.7,56,031,56031,0.2969147582697201,0.1005089058524173,0.5437340966921119,0.4336621062678969,0.8563931297709924,44.624259937062774
"Jefferson County, Indiana",32998.0,19.9,64577.0,12.3,4.4,86.9,18,077,18077,0.2655852417302799,0.43018447837150126,0.4969783715012723,0.5297486477887369,0.5081106870229007,44.61214852829382
"Patrick County, Virginia",17512.0,17.4,53038.0,11.7,2.5,82.6,51,141,51141,0.09637404580152671,0.37929389312977096,0.1410623409669211,0.82532612153993,0.7883269720101781,44.60766746896655
"Bay County, Michigan",103008.0,19.6,61763.0,13.2,4.3,88.2,26,017,26017,0.24013994910941475,0.5019083969465649,0.4720101781170484,0.6092904867960547,0.4069656488549618,44.606293196480884
"Fremont County, Colorado",49634.0,16.0,62664.0,13.3,4.3,85.4,08,043,08043,0.05184478371501272,0.5092239185750637,0.4720101781170484,0.5822462615335666,0.614821882951654,44.6029404978469
"Cowlitz County, Washington",112360.0,22.5,76531.0,12.2,5.9,91.0,53,015,53015,0.5912849872773537,0.4211195928753181,0.7818066157760815,0.23719376391982183,0.19831424936386766,44.59438418424885
"Boone County, Illinois",53230.0,23.8,84571.0,9.9,7.4,91.2,17,007,17007,0.7574745547073791,0.24602417302798982,0.9026717557251909,0.1374482978046453,0.1854325699745547,44.5810270247952
"Asotin County, Washington",22467.0,19.6,72283.0,14.2,5.0,87.5,53,003,53003,0.24013994910941475,0.5722010178117048,0.630884223918575,0.32643970728603244,0.4584923664122137,44.56314529075882
"Hutchinson County, South Dakota",7404.0,26.4,73977.0,12.2,1.6,86.7,46,067,46067,0.9282760814249363,0.4211195928753181,0.059955470737913484,0.2920776328348711,0.5249681933842238,44.527939425145256
"Lyon County, Kansas",32186.0,22.2,59912.0,14.6,2.0,89.2,20,111,20111,0.5494592875318066,0.5957379134860051,0.08889949109414758,0.6656061088132358,0.32649491094147587,44.52395423733342
"Tippecanoe County, Indiana",189071.0,20.3,60636.0,19.2,3.3,91.3,18,157,18157,0.3080470737913486,0.8250636132315522,0.2695610687022901,0.6446070633153038,0.17843511450381677,44.51427867088622
"Hot Springs County, Wyoming",4620.0,22.6,61250.0,14.7,2.9,91.0,56,017,56017,0.6057569974554707,0.6030534351145038,0.19545165394402036,0.623130766783328,0.19831424936386766,44.51414205322381
"Burt County, Nebraska",6740.0,22.4,63685.0,13.2,1.1,86.2,31,021,31021,0.576176844783715,0.5019083969465649,0.03435114503816794,0.5513840279987273,0.5618638676844784,44.51368564903307
"DeKalb County, Georgia",765351.0,22.7,80644.0,13.7,6.4,93.7,13,089,13089,0.6194338422391857,0.5357824427480916,0.8358778625954199,0.17690104995227485,0.057410941475826927,44.50812278021598
"Rock County, Nebraska",1319.0,19.9,58125.0,10.8,1.2,79.0,31,149,31149,0.2655852417302799,0.30820610687022904,0.038326972010178116,0.7165128857779192,0.8966284987277353,44.50519410232683
"Faribault County, Minnesota",13914.0,22.1,66815.0,10.4,3.4,84.8,27,043,27043,0.5361005089058524,0.2800572519083969,0.2876908396946565,0.4610244988864143,0.6603053435114503,44.50356885813541
"Craig County, Virginia",4856.0,23.1,69057.0,13.7,2.2,86.9,51,045,51045,0.6720737913486005,0.5357824427480916,0.10607506361323155,0.4024817053770283,0.5081106870229007,44.49047380219705
"Nodaway County, Missouri",20774.0,17.0,59315.0,17.1,2.4,85.7,29,147,29147,0.08015267175572519,0.7358460559796438,0.1294529262086514,0.683423480750875,0.5949427480916031,44.47635765572997
"Motley County, Texas",1183.0,12.4,61154.0,16.1,0.9,79.8,48,345,48345,0.008905852417302799,0.6808206106870229,0.02608142493638677,0.6274260260897232,0.8789758269720102,44.44419482204892
"Monongalia County, West Virginia",107163.0,16.1,65346.0,19.7,4.7,90.2,54,061,54061,0.055025445292620864,0.8411259541984732,0.5639312977099237,0.512249443207127,0.24984096692111957,44.44346214658529
"Stewart County, Tennessee",14027.0,20.8,63114.0,16.4,2.7,88.0,47,161,47161,0.3638676844783715,0.6983142493638677,0.17032442748091603,0.5676105631562202,0.4212786259541985,44.42791100867147
"Hickman County, Kentucky",4439.0,19.3,60867.0,20.5,3.1,89.8,21,105,21105,0.21183206106870228,0.8629134860050891,0.22853053435114504,0.6369710467706013,0.280852417302799,44.42199090996674
"DeKalb County, Indiana",43807.0,24.1,74331.0,9.5,4.5,88.1,18,033,18033,0.785941475826972,0.21755725190839695,0.5225826972010178,0.2806236080178174,0.41364503816793896,44.40700142244286
"Schenectady County, New York",160369.0,21.5,79623.0,13.3,5.8,89.6,36,093,36093,0.4541984732824427,0.5092239185750637,0.7662213740458015,0.19121858097359212,0.2962786259541985,44.34281945662198
"Hampton city, Virginia",137557.0,21.5,69621.0,12.7,6.3,93.0,51,650,51650,0.4541984732824427,0.4599236641221374,0.8249045801526718,0.3900731784918867,0.08699109414758266,44.321819803934424
"Sherman County, Nebraska",2967.0,21.2,63578.0,8.6,3.0,79.7,31,163,31163,0.41412213740458015,0.15473918575063614,0.209764631043257,0.55456570155902,0.8816793893129771,44.29742090140941
"Atlantic County, New Jersey",276270.0,20.8,78050.0,13.2,8.8,91.2,34,001,34001,0.3638676844783715,0.5019083969465649,0.9470419847328244,0.21317212853961187,0.1854325699745547,44.22845529343854
"Duchesne County, Utah",20185.0,32.2,78445.0,11.8,4.3,91.7,49,013,49013,0.9899809160305344,0.38915394402035625,0.4720101781170484,0.20649061406299718,0.15362595419847325,44.22523212858819
"Crawford County, Georgia",12225.0,20.8,67116.0,11.6,2.4,79.1,13,079,13079,0.3638676844783715,0.36959287531806617,0.1294529262086514,0.4524339802736239,0.8947201017811705,44.20135136119767
"Duval County, Florida",1023153.0,22.4,71277.0,14.1,4.5,91.1,12,031,12031,0.576176844783715,0.5661577608142494,0.5225826972010178,0.3525294304804327,0.19258905852417307,44.20071583607176
"Noble County, Ohio",14282.0,19.0,56098.0,10.6,1.4,78.2,39,121,39121,0.1871819338422392,0.29421119592875317,0.048982188295165395,0.7636016544702513,0.9131679389312977,44.14289822935413
"Clark County, Kansas",1974.0,25.3,63043.0,9.9,2.8,89.2,20,025,20025,0.8813613231552163,0.24602417302798982,0.1830470737913486,0.5701559020044543,0.32649491094147587,44.1416676584097
"Finney County, Kansas",38084.0,29.9,73009.0,11.1,4.1,91.6,20,055,20055,0.9766221374045801,0.32840330788804073,0.43209287531806617,0.3095768374164811,0.15982824427480913,44.130468046039546
"Brown County, South Dakota",37877.0,23.6,70898.0,11.7,3.3,87.5,46,013,46013,0.7368002544529262,0.37929389312977096,0.2695610687022901,0.3601654470251352,0.4584923664122137,44.08626059444673
"Howard County, Iowa",9445.0,25.8,67446.0,8.9,1.9,85.7,19,089,19089,0.9085559796437659,0.1762086513994911,0.08158396946564886,0.4416162901686287,0.5949427480916031,44.05815277538275
"Lonoke County, Arkansas",75272.0,24.7,72828.0,10.4,4.4,89.9,05,085,05085,0.8396946564885496,0.2800572519083969,0.4969783715012723,0.31307667833280306,0.2725826972010178,44.04779310864079
"Carter County, Montana",1308.0,17.7,54167.0,15.4,2.8,87.5,30,011,30011,0.11418575063613232,0.6432888040712468,0.1830470737913486,0.8024180719058225,0.4584923664122137,44.02864133633527
"Otsego County, New York",60108.0,14.9,68885.0,12.5,6.4,87.2,36,077,36077,0.03037531806615776,0.4443384223918575,0.8358778625954199,0.4053452115812918,0.4848918575063613,44.01657344282176
"Putnam County, Georgia",22855.0,19.4,72096.0,17.6,3.7,86.6,13,237,13237,0.22264631043256997,0.7620865139949109,0.35225826972010177,0.3312122176264716,0.5322837150127226,44.009740535735546
"Chatham County, Georgia",300879.0,20.7,71097.0,14.3,5.9,92.2,13,051,13051,0.35162213740458015,0.5777671755725191,0.7818066157760815,0.35698377346484256,0.13120229007633588,43.98763984588718
"Cuming County, Nebraska",8975.0,25.1,71104.0,6.7,2.2,82.0,31,039,31039,0.8657760814249363,0.055820610687022904,0.10607506361323155,0.35666560610881326,0.8144083969465649,43.97491517561137
"Kaufman County, Texas",172604.0,28.8,89485.0,9.7,5.3,90.7,48,257,48257,0.9666030534351145,0.22916666666666666,0.6868638676844784,0.09990454979319119,0.21501272264631044,43.95101720451522
"Madison County, North Carolina",21867.0,17.3,58531.0,12.1,3.1,83.3,37,115,37115,0.09239821882951654,0.4128498727735369,0.22853053435114504,0.7066496977410117,0.7566793893129771,43.942154260163754
"Borden County, Texas",713.0,35.2,65625.0,7.4,0.3,85.6,48,033,48033,0.9968193384223919,0.08396946564885496,0.01049618320610687,0.5015908367801464,0.6014631043256997,43.886778567663995
"Sangamon County, Illinois",194947.0,21.9,75357.0,13.1,5.4,90.6,17,167,17167,0.5069974554707379,0.4931615776081425,0.7083333333333334,0.2608972319440025,0.2221692111959288,43.83117619104291
"Albany County, Wyoming",38249.0,15.4,61917.0,20.9,3.7,89.3,56,001,56001,0.03864503816793893,0.8753180661577609,0.35225826972010177,0.6051543111676743,0.3193384223918575,43.814282152106664
"Stark County, Ohio",373713.0,21.5,67934.0,12.5,3.9,87.4,39,151,39151,0.4541984732824427,0.4443384223918575,0.3969465648854962,0.4272987591473115,0.46660305343511455,43.78770546284446
"Santa Barbara County, California",443701.0,22.4,98161.0,14.7,6.4,92.5,06,083,06083,0.576176844783715,0.6030534351145038,0.8358778625954199,0.05727012408526888,0.11561704834605602,43.759906298499274
"Douglas County, Georgia",147888.0,25.3,82984.0,10.9,6.2,94.9,13,097,13097,0.8813613231552163,0.3139312977099237,0.8150445292620865,0.15367483296213813,0.02337786259541985,43.747796913695694
"Walla Walla County, Washington",62161.0,20.6,74202.0,12.1,6.2,89.1,53,071,53071,0.34001272264631044,0.4128498727735369,0.8150445292620865,0.2841234489341393,0.33476463104325704,43.735904093186605
"Alleghany County, Virginia",14859.0,18.5,56188.0,11.6,2.3,82.8,51,005,51005,0.15696564885496184,0.36959287531806617,0.11752544529262086,0.7626471524021635,0.7800572519083969,43.73576747552419
"Gaines County, Texas",22232.0,35.8,74132.0,6.8,2.4,84.0,48,165,48165,0.9977735368956743,0.05947837150127226,0.1294529262086514,0.2863506204263443,0.7132633587786259,43.72637627621137
"Hopkins County, Texas",37784.0,24.3,70888.0,11.9,4.0,90.8,48,223,48223,0.8034351145038168,0.39774173027989823,0.4150763358778626,0.3608017817371938,0.208969465648855,43.72048856095253
"Clay County, North Carolina",11610.0,16.1,56971.0,12.9,2.6,83.3,37,043,37043,0.055025445292620864,0.4767811704834606,0.15505725190839695,0.7413299395482024,0.7566793893129771,43.69746393091315
"Muscatine County, Iowa",42559.0,23.9,69396.0,13.7,3.2,90.4,19,139,19139,0.767175572519084,0.5357824427480916,0.2506361323155216,0.39484568883232585,0.23505089058524176,43.6698145400053
"Gasconade County, Missouri",14746.0,20.2,64232.0,12.6,3.3,85.2,29,073,29073,0.2969147582697201,0.45133587786259544,0.2695610687022901,0.5367483296213809,0.6273854961832062,43.63891061278385
"Sevier County, Utah",22085.0,27.8,74884.0,9.7,4.4,90.5,49,041,49041,0.955470737913486,0.22916666666666666,0.4969783715012723,0.27012408526885145,0.22916666666666663,43.618130560338855
"Pine County, Minnesota",29640.0,19.1,71146.0,11.1,5.6,86.2,27,115,27115,0.1944974554707379,0.32840330788804073,0.7399809160305344,0.35602927139675467,0.5618638676844784,43.61549636941092
"Wayne County, Ohio",116588.0,24.0,73574.0,9.4,3.3,85.3,39,169,39169,0.7763994910941476,0.21230916030534353,0.2695610687022901,0.300031816735603,0.6207061068702291,43.580152874152255
"Wichita County, Kansas",2091.0,30.4,79063.0,16.5,0.8,89.9,20,203,20203,0.9804389312977099,0.7040394402035624,0.023536895674300253,0.19694559338211903,0.2725826972010178,43.550871155174185
"Clay County, Iowa",16461.0,23.3,65428.0,11.4,3.5,89.5,19,041,19041,0.6999045801526718,0.3549618320610687,0.307410941475827,0.5084314349347757,0.3050254452926209,43.514684678339286
"Marion County, Florida",400078.0,18.8,61010.0,14.4,4.8,91.1,12,083,12083,0.17573155216284989,0.5836513994910941,0.5873091603053435,0.6334712058542793,0.19258905852417307,43.455047526754804
"Cook County, Illinois",5182090.0,21.1,83498.0,13.5,7.0,90.6,17,031,17031,0.3991730279898219,0.5225826972010178,0.8804071246819338,0.14826598790964052,0.2221692111959288,43.45196097956686
"Morrow County, Oregon",12300.0,27.2,75448.0,13.2,2.4,89.1,41,049,41049,0.946882951653944,0.5019083969465649,0.1294529262086514,0.25898822780782693,0.33476463104325704,43.43994267320489
"Washington County, Arkansas",256765.0,23.5,70639.0,14.6,3.4,91.0,05,143,05143,0.7240776081424937,0.5957379134860051,0.2876908396946565,0.3655742920776328,0.19831424936386766,43.42789805529311
"Walton County, Georgia",103313.0,23.9,84945.0,11.9,5.3,91.2,13,297,13297,0.767175572519084,0.39774173027989823,0.6868638676844784,0.13394845688832324,0.1854325699745547,43.42324394692677
"Camden County, New Jersey",527257.0,22.7,88755.0,12.4,6.9,92.2,34,007,34007,0.6194338422391857,0.4378180661577608,0.8748409669211196,0.1062678969137767,0.13120229007633588,43.39126124616357
"Taylor County, Texas",145863.0,24.5,67139.0,14.7,2.6,92.1,48,441,48441,0.8228371501272265,0.6030534351145038,0.15505725190839695,0.45195672923957997,0.13613231552162852,43.38073763822673
"Keweenaw County, Michigan",2133.0,14.9,52583.0,15.2,2.2,86.1,26,083,26083,0.03037531806615776,0.6291348600508906,0.10607506361323155,0.8348711422208082,0.5680661577608143,43.37045083423804
"Smith County, Texas",241740.0,24.2,74192.0,11.6,4.4,90.6,48,423,48423,0.7946882951653944,0.36959287531806617,0.4969783715012723,0.2847597836461979,0.2221692111959288,43.36377073653719
"Taylor County, Wisconsin",20024.0,23.1,69350.0,9.6,2.6,83.9,55,119,55119,0.6720737913486005,0.22232824427480916,0.15505725190839695,0.3970728603245307,0.7212150127226463,43.35494321157968
"Johnson County, Missouri",54732.0,22.1,67272.0,11.8,4.7,90.5,29,101,29101,0.5361005089058524,0.38915394402035625,0.5639312977099237,0.4470251352211263,0.22916666666666663,43.3075510504785
"Lehigh County, Pennsylvania",378792.0,22.3,80079.0,11.6,5.9,90.0,42,077,42077,0.5629770992366412,0.36959287531806617,0.7818066157760815,0.18517340120903591,0.2652671755725191,43.29634334224687
"Gilchrist County, Florida",19040.0,21.2,63523.0,11.5,3.5,86.7,12,041,12041,0.41412213740458015,0.3614821882951654,0.307410941475827,0.5561565383391665,0.5249681933842238,43.282799977979266
"Kent County, Delaware",187604.0,22.8,74477.0,10.6,5.8,91.1,10,001,10001,0.6332697201017812,0.29421119592875317,0.7662213740458015,0.27728285077951,0.19258905852417307,43.27148398760038
"Frontier County, Nebraska",2569.0,20.6,70132.0,11.4,2.6,76.8,31,063,31063,0.34001272264631044,0.3549618320610687,0.15505725190839695,0.378619153674833,0.9344783715012722,43.26258663583762
"Tioga County, Pennsylvania",40945.0,19.6,64899.0,11.7,4.6,87.3,42,117,42117,0.24013994910941475,0.37929389312977096,0.5437340966921119,0.5224307986000636,0.476940203562341,43.25077882187404
"Allamakee County, Iowa",14092.0,24.5,70694.0,10.1,2.5,86.0,19,005,19005,0.8228371501272265,0.25842875318066155,0.1410623409669211,0.36461979000954503,0.5752226463104326,43.24341361189573
"Pasquotank County, North Carolina",40834.0,21.4,66589.0,11.0,5.9,91.7,37,139,37139,0.4419529262086514,0.3196564885496183,0.7818066157760815,0.46388800509067774,0.15362595419847325,43.21859979647004
"Kalamazoo County, Michigan",262375.0,21.3,72532.0,12.7,5.5,90.6,26,077,26077,0.42907124681933845,0.4599236641221374,0.7263040712468194,0.3216671969455934,0.2221692111959288,43.18270780659635
"Mineral County, Colorado",729.0,11.8,56250.0,10.0,9.1,91.2,08,079,08079,0.006043256997455471,0.2522264631043257,0.9540394402035624,0.7613744829780464,0.1854325699745547,43.1823242651589
"Franklin County, Ohio",1333048.0,23.3,75176.0,14.7,4.6,94.1,39,049,39049,0.6999045801526718,0.6030534351145038,0.5437340966921119,0.26376073814826595,0.04643765903307884,43.13781018281265
"Saline County, Nebraska",14650.0,26.1,79910.0,8.9,2.9,84.6,31,151,31151,0.9206424936386769,0.1762086513994911,0.19545165394402036,0.1867642379891823,0.6777989821882952,43.13732038319332
"Cheyenne County, Nebraska",9533.0,21.8,60348.0,14.3,3.4,91.9,31,033,31033,0.49300254452926207,0.5777671755725191,0.2876908396946565,0.6535157492841235,0.1444020356234097,43.12756689407941
"Windham County, Vermont",45923.0,16.8,72217.0,11.6,4.8,82.4,50,025,50025,0.07283715012722647,0.36959287531806617,0.5873091603053435,0.3280305440661788,0.7977099236641221,43.10959306961874
"Garrett County, Maryland",28615.0,17.7,67688.0,11.2,4.4,83.0,24,023,24023,0.11418575063613232,0.33826335877862596,0.4969783715012723,0.434934775692014,0.7709923664122138,43.10709246040517
"Mahaska County, Iowa",22021.0,23.7,70940.0,12.6,3.5,89.7,19,123,19123,0.7477735368956743,0.45133587786259544,0.307410941475827,0.3595291123130767,0.2892811704834606,43.10661278061268
"Greater Bridgeport Planning Region, Connecticut",329259.0,22.1,89667.0,12.4,7.3,91.2,09,120,09120,0.5361005089058524,0.4378180661577608,0.8975826972010178,0.09799554565701563,0.1854325699745547,43.09858775792403
"Benton County, Washington",212905.0,26.1,89874.0,11.0,5.3,92.2,53,005,53005,0.9206424936386769,0.3196564885496183,0.6868638676844784,0.09545020680878147,0.13120229007633588,43.076306935157824
"McIntosh County, North Dakota",2497.0,18.6,64419.0,12.2,3.1,82.2,38,051,38051,0.16316793893129772,0.4211195928753181,0.22853053435114504,0.5332484887050588,0.807410941475827,43.06954992677293
"Phelps County, Nebraska",9009.0,24.3,68919.0,12.2,1.2,87.2,31,137,31137,0.8034351145038168,0.4211195928753181,0.038326972010178116,0.4040725421571747,0.4848918575063613,43.03692158105698
"Pike County, Indiana",12154.0,22.0,71334.0,10.7,3.2,83.8,18,125,18125,0.5225826972010178,0.3016857506361323,0.2506361323155216,0.34887050588609614,0.727735368956743,43.03020909991021
"Mille Lacs County, Minnesota",27125.0,23.1,72729.0,10.4,4.0,87.4,27,095,27095,0.6720737913486005,0.2800572519083969,0.4150763358778626,0.3168946866051543,0.46660305343511455,43.014102383502575
"Mountrail County, North Dakota",9507.0,29.0,80717.0,14.5,1.1,88.5,38,061,38061,0.9685114503816794,0.5892175572519084,0.03435114503816794,0.17499204581609928,0.3834287531806616,43.01001903337033
"Monterey County, California",437613.0,25.7,97230.0,12.7,5.2,93.8,06,053,06053,0.9044211195928753,0.4599236641221374,0.6680979643765903,0.0620426344257079,0.05454834605597969,42.98067457146581
"Holt County, Missouri",4240.0,20.8,61187.0,10.2,1.8,81.9,29,087,29087,0.3638676844783715,0.2657442748091603,0.07410941475826972,0.6255170219535475,0.8191793893129771,42.96835570624652
"Hawaii County, Hawaii",205769.0,20.6,78639.0,14.9,6.0,91.1,15,001,15001,0.34001272264631044,0.6146628498727735,0.7969147582697201,0.2039452752147629,0.19258905852417307,42.962493290554804
"Blue Earth County, Minnesota",69871.0,19.7,74477.0,15.7,4.9,88.9,27,013,27013,0.24920483460559797,0.6591921119592875,0.6102099236641222,0.27728285077951,0.3513040712468194,42.94387584510674
"Sac County, Iowa",9689.0,21.7,73838.0,9.2,4.4,84.6,19,161,19161,0.481234096692112,0.19576972010178118,0.4969783715012723,0.29494113903913455,0.6777989821882952,42.9344461904519
"Ste. Genevieve County, Missouri",18571.0,21.4,66339.0,8.2,4.2,84.9,29,186,29186,0.4419529262086514,0.1272264631043257,0.451176844783715,0.4727966910594973,0.6521946564885497,42.906951632894774
"Adams County, Iowa",3622.0,22.3,71875.0,9.1,3.9,84.8,19,003,19003,0.5629770992366412,0.18845419847328243,0.3969465648854962,0.3363028953229399,0.6603053435114503,42.899722028596194
"Elk County, Kansas",2453.0,23.1,64609.0,10.4,2.0,86.0,20,049,20049,0.6720737913486005,0.2800572519083969,0.08889949109414758,0.5284759783646198,0.5752226463104326,42.89458318052395
"Noble County, Indiana",47495.0,24.3,71723.0,9.2,3.2,86.3,18,113,18113,0.8034351145038168,0.19576972010178118,0.2506361323155216,0.33884823417117405,0.5555025445292621,42.88383491243112
"Hayes County, Nebraska",843.0,21.5,69250.0,12.7,0.0,81.7,31,085,31085,0.4541984732824427,0.4599236641221374,0.003657760814249364,0.3989818644607064,0.8272900763358779,42.88103678030827
"Cedar County, Nebraska",8315.0,25.5,73578.0,7.1,1.7,82.1,31,027,31027,0.8950381679389313,0.07172391857506362,0.06615776081424936,0.2997136493795737,0.8112277353689568,42.8772246415355
"Oneida County, Idaho",4768.0,27.0,74954.0,10.8,1.4,86.0,16,071,16071,0.943384223918575,0.30820610687022904,0.048982188295165395,0.2678969137766465,0.5752226463104326,42.87384158342097
"Davison County, South Dakota",19952.0,23.6,66208.0,11.2,0.9,86.2,46,035,46035,0.7368002544529262,0.33826335877862596,0.02608142493638677,0.4799554565701559,0.5618638676844784,42.85928724845146
"Sanborn County, South Dakota",2384.0,25.9,78750.0,8.5,0.6,80.5,46,111,46111,0.9128498727735369,0.14790076335877864,0.01812977099236641,0.20203627107858735,0.8619592875318066,42.85751931470152
"Livingston Parish, Louisiana",148115.0,25.8,80122.0,12.9,4.2,92.4,22,063,22063,0.9085559796437659,0.4767811704834606,0.451176844783715,0.18390073178491884,0.12197837150127222,42.847861963942655
"Rockdale County, Georgia",95281.0,23.7,77247.0,10.8,5.9,93.2,13,247,13247,0.7477735368956743,0.30820610687022904,0.7818066157760815,0.22685332484887055,0.07729007633587781,42.83859321453466
"Keya Paha County, Nebraska",822.0,24.6,64000.0,7.2,1.0,84.8,31,103,31103,0.8322201017811705,0.07617684478371502,0.030057251908396948,0.5431116767419663,0.6603053435114503,42.83742437453398
"Grant County, Wisconsin",51770.0,21.1,66858.0,13.0,3.1,86.1,55,043,55043,0.3991730279898219,0.48520992366412213,0.22853053435114504,0.460706331530385,0.5680661577608143,42.83371950592577
"Glynn County, Georgia",85447.0,20.8,69799.0,16.1,3.7,88.8,13,127,13127,0.3638676844783715,0.6808206106870229,0.35225826972010177,0.3843461660833598,0.3597328244274809,42.82051110792674
"Lee County, Illinois",33869.0,19.6,70292.0,11.8,5.2,87.4,17,103,17103,0.24013994910941475,0.38915394402035625,0.6680979643765903,0.37480114540248166,0.46660305343511455,42.775921126879155
"Baker County, Florida",28430.0,24.3,79836.0,11.8,4.5,90.4,12,003,12003,0.8034351145038168,0.38915394402035625,0.5225826972010178,0.18803690741329937,0.23505089058524176,42.76519107447464
"LaPorte County, Indiana",111917.0,21.2,71055.0,13.6,4.8,90.2,18,091,18091,0.41412213740458015,0.5291030534351145,0.5873091603053435,0.35762010817690104,0.24984096692111957,42.759908524861174
"Scott County, Illinois",4937.0,20.9,66705.0,11.5,2.7,83.1,17,171,17171,0.37754452926208654,0.3614821882951654,0.17032442748091603,0.46229716831053136,0.7659033078880407,42.7510324247348
"Berks County, Pennsylvania",433015.0,22.0,79777.0,12.2,5.4,89.6,42,011,42011,0.5225826972010178,0.4211195928753181,0.7083333333333334,0.18899140948138726,0.2962786259541985,42.746113176905105
"Rice County, Kansas",9350.0,23.4,63925.0,7.7,4.4,89.8,20,159,20159,0.7115139949109415,0.1005089058524173,0.4969783715012723,0.5453388482341712,0.280852417302799,42.70385075603203
"Dawes County, Nebraska",8140.0,18.2,56280.0,13.1,1.6,84.6,31,045,31045,0.1407442748091603,0.4931615776081425,0.059955470737913484,0.7610563156220171,0.6777989821882952,42.65433241931057
"Franklin County, Tennessee",43990.0,19.6,63494.0,12.0,2.8,83.5,47,051,47051,0.24013994910941475,0.4053753180661578,0.1830470737913486,0.558065542475342,0.7457061068702291,42.64667980624985
"Elko County, Nevada",54047.0,26.4,86487.0,9.8,4.5,89.3,32,007,32007,0.9282760814249363,0.23807251908396945,0.5225826972010178,0.12376710149538661,0.3193384223918575,42.64073643194336
"Twin Falls County, Idaho",93734.0,26.3,67409.0,11.5,3.0,91.1,16,083,16083,0.9250954198473282,0.3614821882951654,0.209764631043257,0.44288895959274577,0.19258905852417307,42.636405146053384
"Houston County, Georgia",169649.0,25.5,80698.0,11.1,5.1,93.1,13,153,13153,0.8950381679389313,0.32840330788804073,0.6507633587786259,0.17531021317212858,0.0819020356234097,42.62834166802273
"Carroll County, Indiana",20535.0,21.8,65645.0,8.8,3.1,83.6,18,015,18015,0.49300254452926207,0.16889312977099236,0.22853053435114504,0.5007954183900731,0.739821882951654,42.62087019986252
"Androscoggin County, Maine",113423.0,20.8,67873.0,14.4,4.3,89.8,23,001,23001,0.3638676844783715,0.5836513994910941,0.4720101781170484,0.43048043270760417,0.280852417302799,42.61724224193834
"Douglas County, Illinois",19751.0,24.6,77320.0,8.5,2.5,82.8,17,041,17041,0.8322201017811705,0.14790076335877864,0.1410623409669211,0.22589882278078266,0.7800572519083969,42.542785615921005
"Jackson County, Michigan",160060.0,20.9,66073.0,11.6,5.5,91.5,26,075,26075,0.37754452926208654,0.36959287531806617,0.7263040712468194,0.48711422208081456,0.166030534351145,42.531724645178635
"Erie County, Ohio",74581.0,19.4,71993.0,13.0,5.3,88.3,39,043,39043,0.22264631043256997,0.48520992366412213,0.6868638676844784,0.33280305440661784,0.3986959287531806,42.524381698819376
"Haywood County, North Carolina",62662.0,17.6,61912.0,13.1,3.1,84.4,37,087,37087,0.10861959287531807,0.4931615776081425,0.22853053435114504,0.6054724785237035,0.6900445292620865,42.516574252407906
"Carroll County, Illinois",15576.0,17.7,60758.0,14.2,3.1,86.1,17,015,17015,0.11418575063613232,0.5722010178117048,0.22853053435114504,0.6403118040089086,0.5680661577608143,42.46590529137409
"Fayette County, Kentucky",323725.0,21.0,69479.0,14.9,4.9,92.5,21,067,21067,0.3885178117048346,0.6146628498727735,0.6102099236641222,0.3923003499840916,0.11561704834605602,42.42615967143756
"Dorchester County, South Carolina",167201.0,24.1,78198.0,11.4,4.9,91.6,45,035,45035,0.785941475826972,0.3549618320610687,0.6102099236641222,0.21030862233534842,0.15982824427480913,42.425001963246416
"Bartow County, Georgia",113113.0,23.2,82243.0,10.3,4.7,87.8,13,015,13015,0.6871819338422391,0.2732188295165394,0.5639312977099237,0.15844734330257715,0.4379770992366412,42.41513007215841
"Avery County, North Carolina",17680.0,14.4,61428.0,10.2,4.8,85.2,37,011,37011,0.021628498727735368,0.2657442748091603,0.5873091603053435,0.616608335984728,0.6273854961832062,42.37351532020347
"Susquehanna County, Pennsylvania",38219.0,18.8,68487.0,11.4,5.9,88.4,42,115,42115,0.17573155216284989,0.3549618320610687,0.7818066157760815,0.41393573019408214,0.39153944020356235,42.359503407952886
"Herkimer County, New York",59757.0,20.4,68515.0,13.4,4.3,88.3,36,043,36043,0.31838422391857507,0.5157442748091603,0.4720101781170484,0.41266306076996495,0.3986959287531806,42.34995332735858
"Hickman County, Tennessee",25436.0,21.1,68247.0,10.6,2.4,80.0,47,081,47081,0.3991730279898219,0.29421119592875317,0.1294529262086514,0.41902640789055046,0.8745229007633588,42.327729175622714
"Stark County, Illinois",5308.0,21.6,62878.0,11.1,2.3,85.2,17,175,17175,0.46771628498727735,0.32840330788804073,0.11752544529262086,0.5749284123448934,0.6273854961832062,42.319178933920774
"Renville County, Minnesota",14558.0,23.3,70625.0,11.0,2.5,85.8,27,129,27129,0.6999045801526718,0.3196564885496183,0.1410623409669211,0.3665287941457207,0.5885814249363868,42.31467257502637
"Howard County, Nebraska",6534.0,25.2,76767.0,4.8,3.8,85.3,31,093,31093,0.8737277353689568,0.010655216284987277,0.37515903307888043,0.23417117403754373,0.6207061068702291,42.28838531281195
"Bosque County, Texas",18687.0,20.8,68914.0,9.3,3.6,82.1,48,035,48035,0.3638676844783715,0.20483460559796438,0.32903944020356235,0.404390709513204,0.8112277353689568,42.267203503241184
"Macon County, North Carolina",37941.0,17.7,59061.0,11.6,2.8,83.3,37,113,37113,0.11418575063613232,0.36959287531806617,0.1830470737913486,0.688195991091314,0.7566793893129771,42.234021602996755
"Henry County, Indiana",48970.0,20.2,63150.0,13.6,3.7,88.7,18,065,18065,0.2969147582697201,0.5291030534351145,0.35225826972010177,0.5653833916640152,0.3676844783715013,42.22687902920906
"Union County, Kentucky",13260.0,18.8,60327.0,18.4,2.7,89.4,21,225,21225,0.17573155216284989,0.7981870229007634,0.17032442748091603,0.6538339166401528,0.3129770992366412,42.22108036842647
"Tioga County, New York",47864.0,20.3,72739.0,13.4,5.5,90.3,36,107,36107,0.3080470737913486,0.5157442748091603,0.7263040712468194,0.3162583518930958,0.2420483460559797,42.16804235592807
"Valley County, Nebraska",4066.0,22.0,61852.0,9.3,0.2,83.2,31,175,31175,0.5225826972010178,0.20483460559796438,0.008905852417302799,0.6073814826598791,0.7616094147582697,42.10628105268867
"Caldwell County, Texas",48669.0,23.2,69758.0,13.2,3.4,90.3,48,055,48055,0.6871819338422391,0.5019083969465649,0.2876908396946565,0.3859370028635062,0.2420483460559797,42.09533038805892
"Hamilton County, Kansas",2471.0,33.8,70250.0,7.0,3.1,87.8,20,075,20075,0.9945928753180662,0.0669529262086514,0.22853053435114504,0.3759147311485842,0.4379770992366412,42.07936332526175
"Jefferson County, Tennessee",56864.0,19.2,66114.0,11.4,4.6,86.8,47,089,47089,0.20244910941475827,0.3549618320610687,0.5437340966921119,0.48472796691059494,0.5165394402035624,42.04824890564193
"Clay County, Indiana",26409.0,22.9,70010.0,11.7,3.2,87.7,18,021,18021,0.6456743002544529,0.37929389312977096,0.2506361323155216,0.38116449252306717,0.44513358778625955,42.03804812018144
"Stearns County, Minnesota",160865.0,23.6,77066.0,12.9,4.1,90.6,27,145,27145,0.7368002544529262,0.4767811704834606,0.43209287531806617,0.2297168310531339,0.2221692111959288,41.951206850070314
"Catawba County, North Carolina",163573.0,21.6,67864.0,12.7,3.7,88.5,37,035,37035,0.46771628498727735,0.4599236641221374,0.35225826972010177,0.43143493477569206,0.3834287531806616,41.8952381357174
"Steuben County, Indiana",34726.0,19.7,74911.0,9.3,7.2,87.3,18,151,18151,0.24920483460559797,0.20483460559796438,0.8916984732824428,0.26916958320076356,0.476940203562341,41.836954004982196
"Henry County, Illinois",48643.0,21.6,71911.0,8.9,4.8,86.7,17,073,17073,0.46771628498727735,0.1762086513994911,0.5873091603053435,0.3353483932548521,0.5249681933842238,41.831013666623754
"Polk County, Minnesota",30705.0,24.5,73107.0,11.9,3.6,90.4,27,119,27119,0.8228371501272265,0.39774173027989823,0.32903944020356235,0.3057588291441298,0.23505089058524176,41.80856080680117
"Phillips County, Montana",4221.0,23.4,53417.0,10.5,1.8,91.0,30,071,30071,0.7115139949109415,0.28641857506361323,0.07410941475826972,0.8167356029271396,0.19831424936386766,41.741836740476636
"Cascade County, Montana",84606.0,22.3,67690.0,13.1,3.3,89.2,30,013,30013,0.5629770992366412,0.4931615776081425,0.2695610687022901,0.4346166083359847,0.32649491094147587,41.73622529649069
"Surry County, Virginia",6549.0,17.0,78041.0,10.5,5.0,80.0,51,181,51181,0.08015267175572519,0.28641857506361323,0.630884223918575,0.21349029589564106,0.8745229007633588,41.70937334793827
"Bureau County, Illinois",32866.0,20.7,69257.0,10.8,4.3,86.3,17,011,17011,0.35162213740458015,0.30820610687022904,0.4720101781170484,0.3980273623926185,0.5555025445292621,41.70736658627476
"Providence County, Rhode Island",664854.0,20.1,78787.0,13.4,6.6,90.5,44,007,44007,0.2857824427480916,0.5157442748091603,0.8530534351145038,0.20108176901049957,0.22916666666666663,41.696571766978444
"Sacramento County, California",1594006.0,22.9,92175.0,12.5,6.7,94.0,06,067,06067,0.6456743002544529,0.4443384223918575,0.8608460559796438,0.08399618199172765,0.049936386768447805,41.695826947722594
"Marion County, West Virginia",55909.0,19.9,67370.0,13.6,4.8,90.1,54,049,54049,0.2655852417302799,0.5291030534351145,0.5873091603053435,0.44479796372892144,0.2574745547073791,41.68539947814077
"Towns County, Georgia",12913.0,12.5,59135.0,13.3,4.6,89.1,13,281,13281,0.009382951653944021,0.5092239185750637,0.5437340966921119,0.6867642379891823,0.33476463104325704,41.677396719071176
"Moody County, South Dakota",6397.0,26.3,78427.0,11.6,2.8,88.3,46,101,46101,0.9250954198473282,0.36959287531806617,0.1830470737913486,0.20712694877505566,0.3986959287531806,41.671164929699586
"Chariton County, Missouri",7390.0,23.2,71520.0,8.8,3.5,86.0,29,041,29041,0.6871819338422391,0.16889312977099236,0.307410941475827,0.34457524657970096,0.5752226463104326,41.66567795958384
"Wheeler County, Oregon",1485.0,11.8,55284.0,10.8,2.6,81.5,41,069,41069,0.006043256997455471,0.30820610687022904,0.15505725190839695,0.7814190264078905,0.8322201017811705,41.65891487930285
"Hettinger County, North Dakota",2432.0,18.5,73026.0,11.0,5.4,85.8,38,041,38041,0.15696564885496184,0.3196564885496183,0.7083333333333334,0.3089405027044225,0.5885814249363868,41.649547967574456
"Adams County, Nebraska",31052.0,24.2,68365.0,12.7,2.4,89.8,31,001,31001,0.7946882951653944,0.4599236641221374,0.1294529262086514,0.4174355711104041,0.280852417302799,41.647057478187726
"Georgetown County, South Carolina",64811.0,17.0,68713.0,15.0,4.4,87.3,45,043,45043,0.08015267175572519,0.6192748091603053,0.4969783715012723,0.40852688514158453,0.476940203562341,41.63745882242457
"Roseau County, Minnesota",15302.0,23.8,74474.0,12.2,3.7,89.9,27,135,27135,0.7574745547073791,0.4211195928753181,0.35225826972010177,0.2780782691695832,0.2725826972010178,41.630267673468
"Walsh County, North Dakota",10396.0,23.4,71944.0,11.2,2.0,85.5,38,099,38099,0.7115139949109415,0.33826335877862596,0.08889949109414758,0.3343938911867642,0.6079834605597965,41.621083930605515
"Centre County, Pennsylvania",158576.0,14.7,74291.0,16.3,4.3,85.5,42,027,42027,0.025763358778625955,0.6930661577608143,0.4720101781170484,0.2817371937639198,0.6079834605597965,41.6112069796041
"Armstrong County, Pennsylvania",64622.0,18.9,65008.0,11.8,4.3,86.8,42,005,42005,0.18145674300254452,0.38915394402035625,0.4720101781170484,0.5192491250397709,0.5165394402035624,41.568188607665654
"Grant County, Arkansas",18242.0,21.1,71549.0,13.1,4.5,89.3,05,053,05053,0.3991730279898219,0.4931615776081425,0.5225826972010178,0.34362074451161306,0.3193384223918575,41.557529394049055
"Kimball County, Nebraska",3248.0,19.6,56712.0,12.2,0.7,85.0,31,105,31105,0.24013994910941475,0.4211195928753181,0.021310432569974554,0.7502386255170219,0.6447201017811706,41.550574037058
"Stanton County, Nebraska",5796.0,25.0,80687.0,9.4,0.7,82.2,31,167,31167,0.8584605597964376,0.21230916030534353,0.021310432569974554,0.17594654788418707,0.807410941475827,41.508752840635395
"White County, Indiana",24717.0,23.1,67303.0,10.2,3.5,88.5,18,181,18181,0.6720737913486005,0.2657442748091603,0.307410941475827,0.4463888005090678,0.3834287531806616,41.50093122646634
"Williamsburg city, Virginia",15798.0,10.5,75604.0,18.8,6.8,92.1,51,830,51830,0.003975826972010178,0.8107506361323156,0.8683206106870229,0.2558065542475342,0.13613231552162852,41.49971887121023
"Matanuska-Susitna Borough, Alaska",112988.0,25.7,94031.0,10.0,5.8,93.2,02,170,02170,0.9044211195928753,0.2522264631043257,0.7662213740458015,0.0747693286668788,0.07729007633587781,41.49856723491518
"Klickitat County, Washington",23411.0,18.2,71042.0,12.9,5.2,87.9,53,039,53039,0.1407442748091603,0.4767811704834606,0.6680979643765903,0.35825644288895964,0.42970737913486,41.47174463386062
"Galveston County, Texas",358990.0,23.6,86105.0,11.7,5.7,93.2,48,167,48167,0.7368002544529262,0.37929389312977096,0.7528625954198473,0.12694877505567925,0.07729007633587781,41.463911887882034
"Boone County, Nebraska",5356.0,24.5,74947.0,9.6,1.2,83.9,31,011,31011,0.8228371501272265,0.22232824427480916,0.038326972010178116,0.2682150811326758,0.7212150127226463,41.45844920535072
"Preble County, Ohio",40765.0,22.2,69223.0,12.6,3.2,88.0,39,135,39135,0.5494592875318066,0.45133587786259544,0.2506361323155216,0.39993636652879416,0.4212786259541985,41.452925803858335
"Seneca County, Ohio",54770.0,21.4,66025.0,11.9,3.6,88.1,39,147,39147,0.4419529262086514,0.39774173027989823,0.32903944020356235,0.4893413935730194,0.41364503816793896,41.434410568661406
"Cass County, Michigan",51520.0,20.2,70443.0,11.9,5.0,88.6,26,027,26027,0.2969147582697201,0.39774173027989823,0.630884223918575,0.3706649697741011,0.37468193384223913,41.41775232169067
"Dundy County, Nebraska",1736.0,20.3,58922.0,14.0,0.3,87.0,31,057,31057,0.3080470737913486,0.559001272264631,0.01049618320610687,0.6923321667196946,0.500795165394402,41.413437227523666
"Richland County, Montana",11235.0,24.9,73084.0,6.6,3.3,85.8,30,083,30083,0.8524173027989822,0.05232188295165394,0.2695610687022901,0.30671333121221767,0.5885814249363868,41.39190021203062
"Henry County, Georgia",249960.0,25.1,83146.0,9.2,6.2,94.3,13,151,13151,0.8657760814249363,0.19576972010178118,0.8150445292620865,0.15240216353802105,0.040076335877862634,41.38137660409376
"Shelby County, Indiana",45265.0,22.5,72190.0,13.0,3.6,89.1,18,145,18145,0.5912849872773537,0.48520992366412213,0.32903944020356235,0.3283487114222081,0.33476463104325704,41.372953872210076
"Logan County, Ohio",46089.0,22.7,71551.0,11.1,4.1,89.0,39,091,39091,0.6194338422391857,0.32840330788804073,0.43209287531806617,0.3433025771555839,0.34319338422391854,41.3285197364959
"Daggett County, Utah",783.0,21.1,66000.0,9.0,6.6,92.0,49,009,49009,0.3991730279898219,0.1825699745547074,0.8530534351145038,0.4902958956411072,0.1402671755725191,41.307190177453194
"Riverside County, California",2478600.0,24.1,93074.0,10.6,6.5,93.6,06,065,06065,0.785941475826972,0.29421119592875317,0.8447837150127226,0.07954183900731782,0.06059160305343514,41.30139657658402
"Northumberland County, Virginia",12188.0,13.8,66480.0,11.5,3.8,81.1,51,133,51133,0.014790076335877863,0.3614821882951654,0.37515903307888043,0.4667515112949412,0.8455788804071247,41.275233788239795
"Pima County, Arizona",1060490.0,19.6,70315.0,14.3,5.5,91.9,04,019,04019,0.24013994910941475,0.5777671755725191,0.7263040712468194,0.3744829780464525,0.1444020356234097,41.26192419197231
"Grant County, South Dakota",7563.0,22.2,75028.0,11.6,2.7,84.1,46,051,46051,0.5494592875318066,0.36959287531806617,0.17032442748091603,0.2666242443525294,0.7069020356234097,41.25805740613456
"Clayton County, Iowa",17013.0,21.6,67242.0,10.9,2.5,84.4,19,043,19043,0.46771628498727735,0.3139312977099237,0.1410623409669211,0.4479796372892141,0.6900445292620865,41.214681804308455
"Ochiltree County, Texas",9786.0,30.2,70183.0,11.8,0.3,89.5,48,357,48357,0.9782124681933843,0.38915394402035625,0.01049618320610687,0.37671014953865734,0.3050254452926209,41.19196380502251
"Oglethorpe County, Georgia",15509.0,21.5,75034.0,11.6,3.1,83.6,13,221,13221,0.4541984732824427,0.36959287531806617,0.22853053435114504,0.26614699331848557,0.739821882951654,41.165815184435864
"Juniata County, Pennsylvania",23379.0,22.1,66318.0,9.7,2.1,83.9,42,067,42067,0.5361005089058524,0.22916666666666666,0.09716921119592875,0.47438752783964366,0.7212150127226463,41.16077854661476
"Stark County, North Dakota",33302.0,27.6,84449.0,12.1,3.0,89.0,38,089,38089,0.9527671755725191,0.4128498727735369,0.209764631043257,0.13935730194082085,0.34319338422391854,41.15864731108104
"McPherson County, South Dakota",2145.0,19.3,66906.0,12.9,1.1,80.0,46,089,46089,0.21183206106870228,0.4767811704834606,0.03435114503816794,0.4587973273942093,0.8745229007633588,41.125692094957984
"Lamar County, Georgia",19571.0,20.4,67062.0,9.6,4.1,85.2,13,171,13171,0.31838422391857507,0.22232824427480916,0.43209287531806617,0.4549793191218581,0.6273854961832062,41.1034031763303
"Lane County, Oregon",384207.0,17.5,71544.0,15.3,6.4,92.1,41,039,41039,0.10241730279898219,0.636291348600509,0.8358778625954199,0.34393891186764236,0.13613231552162852,41.09315482768364
"Riley County, Kansas",71946.0,16.1,61098.0,19.9,3.8,91.9,20,161,20161,0.055025445292620864,0.8470101781170484,0.37515903307888043,0.6299713649379574,0.1444020356234097,41.03136114099833
"Christian County, Illinois",33538.0,19.3,62611.0,10.2,4.6,87.7,17,021,17021,0.21183206106870228,0.2657442748091603,0.5437340966921119,0.5847916003818008,0.44513358778625955,41.0247124147607
"Miami-Dade County, Florida",2738356.0,20.0,71753.0,14.7,4.6,89.7,12,086,12086,0.27512722646310434,0.6030534351145038,0.5437340966921119,0.33821189945911545,0.2892811704834606,40.98815656424592
"Bandera County, Texas",22021.0,16.6,75813.0,13.5,8.7,90.0,48,019,48019,0.06615776081424936,0.5225826972010178,0.94529262086514,0.25007954183900727,0.2652671755725191,40.987595925838676
"Moffat County, Colorado",13207.0,24.2,73849.0,8.4,4.5,89.6,08,081,08081,0.7946882951653944,0.14026717557251908,0.5225826972010178,0.29462297168310536,0.2962786259541985,40.96879531152471
"Dauphin County, Pennsylvania",289593.0,22.3,76242.0,12.9,4.5,90.3,42,043,42043,0.5629770992366412,0.4767811704834606,0.5225826972010178,0.2430798600063634,0.2420483460559797,40.94938345966925
"Butler County, Ohio",392876.0,23.4,81590.0,11.8,5.1,92.2,39,017,39017,0.7115139949109415,0.38915394402035625,0.6507633587786259,0.16481069042316254,0.13120229007633588,40.948885564188444
"Kit Carson County, Colorado",7023.0,26.1,70259.0,9.8,2.4,88.5,08,063,08063,0.9206424936386769,0.23807251908396945,0.1294529262086514,0.37543748011454026,0.3834287531806616,40.940683444529995
"Box Butte County, Nebraska",10714.0,25.2,68892.0,10.8,1.6,88.3,31,013,31013,0.8737277353689568,0.30820610687022904,0.059955470737913484,0.4050270442252625,0.3986959287531806,40.91224571911085
"Bonneville County, Idaho",129523.0,29.8,79068.0,9.8,4.6,92.9,16,019,16019,0.9748727735368957,0.23807251908396945,0.5437340966921119,0.19630925867006044,0.09255725190839692,40.91091799782869
"Price County, Wisconsin",14092.0,17.5,60546.0,11.9,2.9,84.2,55,099,55099,0.10241730279898219,0.39774173027989823,0.19545165394402036,0.6477887368755966,0.7013358778625954,40.89470603522186
"Garfield County, Montana",1094.0,24.9,69583.0,13.4,0.0,89.8,30,033,30033,0.8524173027989822,0.5157442748091603,0.003657760814249364,0.39118676423798915,0.280852417302799,40.8771703992636
"Sabine County, Texas",10023.0,17.8,66585.0,11.0,4.7,86.0,48,403,48403,0.1203880407124682,0.3196564885496183,0.5639312977099237,0.4642061724467069,0.5752226463104326,40.868092914583
"Dodge County, Nebraska",37351.0,25.2,74329.0,11.0,3.4,89.8,31,053,31053,0.8737277353689568,0.3196564885496183,0.2876908396946565,0.2809417753738467,0.280852417302799,40.85738512579754
"Boundary County, Idaho",13172.0,23.3,67237.0,13.6,2.6,90.8,16,021,16021,0.6999045801526718,0.5291030534351145,0.15505725190839695,0.4482978046452434,0.208969465648855,40.82664311580563
"Barron County, Wisconsin",46797.0,21.1,65933.0,11.0,2.8,85.0,55,005,55005,0.3991730279898219,0.3196564885496183,0.1830470737913486,0.49347756920139996,0.6447201017811706,40.80148522626718
"Huntingdon County, Pennsylvania",43653.0,17.7,65557.0,10.6,4.6,85.9,42,061,42061,0.11418575063613232,0.29421119592875317,0.5437340966921119,0.5049315940184538,0.5826972010178118,40.79519676586526
"Carlton County, Minnesota",36518.0,21.5,80573.0,11.9,4.8,88.0,27,017,27017,0.4541984732824427,0.39774173027989823,0.5873091603053435,0.17817371937639204,0.4212786259541985,40.7740341839655
"Piscataquis County, Maine",17263.0,15.5,61345.0,15.5,3.6,88.3,23,021,23021,0.04150763358778626,0.6491730279898219,0.32903944020356235,0.6197900095450206,0.3986959287531806,40.76412080158743
"Dubois County, Indiana",43614.0,24.3,75979.0,11.0,2.3,86.4,18,037,18037,0.8034351145038168,0.3196564885496183,0.11752544529262086,0.2478523703468024,0.5483460559796438,40.73630949345004
"Gage County, Nebraska",21629.0,22.6,67247.0,12.6,1.5,87.3,31,067,31067,0.6057569974554707,0.45133587786259544,0.05407124681933842,0.4476614699331849,0.476940203562341,40.71531591265861
"Lyon County, Minnesota",25503.0,26.0,75303.0,12.2,3.2,91.2,27,083,27083,0.9168256997455471,0.4211195928753181,0.2506361323155216,0.2615335666560611,0.1854325699745547,40.71095123134006
"Jasper County, Illinois",9180.0,22.5,74755.0,11.1,4.2,88.4,17,079,17079,0.5912849872773537,0.32840330788804073,0.451176844783715,0.2729875914731149,0.39153944020356235,40.70784343251573
"Trempealeau County, Wisconsin",30839.0,26.7,76313.0,9.9,2.3,87.1,55,121,55121,0.9370229007633588,0.24602417302798982,0.11752544529262086,0.24117085587018772,0.4925254452926209,40.68537640493556
"Shelby County, Ohio",47929.0,24.5,73978.0,11.6,4.1,92.5,39,149,39149,0.8228371501272265,0.36959287531806617,0.43209287531806617,0.2917594654788419,0.11561704834605602,40.63798829176514
"Wells County, Indiana",28420.0,24.7,71957.0,7.2,2.6,85.2,18,179,18179,0.8396946564885496,0.07617684478371502,0.15505725190839695,0.33343938911867643,0.6273854961832062,40.63507276965089
"Monona County, Iowa",8557.0,22.6,68377.0,10.6,1.6,84.9,19,133,19133,0.6057569974554707,0.29421119592875317,0.059955470737913484,0.4167992363983455,0.6521946564885497,40.57835114018065
"Anderson County, Tennessee",79153.0,21.3,66183.0,13.4,3.7,90.2,47,001,47001,0.42907124681933845,0.5157442748091603,0.35225826972010177,0.48138720967228765,0.24984096692111957,40.56603935884016
"O'Brien County, Iowa",14126.0,24.4,68356.0,13.3,1.0,90.1,19,141,19141,0.813295165394402,0.5092239185750637,0.030057251908396948,0.4177537384664334,0.2574745547073791,40.55609258103351
"Cameron Parish, Louisiana",5015.0,24.3,75278.0,7.4,2.1,82.8,22,023,22023,0.8034351145038168,0.08396946564885496,0.09716921119592875,0.2621699013681197,0.7800572519083969,40.53601889250235
"Daniels County, Montana",1494.0,17.9,55625.0,12.9,0.5,85.1,30,019,30019,0.12579516539440203,0.4767811704834606,0.015108142493638677,0.772510340439071,0.6364503816793894,40.53290400979924
"Wayne County, Nebraska",9844.0,20.3,66215.0,13.2,4.3,90.0,31,179,31179,0.3080470737913486,0.5019083969465649,0.4720101781170484,0.4791600381800827,0.2652671755725191,40.52785725215127
"Benton County, Oregon",96303.0,15.7,77702.0,18.2,7.0,92.9,41,003,41003,0.04596055979643766,0.7873727735368957,0.8804071246819338,0.2182628062360802,0.09255725190839692,40.491210323194885
"Valley County, Montana",7519.0,22.3,71695.0,10.1,3.0,84.9,30,105,30105,0.5629770992366412,0.25842875318066155,0.209764631043257,0.3401209035952911,0.6521946564885497,40.469720870888004
"Marion County, Kansas",11754.0,21.1,64695.0,9.2,3.4,85.4,20,115,20115,0.3991730279898219,0.19576972010178118,0.2876908396946565,0.5259306395163856,0.614821882951654,40.46772220508599
"Atchison County, Missouri",5187.0,20.9,58750.0,11.6,2.3,87.5,29,005,29005,0.37754452926208654,0.36959287531806617,0.11752544529262086,0.6988545975182946,0.4584923664122137,40.440196276065635
"Faulkner County, Arkansas",127717.0,22.6,67289.0,14.5,3.4,92.9,05,045,05045,0.6057569974554707,0.5892175572519084,0.2876908396946565,0.446706967865097,0.09255725190839692,40.438592283510594
"Yolo County, California",220564.0,20.1,91752.0,16.7,6.1,92.3,06,113,06113,0.2857824427480916,0.7154898218829516,0.8072519083969466,0.0865415208399618,0.1265903307888041,40.433120493135114
"Franklin County, Texas",10632.0,22.3,72360.0,11.7,4.4,90.1,48,159,48159,0.5629770992366412,0.37929389312977096,0.4969783715012723,0.3242125357938276,0.2574745547073791,40.41872908737781
"Southampton County, Virginia",17964.0,18.6,70795.0,8.7,5.5,85.5,51,175,51175,0.16316793893129772,0.16125954198473283,0.7263040712468194,0.3620744511613109,0.6079834605597965,40.415789277679146
"Hardin County, Iowa",16639.0,19.0,65069.0,9.7,4.3,85.4,19,083,19083,0.1871819338422392,0.22916666666666666,0.4720101781170484,0.5173401209035953,0.614821882951654,40.41041564962408
"Johnson County, Nebraska",5261.0,19.7,57632.0,9.7,3.4,86.7,31,097,31097,0.24920483460559797,0.22916666666666666,0.2876908396946565,0.7292395800190901,0.5249681933842238,40.4054022874047
"Fannin County, Georgia",25742.0,15.5,57073.0,13.7,3.7,88.9,13,111,13111,0.04150763358778626,0.5357824427480916,0.35225826972010177,0.7387846006999682,0.3513040712468194,40.39274036005535
"Wyoming County, Pennsylvania",25967.0,19.2,72460.0,11.5,5.0,87.0,42,131,42131,0.20244910941475827,0.3614821882951654,0.630884223918575,0.3226216990136812,0.500795165394402,40.36464772073164
"Elk County, Pennsylvania",30506.0,19.0,66380.0,8.7,5.7,87.7,42,047,42047,0.1871819338422392,0.16125954198473283,0.7528625954198473,0.4708876869233216,0.44513358778625955,40.34650691912801
"Camden County, Missouri",43667.0,17.2,66387.0,12.6,4.3,86.6,29,029,29029,0.08810432569974555,0.45133587786259544,0.4720101781170484,0.4705695195672924,0.5322837150127226,40.28607232518809
"Broadwater County, Montana",7668.0,19.9,70374.0,12.7,3.5,85.5,30,007,30007,0.2655852417302799,0.4599236641221374,0.307410941475827,0.3728921412663061,0.6079834605597965,40.275908983086936
"Kingfisher County, Oklahoma",15430.0,26.7,71975.0,12.8,2.1,91.3,40,073,40073,0.9370229007633588,0.46803435114503816,0.09716921119592875,0.33312122176264714,0.17843511450381677,40.275655987415796
"Wise County, Texas",75005.0,24.5,93421.0,8.9,5.3,90.2,48,497,48497,0.8228371501272265,0.1762086513994911,0.6868638676844784,0.07731466751511296,0.24984096692111957,40.261306072948564
"De Witt County, Illinois",15373.0,21.3,71678.0,10.0,4.0,86.0,17,039,17039,0.42907124681933845,0.2522264631043257,0.4150763358778626,0.3404390709513204,0.5752226463104326,40.240715261265606
"Orleans County, Vermont",27606.0,19.4,70103.0,11.7,5.3,89.0,50,019,50019,0.22264631043256997,0.37929389312977096,0.6868638676844784,0.3789373210308622,0.34319338422391854,40.218695530032
"Meade County, Kansas",3903.0,26.0,71852.0,11.0,1.5,88.5,20,119,20119,0.9168256997455471,0.3196564885496183,0.05407124681933842,0.3366210626789692,0.3834287531806616,40.212065019482694
"Bastrop County, Texas",106582.0,26.0,86226.0,10.2,4.3,90.5,48,021,48021,0.9168256997455471,0.2657442748091603,0.4720101781170484,0.12599427298759147,0.22916666666666663,40.19482184652028
"Custer County, Colorado",5247.0,13.7,72674.0,12.7,3.7,80.4,08,027,08027,0.013676844783715014,0.4599236641221374,0.35225826972010177,0.3181673560292714,0.8652989821882952,40.18650233687041
"Erie County, New York",950622.0,20.1,72839.0,13.9,4.9,90.2,36,029,36029,0.2857824427480916,0.5507315521628499,0.6102099236641222,0.31244034362074447,0.24984096692111957,40.18010458233855
"Dickson County, Tennessee",55983.0,22.5,75003.0,10.9,3.4,86.4,47,043,47043,0.5912849872773537,0.3139312977099237,0.2876908396946565,0.2669424117085587,0.5483460559796438,40.16391184740273
"Bennington County, Vermont",37269.0,18.7,73325.0,11.3,4.4,84.4,50,003,50003,0.169529262086514,0.3473282442748092,0.4969783715012723,0.3032134902958956,0.6900445292620865,40.141877948411555
"Towner County, North Dakota",2079.0,24.9,67350.0,8.5,0.7,86.5,38,095,38095,0.8524173027989822,0.14790076335877864,0.021310432569974554,0.44511613108495074,0.5399173027989822,40.13323865223336
"Floyd County, Virginia",15593.0,18.7,62191.0,9.8,3.6,84.7,51,063,51063,0.169529262086514,0.23807251908396945,0.32903944020356235,0.5972001272669425,0.6696882951653944,40.070592876127655
"Osborne County, Kansas",3452.0,22.1,63011.0,8.4,1.6,84.3,20,141,20141,0.5361005089058524,0.14026717557251908,0.059955470737913484,0.5714285714285714,0.6957697201017812,40.07042893493275
"Ripley County, Indiana",29095.0,23.6,70573.0,10.1,3.0,87.9,18,137,18137,0.7368002544529262,0.25842875318066155,0.209764631043257,0.36843779828189627,0.42970737913486,40.062776321872015
"Monroe County, Iowa",7513.0,23.0,70996.0,9.2,3.1,86.2,19,135,19135,0.6577608142493638,0.19576972010178118,0.22853053435114504,0.3588927776010181,0.5618638676844784,40.05635427975573
"Otter Tail County, Minnesota",60475.0,21.7,72255.0,8.7,4.8,87.7,27,111,27111,0.481234096692112,0.16125954198473283,0.5873091603053435,0.32707604199809104,0.44513358778625955,40.04024857533078
"Washington County, Texas",36647.0,21.2,77825.0,13.4,3.0,85.0,48,477,48477,0.41412213740458015,0.5157442748091603,0.209764631043257,0.2163538020999045,0.6447201017811706,40.01409894276146
"Ramsey County, Minnesota",542945.0,23.1,81568.0,12.3,4.9,92.4,27,123,27123,0.6720737913486005,0.43018447837150126,0.6102099236641222,0.16512885777919184,0.12197837150127222,39.99150845329377
"Florence County, Wisconsin",4646.0,15.5,61086.0,7.3,4.8,84.8,55,037,55037,0.04150763358778626,0.07999363867684478,0.5873091603053435,0.6302895322939867,0.6603053435114503,39.98810616750823
"Tarrant County, Texas",2167390.0,25.4,84207.0,11.1,4.7,93.2,48,439,48439,0.8885178117048346,0.32840330788804073,0.5639312977099237,0.14094813872096723,0.07729007633587781,39.98181264719288
"Shiawassee County, Michigan",67991.0,20.7,67404.0,12.0,4.0,88.5,26,155,26155,0.35162213740458015,0.4053753180661578,0.4150763358778626,0.44320712694877507,0.3834287531806616,39.97419342956075
"Benton County, Minnesota",41593.0,25.3,74410.0,9.9,3.9,91.1,27,009,27009,0.8813613231552163,0.24602417302798982,0.3969465648854962,0.2793509385937003,0.19258905852417307,39.92544116373152
"Kittitas County, Washington",47172.0,16.7,73804.0,14.4,6.3,90.6,53,037,53037,0.06965648854961833,0.5836513994910941,0.8249045801526718,0.29525930639516385,0.2221692111959288,39.91281971568954
"Jasper County, Iowa",37954.0,22.0,71311.0,8.3,5.7,90.4,19,099,19099,0.5225826972010178,0.1337468193384224,0.7528625954198473,0.34966592427616927,0.23505089058524176,39.87817853641397
"Marshall County, Illinois",11647.0,20.4,71585.0,11.4,3.8,85.6,17,123,17123,0.31838422391857507,0.3549618320610687,0.37515903307888043,0.3426662424435253,0.6014631043256997,39.85268871655498
"Lorain County, Ohio",317129.0,21.5,73347.0,12.1,4.3,88.9,39,093,39093,0.4541984732824427,0.4128498727735369,0.4720101781170484,0.30225898822780783,0.3513040712468194,39.8524316729531
"Polk County, Oregon",89662.0,21.6,85118.0,12.7,5.7,91.3,41,053,41053,0.46771628498727735,0.4599236641221374,0.7528625954198473,0.13267578746420616,0.17843511450381677,39.832268929945705
"Crockett County, Texas",2822.0,26.4,81022.0,9.3,3.0,87.3,48,105,48105,0.9282760814249363,0.20483460559796438,0.209764631043257,0.17149220489977723,0.476940203562341,39.826154530565525
"Franklin County, North Carolina",74386.0,21.8,74240.0,11.1,4.6,89.0,37,069,37069,0.49300254452926207,0.32840330788804073,0.5437340966921119,0.28285077951002224,0.34319338422391854,39.82368225686711
"Ellis County, Kansas",28920.0,20.1,63084.0,18.3,3.2,92.9,20,051,20051,0.2857824427480916,0.7930979643765903,0.2506361323155216,0.5685650652243079,0.09255725190839692,39.81277713145816
"Habersham County, Georgia",47793.0,21.8,67309.0,14.1,2.7,89.4,13,137,13137,0.49300254452926207,0.5661577608142494,0.17032442748091603,0.4460706331530385,0.3129770992366412,39.770649304282145
"Yellow Medicine County, Minnesota",9451.0,22.8,74000.0,8.6,3.5,85.6,27,173,27173,0.6332697201017812,0.15473918575063614,0.307410941475827,0.2900095450206809,0.6014631043256997,39.7378499334925
"Griggs County, North Dakota",2245.0,20.6,61711.0,11.7,1.4,85.5,38,039,38039,0.34001272264631044,0.37929389312977096,0.048982188295165395,0.6105631562201719,0.6079834605597965,39.73670841702431
"Johnston County, North Carolina",234263.0,24.9,83384.0,10.6,3.8,89.4,37,101,37101,0.8524173027989822,0.29421119592875317,0.37515903307888043,0.14985682468978678,0.3129770992366412,39.692429114660875
"Jones County, Georgia",28673.0,22.8,75500.0,12.1,3.8,89.5,13,169,13169,0.6332697201017812,0.4128498727735369,0.37515903307888043,0.25803372573973915,0.3050254452926209,39.68675593973118
"Russell County, Kansas",6679.0,21.9,62392.0,14.7,1.8,90.8,20,167,20167,0.5069974554707379,0.6030534351145038,0.07410941475826972,0.5902004454342984,0.208969465648855,39.666604328533296
"Washington County, Maryland",155709.0,21.8,77747.0,12.4,4.2,88.5,24,043,24043,0.49300254452926207,0.4378180661577608,0.451176844783715,0.2173083041679924,0.3834287531806616,39.654690256387845
"Bond County, Illinois",16716.0,17.7,65959.0,10.9,4.5,86.5,17,005,17005,0.11418575063613232,0.3139312977099237,0.5225826972010178,0.4915685650652243,0.5399173027989822,39.643712268225606
"Clay County, Kansas",8048.0,23.0,66176.0,13.4,1.0,89.6,20,027,20027,0.6577608142493638,0.5157442748091603,0.030057251908396948,0.4821826280623608,0.2962786259541985,39.640471899669606
"Wabaunsee County, Kansas",7009.0,22.7,76908.0,8.5,4.4,87.2,20,197,20197,0.6194338422391857,0.14790076335877864,0.4969783715012723,0.23226216990136817,0.4848918575063613,39.62934009013932
"Onondaga County, New York",471129.0,20.9,76945.0,13.8,5.2,91.6,36,067,36067,0.37754452926208654,0.5429389312977099,0.6680979643765903,0.23162583518930957,0.15982824427480913,39.60071008801011
"Pike County, Georgia",19903.0,23.2,86719.0,9.3,3.4,84.6,13,231,13231,0.6871819338422391,0.20483460559796438,0.2876908396946565,0.12058542793509386,0.6777989821882952,39.56183578516498
"Dixon County, Nebraska",5545.0,25.3,72454.0,7.3,2.4,86.2,31,051,31051,0.8813613231552163,0.07999363867684478,0.1294529262086514,0.3229398663697105,0.5618638676844784,39.512232441898036
"Lebanon County, Pennsylvania",144186.0,22.5,78425.0,10.1,4.3,87.7,42,075,42075,0.5912849872773537,0.25842875318066155,0.4720101781170484,0.20776328348711426,0.44513358778625955,39.49241579696874
"Shawano County, Wisconsin",41039.0,21.2,66479.0,11.1,2.6,85.5,55,115,55115,0.41412213740458015,0.32840330788804073,0.15505725190839695,0.4670696786509704,0.6079834605597965,39.45271672823569
"Summit County, Ohio",537864.0,20.7,71622.0,12.8,5.1,91.6,39,153,39153,0.35162213740458015,0.46803435114503816,0.6507633587786259,0.3420299077314668,0.15982824427480913,39.445559986690405
"Platte County, Nebraska",34716.0,26.6,71552.0,9.8,2.0,88.7,31,141,31141,0.934001272264631,0.23807251908396945,0.08889949109414758,0.3429844097995546,0.3676844783715013,39.43284341227608
"Sussex County, Virginia",10765.0,15.7,63530.0,11.6,4.1,86.1,51,183,51183,0.04596055979643766,0.36959287531806617,0.43209287531806617,0.5555202036271079,0.5680661577608143,39.42465343640985
"Franklin County, Indiana",23020.0,22.0,78074.0,6.9,3.9,83.0,18,047,18047,0.5225826972010178,0.06297709923664122,0.3969465648854962,0.21269487750556793,0.7709923664122138,39.32387210481873
"Decatur County, Indiana",26422.0,23.5,69783.0,10.2,2.7,88.0,18,031,18031,0.7240776081424937,0.2657442748091603,0.17032442748091603,0.3846643334393891,0.4212786259541985,39.321785396523154
"Washburn County, Wisconsin",16854.0,18.0,63441.0,11.5,3.9,86.8,55,129,55129,0.1313613231552163,0.3614821882951654,0.3969465648854962,0.5587018771874006,0.5165394402035624,39.300627874536815
"St. Clair County, Michigan",160221.0,20.3,71270.0,11.3,5.7,90.9,26,147,26147,0.3080470737913486,0.3473282442748092,0.7528625954198473,0.35300668151447656,0.20308524173027986,39.28659673461524
"Judith Basin County, Montana",2071.0,22.5,59000.0,13.3,0.1,91.5,30,045,30045,0.5912849872773537,0.5092239185750637,0.007792620865139949,0.6897868278714604,0.166030534351145,39.28237777880325
"Huntington County, Indiana",36798.0,21.6,66301.0,9.9,3.5,87.4,18,069,18069,0.46771628498727735,0.24602417302798982,0.307410941475827,0.47566019726376074,0.46660305343511455,39.26829300379939
"St. Louis County, Minnesota",200123.0,18.6,70069.0,13.2,4.6,88.6,27,137,27137,0.16316793893129772,0.5019083969465649,0.5437340966921119,0.3798918230989501,0.37468193384223913,39.26768379022328
"Gibson County, Indiana",33000.0,23.7,67573.0,10.8,2.3,88.9,18,051,18051,0.7477735368956743,0.30820610687022904,0.11752544529262086,0.43811644925230675,0.3513040712468194,39.258512191153
"Meade County, Kentucky",30158.0,21.9,74355.0,12.2,4.8,91.5,21,163,21163,0.5069974554707379,0.4211195928753181,0.5873091603053435,0.2803054406617881,0.166030534351145,39.235243673286654
"Kalkaska County, Michigan",18239.0,20.1,68578.0,12.2,3.8,87.4,26,079,26079,0.2857824427480916,0.4211195928753181,0.37515903307888043,0.4113903913458479,0.46660305343511455,39.201090269665045
"Kandiyohi County, Minnesota",44079.0,24.5,76592.0,9.1,3.6,88.5,27,067,27067,0.8228371501272265,0.18845419847328243,0.32903944020356235,0.2360801781737194,0.3834287531806616,39.196794403169044
"Terrell County, Texas",835.0,17.2,44886.0,7.7,0.0,81.8,48,443,48443,0.08810432569974555,0.1005089058524173,0.003657760814249364,0.9433662106267897,0.8241094147582697,39.19493235502943
"Douglas County, Nebraska",590736.0,25.3,80391.0,11.8,3.8,92.2,31,055,31055,0.8813613231552163,0.38915394402035625,0.37515903307888043,0.18135539293668468,0.13120229007633588,39.16463966534947
"Robertson County, Tennessee",75539.0,24.1,83047.0,10.4,3.3,87.4,47,147,47147,0.785941475826972,0.2800572519083969,0.2695610687022901,0.15335666560610883,0.46660305343511455,39.110390309577646
"Louisa County, Virginia",39980.0,20.0,86689.0,10.0,5.8,86.5,51,109,51109,0.27512722646310434,0.2522264631043257,0.7662213740458015,0.12153993000318164,0.5399173027989822,39.10064592830791
"Tompkins County, New York",104537.0,14.1,74024.0,16.4,5.5,90.6,36,109,36109,0.018447837150127225,0.6983142493638677,0.7263040712468194,0.28889595927457845,0.2221692111959288,39.08262656462643
"Los Angeles County, California",9808667.0,20.6,90112.0,13.7,7.3,93.0,06,037,06037,0.34001272264631044,0.5357824427480916,0.8975826972010178,0.0932230353165765,0.08699109414758266,39.07183984119158
"Major County, Oklahoma",7628.0,25.3,71266.0,11.0,2.6,90.3,40,093,40093,0.8813613231552163,0.3196564885496183,0.15505725190839695,0.3538020999045498,0.2420483460559797,39.038510191475225
"Brewster County, Texas",9503.0,16.7,56212.0,8.9,3.0,83.7,48,043,48043,0.06965648854961833,0.1762086513994911,0.209764631043257,0.7616926503340757,0.7334605597964376,39.0156596224576
"Cherokee County, Iowa",11600.0,22.2,71269.0,12.1,2.5,87.1,19,035,19035,0.5494592875318066,0.4128498727735369,0.1410623409669211,0.3534839325485205,0.4925254452926209,38.98761758226812
"Pender County, North Carolina",65550.0,22.4,80396.0,9.7,4.8,88.6,37,141,37141,0.576176844783715,0.22916666666666666,0.5873091603053435,0.18103722558065538,0.37468193384223913,38.9674366235724
"Washington County, New York",60522.0,18.4,73495.0,10.7,5.0,86.2,36,115,36115,0.15108142493638677,0.3016857506361323,0.630884223918575,0.30098631880369076,0.5618638676844784,38.930031719585266
"Lincoln County, Minnesota",5603.0,22.5,69694.0,11.9,2.7,88.3,27,081,27081,0.5912849872773537,0.39774173027989823,0.17032442748091603,0.38816417435571116,0.3986959287531806,38.924224962941196
"Grayson County, Texas",143337.0,24.0,72182.0,11.2,3.1,89.9,48,181,48181,0.7763994910941476,0.33826335877862596,0.22853053435114504,0.3286668787782373,0.2725826972010178,38.88885920406347
"Cherry County, Nebraska",5498.0,23.4,66270.0,8.3,0.4,85.5,31,031,31031,0.7115139949109415,0.1337468193384224,0.012881679389312978,0.4769328666878778,0.6079834605597965,38.86117641772702
"St. Lucie County, Florida",360500.0,19.7,71457.0,12.3,6.1,92.6,12,111,12111,0.24920483460559797,0.43018447837150126,0.8072519083969466,0.3468024180719058,0.10861959287531808,38.8412646464254
"Campbell County, Virginia",55312.0,19.4,66165.0,10.8,3.7,86.0,51,031,51031,0.22264631043256997,0.30820610687022904,0.35225826972010177,0.48265987909640473,0.5752226463104326,38.81986424859477
"Cortland County, New York",46246.0,18.5,70418.0,12.8,4.6,88.3,36,023,36023,0.15696564885496184,0.46803435114503816,0.5437340966921119,0.3713013044861597,0.3986959287531806,38.77462659862904
"Jackson County, Oregon",222645.0,20.3,73999.0,12.4,5.4,91.1,41,029,41029,0.3080470737913486,0.4378180661577608,0.7083333333333334,0.2904867960547248,0.19258905852417307,38.74548655722682
"Donley County, Texas",3257.0,17.6,58750.0,7.9,1.7,75.2,48,129,48129,0.10861959287531807,0.11005089058524173,0.06615776081424936,0.6988545975182946,0.9526081424936387,38.72581968573485
"Emmons County, North Dakota",3254.0,20.2,66538.0,9.1,2.3,80.4,38,029,38029,0.2969147582697201,0.18845419847328243,0.11752544529262086,0.4657970092268533,0.8652989821882952,38.67980786901544
"Fall River County, South Dakota",7258.0,16.2,67917.0,16.6,2.5,85.7,46,047,46047,0.0580470737913486,0.7104007633587787,0.1410623409669211,0.4285714285714286,0.5949427480916031,38.6604870956016
"Parmer County, Texas",9731.0,27.7,69735.0,10.2,2.6,91.4,48,369,48369,0.9538804071246819,0.2657442748091603,0.15505725190839695,0.3865733375755648,0.1717557251908397,38.66021993217287
"Van Wert County, Ohio",28826.0,23.0,67917.0,9.0,3.4,88.6,39,161,39161,0.6577608142493638,0.1825699745547074,0.2876908396946565,0.4285714285714286,0.37468193384223913,38.62549981824791
"Ascension Parish, Louisiana",130314.0,26.4,91549.0,10.3,4.4,91.9,22,005,22005,0.9282760814249363,0.2732188295165394,0.4969783715012723,0.0871778555520204,0.1444020356234097,38.60106347236357
"Marshall County, Minnesota",8909.0,23.3,72543.0,8.3,3.5,87.4,27,089,27089,0.6999045801526718,0.1337468193384224,0.307410941475827,0.32134902958956413,0.46660305343511455,38.58028847983201
"Buchanan County, Iowa",20694.0,25.4,78236.0,8.6,2.8,87.1,19,019,19019,0.8885178117048346,0.15473918575063614,0.1830470737913486,0.20967228762328982,0.4925254452926209,38.57003608325459
"Smith County, Tennessee",20389.0,22.4,66293.0,10.0,2.7,87.6,47,159,47159,0.576176844783715,0.2522264631043257,0.17032442748091603,0.4762965319758192,0.4516539440203562,38.53356422730264
"Monroe County, New York",753753.0,20.3,76382.0,13.6,4.9,90.4,36,055,36055,0.3080470737913486,0.5291030534351145,0.6102099236641222,0.23989818644607064,0.23505089058524176,38.44618255843796
"Macoupin County, Illinois",44350.0,20.6,70805.0,13.1,3.7,88.6,17,117,17117,0.34001272264631044,0.4931615776081425,0.35225826972010177,0.3617562838052816,0.37468193384223913,38.43741575244151
"Pierce County, Nebraska",7325.0,25.2,72357.0,7.6,2.1,86.6,31,139,31139,0.8737277353689568,0.09398854961832061,0.09716921119592875,0.32453070314985677,0.5322837150127226,38.43399828691571
"Wallowa County, Oregon",7553.0,20.1,67112.0,7.8,3.8,84.2,41,063,41063,0.2857824427480916,0.10623409669211197,0.37515903307888043,0.4527521476296532,0.7013358778625954,38.42527196022665
"Hudson County, New Jersey",718323.0,19.8,91795.0,14.9,6.0,91.5,34,017,34017,0.25699745547073793,0.6146628498727735,0.7969147582697201,0.08590518612790332,0.166030534351145,38.4102156818456
"Johnson County, Iowa",156639.0,19.3,74935.0,17.1,3.8,89.2,19,103,19103,0.21183206106870228,0.7358460559796438,0.37515903307888043,0.2685332484887051,0.32649491094147587,38.35730619114815
"Fulton County, Pennsylvania",14531.0,19.7,65836.0,11.2,2.9,85.1,42,057,42057,0.24920483460559797,0.33826335877862596,0.19545165394402036,0.4963410754056634,0.6364503816793894,38.31422608826595
"Montrose County, Colorado",43807.0,20.0,72120.0,11.5,4.4,87.6,08,085,08085,0.27512722646310434,0.3614821882951654,0.4969783715012723,0.3302577155583837,0.4516539440203562,38.30998891676563
"Waushara County, Wisconsin",24868.0,17.7,67107.0,10.9,3.9,85.1,55,137,55137,0.11418575063613232,0.3139312977099237,0.3969465648854962,0.4530703149856825,0.6364503816793894,38.29168619793248
"Schoharie County, New York",30049.0,17.2,70133.0,11.7,5.0,87.8,36,095,36095,0.08810432569974555,0.37929389312977096,0.630884223918575,0.3783009863188037,0.4379770992366412,38.291210566070724
"Cimarron County, Oklahoma",2218.0,20.6,62188.0,7.4,0.4,79.9,40,025,40025,0.34001272264631044,0.08396946564885496,0.012881679389312978,0.5976773783009863,0.8772264631043257,38.23535418179581
"Churchill County, Nevada",25805.0,22.7,79163.0,8.1,5.3,89.7,32,001,32001,0.6194338422391857,0.12070610687022901,0.6868638676844784,0.19535475660197266,0.2892811704834606,38.23279487758652
"Suffolk city, Virginia",98796.0,23.6,92666.0,9.4,5.0,90.2,51,800,51800,0.7368002544529262,0.21230916030534353,0.630884223918575,0.08176901049952279,0.24984096692111957,38.232072321949744
"Gilliam County, Oregon",1971.0,19.0,66917.0,15.3,2.8,87.7,41,021,41021,0.1871819338422392,0.636291348600509,0.1830470737913486,0.4581609926821508,0.44513358778625955,38.19629873405014
"Chase County, Kansas",2561.0,20.4,56484.0,8.4,0.9,84.7,20,017,20017,0.31838422391857507,0.14026717557251908,0.02608142493638677,0.755011135857461,0.6696882951653944,38.18864510900673
"Pepin County, Wisconsin",7431.0,22.3,75256.0,10.2,3.1,85.8,55,091,55091,0.5629770992366412,0.2657442748091603,0.22853053435114504,0.26280623608017817,0.5885814249363868,38.17279138827023
"Callaway County, Missouri",44741.0,20.7,74176.0,11.6,5.1,90.2,29,027,29027,0.35162213740458015,0.36959287531806617,0.6507633587786259,0.286032453070315,0.24984096692111957,38.15703582985414
"Wallace County, Kansas",1417.0,23.0,63207.0,12.3,1.3,90.8,20,199,20199,0.6577608142493638,0.43018447837150126,0.04373409669211196,0.5642698059179128,0.208969465648855,38.0983732175949
"Franklin County, Virginia",55130.0,18.5,68849.0,12.7,2.4,83.4,51,067,51067,0.15696564885496184,0.4599236641221374,0.1294529262086514,0.40629971364937956,0.7509541984732824,38.07192302616825
"Snyder County, Pennsylvania",39668.0,20.5,66876.0,9.4,2.4,83.0,42,109,42109,0.32840330788804073,0.21230916030534353,0.1294529262086514,0.4600699968183264,0.7709923664122138,38.024555152651516
"Grant County, Minnesota",6127.0,23.2,73917.0,11.6,2.8,88.7,27,051,27051,0.6871819338422391,0.36959287531806617,0.1830470737913486,0.2933503022589883,0.3676844783715013,38.01713327164287
"Natrona County, Wyoming",79977.0,23.6,72156.0,9.6,4.1,91.3,56,025,56025,0.7368002544529262,0.22232824427480916,0.43209287531806617,0.3296213808463252,0.17843511450381677,37.985557387918874
"Osage County, Kansas",15744.0,23.0,74467.0,9.7,1.9,84.9,20,139,20139,0.6577608142493638,0.22916666666666666,0.08158396946564886,0.2783964365256125,0.6521946564885497,37.982050867916826
"Kosciusko County, Indiana",80442.0,23.5,75317.0,9.8,2.8,87.1,18,085,18085,0.7240776081424937,0.23807251908396945,0.1830470737913486,0.2612153993000318,0.4925254452926209,37.97876091220929
"Washington County, Virginia",53926.0,17.5,64552.0,11.1,3.0,83.8,51,191,51191,0.10241730279898219,0.32840330788804073,0.209764631043257,0.5303849825007954,0.727735368956743,37.97411186375636
"Washington County, Colorado",4831.0,22.2,67167.0,8.1,3.1,86.4,08,121,08121,0.5494592875318066,0.12070610687022901,0.22853053435114504,0.45052497613744835,0.5483460559796438,37.951339217405454
"Logan County, Illinois",27713.0,19.3,66358.0,13.1,4.0,89.5,17,107,17107,0.21183206106870228,0.4931615776081425,0.4150763358778626,0.4718421889914095,0.3050254452926209,37.938752176774756
"Washakie County, Wyoming",7703.0,21.0,65714.0,8.8,2.7,84.7,56,043,56043,0.3885178117048346,0.16889312977099236,0.17032442748091603,0.49920458160992687,0.6696882951653944,37.93256491464129
"Ottawa County, Kansas",5819.0,23.5,74018.0,10.4,2.9,88.2,20,143,20143,0.7240776081424937,0.2800572519083969,0.19545165394402036,0.28921412663060775,0.4069656488549618,37.91532578960961
"St. Tammany Parish, Louisiana",272421.0,23.6,81202.0,11.4,4.8,94.1,22,103,22103,0.7368002544529262,0.3549618320610687,0.5873091603053435,0.16990136811963097,0.04643765903307884,37.908205479440966
"Orange County, Florida",1471937.0,21.4,79719.0,13.0,5.5,93.9,12,095,12095,0.4419529262086514,0.48520992366412213,0.7263040712468194,0.18962774419344575,0.05216284987277353,37.90515030371625
"Calaveras County, California",46248.0,16.9,78647.0,13.0,4.5,85.5,06,009,06009,0.07569974554707379,0.48520992366412213,0.5225826972010178,0.20362710785873372,0.6079834605597965,37.90205869661488
"Douglas County, South Dakota",2828.0,25.5,86442.0,11.0,0.5,86.5,46,043,46043,0.8950381679389313,0.3196564885496183,0.015108142493638677,0.1244034362074451,0.5399173027989822,37.88247075977231
"Crow Wing County, Minnesota",67686.0,20.5,72589.0,9.9,5.5,89.9,27,035,27035,0.32840330788804073,0.24602417302798982,0.7263040712468194,0.3202354438434617,0.2725826972010178,37.87099386414659
"Chase County, Nebraska",3671.0,24.5,68173.0,7.5,1.9,87.3,31,029,31029,0.8228371501272265,0.08889949109414758,0.08158396946564886,0.4215717467387846,0.476940203562341,37.83665121976297
"Red Lake County, Minnesota",3915.0,24.2,77188.0,7.2,1.1,83.3,27,125,27125,0.7946882951653944,0.07617684478371502,0.03435114503816794,0.22844416162901682,0.7566793893129771,37.806796718585424
"King County, Texas",211.0,14.7,46645.0,23.7,0.0,100.0,48,269,48269,0.025763358778625955,0.933206106870229,0.003657760814249364,0.9265033407572383,0.0,37.78261134440685
"Henry County, Ohio",27567.0,23.3,80099.0,8.7,3.9,87.7,39,069,39069,0.6999045801526718,0.16125954198473283,0.3969465648854962,0.18453706649697743,0.44513358778625955,37.75562682612275
"Niobrara County, Wyoming",2368.0,10.5,64113.0,12.0,2.5,82.4,56,027,56027,0.003975826972010178,0.4053753180661578,0.1410623409669211,0.5396118358256443,0.7977099236641221,37.75470490989711
"Wilson County, Texas",52781.0,23.5,94565.0,11.3,3.6,88.1,48,493,48493,0.7240776081424937,0.3473282442748092,0.32903944020356235,0.07317849188673242,0.41364503816793896,37.74537645351074
"Gem County, Idaho",20614.0,21.9,64605.0,12.0,2.9,90.2,16,045,16045,0.5069974554707379,0.4053753180661578,0.19545165394402036,0.5287941457206491,0.24984096692111957,37.729190802453694
"Williams County, North Dakota",39555.0,30.2,85595.0,8.6,4.4,92.3,38,105,38105,0.9782124681933843,0.15473918575063614,0.4969783715012723,0.1294941139039134,0.1265903307888041,37.7202894027602
"Campbell County, South Dakota",1593.0,20.8,68929.0,7.7,3.1,82.6,46,021,46021,0.3638676844783715,0.1005089058524173,0.22853053435114504,0.4037543748011454,0.7883269720101781,37.69976942986514
"Gray County, Kansas",5701.0,28.5,79122.0,8.5,2.7,88.2,20,069,20069,0.9637404580152672,0.14790076335877864,0.17032442748091603,0.19567292395800195,0.4069656488549618,37.69208443335851
"Grant County, Kansas",7229.0,30.6,66476.0,9.3,0.7,90.8,20,067,20067,0.9817111959287532,0.20483460559796438,0.021310432569974554,0.4673878460069997,0.208969465648855,37.68427091505094
"Union County, New Jersey",579290.0,23.5,103202.0,9.2,6.5,93.3,34,039,34039,0.7240776081424937,0.19576972010178118,0.8447837150127226,0.04486159720012728,0.07283715012722647,37.64659581168702
"Canyon County, Idaho",250790.0,26.7,76488.0,10.5,3.7,93.4,16,027,16027,0.9370229007633588,0.28641857506361323,0.35225826972010177,0.23830734966592426,0.06790712468193383,37.63828439789864
"Tuolumne County, California",54498.0,17.1,77404.0,10.4,8.2,88.8,06,109,06109,0.08412849872773537,0.2800572519083969,0.934001272264631,0.2233534839325485,0.3597328244274809,37.62546662521585
"Kenton County, Kentucky",171288.0,23.3,80548.0,11.8,4.3,92.0,21,117,21117,0.6999045801526718,0.38915394402035625,0.4720101781170484,0.17912822144447982,0.1402671755725191,37.60928198614151
"Grand Forks County, North Dakota",72923.0,21.2,68075.0,13.2,2.3,88.0,38,035,38035,0.41412213740458015,0.5019083969465649,0.11752544529262086,0.42507158765510655,0.4212786259541985,37.59812386506142
"Ballard County, Kentucky",7654.0,19.9,66164.0,15.0,1.6,87.6,21,007,21007,0.2655852417302799,0.6192748091603053,0.059955470737913484,0.48297804645243403,0.4516539440203562,37.58895024202578
"Clark County, Illinois",15266.0,22.4,72927.0,9.1,3.7,87.6,17,023,17023,0.576176844783715,0.18845419847328243,0.35225826972010177,0.3108495068405982,0.4516539440203562,37.587855276761076
"Idaho County, Idaho",17432.0,19.8,66325.0,11.1,3.7,87.4,16,049,16049,0.25699745547073793,0.32840330788804073,0.35225826972010177,0.4734330257715559,0.46660305343511455,37.553902245711015
"Pinal County, Arizona",469006.0,21.5,80266.0,11.1,6.0,92.5,04,021,04021,0.4541984732824427,0.32840330788804073,0.7969147582697201,0.18230989500477246,0.11561704834605602,37.54886965582064
"Fulton County, New York",52487.0,20.0,66533.0,13.1,3.5,89.1,36,035,36035,0.27512722646310434,0.4931615776081425,0.307410941475827,0.4661151765828826,0.33476463104325704,37.53159106346427
"Miner County, South Dakota",2300.0,21.9,76140.0,11.2,0.3,82.9,46,097,46097,0.5069974554707379,0.33826335877862596,0.01049618320610687,0.2451479478205536,0.7756043256997456,37.5301854195154
"Wyoming County, New York",39753.0,18.5,69110.0,11.1,3.6,84.8,36,121,36121,0.15696564885496184,0.32840330788804073,0.32903944020356235,0.40152720330894054,0.6603053435114503,37.524818875339115
"Polk County, Iowa",503175.0,24.4,83576.0,10.3,4.4,91.9,19,153,19153,0.813295165394402,0.2732188295165394,0.4969783715012723,0.14731148584155263,0.1444020356234097,37.504117757543526
"Clinton County, New York",78493.0,18.0,71224.0,13.7,4.1,88.0,36,019,36019,0.1313613231552163,0.5357824427480916,0.43209287531806617,0.3544384346166083,0.4212786259541985,37.49907403584361
"Fulton County, Ohio",42240.0,23.1,72864.0,9.4,3.9,89.8,39,051,39051,0.6720737913486005,0.21230916030534353,0.3969465648854962,0.3121221762647153,0.280852417302799,37.48608220213908
"Cayuga County, New York",75102.0,19.3,67904.0,13.5,3.8,89.1,36,011,36011,0.21183206106870228,0.5225826972010178,0.37515903307888043,0.4298440979955457,0.33476463104325704,37.483650407748065
"Wood County, Wisconsin",74004.0,21.4,67989.0,10.8,4.0,89.8,55,141,55141,0.4419529262086514,0.30820610687022904,0.4150763358778626,0.4269805917912822,0.280852417302799,37.46136756101648
"Ogle County, Illinois",51495.0,22.2,82132.0,8.4,5.0,88.4,17,141,17141,0.5494592875318066,0.14026717557251908,0.630884223918575,0.16003818008272352,0.39153944020356235,37.443766146183734
"Weld County, Colorado",350396.0,25.5,97097.0,9.6,4.8,92.7,08,123,08123,0.8950381679389313,0.22232824427480916,0.5873091603053435,0.06299713649379579,0.10353053435114501,37.4240648672805
"Rock County, Minnesota",9621.0,24.4,71295.0,10.6,2.6,90.1,27,133,27133,0.813295165394402,0.29421119592875317,0.15505725190839695,0.35093859370028635,0.2574745547073791,37.419535232784355
"Colonial Heights city, Virginia",18352.0,24.6,76505.0,7.9,3.6,88.8,51,570,51570,0.8322201017811705,0.11005089058524173,0.32903944020356235,0.23798918230989496,0.3597328244274809,37.380648786147006
"Berkeley County, West Virginia",129514.0,23.1,80815.0,11.1,4.7,92.2,54,003,54003,0.6720737913486005,0.32840330788804073,0.5639312977099237,0.1734012090359529,0.13120229007633588,37.38023792117707
"Kittson County, Minnesota",4084.0,21.6,76100.0,9.1,5.0,89.1,27,069,27069,0.46771628498727735,0.18845419847328243,0.630884223918575,0.24657970092268533,0.33476463104325704,37.36798078690155
"Columbia County, Washington",4014.0,18.0,71810.0,9.3,3.9,82.4,53,013,53013,0.1313613231552163,0.20483460559796438,0.3969465648854962,0.33725739739102767,0.7977099236641221,37.36219629387653
"Lenawee County, Michigan",98415.0,20.5,70518.0,10.7,4.7,89.5,26,091,26091,0.32840330788804073,0.3016857506361323,0.5639312977099237,0.36875596563792556,0.3050254452926209,37.35603534329286
"Monroe County, Michigan",155505.0,20.9,77335.0,10.5,5.1,89.2,26,115,26115,0.37754452926208654,0.28641857506361323,0.6507633587786259,0.22526248806872418,0.32649491094147587,37.329677242290515
"Catoosa County, Georgia",68634.0,21.9,74639.0,9.9,4.3,88.7,13,047,13047,0.5069974554707379,0.24602417302798982,0.4720101781170484,0.2736239261851734,0.3676844783715013,37.32680422344902
"Franklin County, Kansas",26106.0,23.1,77207.0,8.7,3.0,85.7,20,059,20059,0.6720737913486005,0.16125954198473283,0.209764631043257,0.22780782691695833,0.5949427480916031,37.316970787703035
"Treasure County, Montana",732.0,17.5,67917.0,12.3,1.0,80.0,30,103,30103,0.10241730279898219,0.43018447837150126,0.030057251908396948,0.4285714285714286,0.8745229007633588,37.31506724827335
"Spokane County, Washington",549056.0,21.5,78582.0,11.7,5.3,92.0,53,063,53063,0.4541984732824427,0.37929389312977096,0.6868638676844784,0.2045816099268215,0.1402671755725191,37.304100391920656
"Boone County, Missouri",188043.0,20.1,72758.0,16.6,3.8,91.3,29,019,29019,0.2857824427480916,0.7104007633587787,0.37515903307888043,0.31466751511294944,0.17843511450381677,37.288897376050336
"Thayer County, Nebraska",4901.0,22.7,66213.0,9.0,2.0,87.1,31,169,31169,0.6194338422391857,0.1825699745547074,0.08889949109414758,0.479478205536112,0.4925254452926209,37.25813917433547
"St. Clair County, Alabama",94166.0,22.2,77463.0,11.4,4.6,91.1,01,115,01115,0.5494592875318066,0.3549618320610687,0.5437340966921119,0.22208081450843142,0.19258905852417307,37.25650178635183
"Nemaha County, Kansas",10160.0,26.9,77348.0,9.3,1.5,87.8,20,131,20131,0.9408396946564885,0.20483460559796438,0.05407124681933842,0.22494432071269488,0.4379770992366412,37.253339340462546
"Lincoln County, Wyoming",20486.0,25.2,89330.0,7.5,2.0,84.1,56,023,56023,0.8737277353689568,0.08889949109414758,0.08889949109414758,0.10022271714922049,0.7069020356234097,37.17302940659765
"Lexington County, South Carolina",304887.0,23.0,77408.0,11.1,4.5,92.3,45,063,45063,0.6577608142493638,0.32840330788804073,0.5225826972010178,0.2230353165765192,0.1265903307888041,37.16744933407491
"Dickinson County, Michigan",25954.0,20.0,65156.0,10.5,3.6,87.6,26,043,26043,0.27512722646310434,0.28641857506361323,0.32903944020356235,0.5147947820553611,0.4516539440203562,37.140679356119946
"Hubbard County, Minnesota",21831.0,20.7,71995.0,10.8,4.4,88.7,27,057,27057,0.35162213740458015,0.30820610687022904,0.4969783715012723,0.33248488705058865,0.3676844783715013,37.13951962396343
"Beaver County, Pennsylvania",166324.0,19.4,71089.0,9.9,5.3,89.0,42,007,42007,0.22264631043256997,0.24602417302798982,0.6868638676844784,0.35730194082087174,0.34319338422391854,37.12059352379657
"Hernando County, Florida",207018.0,18.5,66058.0,11.7,5.3,91.9,12,053,12053,0.15696564885496184,0.37929389312977096,0.6868638676844784,0.48775055679287305,0.1444020356234097,37.10552004170988
"Champaign County, Ohio",38804.0,22.1,75556.0,8.0,4.8,88.8,39,021,39021,0.5361005089058524,0.11513994910941476,0.5873091603053435,0.25676105631562207,0.3597328244274809,37.10086998127427
"District of Columbia, District of Columbia",681294.0,18.7,109870.0,15.4,6.3,91.2,11,001,11001,0.169529262086514,0.6432888040712468,0.8249045801526718,0.03181673560292719,0.1854325699745547,37.09943903775829
"Bryan County, Georgia",48263.0,29.1,103408.0,6.7,5.3,92.8,13,029,13029,0.9696246819338422,0.055820610687022904,0.6868638676844784,0.0435889277760102,0.09860050890585237,37.08997193974412
"Wrangell City and Borough, Alaska",2088.0,19.7,63750.0,12.1,4.3,91.4,02,275,02275,0.24920483460559797,0.4128498727735369,0.4720101781170484,0.5485205217944639,0.1717557251908397,37.08682264962974
"Queens County, New York",2323052.0,19.5,86136.0,12.9,7.2,92.3,36,081,36081,0.23139312977099236,0.4767811704834606,0.8916984732824428,0.12663060769965007,0.1265903307888041,37.061874240507
"Callahan County, Texas",14241.0,21.8,72436.0,9.6,4.7,90.2,48,059,48059,0.49300254452926207,0.22232824427480916,0.5639312977099237,0.3232580337257397,0.24984096692111957,37.04722174321707
"Turner County, South Dakota",8882.0,25.3,75771.0,9.3,2.2,88.2,46,125,46125,0.8813613231552163,0.20483460559796438,0.10607506361323155,0.25135221126312446,0.4069656488549618,37.01177704968997
"Ringgold County, Iowa",4645.0,22.4,73346.0,8.8,3.3,86.6,19,159,19159,0.576176844783715,0.16889312977099236,0.2695610687022901,0.30257715558383713,0.5322837150127226,36.989838277071144
"Nelson County, Kentucky",47606.0,23.0,69562.0,10.8,3.3,90.6,21,179,21179,0.6577608142493638,0.30820610687022904,0.2695610687022901,0.3916640152720331,0.2221692111959288,36.987224325796895
"Charles City County, Virginia",6627.0,14.2,75417.0,9.4,3.9,74.5,51,036,51036,0.019720101781170483,0.21230916030534353,0.3969465648854962,0.2605790645879733,0.9594465648854962,36.98002912890959
"Broward County, Florida",1977129.0,20.8,77633.0,12.2,5.4,92.1,12,011,12011,0.3638676844783715,0.4211195928753181,0.7083333333333334,0.21921730830416797,0.13613231552162852,36.97340469025639
"McKenzie County, North Dakota",14321.0,31.1,93404.0,12.0,1.3,89.1,38,053,38053,0.9860050890585241,0.4053753180661578,0.04373409669211196,0.07795100222717144,0.33476463104325704,36.95660274174445
"Bonner County, Idaho",51049.0,19.6,66979.0,11.1,4.8,90.4,16,017,16017,0.24013994910941475,0.32840330788804073,0.5873091603053435,0.45688832325803375,0.23505089058524176,36.95583262292149
"Roane County, Tennessee",55208.0,18.7,71885.0,12.0,4.9,89.2,47,145,47145,0.169529262086514,0.4053753180661578,0.6102099236641222,0.3359847279669106,0.32649491094147587,36.95188285450361
"Cecil County, Maryland",104960.0,22.2,92007.0,10.8,5.5,91.3,24,015,24015,0.5494592875318066,0.30820610687022904,0.7263040712468194,0.08463251670378624,0.17843511450381677,36.94074193712916
"McClain County, Oklahoma",45273.0,25.1,84552.0,8.5,4.7,92.2,40,087,40087,0.8657760814249363,0.14790076335877864,0.5639312977099237,0.13776646516067448,0.13120229007633588,36.93153795461298
"Calhoun County, Iowa",9803.0,21.7,64964.0,9.3,2.6,87.2,19,025,19025,0.481234096692112,0.20483460559796438,0.15505725190839695,0.5198854597518294,0.4848918575063613,36.918065429133286
"Fillmore County, Minnesota",21414.0,24.4,77512.0,8.4,2.7,87.0,27,045,27045,0.813295165394402,0.14026717557251908,0.17032442748091603,0.22080814508431434,0.500795165394402,36.90980157853107
"Mercer County, New Jersey",385864.0,22.0,100645.0,10.3,6.3,91.4,34,021,34021,0.5225826972010178,0.2732188295165394,0.8249045801526718,0.05249761374482975,0.1717557251908397,36.89918891611797
"Scott County, Kentucky",59536.0,24.3,85158.0,10.6,4.3,92.0,21,209,21209,0.8034351145038168,0.29421119592875317,0.4720101781170484,0.13235762010817687,0.1402671755725191,36.84562568460629
"Deuel County, South Dakota",4328.0,24.2,83112.0,8.8,2.1,85.2,46,039,46039,0.7946882951653944,0.16889312977099236,0.09716921119592875,0.15272033089405024,0.6273854961832062,36.817129264191436
"Harrison County, Indiana",39859.0,22.2,74475.0,7.2,3.5,85.2,18,061,18061,0.5494592875318066,0.07617684478371502,0.307410941475827,0.27776010181355393,0.6273854961832062,36.76385343576217
"Rush County, Kansas",2947.0,20.0,59970.0,11.1,3.6,90.3,20,165,20165,0.27512722646310434,0.32840330788804073,0.32903944020356235,0.6633789373210308,0.2420483460559797,36.75994515863435
"Butler County, Iowa",14268.0,22.4,73715.0,9.2,3.1,86.5,19,023,19023,0.576176844783715,0.19576972010178118,0.22853053435114504,0.2974864778873687,0.5399173027989822,36.75761759845984
"Amelia County, Virginia",13462.0,20.2,76717.0,9.7,3.8,84.2,51,007,51007,0.2969147582697201,0.22916666666666666,0.37515903307888043,0.23480750874960232,0.7013358778625954,36.74767689254929
"Granite County, Montana",3462.0,14.7,59265.0,10.2,3.7,86.9,30,039,30039,0.025763358778625955,0.2657442748091603,0.35225826972010177,0.6843779828189628,0.5081106870229007,36.72509146299503
"Meeker County, Minnesota",23468.0,23.5,75446.0,9.1,3.2,88.1,27,093,27093,0.7240776081424937,0.18845419847328243,0.2506361323155216,0.25930639516385623,0.41364503816793896,36.72238744526186
"Penobscot County, Maine",154710.0,17.6,66356.0,14.1,3.6,88.8,23,019,23019,0.10861959287531807,0.5661577608142494,0.32903944020356235,0.4721603563474388,0.3597328244274809,36.714199493360994
"Crook County, Oregon",26277.0,19.5,81965.0,11.3,5.9,89.4,41,013,41013,0.23139312977099236,0.3473282442748092,0.7818066157760815,0.1616290168628699,0.3129770992366412,36.70268211842787
"Rogers County, Oklahoma",98610.0,23.2,80067.0,8.9,4.7,90.6,40,131,40131,0.6871819338422391,0.1762086513994911,0.5639312977099237,0.1854915685650652,0.2221692111959288,36.699653254252965
"Delaware County, Pennsylvania",579222.0,22.0,89546.0,10.2,6.9,93.3,42,045,42045,0.5225826972010178,0.2657442748091603,0.8748409669211196,0.09895004772510341,0.07283715012722647,36.699102735672554
"Midland County, Texas",174801.0,29.1,92874.0,11.3,3.4,91.8,48,329,48329,0.9696246819338422,0.3473282442748092,0.2876908396946565,0.0808145084314349,0.14901399491094147,36.68944538491369
"Beaver County, Utah",7273.0,29.4,79360.0,6.6,1.7,86.4,49,001,49001,0.9718511450381679,0.05232188295165394,0.06615776081424936,0.19408208717785558,0.5483460559796438,36.65517863923141
"Pulaski County, Indiana",12441.0,22.1,62792.0,12.1,1.8,90.5,18,131,18131,0.5361005089058524,0.4128498727735369,0.07410941475826972,0.5793827553293032,0.22916666666666663,36.632184368672576
"Harris County, Georgia",36086.0,21.5,97302.0,9.0,5.9,88.9,13,145,13145,0.4541984732824427,0.1825699745547074,0.7818066157760815,0.0617244670696786,0.3513040712468194,36.63207203859459
"Barry County, Michigan",63409.0,21.7,77500.0,8.4,4.3,86.8,26,015,26015,0.481234096692112,0.14026717557251908,0.4720101781170484,0.22144447979637294,0.5165394402035624,36.62990740763229
"Poweshiek County, Iowa",18545.0,19.4,67391.0,10.7,3.6,86.6,19,157,19157,0.22264631043256997,0.3016857506361323,0.32903944020356235,0.44416162901686285,0.5322837150127226,36.596336906037
"Kiowa County, Kansas",2422.0,23.2,75539.0,5.9,2.2,83.5,20,097,20097,0.6871819338422391,0.03244274809160305,0.10607506361323155,0.25771555838370985,0.7457061068702291,36.582428216020254
"Rutland County, Vermont",60425.0,17.4,68616.0,11.8,4.1,87.0,50,021,50021,0.09637404580152671,0.38915394402035625,0.43209287531806617,0.41027680559974544,0.500795165394402,36.57385672268193
"Stokes County, North Carolina",45139.0,18.6,62969.0,11.2,3.1,86.7,37,169,37169,0.16316793893129772,0.33826335877862596,0.22853053435114504,0.5723830734966593,0.5249681933842238,36.54626197883904
"Jasper County, Indiana",33234.0,23.0,77314.0,8.4,4.9,91.1,18,073,18073,0.6577608142493638,0.14026717557251908,0.6102099236641222,0.22621699013681196,0.19258905852417307,36.54087924293981
"Jones County, Iowa",20896.0,20.2,73531.0,12.0,3.6,87.1,19,105,19105,0.2969147582697201,0.4053753180661578,0.32903944020356235,0.30066815144766146,0.4925254452926209,36.49046226559445
"Giles County, Virginia",16557.0,19.8,65691.0,9.3,2.1,83.1,51,071,51071,0.25699745547073793,0.20483460559796438,0.09716921119592875,0.49952274896595605,0.7659033078880407,36.488546582372564
"Scott County, Iowa",174608.0,23.1,78277.0,11.5,3.7,90.5,19,163,19163,0.6720737913486005,0.3614821882951654,0.35225826972010177,0.20839961819917274,0.22916666666666663,36.467610684594135
"Madison County, Virginia",14044.0,20.0,84323.0,10.8,4.3,85.2,51,113,51113,0.27512722646310434,0.30820610687022904,0.4720101781170484,0.14031180400890864,0.6273854961832062,36.46081623284993
"Fremont County, Idaho",13943.0,24.0,72683.0,10.1,3.9,93.3,16,043,16043,0.7763994910941476,0.25842875318066155,0.3969465648854962,0.3178491886732421,0.07283715012722647,36.449222959215476
"Mathews County, Virginia",8540.0,14.4,75880.0,7.8,4.4,75.5,51,115,51115,0.021628498727735368,0.10623409669211197,0.4969783715012723,0.2491250397709195,0.9483142493638677,36.445605121118135
"Gwinnett County, Georgia",979864.0,26.0,87890.0,10.8,4.2,94.6,13,135,13135,0.9168256997455471,0.30820610687022904,0.451176844783715,0.1116767419662743,0.03244274809160308,36.40656282914737
"Haakon County, South Dakota",1722.0,20.3,65625.0,7.7,0.0,78.6,46,055,46055,0.3080470737913486,0.1005089058524173,0.003657760814249364,0.5015908367801464,0.9052162849872774,36.38041724450878
"Brookings County, South Dakota",35353.0,21.1,70064.0,13.2,3.7,91.2,46,011,46011,0.3991730279898219,0.5019083969465649,0.35225826972010177,0.3802099904549793,0.1854325699745547,36.379645101720456
"Greenville County, South Carolina",548166.0,22.9,76932.0,10.8,4.4,92.1,45,045,45045,0.6456743002544529,0.30820610687022904,0.4969783715012723,0.23194400254533887,0.13613231552162852,36.37870193385843
"Richmond County, New York",494956.0,21.6,98333.0,11.5,5.6,91.1,36,085,36085,0.46771628498727735,0.3614821882951654,0.7399809160305344,0.05695195672923958,0.19258905852417307,36.374408091327794
"Lemhi County, Idaho",8249.0,17.0,53202.0,12.8,2.0,88.8,16,059,16059,0.08015267175572519,0.46803435114503816,0.08889949109414758,0.8218262806236081,0.3597328244274809,36.37291238092
"Montgomery County, Indiana",38312.0,23.0,71479.0,10.5,3.3,90.1,18,107,18107,0.6577608142493638,0.28641857506361323,0.2695610687022901,0.34584791600381803,0.2574745547073791,36.34125857452929
"Cape Girardeau County, Missouri",82735.0,21.3,68464.0,13.9,2.3,89.5,29,031,29031,0.42907124681933845,0.5507315521628499,0.11752544529262086,0.4145720649061406,0.3050254452926209,36.338515089471414
"Sterling County, Texas",1468.0,34.7,64954.0,4.3,2.1,91.0,48,431,48431,0.9958651399491094,0.004611959287531806,0.09716921119592875,0.5202036271078587,0.19831424936386766,36.32328373808593
"Rooks County, Kansas",4813.0,20.8,62500.0,5.5,2.0,83.4,20,163,20163,0.3638676844783715,0.02433206106870229,0.08889949109414758,0.5871778555520204,0.7509541984732824,36.30462581333048
"Morgan County, West Virginia",17426.0,17.0,72179.0,11.2,3.9,84.7,54,065,54065,0.08015267175572519,0.33826335877862596,0.3969465648854962,0.3289850461342666,0.6696882951653944,36.28071873439017
"Eureka County, Nevada",1585.0,19.6,70473.0,24.9,0.0,90.2,32,011,32011,0.24013994910941475,0.9500636132315522,0.003657760814249364,0.37002863506204264,0.24984096692111957,36.27461850276757
"Cabarrus County, North Carolina",236133.0,25.2,89005.0,9.3,4.6,93.0,37,025,37025,0.8737277353689568,0.20483460559796438,0.5437340966921119,0.10404072542157172,0.08699109414758266,36.26656514456374
"Wabash County, Indiana",30844.0,21.1,66806.0,11.1,3.4,89.1,18,169,18169,0.3991730279898219,0.32840330788804073,0.2876908396946565,0.46166083359847276,0.33476463104325704,36.233852804284986
"Steele County, Minnesota",37439.0,24.3,84196.0,8.3,3.4,87.7,27,147,27147,0.8034351145038168,0.1337468193384224,0.2876908396946565,0.14126630607699653,0.44513358778625955,36.225453348003036
"Mason County, Washington",67982.0,19.5,83270.0,12.3,6.6,91.9,53,045,53045,0.23139312977099236,0.43018447837150126,0.8530534351145038,0.15112949411390386,0.1444020356234097,36.20325145988622
"Spencer County, Indiana",19955.0,21.6,74506.0,7.5,3.3,84.1,18,147,18147,0.46771628498727735,0.08889949109414758,0.2695610687022901,0.2760101813553929,0.7069020356234097,36.181781235250355
"Lancaster County, South Carolina",104475.0,21.6,78869.0,11.4,4.3,89.4,45,057,45057,0.46771628498727735,0.3549618320610687,0.4720101781170484,0.20012726694241167,0.3129770992366412,36.155853226888944
"Logan County, Nebraska",773.0,27.9,74271.0,5.6,0.2,86.6,31,113,31113,0.9570610687022901,0.026717557251908396,0.008905852417302799,0.28253261215399295,0.5322837150127226,36.15001611076434
"King William County, Virginia",18593.0,22.7,86056.0,5.9,2.3,78.4,51,101,51101,0.6194338422391857,0.03244274809160305,0.11752544529262086,0.12838052815781098,0.9090330788804071,36.13631285323255
"Morrow County, Ohio",35404.0,21.7,75283.0,12.8,2.9,88.3,39,117,39117,0.481234096692112,0.46803435114503816,0.19545165394402036,0.2618517340120904,0.3986959287531806,36.105355290928834
"Andrew County, Missouri",18065.0,22.4,75625.0,6.2,3.6,85.6,29,003,29003,0.576176844783715,0.040235368956743005,0.32903944020356235,0.2548520521794464,0.6014631043256997,36.035336208983324
"Butler County, Nebraska",8424.0,24.0,79268.0,9.7,1.2,86.2,31,023,31023,0.7763994910941476,0.22916666666666666,0.038326972010178116,0.19471842188991406,0.5618638676844784,36.009508386907704
"Adams County, Colorado",530225.0,24.9,94571.0,9.8,4.6,92.9,08,001,08001,0.8524173027989822,0.23807251908396945,0.5437340966921119,0.07286032453070312,0.09255725190839692,35.992829900283276
"Hamilton County, Tennessee",376192.0,21.1,76183.0,13.1,4.4,91.5,47,065,47065,0.3991730279898219,0.4931615776081425,0.4969783715012723,0.24403436207445117,0.166030534351145,35.987557470496654
"Livingston County, New York",61498.0,17.8,74001.0,11.1,5.2,88.4,36,051,36051,0.1203880407124682,0.32840330788804073,0.6680979643765903,0.28953229398663693,0.39153944020356235,35.95922094334597
"Saline County, Arkansas",127479.0,23.3,79046.0,8.8,3.9,89.1,05,125,05125,0.6999045801526718,0.16889312977099236,0.3969465648854962,0.19726376073814822,0.33476463104325704,35.95545333181131
"New York County, New York",1629477.0,13.9,103931.0,16.5,7.6,92.4,36,061,36061,0.015903307888040712,0.7040394402035624,0.9126908396946565,0.041998090995863824,0.12197837150127222,35.932201005667906
"Chesapeake city, Virginia",252583.0,24.2,95373.0,9.4,4.9,92.6,51,550,51550,0.7946882951653944,0.21230916030534353,0.6102099236641222,0.06936048361438119,0.10861959287531808,35.903749112491184
"Racine County, Wisconsin",197532.0,22.7,78096.0,10.3,4.4,91.1,55,101,55101,0.6194338422391857,0.2732188295165394,0.4969783715012723,0.2118994591154948,0.19258905852417307,35.8823912179333
"Arthur County, Nebraska",484.0,28.3,76250.0,7.2,0.4,87.0,31,005,31005,0.9611959287531806,0.07617684478371502,0.012881679389312978,0.24260260897231944,0.500795165394402,35.873044545858605
"Jessamine County, Kentucky",54588.0,23.8,74576.0,11.3,3.1,91.2,21,113,21113,0.7574745547073791,0.3473282442748092,0.22853053435114504,0.2745784282532612,0.1854325699745547,35.86688663122298
"Suffolk County, Massachusetts",785121.0,16.0,95631.0,16.2,6.3,91.6,25,025,25025,0.05184478371501272,0.686704834605598,0.8249045801526718,0.06745147947820551,0.15982824427480913,35.81467844452594
"Custer County, Idaho",4470.0,13.9,67574.0,15.8,2.0,85.9,16,037,16037,0.015903307888040712,0.6641221374045801,0.08889949109414758,0.43779828189627745,0.5826972010178118,35.78840838601715
"Sibley County, Minnesota",15005.0,22.6,77634.0,9.0,3.8,88.2,27,143,27143,0.6057569974554707,0.1825699745547074,0.37515903307888043,0.21889914094813867,0.4069656488549618,35.787015897843176
"Dinwiddie County, Virginia",28191.0,20.0,83704.0,11.7,4.6,87.7,51,053,51053,0.27512722646310434,0.37929389312977096,0.5437340966921119,0.14572064906140625,0.44513358778625955,35.78018906265306
"Osage County, Missouri",13402.0,22.7,76681.0,8.6,1.7,84.0,29,151,29151,0.6194338422391857,0.15473918575063614,0.06615776081424936,0.2351256761056315,0.7132633587786259,35.77439647376657
"Fredericksburg city, Virginia",28873.0,21.2,86071.0,13.2,5.1,92.9,51,630,51630,0.41412213740458015,0.5019083969465649,0.6507633587786259,0.12790327712376715,0.09255725190839692,35.74508844323871
"Lincoln County, Colorado",5550.0,17.4,62861.0,9.8,1.4,81.7,08,073,08073,0.09637404580152671,0.23807251908396945,0.048982188295165395,0.5765192491250397,0.8272900763358779,35.744761572831585
"Rockbridge County, Virginia",22531.0,17.0,65469.0,7.5,3.9,84.0,51,163,51163,0.08015267175572519,0.08889949109414758,0.3969465648854962,0.5074769328666879,0.7132633587786259,35.734780387613654
"Carroll County, Iowa",20594.0,24.4,72930.0,7.9,1.8,87.3,19,027,19027,0.813295165394402,0.11005089058524173,0.07410941475826972,0.3105313394845689,0.476940203562341,35.69854027569647
"Bartholomew County, Indiana",83536.0,24.1,79901.0,10.5,4.1,92.9,18,005,18005,0.785941475826972,0.28641857506361323,0.43209287531806617,0.1874005727012409,0.09255725190839692,35.68821501636578
"Anderson County, Kentucky",24353.0,23.1,74488.0,11.5,2.2,88.7,21,005,21005,0.6720737913486005,0.3614821882951654,0.10607506361323155,0.27680559974546615,0.3676844783715013,35.682422427479295
"Prince George's County, Maryland",959754.0,22.1,101798.0,10.8,6.4,93.8,24,033,24033,0.5361005089058524,0.30820610687022904,0.8358778625954199,0.04931594018453711,0.05454834605597969,35.680975292240355
"Blaine County, Nebraska",422.0,19.4,69583.0,9.0,1.3,76.1,31,009,31009,0.22264631043256997,0.1825699745547074,0.04373409669211196,0.39118676423798915,0.943384223918575,35.67042739671907
"Pasco County, Florida",611444.0,20.2,70492.0,11.1,4.9,91.3,12,101,12101,0.2969147582697201,0.32840330788804073,0.6102099236641222,0.36939230034998405,0.17843511450381677,35.66710809351367
"Perquimans County, North Carolina",13244.0,18.4,67917.0,9.8,3.6,85.1,37,143,37143,0.15108142493638677,0.23807251908396945,0.32903944020356235,0.4285714285714286,0.6364503816793894,35.66430388949473
"Nelson County, Virginia",14732.0,17.4,72589.0,12.5,3.3,84.9,51,125,51125,0.09637404580152671,0.4443384223918575,0.2695610687022901,0.3202354438434617,0.6521946564885497,35.65407274455371
"Cache County, Utah",140046.0,29.2,81665.0,12.0,2.6,93.0,49,005,49005,0.9707379134860051,0.4053753180661578,0.15505725190839695,0.16353802099904546,0.08699109414758266,35.63399197214376
"Sandoval County, New Mexico",153604.0,21.7,86636.0,10.0,5.2,90.1,35,043,35043,0.481234096692112,0.2522264631043257,0.6680979643765903,0.12217626471524023,0.2574745547073791,35.62418687191295
"Murray County, Minnesota",8097.0,21.7,74033.0,9.3,2.7,85.1,27,101,27101,0.481234096692112,0.20483460559796438,0.17032442748091603,0.28825962456251986,0.6364503816793894,35.622062720258036
"Bristol County, Massachusetts",582270.0,20.5,85625.0,11.3,5.5,90.2,25,005,25005,0.32840330788804073,0.3473282442748092,0.7263040712468194,0.12917594654788422,0.24984096692111957,35.621050737573455
"Hand County, South Dakota",3140.0,25.3,74635.0,5.2,0.8,85.9,46,059,46059,0.8813613231552163,0.018924936386768447,0.023536895674300253,0.2739420935412027,0.5826972010178118,35.609248995505986
"Koochiching County, Minnesota",11833.0,17.5,66940.0,10.9,4.8,89.3,27,071,27071,0.10241730279898219,0.3139312977099237,0.5873091603053435,0.45720649061406304,0.3193384223918575,35.604053476403394
"Livingston County, Illinois",35565.0,21.9,73790.0,10.5,3.5,88.5,17,105,17105,0.5069974554707379,0.28641857506361323,0.307410941475827,0.29557747375119314,0.3834287531806616,35.59666397884066
"Lapeer County, Michigan",88837.0,19.9,77306.0,9.7,5.1,88.2,26,087,26087,0.2655852417302799,0.22916666666666666,0.6507633587786259,0.22653515749284125,0.4069656488549618,35.58032147046751
"Naugatuck Valley Planning Region, Connecticut",454969.0,20.3,86191.0,11.2,6.0,90.8,09,140,09140,0.3080470737913486,0.33826335877862596,0.7969147582697201,0.12631244034362077,0.208969465648855,35.57014193664341
"Kent County, Texas",734.0,12.1,72889.0,9.9,8.5,89.9,48,263,48263,0.007474554707379135,0.24602417302798982,0.9411577608142494,0.3111676741966274,0.2725826972010178,35.56813719894527
"Scott County, Kansas",5027.0,24.5,68839.0,6.5,2.7,89.2,20,171,20171,0.8228371501272265,0.04930025445292621,0.17032442748091603,0.40693604836143815,0.32649491094147587,35.517855827279654
"Ionia County, Michigan",66574.0,20.9,75611.0,10.6,3.9,87.6,26,067,26067,0.37754452926208654,0.29421119592875317,0.3969465648854962,0.2554883868915049,0.4516539440203562,35.516892419763934
"Sully County, South Dakota",1526.0,22.0,72578.0,6.3,0.0,79.6,46,119,46119,0.5225826972010178,0.04389312977099236,0.003657760814249364,0.32071269487750553,0.8848600508905853,35.51412667108701
"Lumpkin County, Georgia",34505.0,17.0,77448.0,14.1,5.7,91.7,13,187,13187,0.08015267175572519,0.5661577608142494,0.7528625954198473,0.22271714922049002,0.15362595419847325,35.5103226281757
"Polk County, Nebraska",5225.0,22.3,69768.0,7.9,1.3,84.7,31,143,31143,0.5629770992366412,0.11005089058524173,0.04373409669211196,0.38514158447343305,0.6696882951653944,35.431839323056444
"Camas County, Idaho",1124.0,26.4,57955.0,5.9,0.0,93.0,16,025,16025,0.9282760814249363,0.03244274809160305,0.003657760814249364,0.7187400572701241,0.08699109414758266,35.40215483496991
"Miami County, Kansas",34938.0,23.6,89000.0,7.9,3.7,87.4,20,121,20121,0.7368002544529262,0.11005089058524173,0.35225826972010177,0.10435889277760102,0.46660305343511455,35.40142721941971
"Kodiak Island Borough, Alaska",12771.0,23.7,86250.0,8.7,5.0,92.7,02,150,02150,0.7477735368956743,0.16125954198473283,0.630884223918575,0.12567610563156217,0.10353053435114501,35.382478855633785
"Jackson County, Kansas",13341.0,24.8,75215.0,6.1,1.8,86.4,20,085,20085,0.8462150127226463,0.03689567430025445,0.07410941475826972,0.26344257079223676,0.5483460559796438,35.38017457106102
"Horry County, South Carolina",383016.0,17.0,66880.0,13.2,4.9,92.5,45,051,45051,0.08015267175572519,0.5019083969465649,0.6102099236641222,0.4597518294622972,0.11561704834605602,35.35279740349531
"Llano County, Texas",22424.0,15.4,67530.0,12.0,4.4,88.5,48,299,48299,0.03864503816793893,0.4053753180661578,0.4969783715012723,0.43907095132039453,0.3834287531806616,35.2699686447285
"Brown County, Minnesota",25800.0,21.9,69378.0,8.5,2.9,86.8,27,015,27015,0.5069974554707379,0.14790076335877864,0.19545165394402036,0.39548202354438433,0.5165394402035624,35.24742673042967
"Johnson County, Texas",195597.0,25.7,84859.0,10.0,3.6,92.0,48,251,48251,0.9044211195928753,0.2522264631043257,0.32903944020356235,0.13522112631244032,0.1402671755725191,35.22350649571446
"Charlottesville city, Virginia",45437.0,16.5,74824.0,19.6,3.7,90.4,51,540,51540,0.06393129770992366,0.8385814249363868,0.35225826972010177,0.2712376710149539,0.23505089058524176,35.22119107933216
"Kingsbury County, South Dakota",5244.0,25.1,74000.0,10.6,1.0,89.8,46,077,46077,0.8657760814249363,0.29421119592875317,0.030057251908396948,0.2900095450206809,0.280852417302799,35.21812983171132
"Floyd County, Indiana",80918.0,22.4,79704.0,10.3,4.1,89.7,18,043,18043,0.576176844783715,0.2732188295165394,0.43209287531806617,0.1901049952274897,0.2892811704834606,35.217494306585415
"Sherman County, Kansas",5858.0,23.0,61750.0,10.2,0.6,90.8,20,181,20181,0.6577608142493638,0.2657442748091603,0.01812977099236641,0.6102449888641426,0.208969465648855,35.21698629127776
"Winnebago County, Iowa",10583.0,21.1,67642.0,11.2,3.0,88.6,19,189,19189,0.3991730279898219,0.33826335877862596,0.209764631043257,0.43716194718421886,0.37468193384223913,35.18089797676326
"Ransom County, North Dakota",5643.0,21.6,75736.0,10.4,2.9,86.2,38,073,38073,0.46771628498727735,0.2800572519083969,0.19545165394402036,0.25230671333121224,0.5618638676844784,35.1479154371077
"Knox County, Ohio",63142.0,22.8,73878.0,11.6,2.5,89.3,39,083,39083,0.6332697201017812,0.36959287531806617,0.1410623409669211,0.29398663697104677,0.3193384223918575,35.144999914993456
"Carson City, Nevada",58384.0,19.9,72355.0,10.3,5.5,91.5,32,510,32510,0.2655852417302799,0.2732188295165394,0.7263040712468194,0.32484887050588607,0.166030534351145,35.119750947013394
"Douglas County, Washington",44366.0,24.4,80363.0,8.3,3.9,90.5,53,017,53017,0.813295165394402,0.1337468193384224,0.3969465648854962,0.18167356029271398,0.22916666666666663,35.096575531554016
"Montgomery County, Texas",684432.0,25.9,97701.0,9.4,4.6,94.8,48,339,48339,0.9128498727735369,0.21230916030534353,0.5437340966921119,0.05886096086541526,0.026081424936386766,35.07671031145589
"San Saba County, Texas",5696.0,19.1,55819.0,10.7,3.1,90.1,48,411,48411,0.1944974554707379,0.3016857506361323,0.22853053435114504,0.7686923321667197,0.2574745547073791,35.017612546642276
"Lafayette County, Missouri",33115.0,23.0,80612.0,9.3,3.0,87.0,29,107,29107,0.6577608142493638,0.20483460559796438,0.209764631043257,0.17753738466433344,0.500795165394402,35.01385201898641
"Warren County, Virginia",41531.0,21.6,84682.0,11.6,4.9,91.5,51,187,51187,0.46771628498727735,0.36959287531806617,0.6102099236641222,0.137130130448616,0.166030534351145,35.013594975384535
"Columbia County, Georgia",162434.0,24.8,95592.0,7.5,4.8,91.6,13,073,13073,0.8462150127226463,0.08889949109414758,0.5873091603053435,0.0680878141902641,0.15982824427480913,35.00679445174421
"Madison County, Illinois",264238.0,21.3,75793.0,11.1,4.6,91.0,17,119,17119,0.42907124681933845,0.32840330788804073,0.5437340966921119,0.25071587655106586,0.19831424936386766,35.0047755462885
"Davidson County, Tennessee",715388.0,20.7,77853.0,13.9,4.5,92.6,47,037,47037,0.35162213740458015,0.5507315521628499,0.5225826972010178,0.21571746738784603,0.10861959287531808,34.98546894063224
"Lyon County, Nevada",61680.0,20.1,80812.0,11.7,6.5,93.5,32,019,32019,0.2857824427480916,0.37929389312977096,0.8447837150127226,0.1737193763919822,0.06393129770992367,34.95021449984982
"Traill County, North Dakota",7970.0,22.8,87004.0,9.1,2.2,84.2,38,097,38097,0.6332697201017812,0.18845419847328243,0.10607506361323155,0.1177219217308304,0.7013358778625954,34.93713563563442
"Madison County, Mississippi",111647.0,24.3,83441.0,11.2,3.7,92.7,28,089,28089,0.8034351145038168,0.33826335877862596,0.35225826972010177,0.148902322621699,0.10353053435114501,34.92779199950777
"Fairbanks North Star Borough, Alaska",95460.0,23.7,88267.0,6.1,5.3,91.5,02,090,02090,0.7477735368956743,0.03689567430025445,0.6868638676844784,0.10881323576201085,0.166030534351145,34.92753697987126
"Franklin County, Missouri",105950.0,22.4,73165.0,8.2,4.3,90.0,29,071,29071,0.576176844783715,0.1272264631043257,0.4720101781170484,0.304804327076042,0.2652671755725191,34.909699773073
"Delaware County, Iowa",17558.0,23.3,74989.0,7.8,2.0,85.9,19,055,19055,0.6999045801526718,0.10623409669211197,0.08889949109414758,0.267260579064588,0.5826972010178118,34.899918960426625
"Aransas County, Texas",24876.0,16.6,69466.0,14.2,4.1,89.8,48,007,48007,0.06615776081424936,0.5722010178117048,0.43209287531806617,0.39357301940820877,0.280852417302799,34.89754181310056
"Palo Alto County, Iowa",8863.0,23.1,72781.0,11.6,2.2,89.8,19,147,19147,0.6720737913486005,0.36959287531806617,0.10607506361323155,0.31403118040089084,0.280852417302799,34.85250655967175
"Yankton County, South Dakota",23414.0,21.2,72821.0,11.9,1.4,86.1,46,135,46135,0.41412213740458015,0.39774173027989823,0.048982188295165395,0.31339484568883236,0.5680661577608143,34.846141188585804
"Gosper County, Nebraska",2040.0,20.7,77500.0,10.3,2.4,83.1,31,073,31073,0.35162213740458015,0.2732188295165394,0.1294529262086514,0.22144447979637294,0.7659033078880407,34.83283361628369
"Portage County, Ohio",161956.0,18.2,75766.0,11.7,5.3,89.8,39,133,39133,0.1407442748091603,0.37929389312977096,0.6868638676844784,0.25167037861915365,0.280852417302799,34.78849663090724
"Mesa County, Colorado",158601.0,20.4,73658.0,10.7,5.4,92.6,08,077,08077,0.31838422391857507,0.3016857506361323,0.7083333333333334,0.29860006363347125,0.10861959287531808,34.7124592879366
"Pierce County, North Dakota",3928.0,20.9,59365.0,10.8,1.1,89.1,38,069,38069,0.37754452926208654,0.30820610687022904,0.03435114503816794,0.6805599745466115,0.33476463104325704,34.70852773520704
"Fallon County, Montana",2760.0,23.7,76250.0,11.4,0.0,88.5,30,025,30025,0.7477735368956743,0.3549618320610687,0.003657760814249364,0.24260260897231944,0.3834287531806616,34.64848983847947
"Marinette County, Wisconsin",42046.0,18.9,63809.0,9.8,3.4,87.3,55,075,55075,0.18145674300254452,0.23807251908396945,0.2876908396946565,0.5472478523703468,0.476940203562341,34.62816315427717
"Bear Lake County, Idaho",6650.0,27.4,75260.0,7.0,2.6,89.6,16,007,16007,0.9500636132315522,0.0669529262086514,0.15505725190839695,0.26248806872414887,0.2962786259541985,34.61680972053896
"Grand County, Utah",9754.0,19.3,67106.0,13.3,1.6,87.1,49,019,49019,0.21183206106870228,0.5092239185750637,0.059955470737913484,0.4533884823417117,0.4925254452926209,34.53850756032024
"Genesee County, New York",57787.0,20.4,73314.0,10.6,4.6,90.0,36,037,36037,0.31838422391857507,0.29421119592875317,0.5437340966921119,0.3038498250079542,0.2652671755725191,34.50893034239827
"Pacific County, Washington",23994.0,15.0,67081.0,10.4,5.2,89.7,53,049,53049,0.03244274809160305,0.2800572519083969,0.6680979643765903,0.4540248170537703,0.2892811704834606,34.47807903827642
"Tillamook County, Oregon",27496.0,18.1,69105.0,12.7,4.5,90.9,41,057,41057,0.1364503816793893,0.4599236641221374,0.5225826972010178,0.4018453706649697,0.20308524173027986,34.477747107955885
"Bon Homme County, South Dakota",7044.0,18.6,64435.0,10.6,2.2,85.2,46,009,46009,0.16316793893129772,0.29421119592875317,0.10607506361323155,0.532771237671015,0.6273854961832062,34.47221864655007
"Kent County, Michigan",663150.0,23.5,82631.0,10.1,4.2,92.2,26,081,26081,0.7240776081424937,0.25842875318066155,0.451176844783715,0.155902004454343,0.13120229007633588,34.41575001275098
"Transylvania County, North Carolina",33691.0,15.7,66184.0,13.2,2.8,86.9,37,175,37175,0.04596055979643766,0.5019083969465649,0.1830470737913486,0.48106904231625836,0.5081106870229007,34.4019151974702
"Dickinson County, Kansas",18445.0,23.2,68417.0,8.1,2.8,89.4,20,041,20041,0.6871819338422391,0.12070610687022901,0.1830470737913486,0.4158447343302577,0.3129770992366412,34.39513896141431
"Logan County, Kansas",2707.0,23.2,75662.0,15.0,1.8,93.1,20,109,20109,0.6871819338422391,0.6192748091603053,0.07410941475826972,0.2538975501113586,0.0819020356234097,34.327314869911646
"Fort Bend County, Texas",893767.0,26.6,114041.0,7.6,5.1,95.5,48,157,48157,0.934001272264631,0.09398854961832061,0.6507633587786259,0.023226216990136828,0.013040712468193383,34.30040220239815
"Guadalupe County, Texas",183642.0,24.1,92375.0,9.3,4.8,93.9,48,187,48187,0.785941475826972,0.20483460559796438,0.5873091603053435,0.08272351256761057,0.05216284987277353,34.25943208341328
"Crook County, Wyoming",7455.0,24.6,79637.0,6.0,0.6,85.1,56,011,56011,0.8322201017811705,0.03482824427480916,0.01812977099236641,0.19090041361756283,0.6364503816793894,34.25057824690597
"Campbell County, Wyoming",47240.0,26.7,89869.0,9.4,3.5,91.6,56,005,56005,0.9370229007633588,0.21230916030534353,0.307410941475827,0.09576837416481065,0.15982824427480913,34.24679241968299
"Canadian County, Oklahoma",168985.0,25.6,87751.0,8.0,4.5,93.6,40,017,40017,0.9004452926208651,0.11513994910941476,0.5225826972010178,0.11294941139039139,0.06059160305343514,34.23417906750249
"Solano County, California",451918.0,21.9,100401.0,10.0,6.5,93.8,06,095,06095,0.5069974554707379,0.2522264631043257,0.8447837150127226,0.05281578110085905,0.05454834605597969,34.2274352148925
"Walton County, Florida",82948.0,20.9,81986.0,12.5,4.9,92.5,12,131,12131,0.37754452926208654,0.4443384223918575,0.6102099236641222,0.1613108495068406,0.11561704834605602,34.18041546341926
"Henry County, Iowa",20004.0,20.9,67436.0,12.0,1.5,87.9,19,087,19087,0.37754452926208654,0.4053753180661578,0.05407124681933842,0.4422526248806873,0.42970737913486,34.1790219632626
"Johnson County, Wyoming",8686.0,19.3,64871.0,9.1,3.1,86.3,56,019,56019,0.21183206106870228,0.18845419847328243,0.22853053435114504,0.5233853006681515,0.5555025445292621,34.15409278181086
"Lincoln County, Missouri",63057.0,25.1,89278.0,10.2,3.7,92.4,29,113,29113,0.8657760814249363,0.2657442748091603,0.35225826972010177,0.10085905186127908,0.12197837150127222,34.132320986334996
"Shelby County, Iowa",11778.0,22.9,72738.0,7.6,3.2,88.3,19,165,19165,0.6456743002544529,0.09398854961832061,0.2506361323155216,0.316576519249125,0.3986959287531806,34.111428603812016
"Pickaway County, Ohio",60131.0,21.6,74040.0,11.5,3.5,89.8,39,129,39129,0.46771628498727735,0.3614821882951654,0.307410941475827,0.28794145720649056,0.280852417302799,34.10806578535118
"Warren County, Indiana",8464.0,21.7,82425.0,11.0,4.4,90.2,18,171,18171,0.481234096692112,0.3196564885496183,0.4969783715012723,0.15717467387846007,0.24984096692111957,34.09769195085165
"Jerauld County, South Dakota",1772.0,22.8,73750.0,8.3,1.7,86.0,46,073,46073,0.6332697201017812,0.1337468193384224,0.06615776081424936,0.2962138084632516,0.5752226463104326,34.09221510056275
"DeKalb County, Missouri",10876.0,19.8,69826.0,8.7,2.3,82.7,29,063,29063,0.25699745547073793,0.16125954198473283,0.11752544529262086,0.3837098313713013,0.7843511450381679,34.076868383151215
"Greenlee County, Arizona",9409.0,25.5,71164.0,8.2,2.3,90.8,04,011,04011,0.8950381679389313,0.1272264631043257,0.11752544529262086,0.3550747693286669,0.208969465648855,34.076686226267995
"Banner County, Nebraska",742.0,20.5,78839.0,7.7,3.7,83.9,31,007,31007,0.32840330788804073,0.1005089058524173,0.35225826972010177,0.20076360165447027,0.7212150127226463,34.06298195675353
"White County, Georgia",28810.0,19.3,70666.0,12.4,3.8,89.4,13,311,13311,0.21183206106870228,0.4378180661577608,0.37515903307888043,0.36493795736557433,0.3129770992366412,34.054484338151184
"Ward County, North Dakota",68973.0,24.1,78238.0,8.6,3.6,90.6,38,101,38101,0.785941475826972,0.15473918575063614,0.32903944020356235,0.20903595291123134,0.2221692111959288,34.01850531776661
"Midland County, Michigan",83757.0,20.9,77705.0,10.7,4.4,89.5,26,111,26111,0.37754452926208654,0.3016857506361323,0.4969783715012723,0.2179446388800509,0.3050254452926209,33.983574711443254
"Iowa County, Iowa",16507.0,23.3,71223.0,8.9,1.9,88.5,19,095,19095,0.6999045801526718,0.1762086513994911,0.08158396946564886,0.3547566019726376,0.3834287531806616,33.91765112342222
"Big Stone County, Minnesota",5127.0,22.0,70400.0,12.9,1.8,90.2,27,011,27011,0.5225826972010178,0.4767811704834606,0.07410941475826972,0.3719376391982183,0.24984096692111957,33.90503777124172
"Hillsborough County, Florida",1522748.0,21.6,79540.0,12.7,4.5,93.9,12,057,12057,0.46771628498727735,0.4599236641221374,0.5225826972010178,0.1921730830416799,0.05216284987277353,33.89117158449771
"Knox County, Tennessee",494148.0,20.9,74222.0,12.2,3.5,89.5,47,093,47093,0.37754452926208654,0.4211195928753181,0.307410941475827,0.28316894686605154,0.3050254452926209,33.88538911543809
"Concho County, Texas",3328.0,11.7,65795.0,11.4,1.5,82.8,48,095,48095,0.005407124681933842,0.3549618320610687,0.05407124681933842,0.4972955774737512,0.7800572519083969,33.835860658889786
"Rappahannock County, Virginia",7427.0,17.2,83380.0,10.3,9.2,90.6,51,157,51157,0.08810432569974555,0.2732188295165394,0.9567430025445293,0.15017499204581608,0.2221692111959288,33.80820722005118
"Marquette County, Wisconsin",15746.0,18.8,65681.0,13.1,2.7,88.9,55,077,55077,0.17573155216284989,0.4931615776081425,0.17032442748091603,0.49984091632198535,0.3513040712468194,33.80725089641427
"Clark County, Indiana",124354.0,22.0,74214.0,10.2,4.0,90.9,18,019,18019,0.5225826972010178,0.2657442748091603,0.4150763358778626,0.28380528157811014,0.20308524173027986,33.80587662392862
"Keith County, Nebraska",8219.0,20.6,60645.0,10.4,2.0,89.1,31,101,31101,0.34001272264631044,0.2800572519083969,0.08889949109414758,0.64412981228126,0.33476463104325704,33.75727817946744
"Hall County, Georgia",212705.0,23.8,80901.0,11.8,3.5,93.6,13,139,13139,0.7574745547073791,0.38915394402035625,0.307410941475827,0.17244670696786513,0.06059160305343514,33.74155500449725
"San Benito County, California",67290.0,25.3,114394.0,6.7,5.4,95.2,06,069,06069,0.8813613231552163,0.055820610687022904,0.7083333333333334,0.022589882278078233,0.017970737913486023,33.72151774734274
"Cleveland County, Oklahoma",300047.0,20.4,77068.0,12.9,4.8,93.3,40,027,40027,0.31838422391857507,0.4767811704834606,0.5873091603053435,0.2293986636971047,0.07283715012722647,33.69420737063421
"Ellis County, Texas",213160.0,26.4,99595.0,6.9,4.5,92.5,48,139,48139,0.9282760814249363,0.06297709923664122,0.5225826972010178,0.05408845052497613,0.11561704834605602,33.67082753467255
"Douglas County, Kansas",120302.0,17.5,69746.0,14.7,4.2,92.0,20,045,20045,0.10241730279898219,0.6030534351145038,0.451176844783715,0.3862551702195355,0.1402671755725191,33.663398569785116
"Sutton County, Texas",3277.0,23.5,78906.0,4.5,1.9,84.7,48,435,48435,0.7240776081424937,0.00715648854961832,0.08158396946564886,0.1998090995863825,0.6696882951653944,33.64630921819076
"Hays County, Texas",268638.0,22.4,89097.0,12.1,4.4,92.9,48,209,48209,0.576176844783715,0.4128498727735369,0.4969783715012723,0.10308622335348394,0.09255725190839692,33.6329712864081
"Rio Blanco County, Colorado",6544.0,24.3,65473.0,8.5,2.4,92.9,08,103,08103,0.8034351145038168,0.14790076335877864,0.1294529262086514,0.5071587655106586,0.09255725190839692,33.61009642980605
"Inyo County, California",18739.0,20.2,73991.0,10.9,2.5,85.1,06,027,06027,0.2969147582697201,0.3139312977099237,0.1410623409669211,0.2914412981228126,0.6364503816793894,33.596001534975336
"Washington County, Iowa",22561.0,24.5,75647.0,8.2,2.2,88.7,19,183,19183,0.8228371501272265,0.1272264631043257,0.10607506361323155,0.2545338848234171,0.3676844783715013,33.56714080079405
"Fayette County, Texas",25042.0,20.2,75854.0,8.6,2.3,80.6,48,149,48149,0.2969147582697201,0.15473918575063614,0.11752544529262086,0.24944320712694878,0.8594147582697201,33.56074709419292
"Codington County, South Dakota",28767.0,23.0,72727.0,8.8,1.9,87.6,46,029,46029,0.6577608142493638,0.16889312977099236,0.08158396946564886,0.3172128539611836,0.4516539440203562,33.542094229350894
"Chickasaw County, Iowa",11807.0,23.2,75675.0,8.8,1.6,86.9,19,037,19037,0.6871819338422391,0.16889312977099236,0.059955470737913484,0.2529430480432707,0.5081106870229007,33.54168538834632
"Butts County, Georgia",26496.0,20.6,69241.0,10.4,3.2,88.2,13,035,13035,0.34001272264631044,0.2800572519083969,0.2506361323155216,0.39930003181673557,0.4069656488549618,33.53943575083853
"Greene County, Iowa",8688.0,21.7,63409.0,9.8,2.3,89.8,19,073,19073,0.481234096692112,0.23807251908396945,0.11752544529262086,0.5590200445434299,0.280852417302799,33.53409045829863
"Uinta County, Wyoming",20644.0,27.3,82980.0,9.2,3.2,92.3,56,041,56041,0.9486323155216285,0.19576972010178118,0.2506361323155216,0.15399300031816732,0.1265903307888041,33.51242998091805
"Woodford County, Illinois",38312.0,23.9,91483.0,7.0,3.5,87.7,17,203,17203,0.767175572519084,0.0669529262086514,0.307410941475827,0.08781419026407888,0.44513358778625955,33.48974436507802
"Butler County, Kansas",68287.0,24.6,81610.0,8.5,3.4,90.3,20,015,20015,0.8322201017811705,0.14790076335877864,0.2876908396946565,0.16449252306713336,0.2420483460559797,33.487051479154374
"Caribou County, Idaho",7162.0,26.4,68782.0,9.2,1.9,93.6,16,029,16029,0.9282760814249363,0.19576972010178118,0.08158396946564886,0.40789055042952593,0.06059160305343514,33.48223848950656
"Westmoreland County, Pennsylvania",352500.0,18.2,74109.0,10.3,4.8,88.5,42,129,42129,0.1407442748091603,0.2732188295165394,0.5873091603053435,0.2869869551384028,0.3834287531806616,33.43375945900215
"Smith County, Kansas",3552.0,20.0,59135.0,7.3,0.6,85.5,20,183,20183,0.27512722646310434,0.07999363867684478,0.01812977099236641,0.6867642379891823,0.6079834605597965,33.359966693625886
"Archer County, Texas",8867.0,22.2,72159.0,9.2,3.0,88.5,48,009,48009,0.5494592875318066,0.19576972010178118,0.209764631043257,0.3293032134902959,0.3834287531806616,33.354512106956044
"Macomb County, Michigan",879853.0,20.6,77837.0,10.4,5.7,93.2,26,099,26099,0.34001272264631044,0.2800572519083969,0.7528625954198473,0.21603563474387533,0.07729007633587781,33.32516562108616
"Whitley County, Indiana",34618.0,22.8,78083.0,9.9,3.3,89.5,18,183,18183,0.6332697201017812,0.24602417302798982,0.2695610687022901,0.21221762647152398,0.3050254452926209,33.32196067192412
"Garfield County, Nebraska",1718.0,20.4,62804.0,8.8,2.7,87.9,31,071,31071,0.31838422391857507,0.16889312977099236,0.17032442748091603,0.5787464206172447,0.42970737913486,33.321111618451766
"Carson County, Texas",5801.0,23.2,85231.0,7.4,1.2,83.9,48,065,48065,0.6871819338422391,0.08396946564885496,0.038326972010178116,0.13203945275214768,0.7212150127226463,33.25465673952132
"Barrow County, Georgia",89886.0,25.1,80653.0,9.6,3.7,94.2,13,013,13013,0.8657760814249363,0.22232824427480916,0.35225826972010177,0.17658288259624566,0.0430979643765903,33.20086884785366
"Moore County, North Carolina",104876.0,21.7,86080.0,10.1,4.8,90.9,37,125,37125,0.481234096692112,0.25842875318066155,0.5873091603053435,0.12758510976773785,0.20308524173027986,33.1528472335227
"Dubuque County, Iowa",99030.0,22.5,77630.0,9.7,3.7,90.0,19,061,19061,0.5912849872773537,0.22916666666666666,0.35225826972010177,0.21953547566019727,0.2652671755725191,33.150251497936765
"Nelson County, North Dakota",3016.0,20.7,67193.0,7.2,1.1,83.5,38,063,38063,0.35162213740458015,0.07617684478371502,0.03435114503816794,0.44925230671333116,0.7457061068702291,33.14217081620047
"Wyandot County, Ohio",21598.0,22.4,69768.0,8.8,1.9,87.7,39,175,39175,0.576176844783715,0.16889312977099236,0.08158396946564886,0.38514158447343305,0.44513358778625955,33.13858232560097
"Wagoner County, Oklahoma",86609.0,23.6,81207.0,9.2,4.2,92.7,40,145,40145,0.7368002544529262,0.19576972010178118,0.451176844783715,0.16958320076360167,0.10353053435114501,33.13721108906338
"Dunn County, North Dakota",4040.0,26.1,97689.0,7.4,3.4,89.5,38,025,38025,0.9206424936386769,0.08396946564885496,0.2876908396946565,0.059179128221444444,0.3050254452926209,33.130147449925076
"Brazoria County, Texas",391255.0,25.6,97993.0,7.4,4.7,94.0,48,039,48039,0.9004452926208651,0.08396946564885496,0.5639312977099237,0.057906458797327365,0.049936386768447805,33.12377803090838
"Montgomery County, Virginia",99101.0,15.3,72715.0,23.9,2.9,91.4,51,121,51121,0.035623409669211195,0.9354325699745547,0.19545165394402036,0.3175310213172129,0.1717557251908397,33.115887601916775
"Berkeley County, South Carolina",246802.0,23.6,84358.0,9.9,3.2,89.8,45,015,45015,0.7368002544529262,0.24602417302798982,0.2506361323155216,0.13999363665287945,0.280852417302799,33.08613227504232
"Rock County, Wisconsin",164350.0,22.4,75673.0,9.3,3.8,90.3,55,105,55105,0.576176844783715,0.20483460559796438,0.37515903307888043,0.2532612153993,0.2420483460559797,33.029600898316794
"Custer County, Montana",11961.0,19.8,70605.0,11.3,3.4,88.4,30,017,30017,0.25699745547073793,0.3473282442748092,0.2876908396946565,0.3678014635698378,0.39153944020356235,33.02714886427207
"Franklin County, Pennsylvania",157379.0,22.0,77003.0,8.5,4.0,89.1,42,055,42055,0.5225826972010178,0.14790076335877864,0.4150763358778626,0.2306713331212218,0.33476463104325704,33.01991521204276
"Hancock County, Iowa",10671.0,21.0,70601.0,12.2,1.9,88.4,19,081,19081,0.3885178117048346,0.4211195928753181,0.08158396946564886,0.36811963092586697,0.39153944020356235,33.017608903504616
"Auglaize County, Ohio",46125.0,23.9,78660.0,7.1,2.7,87.8,39,011,39011,0.767175572519084,0.07172391857506362,0.17032442748091603,0.20330894050270443,0.4379770992366412,33.01019916628818
"Fulton County, Georgia",1076561.0,20.9,95292.0,12.3,5.4,93.5,13,121,13121,0.37754452926208654,0.43018447837150126,0.7083333333333334,0.06999681832643967,0.06393129770992367,32.999809140065686
"Lincoln County, Wisconsin",28426.0,17.8,68164.0,10.6,3.2,86.2,55,069,55069,0.1203880407124682,0.29421119592875317,0.2506361323155216,0.4218899140948139,0.5618638676844784,32.979783014720695
"Thomas County, Kansas",7885.0,24.6,71325.0,6.5,0.6,88.3,20,193,20193,0.8322201017811705,0.04930025445292621,0.01812977099236641,0.34934775692014,0.3986959287531806,32.953876257995674
"Elmore County, Alabama",89526.0,21.6,78243.0,10.3,4.6,91.7,01,051,01051,0.46771628498727735,0.2732188295165394,0.5437340966921119,0.20871778555520204,0.15362595419847325,32.94025901899208
"El Paso County, Colorado",742999.0,23.1,90363.0,8.5,5.4,94.8,08,041,08041,0.6720737913486005,0.14790076335877864,0.7083333333333334,0.09258670060451801,0.026081424936386766,32.93952027163235
"Vilas County, Wisconsin",23647.0,16.2,68431.0,11.1,4.0,87.9,55,125,55125,0.0580470737913486,0.32840330788804073,0.4150763358778626,0.4152083996181992,0.42970737913486,32.92884992620622
"Utah County, Utah",705400.0,31.6,100671.0,8.7,3.8,93.4,49,049,49049,0.9883905852417303,0.16125954198473283,0.37515903307888043,0.052179446388800454,0.06790712468193383,32.89791462752155
"Worth County, Iowa",7350.0,20.7,78008.0,8.2,3.5,85.0,19,195,19195,0.35162213740458015,0.1272264631043257,0.307410941475827,0.21380846325167036,0.6447201017811706,32.89576214035147
"Crawford County, Illinois",18511.0,20.2,71674.0,12.1,3.0,88.5,17,033,17033,0.2969147582697201,0.4128498727735369,0.209764631043257,0.3407572383073497,0.3834287531806616,32.87430507149051
"Rankin County, Mississippi",158854.0,22.4,79357.0,9.8,4.4,92.1,28,121,28121,0.576176844783715,0.23807251908396945,0.4969783715012723,0.19440025453388488,0.13613231552162852,32.8352061084894
"McPherson County, Nebraska",475.0,21.1,58684.0,12.2,0.0,92.5,31,117,31117,0.3991730279898219,0.4211195928753181,0.003657760814249364,0.7012408526885141,0.11561704834605602,32.816165654279196
"Dade County, Georgia",16165.0,19.9,64568.0,8.2,3.2,87.4,13,083,13083,0.2655852417302799,0.1272264631043257,0.2506361323155216,0.5300668151447662,0.46660305343511455,32.802354114600156
"Washington County, Utah",196431.0,24.4,80632.0,9.8,3.6,93.1,49,053,49053,0.813295165394402,0.23807251908396945,0.32903944020356235,0.17721921730830414,0.0819020356234097,32.790567552272954
"Lafayette County, Mississippi",58327.0,18.1,67185.0,18.5,2.1,91.7,28,071,28071,0.1364503816793893,0.8016857506361323,0.09716921119592875,0.45020680878141905,0.15362595419847325,32.78276212982686
"Limestone County, Alabama",111233.0,22.2,83629.0,10.0,3.3,88.0,01,083,01083,0.5494592875318066,0.2522264631043257,0.2695610687022901,0.14603881641743555,0.4212786259541985,32.77128523420113
"Wheeler County, Nebraska",847.0,19.0,70250.0,5.2,2.3,76.6,31,183,31183,0.1871819338422392,0.018924936386768447,0.11752544529262086,0.3759147311485842,0.9376590330788804,32.74412159498186
"Rockingham County, Virginia",85600.0,22.1,80693.0,9.8,2.7,86.8,51,165,51165,0.5361005089058524,0.23807251908396945,0.17032442748091603,0.17562838052815777,0.5165394402035624,32.73330552404916
"Banks County, Georgia",19264.0,21.4,77063.0,11.3,2.9,88.0,13,011,13011,0.4419529262086514,0.3473282442748092,0.19545165394402036,0.2300349984091632,0.4212786259541985,32.720928975816854
"Franklin County, Massachusetts",70944.0,16.6,74907.0,12.1,5.4,91.3,25,011,25011,0.06615776081424936,0.4128498727735369,0.7083333333333334,0.26980591791282216,0.17843511450381677,32.71163998675517
"Ulster County, New York",182601.0,17.1,86271.0,14.6,5.4,92.4,36,111,36111,0.08412849872773537,0.5957379134860051,0.7083333333333334,0.12535793827553288,0.12197837150127222,32.710721106477585
"Mitchell County, Iowa",10575.0,23.8,71365.0,9.5,1.2,89.9,19,131,19131,0.7574745547073791,0.21755725190839695,0.038326972010178116,0.3483932548520522,0.2725826972010178,32.68669461358048
"Spencer County, Kentucky",20193.0,22.5,102618.0,9.8,5.0,92.3,21,215,21215,0.5912849872773537,0.23807251908396945,0.630884223918575,0.04740693604836144,0.1265903307888041,32.68477994234128
"Louisa County, Iowa",10678.0,22.0,77354.0,9.8,3.0,87.8,19,115,19115,0.5225826972010178,0.23807251908396945,0.209764631043257,0.22430798600063628,0.4379770992366412,32.654098651310434
"Cass County, North Dakota",193400.0,22.2,75555.0,11.0,3.0,89.6,38,017,38017,0.5494592875318066,0.3196564885496183,0.209764631043257,0.25707922367165126,0.2962786259541985,32.64476513501064
"Harrison County, Iowa",14632.0,23.1,79535.0,7.1,2.3,86.0,19,085,19085,0.6720737913486005,0.07172391857506362,0.11752544529262086,0.1924912503977092,0.5752226463104326,32.58074103848854
"Comanche County, Kansas",1729.0,19.3,54545.0,9.2,1.7,88.8,20,033,20033,0.21183206106870228,0.19576972010178118,0.06615776081424936,0.7954183900731785,0.3597328244274809,32.57821512970784
"Morgan County, Indiana",72659.0,22.1,79429.0,9.3,4.2,90.3,18,109,18109,0.5361005089058524,0.20483460559796438,0.451176844783715,0.19344575246579698,0.2420483460559797,32.55212115618617
"Madison County, Iowa",16926.0,25.2,90855.0,7.0,3.5,89.7,19,121,19121,0.8737277353689568,0.0669529262086514,0.307410941475827,0.09004136175628386,0.2892811704834606,32.5482827058636
"Columbia County, New York",61100.0,15.9,81528.0,12.1,5.4,89.7,36,021,36021,0.04930025445292621,0.4128498727735369,0.7083333333333334,0.16592427616926508,0.2892811704834606,32.513778144250445
"South Central Connecticut Planning Region, Connecticut",570598.0,19.6,88197.0,11.4,6.0,92.4,09,170,09170,0.24013994910941475,0.3549618320610687,0.7969147582697201,0.10976773783009863,0.12197837150127222,32.47525297543149
"Maui County, Hawaii",164522.0,21.0,97161.0,9.2,5.5,90.2,15,009,15009,0.3885178117048346,0.19576972010178118,0.7263040712468194,0.0626789691377665,0.24984096692111957,32.46223078224643
"Nez Perce County, Idaho",42697.0,21.2,72599.0,12.2,2.6,89.4,16,069,16069,0.41412213740458015,0.4211195928753181,0.15505725190839695,0.31975819280941775,0.3129770992366412,32.460685484687076
"Wood County, Ohio",132064.0,20.2,74216.0,12.2,4.5,92.8,39,173,39173,0.2969147582697201,0.4211195928753181,0.5225826972010178,0.28348711422208084,0.09860050890585237,32.454093429479784
"Lancaster County, Pennsylvania",557931.0,23.1,86959.0,8.2,3.4,88.1,42,071,42071,0.6720737913486005,0.1272264631043257,0.2876908396946565,0.11867642379891818,0.41364503816793896,32.3862511222888
"Kossuth County, Iowa",14516.0,22.0,67697.0,8.2,1.9,87.6,19,109,19109,0.5225826972010178,0.1272264631043257,0.08158396946564886,0.4342984409799554,0.4516539440203562,32.34691029542608
"Cumberland County, Illinois",10334.0,22.4,73327.0,9.1,1.4,87.0,17,035,17035,0.576176844783715,0.18845419847328243,0.048982188295165395,0.3028953229398663,0.500795165394402,32.34607439772862
"Monroe County, Pennsylvania",167515.0,19.1,83565.0,10.7,6.9,92.8,42,089,42089,0.1944974554707379,0.3016857506361323,0.8748409669211196,0.14762965319758192,0.09860050890585237,32.34508670262848
"Maricopa County, Arizona",4559748.0,22.5,89300.0,11.0,4.5,93.1,04,013,04013,0.5912849872773537,0.3196564885496183,0.5225826972010178,0.10054088450524978,0.0819020356234097,32.31934186313299
"Grundy County, Illinois",53219.0,24.3,92235.0,6.0,4.6,91.8,17,063,17063,0.8034351145038168,0.03482824427480916,0.5437340966921119,0.08335984727966905,0.14901399491094147,32.287425953226965
"Baltimore County, Maryland",850796.0,21.9,91768.0,9.8,4.9,91.4,24,005,24005,0.5069974554707379,0.23807251908396945,0.6102099236641222,0.08622335348393251,0.1717557251908397,32.26517953787204
"Butte County, South Dakota",10676.0,24.8,75652.0,8.6,1.8,89.8,46,019,46019,0.8462150127226463,0.15473918575063614,0.07410941475826972,0.2542157174673878,0.280852417302799,32.20263496003478
"Harlan County, Nebraska",2847.0,21.9,70625.0,6.7,1.3,85.1,31,083,31083,0.5069974554707379,0.055820610687022904,0.04373409669211196,0.3665287941457207,0.6364503816793894,32.19062677349965
"Pennington County, South Dakota",113512.0,22.0,74517.0,11.2,3.2,90.6,46,103,46103,0.5225826972010178,0.33826335877862596,0.2506361323155216,0.27553293032134907,0.2221692111959288,32.18368659624886
"Albany County, New York",317018.0,18.0,85333.0,13.0,5.0,90.5,36,001,36001,0.1313613231552163,0.48520992366412213,0.630884223918575,0.13140311804008908,0.22916666666666663,32.160505108893375
"Putnam County, West Virginia",57177.0,21.5,79527.0,10.6,3.1,87.8,54,079,54079,0.4541984732824427,0.29421119592875317,0.22853053435114504,0.1928094177537385,0.4379770992366412,32.154534411054414
"Washoe County, Nevada",497200.0,20.7,88096.0,10.7,5.1,91.1,32,031,32031,0.35162213740458015,0.3016857506361323,0.6507633587786259,0.11040407254215723,0.19258905852417307,32.14128755771337
"Camden County, North Carolina",10927.0,23.1,91078.0,6.1,5.5,93.1,37,029,37029,0.6720737913486005,0.03689567430025445,0.7263040712468194,0.08908685968819596,0.0819020356234097,32.1252486441456
"DeSoto County, Mississippi",191301.0,25.0,85297.0,9.7,3.2,92.1,28,033,28033,0.8584605597964376,0.22916666666666666,0.2506361323155216,0.13172128539611838,0.13613231552162852,32.12233919392746
"Clay County, Nebraska",6095.0,24.6,78986.0,6.9,1.9,87.9,31,035,31035,0.8322201017811705,0.06297709923664122,0.08158396946564886,0.1985364301622653,0.42970737913486,32.100499595611716
"Sheridan County, Montana",3669.0,21.9,70147.0,10.4,2.1,89.0,30,091,30091,0.5069974554707379,0.2800572519083969,0.09716921119592875,0.37750556792873047,0.34319338422391854,32.09845741455425
"Berkshire County, Massachusetts",129430.0,16.0,76013.0,11.4,5.4,90.3,25,003,25003,0.05184478371501272,0.3549618320610687,0.7083333333333334,0.2475342029907731,0.2420483460559797,32.09444996312335
"Rawlins County, Kansas",2516.0,21.9,67742.0,6.8,1.3,86.2,20,153,20153,0.5069974554707379,0.05947837150127226,0.04373409669211196,0.43238943684377984,0.5618638676844784,32.0892645638476
"Pembina County, North Dakota",6727.0,21.1,68393.0,9.2,3.4,89.5,38,067,38067,0.3991730279898219,0.19576972010178118,0.2876908396946565,0.4164810690423163,0.3050254452926209,32.082802042423936
"Brown County, Illinois",6322.0,16.8,67917.0,9.2,3.1,84.6,17,009,17009,0.07283715012722647,0.19576972010178118,0.22853053435114504,0.4285714285714286,0.6777989821882952,32.07015630679753
"Washington County, Illinois",13627.0,20.8,78224.0,7.5,4.3,87.4,17,189,17189,0.3638676844783715,0.08889949109414758,0.4720101781170484,0.20999045497931912,0.46660305343511455,32.02741724208003
"Santa Fe County, New Mexico",156105.0,16.1,79071.0,12.0,5.3,90.1,35,049,35049,0.055025445292620864,0.4053753180661578,0.6868638676844784,0.19599109131403114,0.2574745547073791,32.01460554129335
"Powder River County, Montana",1815.0,20.1,67045.0,8.1,0.7,84.0,30,075,30075,0.2857824427480916,0.12070610687022901,0.021310432569974554,0.4557747375119313,0.7132633587786259,31.93674156957705
"Lancaster County, Nebraska",326696.0,22.4,74793.0,11.9,3.2,92.8,31,109,31109,0.576176844783715,0.39774173027989823,0.2506361323155216,0.2723512567610563,0.09860050890585237,31.91012946092087
"Putnam County, Illinois",5601.0,19.7,75590.0,8.1,4.2,86.8,17,155,17155,0.24920483460559797,0.12070610687022901,0.451176844783715,0.2564428889595928,0.5165394402035624,31.881402308453943
"Bay County, Florida",186393.0,21.1,73533.0,11.9,3.9,92.8,12,005,12005,0.3991730279898219,0.39774173027989823,0.3969465648854962,0.30034998409163216,0.09860050890585237,31.85623632305402
"Christian County, Missouri",92915.0,25.1,83437.0,8.2,3.4,91.6,29,043,29043,0.8657760814249363,0.1272264631043257,0.2876908396946565,0.1492204899777283,0.15982824427480913,31.79484236952912
"Jefferson County, Washington",33577.0,11.2,74048.0,11.1,6.6,92.5,53,031,53031,0.004611959287531806,0.32840330788804073,0.8530534351145038,0.28762328985046137,0.11561704834605602,31.786180809731874
"Colfax County, Nebraska",10641.0,30.6,82530.0,6.9,1.3,89.0,31,037,31037,0.9817111959287532,0.06297709923664122,0.04373409669211196,0.15653833916640147,0.34319338422391854,31.76308230495653
"Autauga County, Alabama",59947.0,23.4,72481.0,11.3,2.4,93.2,01,001,01001,0.7115139949109415,0.3473282442748092,0.1294529262086514,0.3219853643016226,0.07729007633587781,31.751412120638044
"Wayne County, New York",90929.0,21.0,74506.0,11.4,3.3,89.6,36,117,36117,0.3885178117048346,0.3549618320610687,0.2695610687022901,0.2760101813553929,0.2962786259541985,31.706590395555693
"Lac qui Parle County, Minnesota",6682.0,21.7,74432.0,8.1,2.0,85.4,27,073,27073,0.481234096692112,0.12070610687022901,0.08889949109414758,0.279032771237671,0.614821882951654,31.693886976916268
"Lyon County, Iowa",12162.0,28.2,76746.0,5.3,2.3,90.2,19,119,19119,0.9594465648854962,0.021628498727735368,0.11752544529262086,0.23448934139357303,0.24984096692111957,31.658616344410895
"Kane County, Illinois",517255.0,23.9,103163.0,7.9,4.8,93.3,17,089,17089,0.767175572519084,0.11005089058524173,0.5873091603053435,0.045179764556156576,0.07283715012722647,31.65105076186105
"Pierce County, Washington",930319.0,23.0,99564.0,8.8,5.2,94.6,53,053,53053,0.6577608142493638,0.16889312977099236,0.6680979643765903,0.054406617881005426,0.03244274809160308,31.632025487391104
"Kimble County, Texas",4389.0,17.0,69455.0,11.7,1.3,84.5,48,267,48267,0.08015267175572519,0.37929389312977096,0.04373409669211196,0.39389118676423795,0.6836832061068703,31.615101088974328
"Waupaca County, Wisconsin",51569.0,20.1,72830.0,10.4,2.8,86.8,55,135,55135,0.2857824427480916,0.2800572519083969,0.1830470737913486,0.31275851097677376,0.5165394402035624,31.56369439256347
"Spotsylvania County, Virginia",146603.0,24.4,112738.0,7.1,5.1,95.5,51,177,51177,0.813295165394402,0.07172391857506362,0.6507633587786259,0.024817053770283204,0.013040712468193383,31.472804179731362
"Davie County, North Carolina",44122.0,20.9,75057.0,9.4,4.7,91.7,37,059,37059,0.37754452926208654,0.21230916030534353,0.5639312977099237,0.2653515749284123,0.15362595419847325,31.455250328084784
"Medina County, Texas",53547.0,22.4,78074.0,9.6,3.0,88.9,48,325,48325,0.576176844783715,0.22232824427480916,0.209764631043257,0.21269487750556793,0.3513040712468194,31.445373377083367
"McLean County, Illinois",171556.0,21.2,79905.0,12.9,3.1,90.0,17,113,17113,0.41412213740458015,0.4767811704834606,0.22853053435114504,0.1870824053452116,0.2652671755725191,31.435668463138335
"Lake County, Illinois",714223.0,23.3,110416.0,8.3,5.2,94.3,17,097,17097,0.6999045801526718,0.1337468193384224,0.6680979643765903,0.02990773146675152,0.040076335877862634,31.43466862424597
"Box Elder County, Utah",61246.0,30.5,84550.0,8.4,3.2,93.6,49,003,49003,0.9810750636132316,0.14026717557251908,0.2506361323155216,0.13808463251670378,0.06059160305343514,31.413092141428223
"Allegheny County, Pennsylvania",1238177.0,18.6,78548.0,11.5,5.0,90.8,42,003,42003,0.16316793893129772,0.3614821882951654,0.630884223918575,0.2048997772828508,0.208969465648855,31.38807188153488
"Prince William County, Virginia",488880.0,26.4,131402.0,6.2,4.8,96.4,51,153,51153,0.9282760814249363,0.040235368956743005,0.5873091603053435,0.008272351256761068,0.004930025445292641,31.38045974778153
"Palm Beach County, Florida",1533806.0,18.8,83581.0,11.3,5.5,91.4,12,099,12099,0.17573155216284989,0.3473282442748092,0.7263040712468194,0.14699331848552344,0.1717557251908397,31.362258227216834
"Manassas Park city, Virginia",16798.0,23.1,103250.0,5.1,5.5,92.6,51,685,51685,0.6720737913486005,0.015426208651399492,0.7263040712468194,0.04454342984409798,0.10861959287531808,31.33934187932471
"Caledonia County, Vermont",30475.0,18.4,69970.0,11.7,2.2,86.4,50,005,50005,0.15108142493638677,0.37929389312977096,0.10607506361323155,0.38211899459115495,0.5483460559796438,31.33830864500376
"Leavenworth County, Kansas",83123.0,23.6,89218.0,8.8,4.1,92.3,20,103,20103,0.7368002544529262,0.16889312977099236,0.43209287531806617,0.10149538657333756,0.1265903307888041,31.31743953808253
"Isle of Wight County, Virginia",39974.0,21.3,95241.0,6.8,3.9,85.5,51,093,51093,0.42907124681933845,0.05947837150127226,0.3969465648854962,0.07047406936048362,0.6079834605597965,31.27907426252774
"Emmet County, Iowa",9262.0,19.1,63730.0,9.9,1.7,86.9,19,063,19063,0.1944974554707379,0.24602417302798982,0.06615776081424936,0.5489977728285078,0.5081106870229007,31.27575698328771
"Clatsop County, Oregon",41363.0,17.9,71822.0,12.3,4.7,92.7,41,007,41007,0.12579516539440203,0.43018447837150126,0.5639312977099237,0.33693923003499837,0.10353053435114501,31.20761411723941
"Cerro Gordo County, Iowa",42632.0,20.8,68189.0,10.6,2.6,89.2,19,033,19033,0.3638676844783715,0.29421119592875317,0.15505725190839695,0.42029907731466754,0.32649491094147587,31.198602411433303
"Franklin County, Idaho",15056.0,30.5,71950.0,7.9,2.4,96.5,16,041,16041,0.9810750636132316,0.11005089058524173,0.1294529262086514,0.33375755647470573,0.00429389312977102,31.172606600232033
"Rutherford County, Tennessee",360646.0,24.7,85470.0,9.3,3.6,93.8,47,149,47149,0.8396946564885496,0.20483460559796438,0.32903944020356235,0.1304486159720013,0.05454834605597969,31.171313286361148
"Pershing County, Nevada",6487.0,15.8,66902.0,11.8,3.9,90.0,32,027,32027,0.04802798982188295,0.38915394402035625,0.3969465648854962,0.4591154947502386,0.2652671755725191,31.170223381009865
"Juab County, Utah",12586.0,33.5,101786.0,6.9,2.2,89.0,49,023,49023,0.9934796437659033,0.06297709923664122,0.10607506361323155,0.0496341075405663,0.34319338422391854,31.107185967605215
"Kenosha County, Wisconsin",168438.0,21.7,81239.0,10.5,4.4,92.4,55,059,55059,0.481234096692112,0.28641857506361323,0.4969783715012723,0.1686286986955139,0.12197837150127222,31.104762269075675
"Dunn County, Wisconsin",45527.0,19.3,74824.0,10.7,4.4,89.9,55,033,55033,0.21183206106870228,0.3016857506361323,0.4969783715012723,0.2712376710149539,0.2725826972010178,31.086331028441567
"Sheridan County, Kansas",2426.0,25.3,73750.0,8.9,0.7,91.3,20,179,20179,0.8813613231552163,0.1762086513994911,0.021310432569974554,0.2962138084632516,0.17843511450381677,31.070586601835004
"Le Sueur County, Minnesota",29113.0,23.0,94968.0,6.4,4.2,89.2,27,079,27079,0.6577608142493638,0.046596692111959284,0.451176844783715,0.07111040407254221,0.32649491094147587,31.062793323181126
"Rice County, Minnesota",67917.0,21.4,83181.0,10.2,4.6,91.8,27,131,27131,0.4419529262086514,0.2657442748091603,0.5437340966921119,0.15208399618199175,0.14901399491094147,31.050585776057137
"Pike County, Pennsylvania",60621.0,17.2,81323.0,9.8,7.5,91.8,42,103,42103,0.08810432569974555,0.23807251908396945,0.9077608142493638,0.167674196627426,0.14901399491094147,31.012517011428926
"Logan County, Oklahoma",51938.0,22.0,83899.0,11.6,3.6,91.2,40,083,40083,0.5225826972010178,0.36959287531806617,0.32903944020356235,0.14381164492523069,0.1854325699745547,31.009184552448637
"Mercer County, North Dakota",8337.0,23.4,80946.0,9.7,2.5,89.6,38,057,38057,0.7115139949109415,0.22916666666666666,0.1410623409669211,0.17181037225580653,0.2962786259541985,30.996640015090687
"Yellowstone County, Montana",168957.0,23.0,76570.0,9.2,3.4,91.4,30,111,30111,0.6577608142493638,0.19576972010178118,0.2876908396946565,0.2363983455297487,0.1717557251908397,30.9875088953278
"Mecklenburg County, North Carolina",1154681.0,22.8,87005.0,10.4,4.3,94.1,37,119,37119,0.6332697201017812,0.2800572519083969,0.4720101781170484,0.1174037543748011,0.04643765903307884,30.983571270702132
"Putnam County, Ohio",34314.0,25.5,84928.0,5.5,1.8,88.0,39,137,39137,0.8950381679389313,0.02433206106870229,0.07410941475826972,0.13426662424435254,0.4212786259541985,30.980497879289086
"York County, Pennsylvania",462924.0,21.9,84829.0,8.4,4.5,90.3,42,133,42133,0.5069974554707379,0.14026717557251908,0.5225826972010178,0.13553929366846962,0.2420483460559797,30.948699359374483
"McCook County, South Dakota",5751.0,28.5,83852.0,6.8,1.8,89.5,46,087,46087,0.9637404580152672,0.05947837150127226,0.07410941475826972,0.14444797963728917,0.3050254452926209,30.936033384094387
"Shelby County, Kentucky",49096.0,22.2,82604.0,9.7,4.2,91.6,21,211,21211,0.5494592875318066,0.22916666666666666,0.451176844783715,0.1562201718103723,0.15982824427480913,30.917024301347396
"Union County, North Carolina",250958.0,25.6,102900.0,7.7,4.2,94.1,37,179,37179,0.9004452926208651,0.1005089058524173,0.451176844783715,0.04613426662424436,0.04643765903307884,30.89405937828641
"Dawson County, Montana",8827.0,21.4,71334.0,8.7,2.7,88.0,30,021,30021,0.4419529262086514,0.16125954198473283,0.17032442748091603,0.34887050588609614,0.4212786259541985,30.8737205502919
"Rensselaer County, New York",160332.0,19.1,87915.0,11.8,5.3,91.6,36,083,36083,0.1944974554707379,0.38915394402035625,0.6868638676844784,0.11135857461024501,0.15982824427480913,30.83404172121253
"Shelby County, Illinois",20720.0,21.3,72095.0,9.2,3.0,88.6,17,173,17173,0.42907124681933845,0.19576972010178118,0.209764631043257,0.33153038498250076,0.37468193384223913,30.81635833578233
"Clay County, Missouri",258122.0,23.5,88468.0,8.5,3.8,91.2,29,047,29047,0.7240776081424937,0.14790076335877864,0.37515903307888043,0.10754056633789377,0.1854325699745547,30.80221081785203
"Minnehaha County, South Dakota",203289.0,25.4,76880.0,8.8,2.5,92.6,46,099,46099,0.8885178117048346,0.16889312977099236,0.1410623409669211,0.23258033725739735,0.10861959287531808,30.793464251509274
"Worcester County, Maryland",53700.0,17.1,81745.0,9.9,6.7,91.2,24,047,24047,0.08412849872773537,0.24602417302798982,0.8608460559796438,0.16290168628698698,0.1854325699745547,30.78665967993821
"Morgan County, Georgia",21078.0,22.1,78111.0,8.8,2.4,87.1,13,211,13211,0.5361005089058524,0.16889312977099236,0.1294529262086514,0.2115812917594655,0.4925254452926209,30.77106603875165
"Isanti County, Minnesota",42596.0,23.2,87440.0,7.5,4.1,90.7,27,059,27059,0.6871819338422391,0.08889949109414758,0.43209287531806617,0.11517658288259625,0.21501272264631044,30.7672721156672
"Paulding County, Georgia",178909.0,25.5,98031.0,6.6,4.5,95.7,13,223,13223,0.8950381679389313,0.05232188295165394,0.5225826972010178,0.05758829144129807,0.010178117048346036,30.75418313162494
"Middlesex County, New Jersey",871290.0,21.5,111549.0,8.6,6.7,94.3,34,023,34023,0.4541984732824427,0.15473918575063614,0.8608460559796438,0.026726057906458767,0.040076335877862634,30.731722175940877
"Jefferson County, Idaho",33154.0,32.3,86679.0,9.7,2.7,95.0,16,051,16051,0.990617048346056,0.22916666666666666,0.17032442748091603,0.12185809735921094,0.021310432569974558,30.66553344845649
"Kinney County, Texas",3157.0,7.3,70000.0,8.4,0.9,70.2,48,271,48271,0.002385496183206107,0.14026717557251908,0.02608142493638677,0.381641743557111,0.9826653944020356,30.66082469302517
"Henderson County, North Carolina",118484.0,18.7,68187.0,11.6,3.5,90.0,37,089,37089,0.169529262086514,0.36959287531806617,0.307410941475827,0.42061724467069683,0.2652671755725191,30.64834998247246
"Kennebec County, Maine",126808.0,18.7,69077.0,11.6,3.9,91.1,23,011,23011,0.169529262086514,0.36959287531806617,0.3969465648854962,0.402163538020999,0.19258905852417307,30.61642597670497
"Contra Costa County, California",1165012.0,22.0,127229.0,8.4,6.5,95.6,06,013,06013,0.5225826972010178,0.14026717557251908,0.8447837150127226,0.011135857461024523,0.011927480916030575,30.61393852326629
"Merrick County, Nebraska",7724.0,22.6,68354.0,7.9,0.4,88.5,31,121,31121,0.6057569974554707,0.11005089058524173,0.012881679389312978,0.41807190582246256,0.3834287531806616,30.60380452866299
"Billings County, North Dakota",1024.0,18.4,86806.0,10.8,2.1,80.8,38,007,38007,0.15108142493638677,0.30820610687022904,0.09716921119592875,0.11994909322303526,0.8533715012722647,30.595546749956892
"Chippewa County, Wisconsin",66799.0,21.4,74680.0,10.2,3.1,89.3,55,017,55017,0.4419529262086514,0.2657442748091603,0.22853053435114504,0.2733057588291441,0.3193384223918575,30.57743833179917
"Ventura County, California",837469.0,21.8,109797.0,9.3,5.7,94.2,06,111,06111,0.49300254452926207,0.20483460559796438,0.7528625954198473,0.032771237671014974,0.0430979643765903,30.531378951893583
"Effingham County, Illinois",34522.0,23.9,80404.0,10.1,2.1,90.6,17,049,17049,0.767175572519084,0.25842875318066155,0.09716921119592875,0.1804008908685969,0.2221692111959288,30.506872779204002
"Anchorage Municipality, Alaska",288976.0,23.5,103284.0,8.9,4.6,94.5,02,020,02020,0.7240776081424937,0.1762086513994911,0.5437340966921119,0.044225262488068684,0.03482824427480913,30.461477259939485
"Washington County, Pennsylvania",210042.0,19.6,78958.0,9.6,4.8,89.9,42,125,42125,0.24013994910941475,0.22232824427480916,0.5873091603053435,0.1988545975182946,0.2725826972010178,30.42429296817759
"San Diego County, California",3288774.0,20.9,106268.0,10.3,6.1,94.9,06,073,06073,0.37754452926208654,0.2732188295165394,0.8072519083969466,0.03690741329939551,0.02337786259541985,30.366010861407755
"Lee County, Georgia",33626.0,25.6,89168.0,5.7,3.3,90.7,13,177,13177,0.9004452926208651,0.029421119592875317,0.2695610687022901,0.10244988864142535,0.21501272264631044,30.33780184407533
"Clark County, Washington",516959.0,22.7,97536.0,8.0,5.3,94.5,53,011,53011,0.6194338422391857,0.11513994910941476,0.6868638676844784,0.06045179764556152,0.03482824427480913,30.334354019068993
"Union County, Indiana",6985.0,20.7,76424.0,8.5,4.3,89.5,18,161,18161,0.35162213740458015,0.14790076335877864,0.4720101781170484,0.23926185173401204,0.3050254452926209,30.316407518140803
"Skagit County, Washington",131328.0,20.9,89263.0,11.6,4.9,93.8,53,057,53057,0.37754452926208654,0.36959287531806617,0.6102099236641222,0.10117721921730827,0.05454834605597969,30.26145787035125
"Waseca County, Minnesota",18885.0,22.7,76261.0,7.5,2.5,88.0,27,161,27161,0.6194338422391857,0.08889949109414758,0.1410623409669211,0.2418071905822463,0.4212786259541985,30.249629816733986
"Petroleum County, Montana",447.0,14.8,60208.0,8.1,0.0,84.2,30,069,30069,0.027830788804071246,0.12070610687022901,0.003657760814249364,0.6552656697422845,0.7013358778625954,30.175924081868587
"Greene County, Virginia",21155.0,22.9,89808.0,13.7,1.8,91.7,51,079,51079,0.6456743002544529,0.5357824427480916,0.07410941475826972,0.09735921094495703,0.15362595419847325,30.131026458084893
"McLeod County, Minnesota",36798.0,21.9,80084.0,8.7,3.3,88.5,27,085,27085,0.5069974554707379,0.16125954198473283,0.2695610687022901,0.18485523385300673,0.3834287531806616,30.122041063828586
"Sublette County, Wyoming",8838.0,21.1,83597.0,6.9,2.3,82.8,56,035,56035,0.3991730279898219,0.06297709923664122,0.11752544529262086,0.14635698377346484,0.7800572519083969,30.121796164018917
"Meagher County, Montana",2007.0,12.3,71932.0,12.4,0.3,84.0,30,059,30059,0.008587786259541985,0.4378180661577608,0.01049618320610687,0.3350302258988228,0.7132633587786259,30.103912406017162
"Greene County, New York",47409.0,16.2,77945.0,9.9,3.9,85.8,36,039,36039,0.0580470737913486,0.24602417302798982,0.3969465648854962,0.21476296531975825,0.5885814249363868,30.08724403921959
"Will County, Illinois",701462.0,23.6,109984.0,7.3,4.9,94.1,17,197,17197,0.7368002544529262,0.07999363867684478,0.6102099236641222,0.0308622335348393,0.04643765903307884,30.08607418723622
"Buncombe County, North Carolina",274360.0,17.8,74436.0,11.8,4.3,90.3,37,021,37021,0.1203880407124682,0.38915394402035625,0.4720101781170484,0.2787146038816417,0.2420483460559797,30.04630225574988
"Slope County, North Dakota",766.0,15.9,71250.0,5.0,2.7,78.1,38,087,38087,0.04930025445292621,0.012881679389312978,0.17032442748091603,0.3541202672605791,0.9155534351145038,30.04360127396476
"Burke County, North Dakota",2156.0,27.0,91591.0,5.9,3.7,93.0,38,013,38013,0.943384223918575,0.03244274809160305,0.35225826972010177,0.0868596881959911,0.08699109414758266,30.03872048147708
"Charles County, Maryland",170527.0,23.9,122816.0,6.9,4.8,93.4,24,017,24017,0.767175572519084,0.06297709923664122,0.5873091603053435,0.01495386573337576,0.06790712468193383,30.00645644952757
"Marion County, Iowa",33642.0,23.1,78680.0,8.2,2.2,88.4,19,125,19125,0.6720737913486005,0.1272264631043257,0.10607506361323155,0.20299077314667513,0.39153944020356235,29.9981106283279
"Cavalier County, North Dakota",3633.0,21.9,69531.0,8.5,1.0,88.0,38,019,38019,0.5069974554707379,0.14790076335877864,0.030057251908396948,0.3919821826280624,0.4212786259541985,29.96432558640349
"York County, South Carolina",293673.0,23.6,89095.0,8.4,4.1,93.1,45,091,45091,0.7368002544529262,0.14026717557251908,0.43209287531806617,0.10340439070951324,0.0819020356234097,29.889334633528687
"Westchester County, New York",999677.0,21.3,118976.0,9.0,6.1,93.7,36,119,36119,0.42907124681933845,0.1825699745547074,0.8072519083969466,0.018135539293668512,0.057410941475826927,29.888792210809754
"Iredell County, North Carolina",196544.0,22.3,81419.0,10.0,4.2,93.6,37,097,37097,0.5629770992366412,0.2522264631043257,0.451176844783715,0.1670378619153675,0.06059160305343514,29.880197441869694
"Otsego County, Michigan",25584.0,20.8,68183.0,8.0,4.0,91.3,26,137,26137,0.3638676844783715,0.11513994910941476,0.4150763358778626,0.420935412026726,0.17843511450381677,29.869089919923837
"Union County, Pennsylvania",42456.0,17.4,76404.0,9.0,2.2,80.3,42,119,42119,0.09637404580152671,0.1825699745547074,0.10607506361323155,0.23958001909004134,0.8680025445292621,29.85203295177538
"Salt Lake County, Utah",1196523.0,25.3,97494.0,8.1,3.8,93.8,49,035,49035,0.8813613231552163,0.12070610687022901,0.37515903307888043,0.06076996500159082,0.05454834605597969,29.850895483237927
"Waldo County, Maine",40192.0,17.7,72782.0,12.0,3.7,89.5,23,027,23027,0.11418575063613232,0.4053753180661578,0.35225826972010177,0.31371301304486154,0.3050254452926209,29.811155935197487
"Cole County, Missouri",77032.0,22.1,74876.0,9.0,2.9,89.5,29,051,29051,0.5361005089058524,0.1825699745547074,0.19545165394402036,0.27044225262488064,0.3050254452926209,29.79179670644163
"Linn County, Iowa",230004.0,22.5,77649.0,9.4,3.5,91.6,19,113,19113,0.5912849872773537,0.21230916030534353,0.307410941475827,0.21858097359210948,0.15982824427480913,29.78828613850885
"Clallam County, Washington",77813.0,16.1,70370.0,10.6,5.1,92.5,53,009,53009,0.055025445292620864,0.29421119592875317,0.6507633587786259,0.3732103086223354,0.11561704834605602,29.776547139367825
"Randall County, Texas",146070.0,23.8,83864.0,9.7,2.9,91.6,48,381,48381,0.7574745547073791,0.22916666666666666,0.19545165394402036,0.14412981228125998,0.15982824427480913,29.721018637482704
"Dodge County, Minnesota",21045.0,25.1,95739.0,7.0,3.3,90.7,27,039,27039,0.8657760814249363,0.0669529262086514,0.2695610687022901,0.06649697741011773,0.21501272264631044,29.675995527846116
"Perkins County, Nebraska",2821.0,24.3,72778.0,7.2,1.5,90.4,31,135,31135,0.8034351145038168,0.07617684478371502,0.05407124681933842,0.31434934775692014,0.23505089058524176,29.661668888980643
"Tazewell County, Illinois",130290.0,21.9,77982.0,9.0,3.6,90.2,17,179,17179,0.5069974554707379,0.1825699745547074,0.32903944020356235,0.21412663060769965,0.24984096692111957,29.651489355156535
"Capitol Planning Region, Connecticut",977290.0,20.2,93394.0,10.3,5.2,91.5,09,110,09110,0.2969147582697201,0.2732188295165394,0.6680979643765903,0.07826916958320074,0.166030534351145,29.650625121943907
"Kalawao County, Hawaii",67.0,0.0,73750.0,22.7,0.0,90.0,15,005,15005,0.00047709923664122136,0.9168256997455471,0.003657760814249364,0.2962138084632516,0.2652671755725191,29.648830876644173
"Gilmer County, Georgia",32426.0,18.3,74499.0,16.0,2.7,90.7,13,123,13123,0.14567430025445294,0.6749363867684478,0.17032442748091603,0.27648743238943685,0.21501272264631044,29.648705390791285
"Menard County, Illinois",12095.0,21.9,82176.0,10.1,3.5,90.2,17,129,17129,0.5069974554707379,0.25842875318066155,0.307410941475827,0.15972001272669423,0.24984096692111957,29.64796259550081
"Salem city, Virginia",25618.0,19.5,66725.0,10.2,3.6,91.1,51,775,51775,0.23139312977099236,0.2657442748091603,0.32903944020356235,0.46197900095450206,0.19258905852417307,29.6148980852478
"McCone County, Montana",1670.0,18.6,69375.0,5.0,2.1,82.1,30,055,30055,0.16316793893129772,0.012881679389312978,0.09716921119592875,0.3959592745784283,0.8112277353689568,29.608116789278487
"Multnomah County, Oregon",801477.0,17.6,88766.0,12.6,5.7,93.6,41,051,41051,0.10861959287531807,0.45133587786259544,0.7528625954198473,0.1059497295577474,0.06059160305343514,29.587187975378864
"Oliver County, North Dakota",1839.0,25.9,77240.0,5.2,1.0,89.7,38,065,38065,0.9128498727735369,0.018924936386768447,0.030057251908396948,0.22717149220489974,0.2892811704834606,29.565694475141253
"Pennington County, Minnesota",13791.0,20.8,77325.0,10.5,2.9,88.2,27,113,27113,0.3638676844783715,0.28641857506361323,0.19545165394402036,0.22558065542475347,0.4069656488549618,29.565684355314403
"Spink County, South Dakota",6219.0,21.1,70139.0,10.1,1.3,88.3,46,115,46115,0.3991730279898219,0.25842875318066155,0.04373409669211196,0.3779828189627744,0.3986959287531806,29.560292511571006
"Green County, Wisconsin",37017.0,21.5,82852.0,7.7,3.6,87.8,55,045,55045,0.4541984732824427,0.1005089058524173,0.32903944020356235,0.1549475023862552,0.4379770992366412,29.533428419226375
"Kendall County, Illinois",137675.0,27.0,111601.0,5.4,4.3,95.6,17,093,17093,0.943384223918575,0.022900763358778626,0.4720101781170484,0.02640789055042958,0.011927480916030575,29.53261073721724
"King George County, Virginia",27896.0,24.4,116884.0,7.5,3.7,91.0,51,099,51099,0.813295165394402,0.08889949109414758,0.35225826972010177,0.020044543429844075,0.19831424936386766,29.456234380047263
"Arapahoe County, Colorado",659844.0,22.6,101087.0,8.6,5.0,94.7,08,005,08005,0.6057569974554707,0.15473918575063614,0.630884223918575,0.05122494432071267,0.0294211195928753,29.440529420765394
"Haines Borough, Alaska",2086.0,22.1,86927.0,5.4,4.7,90.5,02,100,02100,0.5361005089058524,0.022900763358778626,0.5639312977099237,0.11899459115494748,0.22916666666666663,29.421876555923376
"La Crosse County, Wisconsin",120488.0,19.4,73013.0,12.4,3.1,89.9,55,063,55063,0.22264631043256997,0.4378180661577608,0.22853053435114504,0.3092586700604518,0.2725826972010178,29.41672556405891
"Sussex County, Delaware",255626.0,18.1,81497.0,10.9,5.3,91.5,10,005,10005,0.1364503816793893,0.3139312977099237,0.6868638676844784,0.16640152720330892,0.166030534351145,29.393552172564906
"Chugach Census Area, Alaska",6862.0,20.9,90509.0,5.9,9.5,96.9,02,063,02063,0.37754452926208654,0.03244274809160305,0.9634223918575063,0.09163219853643012,0.001908396946564861,29.33900529388381
"Yavapai County, Arizona",245480.0,15.4,69613.0,12.0,4.3,91.6,04,025,04025,0.03864503816793893,0.4053753180661578,0.4720101781170484,0.3907095132039453,0.15982824427480913,29.331365836597996
"Franklin County, Vermont",50638.0,21.6,81313.0,10.3,3.2,89.5,50,011,50011,0.46771628498727735,0.2732188295165394,0.2506361323155216,0.1679923639834553,0.3050254452926209,29.29178112190829
"Chelan County, Washington",80172.0,22.6,82381.0,8.3,3.7,90.7,53,007,53007,0.6057569974554707,0.1337468193384224,0.35225826972010177,0.15749284123448937,0.21501272264631044,29.285353007895885
"Yamhill County, Oregon",108734.0,21.1,90063.0,10.3,4.8,92.6,41,071,41071,0.3991730279898219,0.2732188295165394,0.5873091603053435,0.09385937002863509,0.10861959287531808,29.24359961431316
"Ellsworth County, Kansas",6360.0,17.6,65560.0,10.4,2.6,88.1,20,053,20053,0.10861959287531807,0.2800572519083969,0.15505725190839695,0.5046134266624245,0.41364503816793896,29.239851230449503
"Buffalo County, Nebraska",50579.0,22.7,75911.0,9.9,2.6,91.1,31,019,31019,0.6194338422391857,0.24602417302798982,0.15505725190839695,0.2488068724148902,0.19258905852417307,29.23822396229272
"Gulf County, Florida",15131.0,15.1,61179.0,12.5,2.6,90.9,12,045,12045,0.033396946564885496,0.4443384223918575,0.15505725190839695,0.6258351893095768,0.20308524173027986,29.234261038099934
"Manassas city, Virginia",42976.0,26.9,113590.0,7.7,3.8,95.1,51,683,51683,0.9408396946564885,0.1005089058524173,0.37515903307888043,0.02386255170219531,0.01956106870229013,29.198625079845435
"Plymouth County, Iowa",25747.0,25.0,83251.0,6.9,2.2,89.8,19,149,19149,0.8584605597964376,0.06297709923664122,0.10607506361323155,0.15144766146993316,0.280852417302799,29.19625602838085
"Worcester County, Massachusetts",867788.0,20.6,95939.0,10.3,5.3,92.9,25,027,25027,0.34001272264631044,0.2732188295165394,0.6868638676844784,0.06586064269805914,0.09255725190839692,29.170266289075684
"Hancock County, Ohio",74866.0,21.8,73141.0,9.9,3.1,91.2,39,063,39063,0.49300254452926207,0.24602417302798982,0.22853053435114504,0.3054406617881006,0.1854325699745547,29.16860967342104
"Volusia County, Florida",579622.0,17.4,70044.0,11.8,4.1,91.6,12,127,12127,0.09637404580152671,0.38915394402035625,0.43209287531806617,0.38084632516703787,0.15982824427480913,29.165908691635924
"Kearney County, Nebraska",6713.0,24.8,78631.0,7.2,1.7,90.0,31,099,31099,0.8462150127226463,0.07617684478371502,0.06615776081424936,0.2042634425707922,0.2652671755725191,29.16160472927844
"Warren County, Missouri",37177.0,23.1,81209.0,8.0,3.7,91.8,29,219,29219,0.6720737913486005,0.11513994910941476,0.35225826972010177,0.16926503340757237,0.14901399491094147,29.155020769932623
"Indian River County, Florida",166936.0,15.0,73491.0,11.1,4.5,89.9,12,061,12061,0.03244274809160305,0.32840330788804073,0.5225826972010178,0.30130448615972005,0.2725826972010178,29.146318730827993
"Hamilton County, New York",5089.0,12.1,68835.0,10.6,4.4,90.2,36,041,36041,0.007474554707379135,0.29421119592875317,0.4969783715012723,0.40725421571746734,0.24984096692111957,29.115186095519828
"St. Louis County, Missouri",995569.0,22.0,82936.0,9.8,4.3,93.4,29,189,29189,0.5225826972010178,0.23807251908396945,0.4720101781170484,0.1546293350302259,0.06790712468193383,29.104037082283906
"Doniphan County, Kansas",7503.0,21.1,74028.0,9.6,1.6,87.2,20,043,20043,0.3991730279898219,0.22232824427480916,0.059955470737913484,0.28857779191854915,0.4848918575063613,29.0985278485491
"Fairfield County, Ohio",163453.0,23.8,90966.0,8.0,3.8,92.5,39,045,39045,0.7574745547073791,0.11513994910941476,0.37515903307888043,0.08972319440025456,0.11561704834605602,29.062275592839697
"Webster County, Nebraska",3360.0,22.1,64347.0,9.6,0.7,92.1,31,181,31181,0.5361005089058524,0.22232824427480916,0.021310432569974554,0.5351574928412345,0.13613231552162852,29.02057988226998
"San Luis Obispo County, California",281555.0,17.5,97446.0,12.9,5.5,93.1,06,079,06079,0.10241730279898219,0.4767811704834606,0.7263040712468194,0.06108813235762012,0.0819020356234097,28.969854250205845
"Carbon County, Montana",11116.0,17.2,80261.0,7.8,4.5,86.4,30,009,30009,0.08810432569974555,0.10623409669211197,0.5225826972010178,0.18294622971683105,0.5483460559796438,28.964268105787
"Guthrie County, Iowa",10688.0,21.2,77711.0,9.9,3.2,89.3,19,077,19077,0.41412213740458015,0.24602417302798982,0.2506361323155216,0.2176264715240216,0.3193384223918575,28.954946733279414
"Miami County, Ohio",110296.0,22.9,76817.0,9.4,3.1,92.3,39,109,39109,0.6456743002544529,0.21230916030534353,0.22853053435114504,0.23321667196945595,0.1265903307888041,28.92641995338403
"Cass County, Missouri",110773.0,23.5,87535.0,6.2,4.2,92.5,29,037,29037,0.7240776081424937,0.040235368956743005,0.451176844783715,0.11390391345847917,0.11561704834605602,28.900215673749734
"Pinellas County, Florida",963481.0,15.4,72646.0,11.5,4.4,90.5,12,103,12103,0.03864503816793893,0.3614821882951654,0.4969783715012723,0.3184855233853007,0.22916666666666663,28.895155760326872
"Maury County, Tennessee",107791.0,22.9,76130.0,9.8,2.4,91.2,47,119,47119,0.6456743002544529,0.23807251908396945,0.1294529262086514,0.24562519885459755,0.1854325699745547,28.885150287524517
"Jersey County, Illinois",21274.0,19.8,80361.0,8.8,3.4,86.4,17,083,17083,0.25699745547073793,0.16889312977099236,0.2876908396946565,0.18199172764874327,0.5483460559796438,28.87838417129548
"Parker County, Texas",165168.0,24.7,104443.0,8.0,4.0,94.6,48,367,48367,0.8396946564885496,0.11513994910941476,0.4150763358778626,0.04008908685968815,0.03244274809160308,28.848855528542362
"Esmeralda County, Nevada",1028.0,12.8,41715.0,12.4,0.6,95.8,32,009,32009,0.01097328244274809,0.4378180661577608,0.01812977099236641,0.967228762328985,0.008269720101781175,28.84839204047283
"Sheridan County, North Dakota",1303.0,16.8,62639.0,10.1,1.1,87.1,38,083,38083,0.07283715012722647,0.25842875318066155,0.03435114503816794,0.583837098313713,0.4925254452926209,28.839591839047795
"Douglas County, Wisconsin",44229.0,19.2,75099.0,10.8,3.1,87.8,55,031,55031,0.20244910941475827,0.30820610687022904,0.22853053435114504,0.26471524021635384,0.4379770992366412,28.837561801782545
"Laramie County, Wyoming",101060.0,22.4,80173.0,8.9,3.7,91.7,56,021,56021,0.576176844783715,0.1762086513994911,0.35225826972010177,0.18326439707286035,0.15362595419847325,28.830682343492832
"Valley County, Idaho",12389.0,18.8,76078.0,11.7,4.8,93.9,16,085,16085,0.17573155216284989,0.37929389312977096,0.5873091603053435,0.24689786827871463,0.05216284987277353,28.82790647498905
"Whatcom County, Washington",230503.0,18.5,81784.0,12.9,4.8,93.7,53,073,53073,0.15696564885496184,0.4767811704834606,0.5873091603053435,0.16258351893095768,0.057410941475826927,28.821008801011004
"Glasscock County, Texas",1068.0,23.5,101250.0,8.9,0.8,87.4,48,173,48173,0.7240776081424937,0.1762086513994911,0.023536895674300253,0.05058860960865419,0.46660305343511455,28.820296365201077
"McLean County, North Dakota",9823.0,21.1,83583.0,8.9,1.4,84.7,38,055,38055,0.3991730279898219,0.1762086513994911,0.048982188295165395,0.14667515112949414,0.6696882951653944,28.81454627958734
"Union County, South Dakota",17081.0,24.1,89636.0,6.2,3.0,89.5,46,127,46127,0.785941475826972,0.040235368956743005,0.209764631043257,0.09863188036907411,0.3050254452926209,28.791976029773338
"West Feliciana Parish, Louisiana",15327.0,16.0,77452.0,11.8,4.1,89.0,22,125,22125,0.05184478371501272,0.38915394402035625,0.43209287531806617,0.22239898186446072,0.34319338422391854,28.77367938283629
"Hamlin County, South Dakota",6373.0,33.1,87101.0,6.9,0.5,90.2,46,057,46057,0.9928435114503816,0.06297709923664122,0.015108142493638677,0.11676741966274262,0.24984096692111957,28.750742795290474
"Stevens County, Minnesota",9739.0,22.3,75733.0,11.1,2.0,90.9,27,149,27149,0.5629770992366412,0.32840330788804073,0.08889949109414758,0.25262488068724154,0.20308524173027986,28.719800412727015
"Campbell County, Kentucky",93426.0,20.6,77567.0,11.1,4.0,92.2,21,037,21037,0.34001272264631044,0.32840330788804073,0.4150763358778626,0.22017181037225586,0.13120229007633588,28.69732933721611
"Blanco County, Texas",12446.0,17.5,92425.0,8.4,5.9,89.2,48,031,48031,0.10241730279898219,0.14026717557251908,0.7818066157760815,0.08240534521158127,0.32649491094147587,28.667827006012796
"Bullitt County, Kentucky",84027.0,21.2,80558.0,9.7,4.3,92.1,21,029,21029,0.41412213740458015,0.22916666666666666,0.4720101781170484,0.17881005408845052,0.13613231552162852,28.604827035967485
"Aleutians West Census Area, Alaska",5235.0,9.2,135500.0,11.3,4.3,85.6,02,016,02016,0.0028625954198473282,0.3473282442748092,0.4720101781170484,0.006363347120585394,0.6014631043256997,28.600549385159802
"Lampasas County, Texas",22715.0,21.3,81736.0,9.1,4.5,92.3,48,281,48281,0.42907124681933845,0.18845419847328243,0.5225826972010178,0.16321985364301628,0.1265903307888041,28.598366538509186
"Mercer County, Ohio",42484.0,25.4,76782.0,7.3,1.6,91.5,39,107,39107,0.8885178117048346,0.07999363867684478,0.059955470737913484,0.23385300668151443,0.166030534351145,28.567009243045042
"Marathon County, Wisconsin",138403.0,22.5,77884.0,8.7,2.9,90.0,55,073,55073,0.5912849872773537,0.16125954198473283,0.19545165394402036,0.21508113267578743,0.2652671755725191,28.56688982908827
"Chesterfield County, Virginia",377869.0,23.7,101931.0,7.1,4.6,95.3,51,041,51041,0.7477735368956743,0.07172391857506362,0.5437340966921119,0.04804327076042003,0.016380407124681917,28.55310460095904
"Ravalli County, Montana",46727.0,18.6,71283.0,8.8,3.2,87.1,30,081,30081,0.16316793893129772,0.16889312977099236,0.2506361323155216,0.35189309576837413,0.4925254452926209,28.542314841576133
"Southeastern Connecticut Planning Region, Connecticut",279971.0,19.3,86586.0,10.7,5.0,91.6,09,180,09180,0.21183206106870228,0.3016857506361323,0.630884223918575,0.12281259942729872,0.15982824427480913,28.54085758651034
"New Castle County, Delaware",577961.0,21.2,91166.0,10.1,4.8,93.2,10,003,10003,0.41412213740458015,0.25842875318066155,0.5873091603053435,0.08813235762010818,0.07729007633587781,28.505649696931425
"Okaloosa County, Florida",216599.0,22.6,81998.0,9.3,3.8,93.2,12,091,12091,0.6057569974554707,0.20483460559796438,0.37515903307888043,0.1609926821508113,0.07729007633587781,28.480667892380097
"Madison County, New York",67328.0,18.2,75499.0,10.0,4.2,89.3,36,053,36053,0.1407442748091603,0.2522264631043257,0.451176844783715,0.25835189309576834,0.3193384223918575,28.43675796369654
"Charlotte County, Florida",201064.0,11.8,69952.0,9.0,5.4,92.0,12,015,12015,0.006043256997455471,0.1825699745547074,0.7083333333333334,0.38243716194718425,0.1402671755725191,28.39301804810399
"Rockwall County, Texas",123617.0,26.5,127981.0,4.0,4.3,96.8,48,397,48397,0.9311386768447837,0.0028625954198473282,0.4720101781170484,0.010817690104995226,0.0023854961832061594,28.384292733397615
"Sitka City and Borough, Alaska",8368.0,19.2,101727.0,7.5,6.8,90.8,02,220,02220,0.20244910941475827,0.08889949109414758,0.8683206106870229,0.049952274896595594,0.208969465648855,28.371819034827585
"New Hanover County, North Carolina",235229.0,17.9,75166.0,12.3,4.5,93.3,37,129,37129,0.12579516539440203,0.43018447837150126,0.5225826972010178,0.26407890550429525,0.07283715012722647,28.309567931968854
"Wabasha County, Minnesota",21565.0,21.8,82007.0,7.1,2.2,85.9,27,157,27157,0.49300254452926207,0.07172391857506362,0.10607506361323155,0.160674514794782,0.5826972010178118,28.283464850603018
"Clermont County, Ohio",211181.0,22.1,85510.0,9.1,4.2,92.6,39,025,39025,0.5361005089058524,0.18845419847328243,0.451176844783715,0.1298122812599427,0.10861959287531808,28.283268525962207
"Falls Church city, Virginia",14710.0,24.0,143262.0,4.0,5.0,98.3,51,610,51610,0.7763994910941476,0.0028625954198473282,0.630884223918575,0.0031816735602927526,0.00031806615776086566,28.272921003012474
"Porter County, Indiana",174818.0,21.3,87972.0,9.6,4.7,93.0,18,127,18127,0.42907124681933845,0.22232824427480916,0.5639312977099237,0.11104040725421571,0.08699109414758266,28.26724580411739
"Manitowoc County, Wisconsin",81406.0,20.3,69148.0,9.6,2.6,89.2,55,071,55071,0.3080470737913486,0.22232824427480916,0.15505725190839695,0.40120903595291124,0.32649491094147587,28.262730337378837
"Seward County, Nebraska",17641.0,23.3,82444.0,7.4,2.1,88.6,31,159,31159,0.6999045801526718,0.08396946564885496,0.09716921119592875,0.15685650652243077,0.37468193384223913,28.25163394724251
"Licking County, Ohio",181837.0,22.8,84426.0,10.2,3.2,92.4,39,089,39089,0.6332697201017812,0.2657442748091603,0.2506361323155216,0.13967546929685015,0.12197837150127222,28.226079360491713
"Iron County, Wisconsin",6210.0,15.5,60625.0,10.5,2.5,89.6,55,051,55051,0.04150763358778626,0.28641857506361323,0.1410623409669211,0.6452433980273624,0.2962786259541985,28.21021147199763
"Antrim County, Michigan",24127.0,16.9,72054.0,9.9,3.9,88.8,26,009,26009,0.07569974554707379,0.24602417302798982,0.3969465648854962,0.33184855233853006,0.3597328244274809,28.205037204531415
"Buffalo County, Wisconsin",13393.0,19.9,70479.0,8.4,2.9,87.8,55,011,55011,0.2655852417302799,0.14026717557251908,0.19545165394402036,0.36971046770601335,0.4379770992366412,28.17983276378948
"York County, Nebraska",14286.0,23.3,77757.0,9.2,1.5,90.3,31,185,31185,0.6999045801526718,0.19576972010178118,0.05407124681933842,0.2169901368119631,0.2420483460559797,28.175680598834678
"Lake County, Florida",412924.0,19.0,73161.0,8.9,5.0,92.6,12,069,12069,0.1871819338422392,0.1762086513994911,0.630884223918575,0.3051224944320713,0.10861959287531808,28.160337929353897
"Washtenaw County, Michigan",369822.0,18.2,89180.0,14.2,4.6,94.1,26,161,26161,0.1407442748091603,0.5722010178117048,0.5437340966921119,0.10213172128539616,0.04643765903307884,28.104975392629044
"Stillwater County, Montana",9182.0,21.0,84732.0,8.3,3.1,86.8,30,095,30095,0.3885178117048346,0.1337468193384224,0.22853053435114504,0.1368119630925867,0.5165394402035624,28.08293137381102
"Perry County, Pennsylvania",46239.0,21.0,79444.0,8.0,3.1,87.3,42,099,42099,0.3885178117048346,0.11513994910941476,0.22853053435114504,0.19312758510976769,0.476940203562341,28.045121676750064
"Hennepin County, Minnesota",1269496.0,21.6,97653.0,10.0,4.5,92.8,27,053,27053,0.46771628498727735,0.2522264631043257,0.5225826972010178,0.05981546293350304,0.09860050890585237,28.018828342639523
"Flagler County, Florida",126528.0,16.1,77363.0,10.3,4.4,88.9,12,035,12035,0.055025445292620864,0.2732188295165394,0.4969783715012723,0.2239898186446071,0.3513040712468194,28.010330724037182
"Santa Cruz County, California",264926.0,18.4,111093.0,11.6,6.1,94.2,06,087,06087,0.15108142493638677,0.36959287531806617,0.8072519083969466,0.02863506204263444,0.0430979643765903,27.99318470141249
"Kane County, Utah",8170.0,20.8,77092.0,9.5,3.7,90.4,49,025,49025,0.3638676844783715,0.21755725190839695,0.35225826972010177,0.2290804963410754,0.23505089058524176,27.956291860663747
"Clinton County, Michigan",79626.0,21.4,88210.0,9.7,3.8,90.3,26,037,26037,0.4419529262086514,0.22916666666666666,0.37515903307888043,0.10944957047406934,0.2420483460559797,27.95553084968495
"Essex County, Massachusetts",813054.0,20.8,101883.0,9.4,5.1,92.4,25,009,25009,0.3638676844783715,0.21230916030534353,0.6507633587786259,0.048679605472478515,0.12197837150127222,27.951963610721837
"Winona County, Minnesota",49779.0,17.6,70744.0,14.8,2.3,91.0,27,169,27169,0.10861959287531807,0.6094147582697201,0.11752544529262086,0.36334712058542795,0.19831424936386766,27.94442332773909
"LaMoure County, North Dakota",4118.0,22.9,80664.0,8.7,2.5,89.9,38,045,38045,0.6456743002544529,0.16125954198473283,0.1410623409669211,0.17626471524021636,0.2725826972010178,27.936871912946813
"Frederick County, Virginia",95008.0,22.7,97606.0,6.8,4.2,90.9,51,069,51069,0.6194338422391857,0.05947837150127226,0.451176844783715,0.060133630289532336,0.20308524173027986,27.866158610879697
"Amador County, California",41428.0,15.4,88044.0,8.2,5.4,88.2,06,005,06005,0.03864503816793893,0.1272264631043257,0.7083333333333334,0.11072223989818641,0.4069656488549618,27.83785446717492
"Weber County, Utah",269648.0,26.6,90005.0,8.1,3.0,94.6,49,057,49057,0.934001272264631,0.12070610687022901,0.209764631043257,0.09449570474069358,0.03244274809160308,27.82820926020827
"Sheridan County, Wyoming",32055.0,21.3,71388.0,10.2,2.2,90.3,56,033,56033,0.42907124681933845,0.2657442748091603,0.10607506361323155,0.34791600381800825,0.2420483460559797,27.817098702314365
"Eau Claire County, Wisconsin",107116.0,19.8,74546.0,11.8,3.0,90.1,55,035,55035,0.25699745547073793,0.38915394402035625,0.209764631043257,0.27521476296531977,0.2574745547073791,27.772106964141003
"Rains County, Texas",12775.0,19.2,65413.0,10.0,3.3,91.7,48,379,48379,0.20244910941475827,0.2522264631043257,0.2695610687022901,0.5100222717149221,0.15362595419847325,27.757697342695387
"Monroe County, Georgia",29664.0,21.1,83183.0,12.3,2.7,90.4,13,207,13207,0.3991730279898219,0.43018447837150126,0.17032442748091603,0.15176582882596246,0.23505089058524176,27.72997306506887
"Fillmore County, Nebraska",5541.0,19.7,76295.0,8.8,0.4,84.0,31,059,31059,0.24920483460559797,0.16889312977099236,0.012881679389312978,0.24148902322621701,0.7132633587786259,27.714640515414924
"Olmsted County, Minnesota",164498.0,23.9,95406.0,7.5,3.6,92.2,27,109,27109,0.767175572519084,0.08889949109414758,0.32903944020356235,0.06904231625835189,0.13120229007633588,27.707182203029628
"Tooele County, Utah",79347.0,31.0,106587.0,5.2,3.6,95.4,49,045,49045,0.9850508905852418,0.018924936386768447,0.32903944020356235,0.035952911231307616,0.014631043256997489,27.67198443327755
"Jackson County, Georgia",84757.0,25.1,89544.0,7.3,3.4,94.0,13,157,13157,0.8657760814249363,0.07999363867684478,0.2876908396946565,0.0992682150811327,0.049936386768447805,27.65330323292036
"San Miguel County, Colorado",7968.0,17.9,79024.0,9.3,2.7,84.5,08,113,08113,0.12579516539440203,0.20483460559796438,0.17032442748091603,0.19790009545020681,0.6836832061068703,27.65075000060719
"Anoka County, Minnesota",370349.0,23.7,101869.0,7.0,4.3,94.2,27,003,27003,0.7477735368956743,0.0669529262086514,0.4720101781170484,0.04899777282850781,0.0430979643765903,27.576647568529445
"Burleigh County, North Dakota",100600.0,23.2,86851.0,7.9,2.3,89.0,38,015,38015,0.6871819338422391,0.11005089058524173,0.11752544529262086,0.11963092586700608,0.34319338422391854,27.551651596220527
"Douglas County, Minnesota",39575.0,21.4,79043.0,9.0,2.9,88.8,27,041,27041,0.4419529262086514,0.1825699745547074,0.19545165394402036,0.19758192809417752,0.3597328244274809,27.545786144580752
"Sauk County, Wisconsin",66009.0,22.3,79541.0,8.1,2.3,88.5,55,111,55111,0.5629770992366412,0.12070610687022901,0.11752544529262086,0.1918549156856506,0.3834287531806616,27.529846405316068
"Hanson County, South Dakota",3472.0,28.7,81071.0,7.0,1.8,92.8,46,061,46061,0.9651717557251909,0.0669529262086514,0.07410941475826972,0.17117403754374805,0.09860050890585237,27.520172862834247
"Garfield County, Colorado",62479.0,24.6,91131.0,8.2,3.4,94.3,08,045,08045,0.8322201017811705,0.1272264631043257,0.2876908396946565,0.08845052497613748,0.040076335877862634,27.513285308683056
"Ness County, Kansas",2653.0,19.8,68616.0,11.2,0.8,89.0,20,135,20135,0.25699745547073793,0.33826335877862596,0.023536895674300253,0.41027680559974544,0.34319338422391854,27.445357994946562
"Mills County, Texas",4511.0,20.6,67620.0,7.2,3.2,90.0,48,333,48333,0.34001272264631044,0.07617684478371502,0.2506361323155216,0.43748011454024816,0.2652671755725191,27.39145979716629
"Fremont County, Iowa",6514.0,21.4,71621.0,7.7,0.8,87.5,19,071,19071,0.4419529262086514,0.1005089058524173,0.023536895674300253,0.342348075087496,0.4584923664122137,27.33678338470157
"Marshall County, South Dakota",4344.0,24.3,78156.0,6.1,0.3,89.5,46,091,46091,0.8034351145038168,0.03689567430025445,0.01049618320610687,0.2106267896913777,0.3050254452926209,27.329584139883533
"Jackson County, Minnesota",9933.0,21.8,75743.0,8.6,2.4,89.1,27,063,27063,0.49300254452926207,0.15473918575063614,0.1294529262086514,0.25198854597518294,0.33476463104325704,27.27895667013979
"Thurston County, Washington",299067.0,20.9,96563.0,9.5,5.2,94.5,53,067,53067,0.37754452926208654,0.21755725190839695,0.6680979643765903,0.06490614062997135,0.03482824427480913,27.258682609037088
"Otoe County, Nebraska",16241.0,24.0,82188.0,9.1,2.7,93.4,31,131,31131,0.7763994910941476,0.18845419847328243,0.17032442748091603,0.15908367801463574,0.06790712468193383,27.24337839489831
"Eaton County, Michigan",109130.0,20.5,79597.0,8.3,4.5,91.2,26,045,26045,0.32840330788804073,0.1337468193384224,0.5225826972010178,0.19153674832962142,0.1854325699745547,27.234042854633138
"Sumner County, Tennessee",204424.0,23.1,90301.0,8.8,3.6,92.8,47,165,47165,0.6720737913486005,0.16889312977099236,0.32903944020356235,0.0929048679605472,0.09860050890585237,27.2302347637911
"Goodhue County, Minnesota",47943.0,21.9,84171.0,9.3,3.6,91.3,27,049,27049,0.5069974554707379,0.20483460559796438,0.32903944020356235,0.141902640789055,0.17843511450381677,27.22418513130273
"Weston County, Wyoming",6826.0,19.6,89509.0,9.0,1.0,82.2,56,045,56045,0.24013994910941475,0.1825699745547074,0.030057251908396948,0.099586382437162,0.807410941475827,27.195289989710165
"Beaverhead County, Montana",9713.0,17.5,61268.0,11.4,1.3,90.4,30,001,30001,0.10241730279898219,0.3549618320610687,0.04373409669211196,0.6223353483932548,0.23505089058524176,27.169989410613187
"Ohio County, Indiana",5999.0,19.9,70392.0,8.1,1.3,86.3,18,115,18115,0.2655852417302799,0.12070610687022901,0.04373409669211196,0.3722558065542475,0.5555025445292621,27.15567592752261
"Orange County, California",3165820.0,21.0,116289.0,9.5,5.4,95.0,06,059,06059,0.3885178117048346,0.21755725190839695,0.7083333333333334,0.020362710785873372,0.021310432569974558,27.121630806048262
"Lake County, South Dakota",10972.0,19.6,76808.0,8.4,3.0,86.6,46,079,46079,0.24013994910941475,0.14026717557251908,0.209764631043257,0.23353483932548524,0.5322837150127226,27.119806201267977
"Jo Daviess County, Illinois",21851.0,18.2,73993.0,7.8,3.6,87.2,17,085,17085,0.1407442748091603,0.10623409669211197,0.32903944020356235,0.2911231307667833,0.4848918575063613,27.040655999559586
"Collin County, Texas",1163337.0,24.7,121600.0,6.2,4.2,96.5,48,085,48085,0.8396946564885496,0.040235368956743005,0.451176844783715,0.01590836780146354,0.00429389312977102,27.026182623204846
"Montgomery County, Maryland",1065949.0,22.8,132450.0,7.5,4.9,95.7,24,031,24031,0.6332697201017812,0.08889949109414758,0.6102099236641222,0.007636016544702473,0.010178117048346036,27.003865369061998
"Hancock County, Maine",56460.0,16.2,72744.0,9.9,4.6,91.2,23,009,23009,0.0580470737913486,0.24602417302798982,0.5437340966921119,0.3159401845370665,0.1854325699745547,26.983561960461433
"Clay County, Florida",227584.0,22.8,87820.0,9.2,3.8,94.6,12,019,12019,0.6332697201017812,0.19576972010178118,0.37515903307888043,0.11231307667833279,0.03244274809160308,26.979085961047577
"Allegan County, Michigan",121456.0,23.2,83283.0,8.4,3.0,91.6,26,005,26005,0.6871819338422391,0.14026717557251908,0.209764631043257,0.15081132675787468,0.15982824427480913,26.957066229813982
"Flathead County, Montana",110695.0,21.6,73925.0,9.3,2.9,91.2,30,029,30029,0.46771628498727735,0.20483460559796438,0.19545165394402036,0.293032134902959,0.1854325699745547,26.92934498813552
"Grundy County, Iowa",12384.0,23.5,87205.0,6.5,2.0,88.7,19,075,19075,0.7240776081424937,0.04930025445292621,0.08889949109414758,0.11644925230671332,0.3676844783715013,26.928221687355634
"Dodge County, Wisconsin",88742.0,19.4,75929.0,8.5,3.8,88.9,55,027,55027,0.22264631043256997,0.14790076335877864,0.37515903307888043,0.248488705058861,0.3513040712468194,26.909977663518188
"Charleston County, South Carolina",420264.0,19.5,88494.0,11.3,3.5,88.9,45,019,45019,0.23139312977099236,0.3473282442748092,0.307410941475827,0.10722239898186448,0.3513040712468194,26.893175715006244
"Sumter County, Florida",143408.0,7.1,76508.0,9.7,5.4,91.5,12,119,12119,0.0019083969465648854,0.22916666666666666,0.7083333333333334,0.23767101495386578,0.166030534351145,26.86219892503151
"White Pine County, Nevada",8735.0,19.5,72865.0,8.2,4.0,90.1,32,033,32033,0.23139312977099236,0.1272264631043257,0.4150763358778626,0.311804008908686,0.2574745547073791,26.859489847384914
"Fond du Lac County, Wisconsin",104137.0,21.1,74275.0,9.2,3.2,90.7,55,039,55039,0.3991730279898219,0.19576972010178118,0.2506361323155216,0.28221444479796376,0.21501272264631044,26.856120957027972
"Cobb County, Georgia",775208.0,22.6,102738.0,8.7,4.5,96.1,13,067,13067,0.6057569974554707,0.16125954198473283,0.5225826972010178,0.04677060133630284,0.006043256997455448,26.848261899499594
"Gloucester County, New Jersey",306954.0,21.3,105115.0,7.7,5.3,93.0,34,015,34015,0.42907124681933845,0.1005089058524173,0.6868638676844784,0.03881641743557107,0.08699109414758266,26.845030638787758
"Powell County, Montana",7053.0,13.3,66923.0,5.6,2.3,83.8,30,077,30077,0.012086513994910942,0.026717557251908396,0.11752544529262086,0.4578428253261215,0.727735368956743,26.838154216446096
"Kerr County, Texas",53489.0,18.1,69395.0,11.4,3.3,91.2,48,265,48265,0.1364503816793893,0.3549618320610687,0.2695610687022901,0.39516385618835503,0.1854325699745547,26.831394172113153
"Culpeper County, Virginia",54397.0,25.2,100049.0,7.9,2.6,91.8,51,047,51047,0.8737277353689568,0.11005089058524173,0.15505725190839695,0.05313394845688835,0.14901399491094147,26.819676424608506
"Pope County, Minnesota",11418.0,21.4,76220.0,9.4,1.3,88.3,27,121,27121,0.4419529262086514,0.21230916030534353,0.04373409669211196,0.24339802736239258,0.3986959287531806,26.801802786433598
"Warren County, Iowa",54409.0,24.4,94588.0,5.1,3.4,91.8,19,181,19181,0.813295165394402,0.015426208651399492,0.2876908396946565,0.07222398981864464,0.14901399491094147,26.753003969400886
"Hood County, Texas",65894.0,20.4,88160.0,7.7,5.6,93.4,48,221,48221,0.31838422391857507,0.1005089058524173,0.7399809160305344,0.11008590518612793,0.06790712468193383,26.737341513391765
"Tipton County, Indiana",15346.0,20.5,76156.0,11.2,2.3,89.5,18,159,18159,0.32840330788804073,0.33826335877862596,0.11752544529262086,0.24467069678650966,0.3050254452926209,26.677765080768364
"Jefferson County, Missouri",229458.0,22.5,82851.0,9.0,3.2,91.7,29,099,29099,0.5912849872773537,0.1825699745547074,0.2506361323155216,0.1552656697422844,0.15362595419847325,26.667654361766807
"Bristol Bay Borough, Alaska",918.0,14.9,95625.0,9.3,4.4,86.6,02,060,02060,0.03037531806615776,0.20483460559796438,0.4969783715012723,0.06776964683423481,0.5322837150127226,26.644833140247037
"Brown County, Wisconsin",270892.0,23.0,79649.0,9.1,2.6,92.0,55,009,55009,0.6577608142493638,0.18845419847328243,0.15505725190839695,0.19058224626153353,0.1402671755725191,26.642433729301917
"Santa Rosa County, Florida",198472.0,21.8,91922.0,8.8,4.5,93.7,12,113,12113,0.49300254452926207,0.16889312977099236,0.5225826972010178,0.08495068405981543,0.057410941475826927,26.536799940738298
"Lincoln County, North Carolina",92716.0,20.6,80016.0,11.2,3.3,91.1,37,109,37109,0.34001272264631044,0.33826335877862596,0.2695610687022901,0.1858097359210945,0.19258905852417307,26.524718891449883
"Deuel County, Nebraska",1847.0,18.3,70096.0,9.4,1.4,86.5,31,049,31049,0.14567430025445294,0.21230916030534353,0.048982188295165395,0.3792554883868915,0.5399173027989822,26.52276880081671
"Benton County, Arkansas",303632.0,25.4,93506.0,7.6,3.1,94.4,05,007,05007,0.8885178117048346,0.09398854961832061,0.22853053435114504,0.07699650015908366,0.037054707379134855,26.50176206425037
"Richmond County, Virginia",9095.0,17.7,66304.0,7.7,2.5,87.1,51,159,51159,0.11418575063613232,0.1005089058524173,0.1410623409669211,0.47502386255170215,0.4925254452926209,26.466126105995873
"Benton County, Iowa",25724.0,22.9,86962.0,7.4,2.0,88.5,19,011,19011,0.6456743002544529,0.08396946564885496,0.08889949109414758,0.118358256442889,0.3834287531806616,26.406605332420124
"Prince George County, Virginia",43146.0,19.5,84897.0,8.9,5.2,92.6,51,149,51149,0.23139312977099236,0.1762086513994911,0.6680979643765903,0.13490295895641102,0.10861959287531808,26.384445947576058
"Pottawatomie County, Kansas",26204.0,28.8,92325.0,6.7,2.1,92.5,20,149,20149,0.9666030534351145,0.055820610687022904,0.09716921119592875,0.08304167992363987,0.11561704834605602,26.36503207175524
"Fairfax city, Virginia",25026.0,24.8,132348.0,9.1,3.3,96.7,51,600,51600,0.8462150127226463,0.18845419847328243,0.2695610687022901,0.00795418390073177,0.0030216284987277797,26.304121845953567
"Norton County, Kansas",5359.0,20.1,54050.0,7.2,1.7,93.1,20,137,20137,0.2857824427480916,0.07617684478371502,0.06615776081424936,0.8046452433980273,0.0819020356234097,26.293286547349858
"Cheatham County, Tennessee",41829.0,21.4,89852.0,7.7,4.3,90.9,47,021,47021,0.4419529262086514,0.1005089058524173,0.4720101781170484,0.09640470887686925,0.20308524173027986,26.27923921570533
"St. Mary's County, Maryland",115126.0,23.9,119446.0,8.0,3.6,93.1,24,037,24037,0.767175572519084,0.11513994910941476,0.32903944020356235,0.017499204581609917,0.0819020356234097,26.21512404074161
"Boyd County, Nebraska",1688.0,20.1,67045.0,9.7,2.3,90.6,31,015,31015,0.2857824427480916,0.22916666666666666,0.11752544529262086,0.4557747375119313,0.2221692111959288,26.20837006830478
"Iowa County, Wisconsin",23867.0,21.6,82182.0,7.6,3.1,88.8,55,049,55049,0.46771628498727735,0.09398854961832061,0.22853053435114504,0.15940184537066493,0.3597328244274809,26.187400775097775
"Fayette County, Tennessee",43267.0,17.9,88456.0,10.3,4.8,90.7,47,047,47047,0.12579516539440203,0.2732188295165394,0.5873091603053435,0.10785873369392296,0.21501272264631044,26.18389223113037
"Kent County, Maryland",19346.0,15.5,80147.0,9.7,3.0,85.0,24,029,24029,0.04150763358778626,0.22916666666666666,0.209764631043257,0.18358256442888965,0.6447201017811706,26.174831950155404
"Western Connecticut Planning Region, Connecticut",627071.0,21.8,128188.0,7.5,5.3,94.7,09,190,09190,0.49300254452926207,0.08889949109414758,0.6868638676844784,0.010499522748965928,0.0294211195928753,26.173730912994586
"Kootenai County, Idaho",181996.0,22.3,81861.0,9.0,3.3,92.2,16,055,16055,0.5629770992366412,0.1825699745547074,0.2695610687022901,0.16226535157492838,0.13120229007633588,26.171515682898054
"Mills County, Iowa",14568.0,22.8,90753.0,8.2,2.0,88.7,19,129,19129,0.6332697201017812,0.1272264631043257,0.08889949109414758,0.09067769646834234,0.3676844783715013,26.155156982801962
"Polk County, Wisconsin",45555.0,19.9,77219.0,8.2,3.4,88.3,55,095,55095,0.2655852417302799,0.1272264631043257,0.2876908396946565,0.22748965956092904,0.3986959287531806,26.133762656867432
"Park County, Montana",17710.0,16.9,70047.0,12.3,2.7,90.2,30,067,30067,0.07569974554707379,0.43018447837150126,0.17032442748091603,0.38052815781100857,0.24984096692111957,26.13155552263239
"Sioux County, Iowa",36212.0,27.2,86098.0,6.7,1.5,92.4,19,167,19167,0.946882951653944,0.055820610687022904,0.05407124681933842,0.12726694241170855,0.12197837150127222,26.12040246146572
"Mercer County, Illinois",15495.0,20.8,74182.0,8.9,3.2,90.5,17,131,17131,0.3638676844783715,0.1762086513994911,0.2506361323155216,0.2853961183582564,0.22916666666666663,26.10550506436614
"Madison County, Alabama",405718.0,21.6,86499.0,10.1,3.6,92.3,01,089,01089,0.46771628498727735,0.25842875318066155,0.32903944020356235,0.12344893413935731,0.1265903307888041,26.10447486599325
"Northeastern Connecticut Planning Region, Connecticut",96312.0,18.4,90589.0,7.5,6.0,91.4,09,150,09150,0.15108142493638677,0.08889949109414758,0.7969147582697201,0.09099586382437164,0.1717557251908397,25.99294526630932
"Martin County, Florida",162176.0,16.1,82943.0,11.3,4.9,92.2,12,085,12085,0.055025445292620864,0.3473282442748092,0.6102099236641222,0.15431116767419661,0.13120229007633588,25.961541419641698
"Skagway Municipality, Alaska",1244.0,16.5,81136.0,5.9,9.1,93.3,02,230,02230,0.06393129770992366,0.03244274809160305,0.9540394402035624,0.17053770283168945,0.07283715012722647,25.875766779280102
"Stafford County, Virginia",163466.0,26.2,137807.0,4.7,3.7,96.8,51,179,51179,0.9230279898218829,0.009541984732824428,0.35225826972010177,0.005408845052497613,0.0023854961832061594,25.852451710210257
"Baldwin County, Alabama",246989.0,21.1,78775.0,10.1,3.0,90.6,01,003,01003,0.3991730279898219,0.25842875318066155,0.209764631043257,0.20139993636652875,0.2221692111959288,25.818711195523957
"Lee County, Florida",817666.0,17.2,76107.0,12.0,4.0,92.1,12,071,12071,0.08810432569974555,0.4053753180661578,0.4150763358778626,0.24594336621062673,0.13613231552162852,25.812633227520422
"Nevada County, California",102481.0,17.0,89882.0,11.0,5.4,93.0,06,057,06057,0.08015267175572519,0.3196564885496183,0.7083333333333334,0.09513203945275217,0.08699109414758266,25.805312544780236
"Hughes County, South Dakota",17664.0,24.4,81395.0,9.2,1.0,93.1,46,065,46065,0.813295165394402,0.19576972010178118,0.030057251908396948,0.1673560292713967,0.0819020356234097,25.767604045987735
"Middlesex County, Virginia",10847.0,16.0,75060.0,7.3,2.9,84.3,51,119,51119,0.05184478371501272,0.07999363867684478,0.19545165394402036,0.26503340757238303,0.6957697201017812,25.76186408020084
"Henrico County, Virginia",335744.0,21.9,88783.0,8.8,3.9,92.6,51,087,51087,0.5069974554707379,0.16889312977099236,0.3969465648854962,0.1056315622017181,0.10861959287531808,25.74176610408525
"Lincoln County, Nevada",4405.0,20.0,72307.0,5.0,1.9,85.8,32,017,32017,0.27512722646310434,0.012881679389312978,0.08158396946564886,0.32580337257397396,0.5885814249363868,25.679553456568538
"Boone County, Kentucky",139841.0,25.6,99414.0,6.3,3.1,93.8,21,015,21015,0.9004452926208651,0.04389312977099236,0.22853053435114504,0.055679287305122505,0.05454834605597969,25.6619318020821
"Warren County, New York",65517.0,17.5,78442.0,10.5,4.3,90.7,36,113,36113,0.10241730279898219,0.28641857506361323,0.4720101781170484,0.20680878141902637,0.21501272264631044,25.65335120089961
"Brevard County, Florida",632780.0,18.1,78476.0,10.2,4.8,93.0,12,009,12009,0.1364503816793893,0.2657442748091603,0.5873091603053435,0.20585427935093858,0.08699109414758266,25.64698380584829
"McPherson County, Kansas",30205.0,21.6,78851.0,9.5,1.8,89.3,20,113,20113,0.46771628498727735,0.21755725190839695,0.07410941475826972,0.20044543429844097,0.3193384223918575,25.583336166884852
"Windsor County, Vermont",57990.0,17.6,77594.0,9.2,4.4,90.1,50,027,50027,0.10861959287531807,0.19576972010178118,0.4969783715012723,0.21985364301622656,0.2574745547073791,25.573917644039547
"Ottawa County, Michigan",301203.0,23.0,90502.0,8.3,3.5,93.0,26,139,26139,0.6577608142493638,0.1337468193384224,0.307410941475827,0.09195036589245942,0.08699109414758266,25.557200702073107
"Essex County, New York",36973.0,15.4,71661.0,11.2,4.0,91.9,36,031,36031,0.03864503816793893,0.33826335877862596,0.4150763358778626,0.3413935730194082,0.1444020356234097,25.555606829344907
"McHenry County, Illinois",312591.0,22.7,104802.0,6.2,4.7,95.4,17,111,17111,0.6194338422391857,0.040235368956743005,0.5639312977099237,0.03913458479160037,0.014631043256997489,25.547322739089008
"Greeley County, Kansas",1304.0,31.1,80565.0,7.1,0.1,94.6,20,071,20071,0.9860050890585241,0.07172391857506362,0.007792620865139949,0.17849188673242122,0.03244274809160308,25.529125266455043
"Johnson County, Indiana",166315.0,24.3,90454.0,7.4,3.0,93.0,18,081,18081,0.8034351145038168,0.08396946564885496,0.209764631043257,0.09226853324848872,0.08699109414758266,25.528576771840005
"Alpine County, California",1616.0,19.9,105521.0,10.0,4.4,90.6,06,003,06003,0.2655852417302799,0.2522264631043257,0.4969783715012723,0.03818008272351259,0.2221692111959288,25.502787405106385
"Cheyenne County, Colorado",1741.0,22.2,70865.0,8.2,0.4,90.6,08,017,08017,0.5494592875318066,0.1272264631043257,0.012881679389312978,0.361119949093223,0.2221692111959288,25.457131806291944
"Greene County, Georgia",20109.0,17.2,86272.0,9.8,3.4,86.6,13,133,13133,0.08810432569974555,0.23807251908396945,0.2876908396946565,0.1250397709195037,0.5322837150127226,25.423823408211955
"Petersburg Borough, Alaska",3409.0,18.6,75125.0,7.0,3.8,88.3,02,195,02195,0.16316793893129772,0.0669529262086514,0.37515903307888043,0.26439707286032454,0.3986959287531806,25.367457996646692
"Potter County, South Dakota",2388.0,20.4,72045.0,6.2,2.6,88.0,46,107,46107,0.31838422391857507,0.040235368956743005,0.15505725190839695,0.33216671969455935,0.4212786259541985,25.342443808649463
"Sullivan County, New Hampshire",43715.0,17.7,80858.0,10.1,3.1,87.1,33,019,33019,0.11418575063613232,0.25842875318066155,0.22853053435114504,0.1730830416799236,0.4925254452926209,25.335070502809664
"Davis County, Utah",370924.0,30.1,110884.0,6.4,2.7,94.2,49,011,49011,0.977735368956743,0.046596692111959284,0.17032442748091603,0.028953229398663738,0.0430979643765903,25.33415364649744
"Williamson County, Texas",672688.0,24.1,111340.0,6.4,3.9,95.8,48,491,48491,0.785941475826972,0.046596692111959284,0.3969465648854962,0.02768055997454666,0.008269720101781175,25.30870025801511
"Dallas County, Iowa",107968.0,26.6,102379.0,6.3,2.3,92.4,19,049,19049,0.934001272264631,0.04389312977099236,0.11752544529262086,0.047725103404390734,0.12197837150127222,25.30246644467814
"Wake County, North Carolina",1178653.0,23.0,105768.0,8.1,4.1,95.3,37,183,37183,0.6577608142493638,0.12070610687022901,0.43209287531806617,0.03786191536748329,0.016380407124681917,25.296042378596482
"Greene County, Ohio",169688.0,20.6,87309.0,9.8,4.3,92.8,39,057,39057,0.34001272264631044,0.23807251908396945,0.4720101781170484,0.11581291759465484,0.09860050890585237,25.290176926956708
"Bayfield County, Wisconsin",16575.0,16.3,71151.0,9.8,3.6,89.8,55,007,55007,0.06059160305343511,0.23807251908396945,0.32903944020356235,0.35571110404072537,0.280852417302799,25.28534167368982
"Sheboygan County, Wisconsin",117991.0,21.5,73094.0,8.5,2.7,91.2,55,117,55117,0.4541984732824427,0.14790076335877864,0.17032442748091603,0.30607699650015907,0.1854325699745547,25.278664611937025
"DuPage County, Illinois",930024.0,22.2,112096.0,6.6,4.9,94.8,17,043,17043,0.5494592875318066,0.05232188295165394,0.6102099236641222,0.025771555838370985,0.026081424936386766,25.276881498446812
"Scott County, Minnesota",154557.0,25.8,119314.0,4.6,3.5,95.0,27,139,27139,0.9085559796437659,0.00826972010178117,0.307410941475827,0.017817371937639215,0.021310432569974558,25.267288914579762
"Kearny County, Kansas",3864.0,28.4,89135.0,4.5,2.2,93.1,20,093,20093,0.9626272264631043,0.00715648854961832,0.10607506361323155,0.10276805599745464,0.0819020356234097,25.21057740493637
"Pawnee County, Kansas",6144.0,14.5,63517.0,11.5,1.2,89.8,20,145,20145,0.023059796437659034,0.3614821882951654,0.038326972010178116,0.5567928730512249,0.280852417302799,25.21028494194053
"Skamania County, Washington",12402.0,16.8,93265.0,8.1,5.2,89.3,53,059,53059,0.07283715012722647,0.12070610687022901,0.6680979643765903,0.07858733693923003,0.3193384223918575,25.191339614102663
"Honolulu County, Hawaii",1001146.0,20.6,106195.0,9.2,4.7,92.4,15,003,15003,0.34001272264631044,0.19576972010178118,0.5639312977099237,0.037225580655424806,0.12197837150127222,25.17835385229425
"Durham County, North Carolina",332353.0,20.0,82316.0,11.5,3.9,93.5,37,063,37063,0.27512722646310434,0.3614821882951654,0.3969465648854962,0.15812917594654785,0.06393129770992367,25.112329066004747
"Edmunds County, South Dakota",4048.0,23.6,81630.0,9.9,1.1,93.3,46,045,46045,0.7368002544529262,0.24602417302798982,0.03435114503816794,0.16417435571110406,0.07283715012722647,25.083741567148294
"La Plata County, Colorado",56331.0,17.5,86056.0,11.7,3.8,90.0,08,067,08067,0.10241730279898219,0.37929389312977096,0.37515903307888043,0.12838052815781098,0.2652671755725191,25.010358654759273
"San Francisco County, California",830235.0,13.7,140970.0,11.2,6.1,93.0,06,075,06075,0.013676844783715014,0.33826335877862596,0.8072519083969466,0.004136175628380534,0.08699109414758266,25.006387634705018
"Wright County, Minnesota",148269.0,27.2,107209.0,5.2,2.7,93.2,27,171,27171,0.946882951653944,0.018924936386768447,0.17032442748091603,0.03531657651924913,0.07729007633587781,24.974779367535103
"Travis County, Texas",1330015.0,20.2,99611.0,10.9,4.6,94.3,48,453,48453,0.2969147582697201,0.3139312977099237,0.5437340966921119,0.05377028316894683,0.040076335877862634,24.968535434371304
"Posey County, Indiana",25116.0,21.6,78129.0,10.1,1.8,90.4,18,129,18129,0.46771628498727735,0.25842875318066155,0.07410941475826972,0.2109449570474069,0.23505089058524176,24.925006011177146
"Sherburne County, Minnesota",100560.0,25.8,105466.0,5.1,3.0,93.3,27,141,27141,0.9085559796437659,0.015426208651399492,0.209764631043257,0.038498250079541885,0.07283715012722647,24.901644390903815
"Denver County, Colorado",718877.0,18.0,94718.0,11.2,4.9,92.9,08,031,08031,0.1313613231552163,0.33826335877862596,0.6102099236641222,0.07190582246261534,0.09255725190839692,24.885953599379533
"Manatee County, Florida",429792.0,17.5,78457.0,9.8,4.6,91.7,12,081,12081,0.10241730279898219,0.23807251908396945,0.5437340966921119,0.20617244670696788,0.15362595419847325,24.880446389610096
"Rabun County, Georgia",17312.0,16.2,67493.0,13.1,1.3,90.8,13,241,13241,0.0580470737913486,0.4931615776081425,0.04373409669211196,0.4400254533884823,0.208969465648855,24.878753342578808
"Bergen County, New Jersey",962316.0,20.9,124884.0,6.8,5.8,94.8,34,003,34003,0.37754452926208654,0.05947837150127226,0.7662213740458015,0.013044861597200086,0.026081424936386766,24.847411226854945
"Lyon County, Kentucky",8900.0,13.6,65066.0,9.5,2.9,89.6,21,143,21143,0.013040712468193385,0.21755725190839695,0.19545165394402036,0.5176582882596246,0.2962786259541985,24.79973065068868
"Nicollet County, Minnesota",34411.0,21.5,79756.0,8.0,2.2,88.6,27,103,27103,0.4541984732824427,0.11513994910941476,0.10607506361323155,0.18930957683741645,0.37468193384223913,24.788099933694895
"Snohomish County, Washington",844430.0,22.1,111246.0,8.0,4.5,94.4,53,061,53061,0.5361005089058524,0.11513994910941476,0.5225826972010178,0.028316894686605143,0.037054707379134855,24.783895145640493
"Park County, Wyoming",30449.0,20.7,73035.0,8.9,2.2,89.6,56,029,56029,0.35162213740458015,0.1762086513994911,0.10607506361323155,0.30830416799236393,0.2962786259541985,24.7697729272773
"Lewis and Clark County, Montana",73464.0,21.2,78237.0,8.1,3.2,90.3,30,049,30049,0.41412213740458015,0.12070610687022901,0.2506361323155216,0.20935412026726052,0.2420483460559797,24.73733685827142
"Denton County, Texas",979561.0,23.4,111498.0,7.1,4.0,95.7,48,121,48121,0.7115139949109415,0.07172391857506362,0.4150763358778626,0.027044225262488064,0.010178117048346036,24.710731833494037
"Talbot County, Maryland",37917.0,18.6,84811.0,9.3,4.3,90.1,24,041,24041,0.16316793893129772,0.20483460559796438,0.4720101781170484,0.13585746102449892,0.2574745547073791,24.66689476756377
"Larimer County, Colorado",367368.0,18.3,93765.0,11.2,4.8,93.1,08,069,08069,0.14567430025445294,0.33826335877862596,0.5873091603053435,0.07540566337893728,0.0819020356234097,24.571090366815387
"Saunders County, Nebraska",23048.0,24.8,94066.0,6.3,2.5,92.4,31,155,31155,0.8462150127226463,0.04389312977099236,0.1410623409669211,0.0744511613108495,0.12197837150127222,24.552000325453633
"Northampton County, Pennsylvania",318580.0,19.2,89184.0,8.8,4.6,90.8,42,095,42095,0.20244910941475827,0.16889312977099236,0.5437340966921119,0.10181355392936686,0.208969465648855,24.51718710912169
"Montour County, Pennsylvania",18103.0,20.1,76976.0,8.8,2.9,89.0,42,093,42093,0.2857824427480916,0.16889312977099236,0.19545165394402036,0.23130766783328027,0.34319338422391854,24.492565570406065
"Loup County, Nebraska",578.0,22.5,71667.0,6.9,0.0,90.6,31,115,31115,0.5912849872773537,0.06297709923664122,0.003657760814249364,0.3410754056633789,0.2221692111959288,24.42328928375104
"Forsyth County, Georgia",267287.0,25.7,143784.0,4.3,3.5,97.7,13,117,13117,0.9044211195928753,0.004611959287531806,0.307410941475827,0.002863506204263455,0.0012722646310432406,24.41159582383082
"Dare County, North Carolina",37875.0,17.9,88994.0,6.6,5.9,91.7,37,055,37055,0.12579516539440203,0.05232188295165394,0.7818066157760815,0.10467706013363032,0.15362595419847325,24.36453356908482
"Oconee County, Georgia",43551.0,25.9,121217.0,6.2,3.0,94.5,13,219,13219,0.9128498727735369,0.040235368956743005,0.209764631043257,0.016544702513522136,0.03482824427480913,24.28445639123736
"York County, Virginia",71005.0,23.1,109956.0,5.6,4.2,94.6,51,199,51199,0.6720737913486005,0.026717557251908396,0.451176844783715,0.031498568246897896,0.03244274809160308,24.278190194454492
"Lake County, Minnesota",10879.0,19.1,75541.0,8.6,2.6,87.6,27,075,27075,0.1944974554707379,0.15473918575063614,0.15505725190839695,0.25739739102768056,0.4516539440203562,24.266904563556153
"Gunnison County, Colorado",17241.0,15.2,84527.0,11.3,4.7,92.3,08,051,08051,0.03419211195928753,0.3473282442748092,0.5639312977099237,0.13840279987273307,0.1265903307888041,24.20889569211115
"Dakota County, Minnesota",445771.0,24.0,106318.0,5.8,3.6,94.4,27,037,27037,0.7763994910941476,0.030693384223918575,0.32903944020356235,0.03658924594336621,0.037054707379134855,24.195525376882586
"Loudoun County, Virginia",432998.0,26.6,181765.0,4.2,3.3,97.0,51,107,51107,0.934001272264631,0.003816793893129771,0.2695610687022901,0.0,0.0015903307888041063,24.1793893129771
"Hampshire County, Massachusetts",162028.0,14.2,87001.0,11.3,5.0,92.9,25,015,25015,0.019720101781170483,0.3473282442748092,0.630884223918575,0.1180400890868597,0.09255725190839692,24.17059821939623
"Alameda County, California",1649473.0,19.8,129367.0,9.2,5.4,94.4,06,001,06001,0.25699745547073793,0.19576972010178118,0.7083333333333334,0.01018135539293663,0.037054707379134855,24.166731433558475
"Richland County, North Dakota",16584.0,21.7,75432.0,9.7,1.7,91.4,38,077,38077,0.481234096692112,0.22916666666666666,0.06615776081424936,0.25978364619790006,0.1717557251908397,24.16195791123536
"Kendall County, Texas",48567.0,22.3,114962.0,5.0,4.7,94.1,48,259,48259,0.5629770992366412,0.012881679389312978,0.5639312977099237,0.02163538020999045,0.04643765903307884,24.15726231157894
"Calhoun County, Illinois",4330.0,19.9,93203.0,6.3,3.2,86.1,17,013,17013,0.2655852417302799,0.04389312977099236,0.2506361323155216,0.07890550429525933,0.5680661577608143,24.14172331745735
"Monmouth County, New Jersey",645353.0,20.9,124845.0,6.5,5.4,93.7,34,025,34025,0.37754452926208654,0.04930025445292621,0.7083333333333334,0.013363028953229383,0.057410941475826927,24.11904174954805
"Wilson County, Tennessee",158805.0,23.4,95839.0,8.0,3.2,93.6,47,189,47189,0.7115139949109415,0.11513994910941476,0.2506361323155216,0.06617881005408843,0.06059160305343514,24.08120978886803
"Placer County, California",419156.0,21.8,115998.0,6.8,4.8,94.2,06,061,06061,0.49300254452926207,0.05947837150127226,0.5873091603053435,0.020999045497931967,0.0430979643765903,24.077741724207996
"Warrick County, Indiana",65261.0,23.0,89844.0,7.0,3.1,91.8,18,173,18173,0.6577608142493638,0.0669529262086514,0.22853053435114504,0.09672287623289855,0.14901399491094147,23.97962291906001
"Rich County, Utah",2631.0,28.9,79009.0,3.8,0.0,94.9,49,033,49033,0.9677162849872774,0.0017493638676844784,0.003657760814249364,0.1982182628062361,0.02337786259541985,23.894390701417343
"Houston County, Minnesota",18653.0,21.4,79825.0,6.6,1.6,87.6,27,055,27055,0.4419529262086514,0.05232188295165394,0.059955470737913484,0.18851415844734332,0.4516539440203562,23.887967647318366
"Virginia Beach city, Virginia",456349.0,21.9,92968.0,8.6,4.0,94.4,51,810,51810,0.5069974554707379,0.15473918575063614,0.4150763358778626,0.08017817371937641,0.037054707379134855,23.88091716395496
"Sonoma County, California",485040.0,19.0,104674.0,8.9,5.7,94.4,06,097,06097,0.1871819338422392,0.1762086513994911,0.7528625954198473,0.039770919503658964,0.037054707379134855,23.861576150887426
"Columbia County, Wisconsin",58272.0,20.5,85351.0,7.8,3.1,88.3,55,021,55021,0.32840330788804073,0.10623409669211197,0.22853053435114504,0.1310849506840598,0.3986959287531806,23.85897636737076
"Union County, Georgia",26304.0,14.9,66176.0,10.9,2.6,90.8,13,291,13291,0.03037531806615776,0.3139312977099237,0.15505725190839695,0.4821826280623608,0.208969465648855,23.810319227913883
"Wakulla County, Florida",35387.0,20.7,81895.0,6.7,3.3,88.9,12,129,12129,0.35162213740458015,0.055820610687022904,0.2695610687022901,0.1619471842188991,0.3513040712468194,23.805101445192236
"Plymouth County, Massachusetts",535075.0,20.7,114201.0,7.1,5.1,92.9,25,023,25023,0.35162213740458015,0.07172391857506362,0.6507633587786259,0.02290804963410753,0.09255725190839692,23.79149432601548
"Walworth County, Wisconsin",105657.0,19.5,80520.0,9.4,2.9,88.7,55,127,55127,0.23139312977099236,0.21230916030534353,0.19545165394402036,0.1797645561565383,0.3676844783715013,23.732059570967916
"Oldham County, Kentucky",69257.0,24.7,122497.0,4.3,3.5,95.4,21,185,21185,0.8396946564885496,0.004611959287531806,0.307410941475827,0.015272033089405057,0.014631043256997489,23.632412671966215
"Thomas County, Nebraska",564.0,11.2,65000.0,8.9,2.1,88.5,31,171,31171,0.004611959287531806,0.1762086513994911,0.09716921119592875,0.5195672923958001,0.3834287531806616,23.619717349188267
"Somervell County, Texas",9691.0,21.5,79825.0,7.5,3.2,91.0,48,425,48425,0.4541984732824427,0.08889949109414758,0.2506361323155216,0.18851415844734332,0.19831424936386766,23.611250090066456
"Morton County, North Dakota",33777.0,22.9,79382.0,8.0,1.5,91.4,38,059,38059,0.6456743002544529,0.11513994910941476,0.05407124681933842,0.19376391982182628,0.1717557251908397,23.60810282391744
"Winnebago County, Wisconsin",171769.0,20.2,74925.0,11.3,2.2,91.6,55,139,55139,0.2969147582697201,0.3473282442748092,0.10607506361323155,0.2688514158447344,0.15982824427480913,23.579954525546086
"Chisago County, Minnesota",57991.0,22.3,99400.0,6.0,4.1,92.9,27,025,27025,0.5629770992366412,0.03482824427480916,0.43209287531806617,0.0559974546611518,0.09255725190839692,23.569058507981307
"Putnam County, Indiana",37280.0,19.3,78378.0,8.7,3.1,88.7,18,133,18133,0.21183206106870228,0.16125954198473283,0.22853053435114504,0.20808145084314345,0.3676844783715013,23.547761332384496
"Boone County, Indiana",74718.0,25.5,111250.0,4.5,2.8,93.5,18,011,18011,0.8950381679389313,0.00715648854961832,0.1830470737913486,0.027998727330575846,0.06393129770992367,23.543435106407955
"Marin County, California",257969.0,19.4,149091.0,8.3,6.1,95.8,06,041,06041,0.22264631043256997,0.1337468193384224,0.8072519083969466,0.0019090041361756738,0.008269720101781175,23.476475248117918
"Jefferson County, Kansas",18349.0,22.0,81278.0,5.6,2.4,89.2,20,087,20087,0.5225826972010178,0.026717557251908396,0.1294529262086514,0.1683105313394846,0.32649491094147587,23.471172458850763
"Geauga County, Ohio",95481.0,22.2,107860.0,5.6,3.0,88.9,39,055,39055,0.5494592875318066,0.026717557251908396,0.209764631043257,0.03468024180719054,0.3513040712468194,23.43851577761964
"Mason County, Texas",3955.0,19.2,74180.0,7.0,3.0,88.2,48,319,48319,0.20244910941475827,0.0669529262086514,0.209764631043257,0.2857142857142857,0.4069656488549618,23.43693202471828
"Clinton County, Illinois",36954.0,21.6,86588.0,7.4,3.4,90.8,17,027,17027,0.46771628498727735,0.08396946564885496,0.2876908396946565,0.12249443207126953,0.208969465648855,23.416809761018268
"Woodford County, Kentucky",27279.0,21.7,83788.0,10.5,2.5,92.5,21,239,21239,0.481234096692112,0.28641857506361323,0.1410623409669211,0.14476614699331847,0.11561704834605602,23.38196416124042
"Nuckolls County, Nebraska",4087.0,18.4,73976.0,5.7,0.6,84.6,31,129,31129,0.15108142493638677,0.029421119592875317,0.01812977099236641,0.2923958001909004,0.6777989821882952,23.37654195801648
"Chaffee County, Colorado",20178.0,13.9,84132.0,8.3,4.8,89.7,08,015,08015,0.015903307888040712,0.1337468193384224,0.5873091603053435,0.1422208081450843,0.2892811704834606,23.36922532320703
"Gillespie County, Texas",27524.0,19.4,76162.0,9.2,2.7,89.1,48,171,48171,0.22264631043256997,0.19576972010178118,0.17032442748091603,0.24435252943048047,0.33476463104325704,23.357152369780092
"Sarpy County, Nebraska",197389.0,26.3,103321.0,5.6,2.6,95.4,31,153,31153,0.9250954198473282,0.026717557251908396,0.15505725190839695,0.0439070951320395,0.014631043256997489,23.308167347933413
"Orange County, Virginia",37822.0,21.7,94008.0,9.8,3.4,93.1,51,137,51137,0.481234096692112,0.23807251908396945,0.2876908396946565,0.0750874960229081,0.0819020356234097,23.279739742341114
"Warren County, New Jersey",110849.0,19.3,100869.0,8.3,5.1,92.5,34,041,34041,0.21183206106870228,0.1337468193384224,0.6507633587786259,0.05154311167674197,0.11561704834605602,23.270047984170976
"Blount County, Tennessee",139333.0,19.8,77365.0,8.4,3.5,90.4,47,009,47009,0.25699745547073793,0.14026717557251908,0.307410941475827,0.2236716512885778,0.23505089058524176,23.267962287858072
"Washington County, Oregon",603947.0,21.6,107772.0,8.1,4.5,95.4,41,067,41067,0.46771628498727735,0.12070610687022901,0.5225826972010178,0.034998409163219835,0.014631043256997489,23.21269082957483
"Morgan County, Utah",12802.0,33.1,130929.0,1.4,2.3,94.3,49,029,49029,0.9928435114503816,0.0003180661577608143,0.11752544529262086,0.008590518612790365,0.040076335877862634,23.187077547828324
"Ottawa County, Ohio",39994.0,17.5,76101.0,8.4,3.1,87.8,39,123,39123,0.10241730279898219,0.14026717557251908,0.22853053435114504,0.24626153356665603,0.4379770992366412,23.10907291051887
"Bremer County, Iowa",25204.0,22.4,86784.0,7.3,3.3,92.6,19,017,19017,0.576176844783715,0.07999363867684478,0.2695610687022901,0.12026726057906456,0.10861959287531808,23.092368112344648
"Dearborn County, Indiana",51094.0,21.9,84735.0,7.6,1.9,89.1,18,029,18029,0.5069974554707379,0.09398854961832061,0.08158396946564886,0.1364937957365574,0.33476463104325704,23.07656802669044
"Carver County, Minnesota",110041.0,25.2,125946.0,4.4,3.1,94.7,27,019,27019,0.8737277353689568,0.005884223918575063,0.22853053435114504,0.012090359529112304,0.0294211195928753,22.993079455213287
"Cedar County, Iowa",18349.0,21.1,80602.0,7.3,2.3,88.6,19,031,19031,0.3991730279898219,0.07999363867684478,0.11752544529262086,0.17785555202036274,0.37468193384223913,22.98459195643779
"Butler County, Pennsylvania",197254.0,19.3,89843.0,8.1,4.4,90.6,42,019,42019,0.21183206106870228,0.12070610687022901,0.4969783715012723,0.09704104358892773,0.2221692111959288,22.9745358845012
"Loudon County, Tennessee",58580.0,19.0,84185.0,12.6,2.8,91.2,47,105,47105,0.1871819338422392,0.45133587786259544,0.1830470737913486,0.14158447343302583,0.1854325699745547,22.971638578075275
"Chatham County, North Carolina",80151.0,19.4,94317.0,11.0,2.9,89.1,37,037,37037,0.22264631043256997,0.3196564885496183,0.19545165394402036,0.0741329939548202,0.33476463104325704,22.933041558485716
"Harford County, Maryland",263757.0,22.3,112265.0,7.1,3.8,92.6,24,025,24025,0.5629770992366412,0.07172391857506362,0.37515903307888043,0.025453388482341688,0.10861959287531808,22.878660644964903
"Northwest Hills Planning Region, Connecticut",113216.0,17.8,93551.0,8.8,5.4,93.4,09,160,09160,0.1203880407124682,0.16889312977099236,0.7083333333333334,0.07604199809099588,0.06790712468193383,22.831272531794472
"Carteret County, North Carolina",69148.0,16.8,72322.0,10.1,4.0,93.4,37,031,37031,0.07283715012722647,0.25842875318066155,0.4150763358778626,0.32548520521794466,0.06790712468193383,22.794691381712582
"Bedford County, Virginia",80894.0,19.5,78937.0,8.1,3.1,88.8,51,019,51019,0.23139312977099236,0.12070610687022901,0.22853053435114504,0.1991727648743239,0.3597328244274809,22.79070720588342
"Jefferson County, West Virginia",59260.0,21.1,98806.0,8.7,3.9,92.4,54,037,54037,0.3991730279898219,0.16125954198473283,0.3969465648854962,0.056633789373210286,0.12197837150127222,22.71982591469067
"Fairfax County, Virginia",1147837.0,22.9,153637.0,5.9,4.2,96.4,51,059,51059,0.6456743002544529,0.03244274809160305,0.451176844783715,0.0009545020680877814,0.004930025445292641,22.703568412863028
"Kewaunee County, Wisconsin",20664.0,20.8,82725.0,7.6,1.5,87.4,55,061,55061,0.3638676844783715,0.09398854961832061,0.05407124681933842,0.1555838370983137,0.46660305343511455,22.682287428989174
"Stanton County, Kansas",2038.0,21.7,71700.0,1.5,1.8,90.4,20,187,20187,0.481234096692112,0.0006361323155216285,0.07410941475826972,0.33948456888323253,0.23505089058524176,22.610302064687556
"Napa County, California",134869.0,19.4,111471.0,8.5,5.2,93.5,06,055,06055,0.22264631043256997,0.14790076335877864,0.6680979643765903,0.02736239261851736,0.06393129770992367,22.598774569927595
"Grand Traverse County, Michigan",96166.0,19.4,81647.0,9.6,3.8,91.9,26,055,26055,0.22264631043256997,0.22232824427480916,0.37515903307888043,0.16385618835507476,0.1444020356234097,22.56783623529488
"Burlington County, New Jersey",467805.0,20.5,108111.0,6.6,5.3,94.8,34,005,34005,0.32840330788804073,0.05232188295165394,0.6868638676844784,0.03436207445116135,0.026081424936386766,22.560651158234425
"Pickens County, Georgia",34951.0,18.8,78930.0,12.0,3.0,92.1,13,227,13227,0.17573155216284989,0.4053753180661578,0.209764631043257,0.1994909322303532,0.13613231552162852,22.529894980484926
"Knox County, Maine",41003.0,16.8,74096.0,8.2,3.9,90.3,23,013,23013,0.07283715012722647,0.1272264631043257,0.3969465648854962,0.2873051224944321,0.2420483460559797,22.527272933349202
"Washington County, Minnesota",276238.0,24.0,115345.0,5.1,3.4,94.9,27,163,27163,0.7763994910941476,0.015426208651399492,0.2876908396946565,0.021317212853961154,0.02337786259541985,22.48423229779169
"Hamilton County, Nebraska",9464.0,24.1,83994.0,5.2,2.3,93.7,31,081,31081,0.785941475826972,0.018924936386768447,0.11752544529262086,0.1434934775692014,0.057410941475826927,22.465925531027793
"Wasatch County, Utah",36642.0,28.8,117608.0,4.7,2.0,94.4,49,051,49051,0.9666030534351145,0.009541984732824428,0.08889949109414758,0.01940820871778559,0.037054707379134855,22.430148907180136
"Seminole County, Florida",481470.0,20.5,85761.0,9.0,4.2,94.7,12,117,12117,0.32840330788804073,0.1825699745547074,0.451176844783715,0.12885777919185493,0.0294211195928753,22.408580520223868
"Hartley County, Texas",5215.0,22.2,75841.0,9.4,1.6,94.3,48,205,48205,0.5494592875318066,0.21230916030534353,0.059955470737913484,0.24976137448297808,0.040076335877862634,22.231232578718092
"Washington County, Nebraska",21106.0,24.0,94396.0,6.4,1.8,92.0,31,177,31177,0.7763994910941476,0.046596692111959284,0.07410941475826972,0.07349665924276172,0.1402671755725191,22.21738865559315
"Coweta County, Georgia",152852.0,23.1,95548.0,7.4,3.1,93.7,13,077,13077,0.6720737913486005,0.08396946564885496,0.22853053435114504,0.0684059815462934,0.057410941475826927,22.207814287414422
"Queen Anne's County, Maryland",51825.0,21.1,112826.0,6.4,3.8,90.0,24,035,24035,0.3991730279898219,0.046596692111959284,0.37515903307888043,0.02418071905822461,0.2652671755725191,22.20753295622811
"Oneida County, Wisconsin",38167.0,16.7,69371.0,8.5,2.0,88.2,55,085,55085,0.06965648854961833,0.14790076335877864,0.08889949109414758,0.3964365256124721,0.4069656488549618,22.197178349399568
"Hood River County, Oregon",23905.0,21.8,88947.0,8.0,3.8,95.0,41,027,41027,0.49300254452926207,0.11513994910941476,0.37515903307888043,0.10499522748965961,0.021310432569974558,22.19214373554383
"Columbia County, Oregon",53493.0,20.3,87458.0,8.9,4.1,93.3,41,009,41009,0.3080470737913486,0.1762086513994911,0.43209287531806617,0.11485841552656695,0.07283715012722647,22.080883323253982
"Hyde County, South Dakota",1191.0,18.0,73472.0,5.7,3.7,89.7,46,069,46069,0.1313613231552163,0.029421119592875317,0.35225826972010177,0.30162265351574924,0.2892811704834606,22.078890729348064
"Outagamie County, Wisconsin",192826.0,23.0,85069.0,6.3,2.7,92.8,55,087,55087,0.6577608142493638,0.04389312977099236,0.17032442748091603,0.13299395482023546,0.09860050890585237,22.0714567045472
"Cape May County, New Jersey",94941.0,17.1,91128.0,8.7,5.3,93.1,34,009,34009,0.08412849872773537,0.16125954198473283,0.6868638676844784,0.08876869233216667,0.0819020356234097,22.058452727050458
"Eagle County, Colorado",55135.0,20.4,104096.0,8.7,4.7,95.4,08,037,08037,0.31838422391857507,0.16125954198473283,0.5639312977099237,0.04136175628380523,0.014631043256997489,21.991357263080687
"Hamilton County, Indiana",365056.0,25.4,121530.0,4.4,2.8,96.3,18,057,18057,0.8885178117048346,0.005884223918575063,0.1830470737913486,0.01622653515749284,0.005407124681933828,21.981655385083698
"Orange County, North Carolina",149678.0,18.9,90089.0,12.5,3.6,94.0,37,135,37135,0.18145674300254452,0.4443384223918575,0.32903944020356235,0.0935412026726058,0.049936386768447805,21.966243900780356
"Oakland County, Michigan",1279825.0,20.3,97760.0,7.7,4.8,94.2,26,125,26125,0.3080470737913486,0.1005089058524173,0.5873091603053435,0.05854279350938596,0.0430979643765903,21.95011795670171
"Frederick County, Maryland",287048.0,23.3,122002.0,6.0,3.3,93.2,24,021,24021,0.6999045801526718,0.03482824427480916,0.2695610687022901,0.015590200445434244,0.07729007633587781,21.94348339822166
"Hendricks County, Indiana",183344.0,24.5,101144.0,5.3,2.6,94.1,18,063,18063,0.8228371501272265,0.021628498727735368,0.15505725190839695,0.050906776964683376,0.04643765903307884,21.937346735222416
"Lawrence County, South Dakota",27233.0,16.3,73384.0,11.6,1.7,89.6,46,081,46081,0.06059160305343511,0.36959287531806617,0.06615776081424936,0.30194082087177854,0.2962786259541985,21.891233720234553
"Missoula County, Montana",120672.0,18.2,75598.0,10.1,3.7,93.0,30,063,30063,0.1407442748091603,0.25842875318066155,0.35225826972010177,0.2561247216035635,0.08699109414758266,21.89094226922139
"Nassau County, Florida",97859.0,19.3,89804.0,9.7,4.5,94.6,12,089,12089,0.21183206106870228,0.22916666666666666,0.5225826972010178,0.09767737830098633,0.03244274809160308,21.874031026579523
"Nassau County, New York",1389591.0,21.5,146202.0,5.4,4.8,94.8,36,059,36059,0.4541984732824427,0.022900763358778626,0.5873091603053435,0.0025453388482341577,0.026081424936386766,21.860703214623715
"Fauquier County, Virginia",74577.0,23.3,130189.0,6.8,2.9,92.3,51,061,51061,0.6999045801526718,0.05947837150127226,0.19545165394402036,0.009863188036907444,0.1265903307888041,21.825762488473515
"Lincoln County, South Dakota",70638.0,26.5,99166.0,5.6,1.7,95.7,46,083,46083,0.9311386768447837,0.026717557251908396,0.06615776081424936,0.05631562201718099,0.010178117048346036,21.810154679529372
"Howard County, Maryland",336328.0,23.8,149763.0,5.2,3.5,96.6,24,027,24027,0.7574745547073791,0.018924936386768447,0.307410941475827,0.0012726694241170788,0.0036577608142494,21.774817256166816
"Lamoille County, Vermont",26148.0,19.8,74908.0,8.5,3.3,91.9,50,015,50015,0.25699745547073793,0.14790076335877864,0.2695610687022901,0.26948775055679286,0.1444020356234097,21.76698147424019
"Trousdale County, Tennessee",11957.0,16.6,72747.0,11.9,0.6,89.7,47,169,47169,0.06615776081424936,0.39774173027989823,0.01812977099236641,0.3156220171810372,0.2892811704834606,21.738648995020235
"Sherman County, Texas",2295.0,17.4,61250.0,10.4,1.9,96.6,48,421,48421,0.09637404580152671,0.2800572519083969,0.08158396946564886,0.623130766783328,0.0036577608142494,21.696075895463
"Oconto County, Wisconsin",39589.0,19.7,75049.0,8.2,2.0,88.9,55,083,55083,0.24920483460559797,0.1272264631043257,0.08889949109414758,0.2656697422844416,0.3513040712468194,21.646092046706645
"Brunswick County, North Carolina",152568.0,14.0,77024.0,9.2,4.7,93.3,37,019,37019,0.01717557251908397,0.19576972010178118,0.5639312977099237,0.2303531657651925,0.07283715012722647,21.601338124464156
"Boulder County, Colorado",328961.0,17.5,103994.0,11.2,4.8,95.7,08,013,08013,0.10241730279898219,0.33826335877862596,0.5873091603053435,0.041679923639834526,0.010178117048346036,21.596957251422648
"Delaware County, Ohio",226834.0,24.8,133540.0,4.7,3.0,96.0,39,041,39041,0.8462150127226463,0.009541984732824428,0.209764631043257,0.006999681832643989,0.006520356234096747,21.58083333130937
"St. Croix County, Wisconsin",96033.0,23.8,103046.0,6.6,2.6,93.4,55,109,55109,0.7574745547073791,0.05232188295165394,0.15505725190839695,0.04549793191218576,0.06790712468193383,21.56517492323099
"Dutchess County, New York",298220.0,18.4,99478.0,8.4,5.2,93.5,36,027,36027,0.15108142493638677,0.14026717557251908,0.6680979643765903,0.05472478523703472,0.06393129770992367,21.562052956649094
"Kauai County, Hawaii",73731.0,21.2,97668.0,9.1,3.8,94.3,15,007,15007,0.41412213740458015,0.18845419847328243,0.37515903307888043,0.05949729557747374,0.040076335877862634,21.546180008241592
"Meade County, South Dakota",30546.0,21.2,74790.0,7.1,3.2,93.4,46,093,46093,0.41412213740458015,0.07172391857506362,0.2506361323155216,0.2726694241170856,0.06790712468193383,21.541174741883694
"Warren County, Ohio",250008.0,23.8,110132.0,6.0,3.1,94.9,39,165,39165,0.7574745547073791,0.03482824427480916,0.22853053435114504,0.030225898822780817,0.02337786259541985,21.488741895030678
"Ontario County, New York",112625.0,19.2,82324.0,9.0,3.7,91.3,36,069,36069,0.20244910941475827,0.1825699745547074,0.35225826972010177,0.15781100859051866,0.17843511450381677,21.470469535678056
"Wayne County, Utah",2584.0,21.2,76607.0,10.6,2.1,94.7,49,055,49055,0.41412213740458015,0.29421119592875317,0.09716921119592875,0.2357620108176901,0.0294211195928753,21.41371349879655
"Sagadahoc County, Maine",37285.0,17.6,87806.0,10.0,4.6,93.9,23,023,23023,0.10861959287531807,0.2522264631043257,0.5437340966921119,0.11263124403436209,0.05216284987277353,21.387484931577827
"Augusta County, Virginia",78033.0,18.4,82049.0,6.6,2.4,86.0,51,015,51015,0.15108142493638677,0.05232188295165394,0.1294529262086514,0.16035634743875282,0.5752226463104326,21.36870455691755
"Jefferson County, Wisconsin",86003.0,19.7,83750.0,8.1,3.6,90.6,55,055,55055,0.24920483460559797,0.12070610687022901,0.32903944020356235,0.14508431434934776,0.2221692111959288,21.324078144493317
"Montgomery County, Pennsylvania",867573.0,21.3,113915.0,6.5,4.5,94.3,42,091,42091,0.42907124681933845,0.04930025445292621,0.5225826972010178,0.023544384346166125,0.040076335877862634,21.291498373946226
"Suffolk County, New York",1530146.0,20.8,130686.0,6.4,4.7,93.2,36,103,36103,0.3638676844783715,0.046596692111959284,0.5639312977099237,0.009545020680878147,0.07729007633587781,21.224615426340208
"Carroll County, New Hampshire",51804.0,14.7,86463.0,7.6,5.1,91.5,33,003,33003,0.025763358778625955,0.09398854961832061,0.6507633587786259,0.1240852688514158,0.166030534351145,21.21262140756267
"Williamson County, Tennessee",260351.0,25.8,135594.0,4.6,2.4,96.0,47,187,47187,0.9085559796437659,0.00826972010178117,0.1294529262086514,0.006045179764556208,0.006520356234096747,21.17688323905703
"Newport County, Rhode Island",84657.0,16.0,103514.0,8.5,5.8,94.1,44,005,44005,0.05184478371501272,0.14790076335877864,0.7662213740458015,0.0432707604199809,0.04643765903307884,21.113506811453053
"Clackamas County, Oregon",423975.0,20.8,103517.0,7.7,4.4,94.0,41,005,41005,0.3638676844783715,0.1005089058524173,0.4969783715012723,0.042952593063951605,0.049936386768447805,21.084878833289206
"Currituck County, North Carolina",30601.0,21.9,93511.0,7.5,3.0,91.4,37,053,37053,0.5069974554707379,0.08889949109414758,0.209764631043257,0.07667833280305436,0.1717557251908397,21.081912712040733
"Madison County, Ohio",44423.0,19.9,87045.0,8.5,3.5,90.7,39,097,39097,0.2655852417302799,0.14790076335877864,0.307410941475827,0.11708558701877192,0.21501272264631044,21.05990512459936
"Storey County, Nevada",4140.0,13.4,93409.0,7.1,6.5,94.1,32,029,32029,0.012404580152671756,0.07172391857506362,0.8447837150127226,0.07763283487114225,0.04643765903307884,21.05965415289358
"Charlevoix County, Michigan",26108.0,17.6,76531.0,8.7,3.4,90.1,26,029,26029,0.10861959287531807,0.16125954198473283,0.2876908396946565,0.23719376391982183,0.2574745547073791,21.044765863638165
"Platte County, Missouri",110371.0,23.1,96227.0,7.0,2.7,93.2,29,165,29165,0.6720737913486005,0.0669529262086514,0.17032442748091603,0.06554247534202995,0.07729007633587781,21.04367393432151
"Comal County, Texas",183826.0,22.1,101889.0,6.5,3.9,95.0,48,091,48091,0.5361005089058524,0.04930025445292621,0.3969465648854962,0.04836143811644922,0.021310432569974558,21.04038397861397
"Clay County, Texas",10495.0,19.4,80114.0,8.4,2.0,88.1,48,077,48077,0.22264631043256997,0.14026717557251908,0.08889949109414758,0.18421889914094813,0.41364503816793896,20.993538288162476
"Portage County, Wisconsin",70832.0,18.8,76070.0,10.1,3.2,92.5,55,097,55097,0.17573155216284989,0.25842875318066155,0.2506361323155216,0.24721603563474392,0.11561704834605602,20.95259043279666
"Adams County, Pennsylvania",106115.0,19.4,84092.0,8.2,3.4,90.0,42,001,42001,0.22264631043256997,0.1272264631043257,0.2876908396946565,0.1428571428571429,0.2652671755725191,20.91375863322428
"Fayette County, Georgia",122244.0,22.5,111978.0,5.6,3.8,94.8,13,113,13113,0.5912849872773537,0.026717557251908396,0.37515903307888043,0.026089723194400283,0.026081424936386766,20.90665451477859
"Winneshiek County, Iowa",19873.0,18.7,79066.0,8.4,2.3,88.0,19,191,19191,0.169529262086514,0.14026717557251908,0.11752544529262086,0.19662742602608974,0.4212786259541985,20.904558698638844
"Douglas County, Colorado",377150.0,23.4,149594.0,3.8,3.6,97.9,08,035,08035,0.7115139949109415,0.0017493638676844784,0.32903944020356235,0.0015908367801463763,0.0006361323155216203,20.890595361557125
"Morris County, New Jersey",514528.0,20.6,137326.0,4.9,5.2,95.2,34,027,34027,0.34001272264631044,0.011291348600508906,0.6680979643765903,0.00572701240852691,0.017970737913486023,20.861995718908453
"Johnson County, Kansas",620631.0,23.5,109208.0,5.4,3.2,95.9,20,091,20091,0.7240776081424937,0.022900763358778626,0.2506361323155216,0.03340757238307346,0.007156488549618367,20.763571294989713
"Denali Borough, Alaska",1969.0,14.6,80781.0,8.3,0.9,84.6,02,068,02068,0.02433206106870229,0.1337468193384224,0.02608142493638677,0.1743557111040407,0.6777989821882952,20.726299972716948
"Deschutes County, Oregon",206334.0,18.9,92758.0,8.8,4.4,92.7,41,017,41017,0.18145674300254452,0.16889312977099236,0.4969783715012723,0.08145084314349349,0.10353053435114501,20.64619243538895
"Yakutat City and Borough, Alaska",527.0,12.1,85000.0,11.9,0.9,87.4,02,282,02282,0.007474554707379135,0.39774173027989823,0.02608142493638677,0.1334712058542793,0.46660305343511455,20.627439384261155
"Norfolk County, Massachusetts",730082.0,20.5,130739.0,6.7,4.9,94.8,25,021,25021,0.32840330788804073,0.055820610687022904,0.6102099236641222,0.00922685332484885,0.026081424936386766,20.594842410008432
"Sargent County, North Dakota",3804.0,20.4,77946.0,6.9,0.8,88.2,38,081,38081,0.31838422391857507,0.06297709923664122,0.023536895674300253,0.21444479796372895,0.4069656488549618,20.526173312964143
"Santa Clara County, California",1902047.0,20.5,164281.0,7.1,4.9,95.6,06,085,06085,0.32840330788804073,0.07172391857506362,0.6102099236641222,0.00031816735602929747,0.011927480916030575,20.451655967985726
"El Dorado County, California",192662.0,19.5,108845.0,8.0,4.5,92.5,06,017,06017,0.23139312977099236,0.11513994910941476,0.5225826972010178,0.033725739739102756,0.11561704834605602,20.369171283331674
"Cumberland County, Pennsylvania",268323.0,20.5,87494.0,7.5,3.7,92.2,42,041,42041,0.32840330788804073,0.08889949109414758,0.35225826972010177,0.11454024817053765,0.13120229007633588,20.30607213898327
"Somerset County, New Jersey",349846.0,21.2,140374.0,5.4,4.7,95.8,34,035,34035,0.41412213740458015,0.022900763358778626,0.5639312977099237,0.0044543429844098315,0.008269720101781175,20.273565231189465
"Lake County, Ohio",232216.0,19.3,80925.0,8.3,3.9,92.8,39,085,39085,0.21183206106870228,0.1337468193384224,0.3969465648854962,0.17212853961183583,0.09860050890585237,20.26508987620618
"Pierce County, Wisconsin",42584.0,20.3,92109.0,9.8,3.2,92.2,55,093,55093,0.3080470737913486,0.23807251908396945,0.2506361323155216,0.08431434934775695,0.13120229007633588,20.245447292298653
"Harding County, South Dakota",1148.0,23.3,80441.0,6.3,0.9,93.6,46,063,46063,0.6999045801526718,0.04389312977099236,0.02608142493638677,0.1800827235125676,0.06059160305343514,20.211069228521072
"Loving County, Texas",33.0,0.0,51250.0,6.1,0.0,92.6,48,301,48301,0.00047709923664122136,0.03689567430025445,0.003657760814249364,0.8601654470251352,0.10861959287531808,20.196311485031966
"Hancock County, Indiana",84037.0,23.2,93186.0,4.7,2.7,93.6,18,059,18059,0.6871819338422391,0.009541984732824428,0.17032442748091603,0.07922367165128863,0.06059160305343514,20.137272415214067
"King County, Washington",2287171.0,19.5,124746.0,8.6,4.8,95.1,53,033,53033,0.23139312977099236,0.15473918575063614,0.5873091603053435,0.01368119630925868,0.01956106870229013,20.13367481677042
"Ada County, Idaho",518935.0,22.0,91502.0,8.3,3.1,94.7,16,001,16001,0.5225826972010178,0.1337468193384224,0.22853053435114504,0.08749602290804959,0.0294211195928753,20.035543867830203
"Orange County, Vermont",29761.0,17.8,82232.0,9.3,2.3,88.3,50,017,50017,0.1203880407124682,0.20483460559796438,0.11752544529262086,0.15876551065860645,0.3986959287531806,20.004190620296807
"Juneau City and Borough, Alaska",31794.0,20.4,101661.0,8.9,4.0,94.3,02,110,02110,0.31838422391857507,0.1762086513994911,0.4150763358778626,0.05027044225262489,0.040076335877862634,20.000319786528326
"Kitsap County, Washington",277881.0,19.7,104158.0,8.2,4.7,95.3,53,035,53035,0.24920483460559797,0.1272264631043257,0.5639312977099237,0.04104358892777604,0.016380407124681917,19.955731829446105
"Union County, Ohio",67324.0,24.1,112322.0,5.0,2.6,95.2,39,159,39159,0.785941475826972,0.012881679389312978,0.15505725190839695,0.02513522112631239,0.017970737913486023,19.939727323289606
"Jefferson County, Montana",12774.0,20.0,95490.0,5.7,4.2,91.4,30,043,30043,0.27512722646310434,0.029421119592875317,0.451176844783715,0.06872414890232259,0.1717557251908397,19.924101298657142
"Shelby County, Alabama",230211.0,22.8,97961.0,7.2,2.9,94.7,01,117,01117,0.6332697201017812,0.07617684478371502,0.19545165394402036,0.05822462615335666,0.0294211195928753,19.85087929151497
"Cherokee County, Georgia",281032.0,22.8,108115.0,7.0,3.2,95.9,13,057,13057,0.6332697201017812,0.0669529262086514,0.2506361323155216,0.03404390709513205,0.007156488549618367,19.841183485414092
"Cass County, Nebraska",27161.0,23.0,91836.0,5.2,1.7,91.6,31,025,31025,0.6577608142493638,0.018924936386768447,0.06615776081424936,0.08558701877187402,0.15982824427480913,19.765175489941296
"Clear Creek County, Colorado",9262.0,14.8,94577.0,6.4,4.8,90.2,08,019,08019,0.027830788804071246,0.046596692111959284,0.5873091603053435,0.07254215717467383,0.24984096692111957,19.682395306343352
"Carroll County, Maryland",175321.0,22.0,118211.0,5.2,3.5,92.5,24,013,24013,0.5225826972010178,0.018924936386768447,0.307410941475827,0.019090041361756294,0.11561704834605602,19.672513295428512
"Bottineau County, North Dakota",6378.0,22.1,85000.0,7.6,1.6,91.6,38,009,38009,0.5361005089058524,0.09398854961832061,0.059955470737913484,0.1334712058542793,0.15982824427480913,19.666879587823498
"Anne Arundel County, Maryland",598166.0,22.4,124911.0,5.6,3.7,95.5,24,003,24003,0.576176844783715,0.026717557251908396,0.35225826972010177,0.0127266942411709,0.013040712468193383,19.61840156930179
"Gloucester County, Virginia",39526.0,19.9,84306.0,5.2,3.0,89.0,51,073,51073,0.2655852417302799,0.018924936386768447,0.209764631043257,0.14062997136493793,0.34319338422391854,19.561963294983236
"Chester County, Pennsylvania",547840.0,22.0,127208.0,6.0,3.8,94.7,42,029,42029,0.5225826972010178,0.03482824427480916,0.37515903307888043,0.01145402481705382,0.0294211195928753,19.46890237929273
"Renville County, North Dakota",2304.0,21.2,74301.0,9.1,1.0,93.7,38,075,38075,0.41412213740458015,0.18845419847328243,0.030057251908396948,0.28125994272987587,0.057410941475826927,19.42608943983925
"Collier County, Florida",398291.0,16.3,90045.0,10.7,3.9,92.5,12,021,12021,0.06059160305343511,0.3016857506361323,0.3969465648854962,0.09417753738466428,0.11561704834605602,19.38037008611568
"Dickinson County, Iowa",17990.0,19.1,75432.0,7.6,3.0,90.8,19,059,19059,0.1944974554707379,0.09398854961832061,0.209764631043257,0.25978364619790006,0.208969465648855,19.34007495958141
"Boone County, Iowa",26668.0,21.0,83531.0,6.2,1.5,89.1,19,015,19015,0.3885178117048346,0.040235368956743005,0.05407124681933842,0.14794782055361122,0.33476463104325704,19.31073758155569
"Dukes County, Massachusetts",20933.0,16.8,125786.0,4.4,6.6,95.0,25,007,25007,0.07283715012722647,0.005884223918575063,0.8530534351145038,0.012408526885141602,0.021310432569974558,19.30987537230843
"Dawson County, Georgia",30242.0,20.4,92991.0,8.5,3.5,92.6,13,085,13085,0.31838422391857507,0.14790076335877864,0.307410941475827,0.07986000636334711,0.10861959287531808,19.243510559836917
"Sussex County, New Jersey",145807.0,19.5,116186.0,5.5,5.1,94.5,34,037,34037,0.23139312977099236,0.02433206106870229,0.6507633587786259,0.02068087814190267,0.03482824427480913,19.239953440700646
"Kent County, Rhode Island",171456.0,18.0,94345.0,7.5,4.7,92.7,44,003,44003,0.1313613231552163,0.08889949109414758,0.5639312977099237,0.07381482659879102,0.10353053435114501,19.23074945818447
"Roanoke County, Virginia",97023.0,19.6,83709.0,7.3,2.8,89.5,51,161,51161,0.24013994910941475,0.07999363867684478,0.1830470737913486,0.14540248170537706,0.3050254452926209,19.07217177151212
"Poquoson city, Virginia",12639.0,23.0,120972.0,4.5,3.2,95.7,51,735,51735,0.6577608142493638,0.00715648854961832,0.2506361323155216,0.016862869869551433,0.010178117048346036,18.851888440648025
"Emmet County, Michigan",34125.0,18.1,78112.0,8.5,3.2,91.1,26,047,26047,0.1364503816793893,0.14790076335877864,0.2506361323155216,0.2112631244034362,0.19258905852417307,18.776789205625978
"Piatt County, Illinois",16695.0,21.6,94811.0,6.1,2.8,91.3,17,147,17147,0.46771628498727735,0.03689567430025445,0.1830470737913486,0.07158765510658605,0.17843511450381677,18.753636053785662
"Lincoln County, Maine",36099.0,16.5,76875.0,7.9,2.9,89.1,23,015,23015,0.06393129770992366,0.11005089058524173,0.19545165394402036,0.23289850461342665,0.33476463104325704,18.74193955791739
"Burnet County, Texas",52652.0,20.5,78732.0,8.0,2.6,92.1,48,053,48053,0.32840330788804073,0.11513994910941476,0.15505725190839695,0.20235443843461665,0.13613231552162852,18.741745257241956
"Grafton County, New Hampshire",92120.0,15.6,88261.0,10.4,3.2,90.3,33,009,33009,0.04341603053435115,0.2800572519083969,0.2506361323155216,0.10913140311804004,0.2420483460559797,18.505783278645787
"Monroe County, Florida",81860.0,15.7,87738.0,10.6,2.9,89.9,12,087,12087,0.04596055979643766,0.29421119592875317,0.19545165394402036,0.11326757874642057,0.2725826972010178,18.429473712332992
"Botetourt County, Virginia",34004.0,18.6,81213.0,6.2,2.4,88.1,51,023,51023,0.16316793893129772,0.040235368956743005,0.1294529262086514,0.16894686605154308,0.41364503816793896,18.308962766323482
"Foster County, North Dakota",3358.0,21.8,87831.0,8.8,1.0,92.6,38,031,38031,0.49300254452926207,0.16889312977099236,0.030057251908396948,0.11199490932230349,0.10861959287531808,18.251348568125458
"Calvert County, Maryland",94313.0,23.1,133922.0,3.9,2.7,93.6,24,009,24009,0.6720737913486005,0.0022264631043256997,0.17032442748091603,0.006681514476614692,0.06059160305343514,18.23795598927784
"Ketchikan Gateway Borough, Alaska",13768.0,20.2,92885.0,8.7,3.1,92.0,02,130,02130,0.2969147582697201,0.16125954198473283,0.22853053435114504,0.08049634107540571,0.1402671755725191,18.149367025070458
"Madison County, Montana",9223.0,16.3,75250.0,6.2,3.1,89.4,30,057,30057,0.06059160305343511,0.040235368956743005,0.22853053435114504,0.26312440343620747,0.3129770992366412,18.10918018068344
"San Juan County, Washington",18478.0,12.6,84800.0,11.3,3.7,93.8,53,055,53055,0.010178117048346057,0.3473282442748092,0.35225826972010177,0.1361756283805282,0.05454834605597969,18.0097721095953
"Brown County, Indiana",15606.0,16.6,78528.0,7.8,2.2,88.1,18,013,18013,0.06615776081424936,0.10623409669211197,0.10607506361323155,0.2055361119949093,0.41364503816793896,17.952961425648823
"Custer County, South Dakota",8892.0,13.8,84112.0,9.0,2.3,87.8,46,033,46033,0.014790076335877863,0.1825699745547074,0.11752544529262086,0.1425389755011136,0.4379770992366412,17.908031418419217
"Boise County, Idaho",8273.0,15.4,78774.0,7.7,3.4,90.0,16,015,16015,0.03864503816793893,0.1005089058524173,0.2876908396946565,0.20171810372255805,0.2652671755725191,17.8766012602018
"Fluvanna County, Virginia",28092.0,19.4,96768.0,7.7,4.2,93.8,51,065,51065,0.22264631043256997,0.1005089058524173,0.451176844783715,0.06395163856188357,0.05454834605597969,17.85664091373131
"Benzie County, Michigan",18310.0,16.9,74834.0,9.7,3.1,93.0,26,019,26019,0.07569974554707379,0.22916666666666666,0.22853053435114504,0.27076041998090994,0.08699109414758266,17.822969213867562
"San Mateo County, California",742340.0,19.5,158855.0,6.7,4.8,95.7,06,081,06081,0.23139312977099236,0.055820610687022904,0.5873091603053435,0.0006363347120585949,0.010178117048346036,17.70674705047527
"Calumet County, Wisconsin",52942.0,22.2,88810.0,5.9,2.1,92.9,55,015,55015,0.5494592875318066,0.03244274809160305,0.09716921119592875,0.1053133948456888,0.09255725190839692,17.538837871468484
"Door County, Wisconsin",30445.0,15.8,74795.0,7.7,2.4,89.3,55,029,55029,0.04802798982188295,0.1005089058524173,0.1294529262086514,0.272033089405027,0.3193384223918575,17.38722667359672
"Middlesex County, Massachusetts",1638365.0,19.5,130847.0,7.7,4.4,94.7,25,017,25017,0.23139312977099236,0.1005089058524173,0.4969783715012723,0.008908685968819552,0.0294211195928753,17.344204253727536
"Teton County, Idaho",12425.0,22.3,99805.0,9.1,1.2,94.9,16,081,16081,0.5629770992366412,0.18845419847328243,0.038326972010178116,0.053452115812917644,0.02337786259541985,17.331764962568784
"St. Charles County, Missouri",414535.0,22.5,104692.0,5.2,2.9,95.1,29,183,29183,0.5912849872773537,0.018924936386768447,0.19545165394402036,0.039452752147629666,0.01956106870229013,17.293507969161244
"Sweet Grass County, Montana",3720.0,20.1,77000.0,7.9,1.8,91.6,30,097,30097,0.2857824427480916,0.11005089058524173,0.07410941475826972,0.2309895004772511,0.15982824427480913,17.215209856873265
"Grand County, Colorado",15895.0,15.9,88612.0,7.6,4.1,91.3,08,049,08049,0.04930025445292621,0.09398854961832061,0.43209287531806617,0.10658606426980588,0.17843511450381677,17.20805716325871
"Barnstable County, Massachusetts",231668.0,14.1,95241.0,7.7,5.0,94.3,25,001,25001,0.018447837150127225,0.1005089058524173,0.630884223918575,0.07047406936048362,0.040076335877862634,17.207827443189316
"Dane County, Wisconsin",572674.0,19.7,89975.0,10.6,2.4,92.9,55,025,55025,0.24920483460559797,0.29421119592875317,0.1294529262086514,0.09481387209672287,0.09255725190839692,17.20480161496245
"Cheshire County, New Hampshire",77297.0,17.8,83329.0,8.7,3.3,91.8,33,005,33005,0.1203880407124682,0.16125954198473283,0.2695610687022901,0.15049315940184538,0.14901399491094147,17.01431611424556
"Bucks County, Pennsylvania",647461.0,19.9,114764.0,6.1,4.4,94.8,42,017,42017,0.2655852417302799,0.03689567430025445,0.4969783715012723,0.02195354756601975,0.026081424936386766,16.949885200684264
"Medina County, Ohio",183660.0,21.4,94968.0,6.3,2.9,92.9,39,103,39103,0.4419529262086514,0.04389312977099236,0.19545165394402036,0.07111040407254221,0.09255725190839692,16.899307318092067
"St. Johns County, Florida",306934.0,21.6,109839.0,6.5,3.3,95.4,12,109,12109,0.46771628498727735,0.04930025445292621,0.2695610687022901,0.03213490295895638,0.014631043256997489,16.66687108716895
"Putnam County, New York",98107.0,19.4,126257.0,7.1,4.4,94.8,36,079,36079,0.22264631043256997,0.07172391857506362,0.4969783715012723,0.011772192173083007,0.026081424936386766,16.584044352367513
"Summit County, Colorado",31017.0,16.3,109773.0,7.7,5.0,97.8,08,117,08117,0.06059160305343511,0.1005089058524173,0.630884223918575,0.03308940502704427,0.000954198473282486,16.520566726495083
"Clarke County, Virginia",15216.0,19.6,117111.0,7.0,2.7,89.2,51,043,51043,0.24013994910941475,0.0669529262086514,0.17032442748091603,0.019726376073814778,0.32649491094147587,16.472771796285457
"Nantucket County, Massachusetts",14483.0,20.5,139688.0,3.2,4.3,95.3,25,019,25019,0.32840330788804073,0.0009541984732824427,0.4720101781170484,0.004772510340439018,0.016380407124681917,16.45041203886985
"Hanover County, Virginia",112879.0,21.6,112805.0,5.7,2.7,92.3,51,085,51085,0.46771628498727735,0.029421119592875317,0.17032442748091603,0.024498886414253906,0.1265903307888041,16.371020985282534
"Cook County, Minnesota",5635.0,14.5,72638.0,10.2,2.2,92.7,27,031,27031,0.023059796437659034,0.2657442748091603,0.10607506361323155,0.31880369074132997,0.10353053435114501,16.344267199050517
"Addison County, Vermont",37664.0,16.0,89639.0,7.6,3.8,91.4,50,001,50001,0.05184478371501272,0.09398854961832061,0.37515903307888043,0.09831371301304481,0.1717557251908397,15.821236092321966
"Lexington city, Virginia",7525.0,7.3,84517.0,14.0,0.6,93.4,51,678,51678,0.002385496183206107,0.559001272264631,0.01812977099236641,0.13872096722876237,0.06790712468193383,15.722892627017998
"Island County, Washington",86836.0,17.3,90551.0,7.7,4.3,94.8,53,029,53029,0.09239821882951654,0.1005089058524173,0.4720101781170484,0.09131403118040093,0.026081424936386766,15.6462551783154
"Hunterdon County, New Jersey",130160.0,19.1,141715.0,4.0,4.6,94.6,34,019,34019,0.1944974554707379,0.0028625954198473282,0.5437340966921119,0.0038180082723512365,0.03244274809160308,15.547098078933027
"Summit County, Utah",42970.0,23.1,138114.0,4.9,1.8,95.6,49,043,49043,0.6720737913486005,0.011291348600508906,0.07410941475826972,0.005090677696468315,0.011927480916030575,15.48985426639756
"Washington County, Vermont",60017.0,18.0,83449.0,8.7,2.7,91.6,50,023,50023,0.1313613231552163,0.16125954198473283,0.17032442748091603,0.1485841552656697,0.15982824427480913,15.427153843226879
"Lake County, Colorado",7380.0,18.6,96575.0,7.9,2.2,89.2,08,065,08065,0.16316793893129772,0.11005089058524173,0.10607506361323155,0.06458797327394206,0.32649491094147587,15.407535546903778
"Gilpin County, Colorado",5901.0,16.4,95361.0,11.2,3.1,93.4,08,047,08047,0.062340966921119595,0.33826335877862596,0.22853053435114504,0.06967865097041048,0.06790712468193383,15.3344127140647
"Sarasota County, Florida",459547.0,14.0,83416.0,8.6,3.7,92.9,12,115,12115,0.01717557251908397,0.15473918575063614,0.35225826972010177,0.1495386573337576,0.09255725190839692,15.32537874463953
"Elbert County, Colorado",27874.0,21.2,132685.0,5.3,3.4,94.5,08,039,08039,0.41412213740458015,0.021628498727735368,0.2876908396946565,0.007317849188673287,0.03482824427480913,15.311751385809089
"Stanley County, South Dakota",3015.0,21.2,87712.0,5.1,0.5,90.9,46,117,46117,0.41412213740458015,0.015426208651399492,0.015108142493638677,0.11358574610244987,0.20308524173027986,15.22654952764696
"Broomfield County, Colorado",76304.0,20.5,123874.0,6.2,3.8,96.7,08,014,08014,0.32840330788804073,0.040235368956743005,0.37515903307888043,0.014317531021317165,0.0030216284987277797,15.22273738887418
"Divide County, North Dakota",2167.0,19.3,91852.0,9.3,2.3,92.0,38,023,38023,0.21183206106870228,0.20483460559796438,0.11752544529262086,0.08526885141584473,0.1402671755725191,15.194562778953028
"Albemarle County, Virginia",114919.0,19.5,104392.0,7.7,3.4,92.9,51,003,51003,0.23139312977099236,0.1005089058524173,0.2876908396946565,0.040725421571746745,0.09255725190839692,15.057510975964197
"Strafford County, New Hampshire",132575.0,17.6,88570.0,8.7,3.5,93.5,33,017,33017,0.10861959287531807,0.16125954198473283,0.307410941475827,0.10690423162583518,0.06393129770992367,14.962512113432735
"Monroe County, Illinois",35036.0,21.8,102880.0,5.0,1.9,92.7,17,133,17133,0.49300254452926207,0.012881679389312978,0.08158396946564886,0.046452433980273655,0.10353053435114501,14.74902323431285
"Washington County, Rhode Island",130344.0,15.4,106638.0,8.2,4.4,94.4,44,009,44009,0.03864503816793893,0.1272264631043257,0.4969783715012723,0.03563474387527843,0.037054707379134855,14.710786480559005
"Livingston County, Michigan",195833.0,20.3,103039.0,5.1,3.4,93.3,26,093,26093,0.3080470737913486,0.015426208651399492,0.2876908396946565,0.04581609926821506,0.07283715012722647,14.596347430656923
"Washington County, Wisconsin",137879.0,21.0,96359.0,5.8,2.5,92.8,55,131,55131,0.3885178117048346,0.030693384223918575,0.1410623409669211,0.06522430798600065,0.09860050890585237,14.481967075750548
"Teller County, Colorado",24825.0,15.7,85361.0,7.6,3.7,92.8,08,119,08119,0.04596055979643766,0.09398854961832061,0.35225826972010177,0.1307667833280305,0.09860050890585237,14.431493427374859
"York County, Maine",216731.0,17.8,88333.0,7.7,3.4,92.7,23,031,23031,0.1203880407124682,0.1005089058524173,0.2876908396946565,0.10849506840598155,0.10353053435114501,14.412267780333371
"Powhatan County, Virginia",31555.0,18.3,110537.0,4.6,3.6,90.9,51,145,51145,0.14567430025445294,0.00826972010178117,0.32903944020356235,0.029589564110722222,0.20308524173027986,14.31316532801597
"Ozaukee County, Wisconsin",92966.0,20.9,96996.0,5.0,2.8,93.5,55,089,55089,0.37754452926208654,0.012881679389312978,0.1830470737913486,0.06363347120585428,0.06393129770992367,14.020761027170522
"Chittenden County, Vermont",169758.0,17.2,96759.0,9.7,3.2,93.4,50,007,50007,0.08810432569974555,0.22916666666666666,0.2506361323155216,0.06426980591791287,0.06790712468193383,14.00168110563561
"Belknap County, New Hampshire",64659.0,17.3,92783.0,8.5,3.1,91.9,33,001,33001,0.09239821882951654,0.14790076335877864,0.22853053435114504,0.08113267578746419,0.1444020356234097,13.887284559006282
"Saratoga County, New York",238284.0,19.1,100787.0,7.1,3.3,92.8,36,091,36091,0.1944974554707379,0.07172391857506362,0.2695610687022901,0.05186127903277127,0.09860050890585237,13.724884613734305
"Lake of the Woods County, Minnesota",3821.0,18.4,77546.0,6.4,1.5,90.8,27,077,27077,0.15108142493638677,0.046596692111959284,0.05407124681933842,0.22048997772828505,0.208969465648855,13.624176144896488
"Mono County, California",13148.0,17.7,99415.0,8.6,3.1,92.4,06,051,06051,0.11418575063613232,0.15473918575063614,0.22853053435114504,0.05536111994909321,0.12197837150127222,13.49589924376558
"Armstrong County, Texas",1822.0,19.3,72750.0,5.2,1.2,93.0,48,011,48011,0.21183206106870228,0.018924936386768447,0.038326972010178116,0.31514476614699327,0.08699109414758266,13.424396595204497
"Trego County, Kansas",2777.0,20.2,81528.0,5.5,1.0,91.7,20,195,20195,0.2969147582697201,0.02433206106870229,0.030057251908396948,0.16592427616926508,0.15362595419847325,13.417086032291154
"Lower Connecticut River Valley Planning Region, Connecticut",175822.0,16.7,104428.0,6.8,3.8,92.5,09,130,09130,0.06965648854961833,0.05947837150127226,0.37515903307888043,0.04040725421571745,0.11561704834605602,13.20636391383089
"Gallatin County, Montana",124074.0,18.8,93528.0,9.5,2.3,93.3,30,031,30031,0.17573155216284989,0.21755725190839695,0.11752544529262086,0.07636016544702517,0.07283715012722647,13.200231298762386
"Archuleta County, Colorado",13900.0,16.7,83065.0,8.2,1.3,90.0,08,007,08007,0.06965648854961833,0.1272264631043257,0.04373409669211196,0.15303849825007954,0.2652671755725191,13.178454443373095
"Jefferson County, Colorado",579377.0,18.5,110656.0,6.7,3.9,95.1,08,059,08059,0.15696564885496184,0.055820610687022904,0.3969465648854962,0.029271396754692924,0.01956106870229013,13.171305797689278
"Beaufort County, South Carolina",195289.0,17.4,86573.0,9.6,2.6,94.0,45,013,45013,0.09637404580152671,0.22232824427480916,0.15505725190839695,0.12313076678332802,0.049936386768447805,12.936533910730171
"Merrimack County, New Hampshire",155967.0,18.4,97004.0,7.6,3.1,92.8,33,013,33013,0.15108142493638677,0.09398854961832061,0.22853053435114504,0.06331530384982498,0.09860050890585237,12.710326433230595
"Hillsborough County, New Hampshire",426378.0,19.6,103545.0,6.7,3.1,93.4,33,011,33011,0.24013994910941475,0.055820610687022904,0.22853053435114504,0.04263442570792242,0.06790712468193383,12.70065289074878
"Ouray County, Colorado",5087.0,12.6,91020.0,4.3,3.5,90.7,08,091,08091,0.010178117048346057,0.004611959287531806,0.307410941475827,0.08940502704422526,0.21501272264631044,12.532375350044811
"Waukesha County, Wisconsin",411762.0,21.0,106076.0,5.2,2.3,94.0,55,133,55133,0.3885178117048346,0.018924936386768447,0.11752544529262086,0.03754374801145399,0.049936386768447805,12.248966563282515
"Los Alamos County, New Mexico",19435.0,22.0,147139.0,3.5,0.6,93.4,35,028,35028,0.5225826972010178,0.001272264631043257,0.01812977099236641,0.00222717149220486,0.06790712468193383,12.242380579971323
"Cumberland County, Maine",308827.0,18.0,95677.0,7.3,3.1,92.7,23,005,23005,0.1313613231552163,0.07999363867684478,0.22853053435114504,0.06713331212217621,0.10353053435114501,12.210986853130548
"Grand Isle County, Vermont",7450.0,16.9,97396.0,7.9,3.1,92.5,50,013,50013,0.07569974554707379,0.11005089058524173,0.22853053435114504,0.061406299713649415,0.11561704834605602,11.826090370863321
"Alexandria city, Virginia",156976.0,18.1,119681.0,7.9,3.3,94.1,51,510,51510,0.1364503816793893,0.11005089058524173,0.2695610687022901,0.01718103722558062,0.04643765903307884,11.593620744511613
"Douglas County, Nevada",49623.0,14.9,90754.0,9.0,3.0,94.0,32,005,32005,0.03037531806615776,0.1825699745547074,0.209764631043257,0.09035952911231304,0.049936386768447805,11.26011679089766
"New Kent County, Virginia",25105.0,19.5,123314.0,4.7,2.3,91.4,51,127,51127,0.23139312977099236,0.009541984732824428,0.11752544529262086,0.014635698377346462,0.1717557251908397,10.897039667292477
"Rockingham County, New Hampshire",319082.0,18.5,118331.0,4.8,3.6,95.0,33,015,33015,0.15696564885496184,0.010655216284987277,0.32903944020356235,0.018771874005726996,0.021310432569974558,10.73485223838426
"Leelanau County, Michigan",22734.0,15.4,99422.0,6.5,3.4,93.1,26,089,26089,0.03864503816793893,0.04930025445292621,0.2876908396946565,0.05504295259306391,0.0819020356234097,10.251622410639904
"Bristol County, Rhode Island",50490.0,17.8,114490.0,6.5,3.0,92.6,44,001,44001,0.1203880407124682,0.04930025445292621,0.209764631043257,0.022271714922049046,0.10861959287531808,10.20688468012037
"James City County, Virginia",81013.0,19.5,109985.0,6.8,2.7,95.2,51,095,51095,0.23139312977099236,0.05947837150127226,0.17032442748091603,0.030544066178810003,0.017970737913486023,10.194214656909532
"Arlington County, Virginia",236254.0,18.0,142114.0,7.4,3.3,95.2,51,013,51013,0.1313613231552163,0.08396946564885496,0.2695610687022901,0.003499840916321939,0.017970737913486023,10.127248726723385
"Hinsdale County, Colorado",1005.0,18.5,75972.0,4.1,0.0,94.1,08,053,08053,0.15696564885496184,0.003498727735368957,0.003657760814249364,0.2481705377028317,0.04643765903307884,9.174606682809813
"Blaine County, Idaho",24951.0,19.2,92566.0,6.6,2.1,95.8,16,013,16013,0.20244910941475827,0.05232188295165394,0.09716921119592875,0.08208717785555197,0.008269720101781175,8.845942030393482
"Park County, Colorado",17907.0,14.3,103670.0,5.0,3.3,93.1,08,093,08093,0.020833333333333332,0.012881679389312978,0.2695610687022901,0.04231625835189312,0.0819020356234097,8.549887508004785
"Pitkin County, Colorado",16985.0,14.6,102645.0,7.8,2.5,92.8,08,097,08097,0.02433206106870229,0.10623409669211197,0.1410623409669211,0.04708876869233214,0.09860050890585237,8.346355526518398
"Routt County, Colorado",25084.0,17.2,106489.0,5.2,2.4,93.2,08,107,08107,0.08810432569974555,0.018924936386768447,0.1294529262086514,0.036271078587336913,0.07729007633587781,7.000866864367603
"Teton County, Wyoming",23396.0,17.1,124172.0,5.7,1.8,94.0,56,039,56039,0.08412849872773537,0.029421119592875317,0.07410941475826972,0.013999363665287978,0.049936386768447805,5.031895670252324
"Goochland County, Virginia",26410.0,16.2,118931.0,5.1,1.7,93.5,51,075,51075,0.0580470737913486,0.015426208651399492,0.06615776081424936,0.0184537066496977,0.06393129770992367,4.4403209523323754
"De Baca County, New Mexico",1576.0,19.2,,15.5,8.4,79.5,35,011,35011,0.20244910941475827,0.6491730279898219,0.9387722646310432,,0.8870865139949109,
