county_name,total_population,percent_under_18,median_household_income,poverty_rate,unemployment_rate,broadband_internet_rate,GEOID,county_clean,state_name,target_population_indicator,economic_barrier_indicator,employment_barrier_indicator,income_barrier_indicator,digital_access_barrier_indicator,market_outreach_opportunity_score,opportunity_category,population_size_category
"Oglala Lakota County, South Dakota",13491.0,35.4,41417.0,57.6,16.4,70.2,46102,Oglala Lakota County,South Dakota,0.9974546611517658,1.0,0.9961819917276488,0.9700922685332485,0.9826598790964047,98.92777601018136,High opportunity for deeper review,Small county
"Todd County, South Dakota",9244.0,38.8,42075.0,48.4,18.7,75.2,46121,Todd County,South Dakota,0.9990454979319122,0.9996818326439707,0.9980909958638243,0.962456251988546,0.9525930639516386,98.23735284759782,High opportunity for deeper review,Small county
"Leflore County, Mississippi",27141.0,27.3,35277.0,31.5,11.6,69.3,28083,Leflore County,Mississippi,0.9486159720012727,0.9847279669105949,0.9847279669105949,0.9910913140311804,0.9852052179446389,97.88736875596564,High opportunity for deeper review,Small county
"Buffalo County, South Dakota",1808.0,39.2,47045.0,33.9,10.8,68.7,46017,Buffalo County,South Dakota,0.9993636652879414,0.9931594018453707,0.9796372892141266,0.9204581609926822,0.9879096404708877,97.61056315622018,High opportunity for deeper review,Small county
"Jackson County, South Dakota",2802.0,32.9,35417.0,42.4,7.2,62.7,46071,Jackson County,South Dakota,0.9922048997772829,0.9987273305758829,0.8919821826280624,0.9904549793191219,0.9971364937957365,97.41011772192174,High opportunity for deeper review,Small county
"Starr County, Texas",66067.0,32.5,37639.0,33.5,10.4,78.6,48427,Starr County,Texas,0.9910913140311804,0.9925230671333122,0.9766146993318485,0.9844097995545658,0.9051861279032771,96.99650015908368,High opportunity for deeper review,Medium county
"Apache County, Arizona",65341.0,26.0,41438.0,30.5,10.7,60.0,4001,Apache County,Arizona,0.9167992363983455,0.9809099586382437,0.9785237034680242,0.9697741011772192,0.9984091632198536,96.88832325803372,High opportunity for deeper review,Medium county
"Humphreys County, Mississippi",7395.0,25.2,33731.0,27.0,12.5,65.3,28053,Humphreys County,Mississippi,0.8736875596563792,0.9661151765828826,0.9891823098950048,0.9936366528794146,0.9926821508113267,96.30607699650015,High opportunity for deeper review,Small county
"Sioux County, North Dakota",3740.0,34.0,42083.0,43.3,17.0,80.6,38085,Sioux County,North Dakota,0.9949093223035317,0.9990454979319122,0.9974546611517658,0.9621380846325167,0.8596881959910914,96.26471524021636,High opportunity for deeper review,Small county
"Tunica County, Mississippi",9475.0,27.7,39364.0,31.1,13.3,78.7,28143,Tunica County,Mississippi,0.9538657333757556,0.9831371301304486,0.9922048997772829,0.9793191218580973,0.9032771237671015,96.23608017817371,High opportunity for deeper review,Small county
"Dimmit County, Texas",8380.0,26.0,38808.0,41.1,8.4,73.9,48127,Dimmit County,Texas,0.9167992363983455,0.9980909958638243,0.9389118676423799,0.9818644607063315,0.965478841870824,96.0229080496341,High opportunity for deeper review,Small county
"McKinley County, New Mexico",70431.0,27.1,47668.0,33.2,9.0,64.8,35031,McKinley County,New Mexico,0.9452752147629653,0.9907731466751512,0.9513203945275215,0.9169583200763601,0.9933184855233853,95.95291123130767,High opportunity for deeper review,Medium county
"Coahoma County, Mississippi",20540.0,27.0,37461.0,35.5,9.9,79.0,28027,Coahoma County,Mississippi,0.9433662106267897,0.9949093223035317,0.9700922685332485,0.9856824689786828,0.8965956092904868,95.81291759465479,High opportunity for deeper review,Small county
"Holmes County, Mississippi",16191.0,24.5,32538.0,36.4,9.5,68.2,28051,Holmes County,Mississippi,0.8227807826916959,0.9955456570155902,0.9634107540566338,0.9955456570155902,0.9888641425389755,95.32293986636971,High opportunity for deeper review,Small county
"Phillips County, Arkansas",15450.0,26.2,40134.0,29.3,14.5,79.3,5107,Phillips County,Arkansas,0.9230034998409163,0.9769328666878778,0.9945911549475024,0.9751829462297168,0.8911867642379891,95.21794463888007,High opportunity for deeper review,Small county
"Zapata County, Texas",13841.0,31.6,39239.0,38.4,7.3,79.4,48505,Zapata County,Texas,0.9883868915049316,0.9968183264397072,0.8978682787146038,0.9805917912822144,0.8891186764237989,95.05567928730511,High opportunity for deeper review,Small county
"Bennett County, South Dakota",3345.0,35.1,53750.0,29.9,10.0,65.2,46007,Bennett County,South Dakota,0.9965001590836781,0.9788418708240535,0.9721603563474388,0.8098950047725103,0.993000318167356,95.00795418390074,High opportunity for deeper review,Small county
"Noxubee County, Mississippi",10025.0,25.1,33833.0,26.3,8.6,69.8,28103,Noxubee County,Mississippi,0.8657333757556475,0.9621380846325167,0.9430480432707604,0.993000318167356,0.9837734648425072,94.95386573337574,High opportunity for deeper review,Small county
"Randolph County, Georgia",6196.0,27.0,28380.0,30.0,10.9,81.5,13243,Randolph County,Georgia,0.9433662106267897,0.979478205536112,0.981228125994273,0.9993636652879414,0.8324848870505887,94.7184218899141,High opportunity for deeper review,Small county
"Duval County, Texas",9742.0,25.2,49038.0,33.3,11.0,68.9,48131,Duval County,Texas,0.8736875596563792,0.9917276487432389,0.9823417117403754,0.8991409481387209,0.9871142220808146,94.68024180719057,High opportunity for deeper review,Small county
"Mellette County, South Dakota",1943.0,28.7,54076.0,41.7,12.5,74.4,46095,Mellette County,South Dakota,0.9651606745147948,0.9984091632198536,0.9891823098950048,0.804327076041998,0.9605472478523703,94.35252943048043,High opportunity for deeper review,Small county
"Dillon County, South Carolina",27862.0,25.3,46605.0,27.7,9.0,70.4,45033,Dillon County,South Carolina,0.8813235762010818,0.96945593382119,0.9513203945275215,0.9271396754692969,0.9821826280623608,94.22844416162903,High opportunity for deeper review,Small county
"Jim Hogg County, Texas",4727.0,32.3,42211.0,31.4,6.3,76.3,48247,Jim Hogg County,Texas,0.9906140629971365,0.9842507158765511,0.8251670378619154,0.9608654152083996,0.9412981228125994,94.04390709513206,High opportunity for deeper review,Small county
"Rosebud County, Montana",8165.0,28.3,49914.0,24.5,10.6,77.4,30087,Rosebud County,Montana,0.9611835825644289,0.9443207126948775,0.9778873687559656,0.8825962456251989,0.926185173401209,93.8434616608336,High opportunity for deeper review,Small county
"Evangeline Parish, Louisiana",32060.0,25.7,41915.0,24.3,9.8,78.7,22039,Evangeline Parish,Louisiana,0.904390709513204,0.941457206490614,0.967706013363029,0.9643652561247216,0.9032771237671015,93.6239261851734,High opportunity for deeper review,Small county
"Turner County, Georgia",8939.0,25.0,36799.0,20.3,12.2,72.6,13287,Turner County,Georgia,0.8584155265669742,0.858097359210945,0.987750556792873,0.9872733057588291,0.9727966910594973,93.28666878778238,High opportunity for deeper review,Small county
"Roosevelt County, Montana",10526.0,32.9,57063.0,30.4,10.8,74.1,30085,Roosevelt County,Montana,0.9922048997772829,0.9805917912822144,0.9796372892141266,0.7391027680559974,0.9642061724467069,93.11485841552656,High opportunity for deeper review,Small county
"Desha County, Arkansas",10786.0,24.9,37662.0,28.3,8.0,78.0,5041,Desha County,Arkansas,0.8523703468024181,0.9727966910594973,0.9266624244352529,0.9837734648425072,0.9171174037543748,93.054406617881,High opportunity for deeper review,Small county
"Washington County, Mississippi",42765.0,25.6,42165.0,26.4,6.3,50.2,28151,Washington County,Mississippi,0.900413617562838,0.9634107540566338,0.8251670378619154,0.9615017499204581,0.9992045816099269,92.99395482023544,High opportunity for deeper review,Small county
"Kusilvak Census Area, Alaska",8176.0,42.1,51471.0,32.4,19.8,82.5,2158,Kusilvak Census Area,Alaska,1.0,0.987750556792873,0.9987273305758829,0.8568246897868279,0.793032134902959,92.72669424117088,High opportunity for deeper review,Small county
"St. Landry Parish, Louisiana",81670.0,26.6,44462.0,26.8,6.3,74.3,22097,St. Landry Parish,Louisiana,0.9339802736239262,0.9648425071587655,0.8251670378619154,0.947184218899141,0.9616608335984728,92.65669742284443,High opportunity for deeper review,Medium county
"Quitman County, Mississippi",5774.0,23.1,32412.0,29.6,12.4,66.5,28119,Quitman County,Mississippi,0.6719694559338212,0.9778873687559656,0.988227807826917,0.9961819917276488,0.9909322303531658,92.50397709195039,High opportunity for deeper review,Small county
"Sharkey County, Mississippi",3872.0,23.3,40000.0,30.9,9.1,48.6,28125,Sharkey County,Mississippi,0.6998090995863825,0.9821826280623608,0.9540248170537703,0.9764556156538339,0.9996818326439707,92.24307986000635,High opportunity for deeper review,Small county
"Bolivar County, Mississippi",29534.0,24.6,39585.0,32.6,7.1,77.9,28011,Bolivar County,Mississippi,0.8321667196945594,0.9888641425389755,0.8864142538975501,0.9783646197900095,0.9188673242125358,92.0935412026726,High opportunity for deeper review,Small county
"Lawrence County, Mississippi",11786.0,24.4,43531.0,23.7,9.2,75.6,28077,Lawrence County,Mississippi,0.8132357620108177,0.933184855233853,0.9567292395800191,0.9538657333757556,0.947184218899141,92.08399618199172,High opportunity for deeper review,Small county
"Harding County, New Mexico",741.0,25.4,48553.0,19.4,15.3,71.7,35021,Harding County,New Mexico,0.8884823417117403,0.8313713013044861,0.995227489659561,0.9080496341075406,0.97597836461979,91.98218262806236,High opportunity for deeper review,Small county
"Franklin Parish, Louisiana",19408.0,24.8,47020.0,24.1,8.2,76.0,22041,Franklin Parish,Louisiana,0.8461660833598473,0.9379573655742921,0.9342984409799554,0.92141266306077,0.9444797963728921,91.68628698695514,High opportunity for deeper review,Small county
"Adair County, Oklahoma",19575.0,26.1,48041.0,21.5,6.9,71.1,40001,Adair County,Oklahoma,0.9206172446706968,0.8897550111358574,0.875119312758511,0.9125039770919504,0.9793191218580973,91.54629335030225,High opportunity for deeper review,Small county
"Jeff Davis County, Georgia",14924.0,25.6,40283.0,21.8,6.7,76.6,13161,Jeff Davis County,Georgia,0.900413617562838,0.8985046134266624,0.861119949093223,0.9745466115176583,0.9376391982182628,91.4444797963729,High opportunity for deeper review,Small county
"Glacier County, Montana",13637.0,30.3,46875.0,31.1,10.0,84.0,30035,Glacier County,Montana,0.9793191218580973,0.9831371301304486,0.9721603563474388,0.9220489977728286,0.7134902958956411,91.4031180400891,High opportunity for deeper review,Small county
"Presidio County, Texas",5930.0,25.6,43802.0,32.0,6.7,80.4,48377,Presidio County,Texas,0.900413617562838,0.9858415526566974,0.861119949093223,0.9525930639516386,0.8655742920776328,91.31084950684058,High opportunity for deeper review,Small county
"Washington Parish, Louisiana",45120.0,23.7,45380.0,24.3,9.9,74.2,22117,Washington Parish,Louisiana,0.7476932866687878,0.941457206490614,0.9700922685332485,0.9389118676423799,0.9629335030225898,91.22176264715239,High opportunity for deeper review,Small county
"Corson County, South Dakota",3806.0,35.3,46406.0,44.2,23.5,85.1,46031,Corson County,South Dakota,0.9971364937957365,0.9993636652879414,0.999522748965956,0.9280941775373847,0.636652879414572,91.2153993000318,High opportunity for deeper review,Small county
"Robeson County, North Carolina",116902.0,25.8,41978.0,27.2,6.0,77.6,37155,Robeson County,North Carolina,0.9085268851415845,0.9675469296850143,0.7971683105313395,0.9630925867006045,0.9234807508749603,91.19630925867007,High opportunity for deeper review,Medium county
"Dallas County, Alabama",36858.0,23.6,35627.0,31.0,11.0,80.5,1047,Dallas County,Alabama,0.7367165128857779,0.9825007954183901,0.9823417117403754,0.9898186446070634,0.8622335348393255,91.07222398981864,High opportunity for deeper review,Small county
"Yazoo County, Mississippi",24835.0,22.9,39295.0,30.8,9.7,73.1,28163,Yazoo County,Mississippi,0.6455615653833917,0.9818644607063315,0.9657970092268533,0.9799554565701559,0.9699331848552338,90.86223353483932,High opportunity for deeper review,Small county
"Maverick County, Texas",58082.0,30.8,49568.0,22.8,7.7,81.4,48323,Maverick County,Texas,0.9828189627744194,0.9185491568565065,0.9172764874323894,0.8883232580337257,0.8358256442888959,90.85587018771874,High opportunity for deeper review,Medium county
"Acadia Parish, Louisiana",56955.0,26.0,45562.0,25.0,7.7,81.9,22001,Acadia Parish,Louisiana,0.9167992363983455,0.9511613108495068,0.9172764874323894,0.9373210308622335,0.8194400254533885,90.83996181991726,High opportunity for deeper review,Medium county
"Madison Parish, Louisiana",9513.0,25.6,35456.0,34.5,5.5,77.8,22065,Madison Parish,Louisiana,0.900413617562838,0.9942729875914731,0.7265351574928413,0.9901368119630926,0.9206172446706968,90.63951638561883,High opportunity for deeper review,Small county
"Navajo County, Arizona",108415.0,25.2,54606.0,24.7,8.8,74.2,4017,Navajo County,Arizona,0.8736875596563792,0.947184218899141,0.9470251352211263,0.79478205536112,0.9629335030225898,90.51224944320711,High opportunity for deeper review,Medium county
"Morehouse Parish, Louisiana",24551.0,23.1,39454.0,29.3,9.4,76.7,22067,Morehouse Parish,Louisiana,0.6719694559338212,0.9769328666878778,0.9613426662424436,0.9786827871460388,0.9362074451161311,90.50270442252625,High opportunity for deeper review,Small county
"Avoyelles Parish, Louisiana",38905.0,23.9,39325.0,27.8,6.9,78.3,22009,Avoyelles Parish,Louisiana,0.7671014953865734,0.9702513522112631,0.875119312758511,0.9796372892141266,0.9110722239898187,90.06363347120585,High opportunity for deeper review,Small county
"Pemiscot County, Missouri",14958.0,26.1,40089.0,29.6,9.7,84.8,29155,Pemiscot County,Missouri,0.9206172446706968,0.9778873687559656,0.9657970092268533,0.9755011135857461,0.6605154311167674,90.00636334712058,High opportunity for deeper review,Small county
"Jim Wells County, Texas",38850.0,27.3,51896.0,24.7,6.1,75.5,48249,Jim Wells County,Texas,0.9486159720012727,0.947184218899141,0.8075087496022908,0.8485523385300668,0.9482978046452434,90.00318167356029,High opportunity for deeper review,Small county
"Concordia Parish, Louisiana",18174.0,23.4,39943.0,31.8,11.7,81.4,22029,Concordia Parish,Louisiana,0.7114222080814508,0.9850461342666242,0.9850461342666242,0.977728285077951,0.8358256442888959,89.90136811963092,High opportunity for deeper review,Small county
"Pike County, Mississippi",39602.0,25.5,43814.0,27.1,5.8,78.8,28113,Pike County,Mississippi,0.8950047725103404,0.9669105949729557,0.7664651606745148,0.9522748965956093,0.9013681196309259,89.64047088768693,High opportunity for deeper review,Small county
"Luna County, New Mexico",25611.0,25.8,36419.0,28.6,5.4,79.4,35029,Luna County,New Mexico,0.9085268851415845,0.9745466115176583,0.7085587018771874,0.9885459751829462,0.8891186764237989,89.3859370028635,High opportunity for deeper review,Small county
"Hale County, Alabama",14829.0,24.2,39250.0,24.6,6.0,75.4,1065,Hale County,Alabama,0.7946229716831054,0.9455933821189946,0.7971683105313395,0.9802736239261852,0.950206808781419,89.35730194082086,High opportunity for deeper review,Small county
"Panola County, Mississippi",32808.0,24.7,45945.0,23.3,6.6,78.4,28107,Panola County,Mississippi,0.8396436525612472,0.9292077632834871,0.8533248488705059,0.9341393573019409,0.9090041361756284,89.3063951638562,High opportunity for deeper review,Small county
"Crisp County, Georgia",19790.0,23.6,45105.0,23.3,7.5,75.5,13081,Crisp County,Georgia,0.7367165128857779,0.9292077632834871,0.9080496341075406,0.9408208717785556,0.9482978046452434,89.26185173401208,High opportunity for deeper review,Small county
"Barnwell County, South Carolina",20521.0,23.7,46626.0,25.0,7.0,75.2,45011,Barnwell County,South Carolina,0.7476932866687878,0.9511613108495068,0.8806872414890232,0.9268215081132676,0.9525930639516386,89.17912822144449,High opportunity for deeper review,Small county
"Dewey County, South Dakota",5205.0,38.3,54104.0,33.0,13.9,84.7,46041,Dewey County,South Dakota,0.9984091632198536,0.9898186446070634,0.9937957365574293,0.803054406617881,0.6699013681196309,89.09958638243717,High opportunity for deeper review,Small county
"Ziebach County, South Dakota",2377.0,25.2,53958.0,33.5,23.5,83.0,46137,Ziebach County,South Dakota,0.8736875596563792,0.9925230671333122,0.999522748965956,0.806554247534203,0.7712376710149539,88.8705058860961,High opportunity for deeper review,Small county
"Cibola County, New Mexico",26845.0,23.2,50759.0,28.4,10.5,78.1,35006,Cibola County,New Mexico,0.6870824053452116,0.9734330257715559,0.9772510340439071,0.8676423798918231,0.9155265669742284,88.41870824053451,High opportunity for deeper review,Small county
"San Juan County, New Mexico",120942.0,24.9,55872.0,23.1,7.3,72.4,35045,San Juan County,New Mexico,0.8523703468024181,0.9257079223671651,0.8978682787146038,0.7674196627426026,0.9739102768055997,88.3455297486478,High opportunity for deeper review,Medium county
"Scott County, Mississippi",27718.0,28.2,48786.0,22.2,5.5,77.9,28123,Scott County,Mississippi,0.9594336621062679,0.9069360483614382,0.7265351574928413,0.90391345847916,0.9188673242125358,88.31371301304486,High opportunity for deeper review,Small county
"Dougherty County, Georgia",83091.0,24.1,49044.0,25.0,10.2,82.3,13095,Dougherty County,Georgia,0.7858733693923003,0.9511613108495068,0.9755011135857461,0.8988227807826917,0.8028953229398663,88.28507795100222,High opportunity for deeper review,Medium county
"Wayne County, Mississippi",19718.0,24.9,37619.0,22.8,7.0,82.9,28153,Wayne County,Mississippi,0.8523703468024181,0.9185491568565065,0.8806872414890232,0.9847279669105949,0.7758510976773783,88.24371619471843,High opportunity for deeper review,Small county
"Early County, Georgia",10603.0,24.4,54083.0,23.6,6.7,70.7,13099,Early County,Georgia,0.8132357620108177,0.9320712694877505,0.861119949093223,0.8040089086859689,0.9807508749602291,87.82373528475978,High opportunity for deeper review,Small county
"Bienville Parish, Louisiana",12638.0,22.6,35011.0,29.2,6.3,65.7,22013,Bienville Parish,Louisiana,0.6056315622017181,0.9764556156538339,0.8251670378619154,0.9914094813872096,0.9922048997772829,87.8173719376392,High opportunity for deeper review,Small county
"Tensas Parish, Louisiana",3935.0,21.4,36615.0,34.4,11.4,70.0,22107,Tensas Parish,Louisiana,0.44177537384664334,0.9939548202354438,0.9836143811644925,0.9879096404708877,0.9834552974864779,87.8141902640789,High opportunity for deeper review,Small county
"Scott County, Tennessee",22113.0,23.5,44711.0,23.1,7.5,79.7,47151,Scott County,Tennessee,0.7239898186446071,0.9257079223671651,0.9080496341075406,0.9457524657970092,0.8819599109131403,87.70919503658924,High opportunity for deeper review,Small county
"Powell County, Kentucky",13038.0,24.8,40309.0,22.5,5.8,79.7,21197,Powell County,Kentucky,0.8461660833598473,0.912663060769965,0.7664651606745148,0.974228444161629,0.8819599109131403,87.62965319758193,High opportunity for deeper review,Small county
"Marion County, South Carolina",28664.0,22.1,36301.0,30.0,7.2,69.4,45067,Marion County,South Carolina,0.5359529112313076,0.979478205536112,0.8919821826280624,0.9888641425389755,0.9847279669105949,87.62010817690104,High opportunity for deeper review,Small county
"Wilcox County, Alabama",10172.0,22.2,40640.0,28.2,11.8,78.9,1131,Wilcox County,Alabama,0.5493159401845371,0.9721603563474388,0.9853643016226535,0.9732739420935412,0.8989818644607064,87.58192809417753,High opportunity for deeper review,Small county
"Bradley County, Arkansas",10208.0,24.5,41476.0,19.9,6.6,79.7,5011,Bradley County,Arkansas,0.8227807826916959,0.8469615017499205,0.8533248488705059,0.96945593382119,0.8819599109131403,87.48965956092907,High opportunity for deeper review,Small county
"Neshoba County, Mississippi",28932.0,27.5,57013.0,23.1,7.5,81.1,28099,Neshoba County,Mississippi,0.9514794782055361,0.9257079223671651,0.9080496341075406,0.7410117721921731,0.845847916003818,87.44193445752467,High opportunity for deeper review,Small county
"Big Horn County, Montana",12891.0,31.3,58750.0,22.1,13.2,82.7,30003,Big Horn County,Montana,0.9872733057588291,0.9055042952593064,0.9917276487432389,0.6988545975182946,0.7846006999681833,87.35921094495704,High opportunity for deeper review,Small county
"Richland Parish, Louisiana",19822.0,23.6,53544.0,24.0,8.9,77.6,22083,Richland Parish,Louisiana,0.7367165128857779,0.9365256124721604,0.948456888323258,0.8138720967228762,0.9234807508749603,87.18103722558067,High opportunity for deeper review,Small county
"Allen Parish, Louisiana",22477.0,23.2,46469.0,23.1,9.8,81.0,22003,Allen Parish,Louisiana,0.6870824053452116,0.9257079223671651,0.967706013363029,0.9274578428253262,0.8482341711740375,87.12376710149539,High opportunity for deeper review,Small county
"Ware County, Georgia",35976.0,24.8,47448.0,21.5,5.9,77.9,13299,Ware County,Georgia,0.8461660833598473,0.8897550111358574,0.7820553611199491,0.917912822144448,0.9188673242125358,87.09513203945276,High opportunity for deeper review,Small county
"Caldwell Parish, Louisiana",9500.0,22.5,47028.0,29.8,10.1,79.4,22021,Caldwell Parish,Louisiana,0.5911549475023863,0.9783646197900095,0.974228444161629,0.9210944957047407,0.8891186764237989,87.07922367165128,High opportunity for deeper review,Small county
"Harlan County, Kentucky",25772.0,23.7,41693.0,27.4,9.5,84.2,21095,Harlan County,Kentucky,0.7476932866687878,0.9681832643970728,0.9634107540566338,0.9675469296850143,0.7015590200445434,86.96786509704104,High opportunity for deeper review,Small county
"Hempstead County, Arkansas",19508.0,25.3,46787.0,20.2,5.6,75.7,5057,Hempstead County,Arkansas,0.8813235762010818,0.8553929366846962,0.7402163538020999,0.9239580019090041,0.9468660515431117,86.95513840279988,High opportunity for deeper review,Small county
"Bell County, Kentucky",23509.0,21.9,31354.0,28.8,10.1,79.3,21013,Bell County,Kentucky,0.5068405981546293,0.9756601972637607,0.974228444161629,0.9977728285077951,0.8911867642379891,86.91377664651607,High opportunity for deeper review,Small county
"Perry County, Alabama",8031.0,21.3,37654.0,31.4,16.5,75.5,1105,Perry County,Alabama,0.42888959592745785,0.9842507158765511,0.9965001590836781,0.9840916321985365,0.9482978046452434,86.84059815462935,High opportunity for deeper review,Small county
"Sunflower County, Mississippi",24333.0,21.4,39956.0,28.9,11.2,74.5,28133,Sunflower County,Mississippi,0.44177537384664334,0.9761374482978047,0.9831371301304486,0.9774101177219218,0.9594336621062679,86.75787464206174,High opportunity for deeper review,Small county
"Cochran County, Texas",2550.0,28.0,45313.0,27.8,4.8,79.7,48079,Cochran County,Texas,0.9580019090041362,0.9702513522112631,0.5874960229080496,0.9398663697104677,0.8819599109131403,86.75151129494114,High opportunity for deeper review,Small county
"Monroe County, Arkansas",6589.0,23.6,43214.0,20.6,9.8,82.3,5095,Monroe County,Arkansas,0.7367165128857779,0.8660515431116768,0.967706013363029,0.9551384027998727,0.8028953229398663,86.57015590200444,High opportunity for deeper review,Small county
"Jefferson County, Oklahoma",5380.0,25.0,48668.0,23.1,5.2,74.3,40067,Jefferson County,Oklahoma,0.8584155265669742,0.9257079223671651,0.6683105313394846,0.9055042952593064,0.9616608335984728,86.39198218262807,High opportunity for deeper review,Small county
"Howard County, Arkansas",12583.0,25.7,45603.0,22.5,5.4,80.8,5061,Howard County,Arkansas,0.904390709513204,0.912663060769965,0.7085587018771874,0.936684696150175,0.8536430162265352,86.31880369074132,High opportunity for deeper review,Small county
"Lowndes County, Alabama",9833.0,21.9,37052.0,29.9,6.8,72.5,1085,Lowndes County,Alabama,0.5068405981546293,0.9788418708240535,0.8685968819599109,0.9863188036907413,0.9732739420935412,86.27744193445753,High opportunity for deeper review,Small county
"Fleming County, Kentucky",15323.0,23.9,49307.0,21.2,7.5,80.5,21069,Fleming County,Kentucky,0.7671014953865734,0.8829144129812281,0.9080496341075406,0.8934139357301941,0.8622335348393255,86.27426026089722,High opportunity for deeper review,Small county
"Claiborne County, Mississippi",8582.0,21.8,31897.0,30.7,6.9,74.1,28021,Claiborne County,Mississippi,0.4928412344893414,0.9815462933503023,0.875119312758511,0.9968183264397072,0.9642061724467069,86.21062678969137,High opportunity for deeper review,Small county
"Whitley County, Kentucky",36920.0,26.2,44615.0,26.3,5.4,83.3,21235,Whitley County,Kentucky,0.9230034998409163,0.9621380846325167,0.7085587018771874,0.9468660515431117,0.7569201399936367,85.94972955774737,High opportunity for deeper review,Small county
"Seminole County, Oklahoma",23494.0,24.3,48062.0,21.7,6.3,80.7,40133,Seminole County,Oklahoma,0.8033725739739103,0.8950047725103404,0.8251670378619154,0.9121858097359211,0.8566656061088133,85.847916003818,High opportunity for deeper review,Small county
"Knox County, Kentucky",29865.0,23.6,32527.0,36.9,8.1,85.3,21121,Knox County,Kentucky,0.7367165128857779,0.9958638243716195,0.9306395163856188,0.9958638243716195,0.6209035952911232,85.59974546611517,High opportunity for deeper review,Small county
"Casey County, Kentucky",15914.0,23.0,45510.0,21.7,8.9,81.4,21045,Casey County,Kentucky,0.657651924912504,0.8950047725103404,0.948456888323258,0.9379573655742921,0.8358256442888959,85.49793191218582,High opportunity for deeper review,Small county
"Decatur County, Georgia",29195.0,24.2,53317.0,22.0,6.3,77.0,13087,Decatur County,Georgia,0.7946229716831054,0.9035952911231308,0.8251670378619154,0.8186446070633153,0.9314349347756921,85.46929685014317,High opportunity for deeper review,Small county
"Tillman County, Oklahoma",6910.0,23.8,48939.0,21.0,5.9,74.9,40141,Tillman County,Oklahoma,0.7573973910276806,0.8781419026407891,0.7820553611199491,0.9004136175628381,0.9552974864778874,85.46611517658287,High opportunity for deeper review,Small county
"Russell County, Alabama",58811.0,24.3,51197.0,22.2,6.2,79.7,1113,Russell County,Alabama,0.8033725739739103,0.9069360483614382,0.8153038498250079,0.8615972001272669,0.8819599109131403,85.38339166401528,High opportunity for deeper review,Medium county
"Sabine Parish, Louisiana",21977.0,23.2,50329.0,23.7,6.6,78.1,22085,Sabine Parish,Louisiana,0.6870824053452116,0.933184855233853,0.8533248488705059,0.8759147311485842,0.9155265669742284,85.30066815144765,High opportunity for deeper review,Small county
"Poinsett County, Arkansas",22543.0,24.2,46707.0,20.1,6.4,80.9,5111,Poinsett County,Arkansas,0.7946229716831054,0.8523703468024181,0.8361438116449252,0.9249125039770919,0.8509385937002863,85.17976455615654,High opportunity for deeper review,Small county
"St. Helena Parish, Louisiana",10858.0,20.4,41934.0,32.4,17.6,69.2,22091,St. Helena Parish,Louisiana,0.3181673560292714,0.987750556792873,0.9977728285077951,0.9640470887686924,0.9858415526566974,85.07158765510658,High opportunity for deeper review,Small county
"Escambia County, Alabama",36629.0,22.7,48225.0,20.0,10.1,79.0,1053,Escambia County,Alabama,0.6193127585109768,0.8498250079541839,0.974228444161629,0.9105949729557747,0.8965956092904868,85.01113585746103,High opportunity for deeper review,Small county
"De Soto Parish, Louisiana",27026.0,23.9,48578.0,21.5,6.0,79.5,22031,De Soto Parish,Louisiana,0.7671014953865734,0.8897550111358574,0.7971683105313395,0.9072542157174674,0.8872096722876233,84.96977410117722,High opportunity for deeper review,Small county
"Nolan County, Texas",14454.0,25.4,50747.0,22.5,6.0,82.9,48353,Nolan County,Texas,0.8884823417117403,0.912663060769965,0.7971683105313395,0.8684377982818963,0.7758510976773783,84.85205217944639,High opportunity for deeper review,Small county
"San Juan County, Utah",14483.0,28.4,64481.0,18.1,12.5,72.4,49037,San Juan County,Utah,0.9626153356665607,0.7838052815781101,0.9891823098950048,0.5313394845688832,0.9739102768055997,84.81705377028315,High opportunity for deeper review,Small county
"Lenoir County, North Carolina",54919.0,22.6,45143.0,22.0,9.0,81.3,37107,Lenoir County,North Carolina,0.6056315622017181,0.9035952911231308,0.9513203945275215,0.940184537066497,0.8393254852052179,84.80114540248171,High opportunity for deeper review,Medium county
"Catahoula Parish, Louisiana",8583.0,22.1,50275.0,24.3,8.9,76.7,22025,Catahoula Parish,Louisiana,0.5359529112313076,0.941457206490614,0.948456888323258,0.8771874005727013,0.9362074451161311,84.78523703468024,High opportunity for deeper review,Small county
"Chickasaw County, Mississippi",16915.0,24.8,43586.0,23.5,4.9,79.2,28017,Chickasaw County,Mississippi,0.8461660833598473,0.9314349347756921,0.6104040725421572,0.9535475660197263,0.8930957683741648,84.69296850143175,High opportunity for deeper review,Small county
"Mississippi County, Arkansas",39126.0,25.9,52548.0,21.1,6.9,83.8,5093,Mississippi County,Arkansas,0.9128221444479796,0.8810054088450525,0.875119312758511,0.8358256442888959,0.727966910594973,84.65478841870822,High opportunity for deeper review,Small county
"McDonald County, Missouri",23701.0,25.5,52375.0,16.8,6.8,78.9,29119,McDonald County,Missouri,0.8950047725103404,0.720489977728285,0.8685968819599109,0.8393254852052179,0.8989818644607064,84.44797963728922,High opportunity for deeper review,Small county
"Tallahatchie County, Mississippi",11764.0,20.5,37466.0,24.6,10.2,68.8,28135,Tallahatchie County,Mississippi,0.32818962774419347,0.9455933821189946,0.9755011135857461,0.9853643016226535,0.9875914731148584,84.44479796372892,High opportunity for deeper review,Small county
"Cameron County, Texas",426120.0,28.7,52601.0,24.8,5.9,84.4,48061,Cameron County,Texas,0.9651606745147948,0.948934139357302,0.7820553611199491,0.8345529748647789,0.6902640789055043,84.41934457524658,High opportunity for deeper review,Large county
"Magoffin County, Kentucky",11348.0,22.4,33080.0,38.2,9.0,84.2,21153,Magoffin County,Kentucky,0.5760419980909959,0.9965001590836781,0.9513203945275215,0.9949093223035317,0.7015590200445434,84.40661788100542,High opportunity for deeper review,Small county
"Choctaw County, Oklahoma",14297.0,24.5,44081.0,23.2,4.8,77.0,40023,Choctaw County,Oklahoma,0.8227807826916959,0.9277760101813554,0.5874960229080496,0.9506840598154629,0.9314349347756921,84.40343620744511,High opportunity for deeper review,Small county
"Edgecombe County, North Carolina",48736.0,22.9,51265.0,21.7,8.7,80.0,37065,Edgecombe County,North Carolina,0.6455615653833917,0.8950047725103404,0.9452752147629653,0.8593700286350621,0.8748011454024818,84.40025453388482,High opportunity for deeper review,Small county
"Leake County, Mississippi",21319.0,23.4,50728.0,20.5,6.2,74.8,28079,Leake County,Mississippi,0.7114222080814508,0.862869869551384,0.8153038498250079,0.8689150493159402,0.9564110722239898,84.29844097995544,High opportunity for deeper review,Small county
"Miller County, Arkansas",42360.0,23.4,48836.0,24.6,7.1,83.1,5091,Miller County,Arkansas,0.7114222080814508,0.9455933821189946,0.8864142538975501,0.902640789055043,0.7661469933184855,84.24435252943049,High opportunity for deeper review,Small county
"Bullock County, Alabama",10058.0,20.6,31310.0,33.3,7.2,68.1,1011,Bullock County,Alabama,0.3398027362392618,0.9917276487432389,0.8919821826280624,0.9980909958638243,0.9891823098950048,84.21571746738785,High opportunity for deeper review,Small county
"Harmon County, Oklahoma",2406.0,24.4,43333.0,22.7,7.2,85.2,40057,Harmon County,Oklahoma,0.8132357620108177,0.9167992363983455,0.8919821826280624,0.9543429844097996,0.6275851097677378,84.07890550429526,High opportunity for deeper review,Small county
"Chicot County, Arkansas",9765.0,21.7,39045.0,22.6,9.1,80.1,5017,Chicot County,Arkansas,0.48106904231625836,0.9150493159401846,0.9540248170537703,0.981228125994273,0.8722558065542475,84.07254215717467,High opportunity for deeper review,Small county
"Willacy County, Texas",20139.0,23.6,54180.0,24.0,7.5,81.9,48489,Willacy County,Texas,0.7367165128857779,0.9365256124721604,0.9080496341075406,0.8020999045497932,0.8194400254533885,84.05663378937322,High opportunity for deeper review,Small county
"Emanuel County, Georgia",23026.0,24.9,52772.0,25.7,8.9,85.5,13107,Emanuel County,Georgia,0.8523703468024181,0.9584791600381801,0.948456888323258,0.8310531339484569,0.6081769010499523,83.97072860324532,High opportunity for deeper review,Small county
"Breathitt County, Kentucky",13276.0,21.2,34808.0,33.1,9.3,81.2,21025,Breathitt County,Kentucky,0.4139357301940821,0.9901368119630926,0.9595927457842826,0.9920458160992682,0.8426662424435253,83.96754692968503,High opportunity for deeper review,Small county
"Hancock County, Tennessee",6852.0,21.2,34960.0,32.2,6.3,71.1,47067,Hancock County,Tennessee,0.4139357301940821,0.9867960547247853,0.8251670378619154,0.9917276487432389,0.9793191218580973,83.93891186764237,High opportunity for deeper review,Small county
"Jasper County, Mississippi",16059.0,22.9,48660.0,19.4,6.2,64.5,28061,Jasper County,Mississippi,0.6455615653833917,0.8313713013044861,0.8153038498250079,0.9058224626153357,0.9937957365574293,83.83709831371303,High opportunity for deeper review,Small county
"Coal County, Oklahoma",5320.0,24.1,50423.0,20.8,7.5,83.5,40029,Coal County,Oklahoma,0.7858733693923003,0.8728921412663061,0.9080496341075406,0.8740057270124085,0.7459433662106267,83.73528475978364,High opportunity for deeper review,Small county
"Randolph County, Arkansas",18838.0,24.5,50911.0,22.4,5.3,78.8,5121,Randolph County,Arkansas,0.8227807826916959,0.9101177219217308,0.6870824053452116,0.8654152083996182,0.9013681196309259,83.73528475978364,High opportunity for deeper review,Small county
"Russell County, Kentucky",18221.0,23.1,44738.0,23.1,6.4,82.2,21207,Russell County,Kentucky,0.6719694559338212,0.9257079223671651,0.8361438116449252,0.9452752147629653,0.8076678332803054,83.73528475978364,High opportunity for deeper review,Small county
"Lawrence County, Kentucky",16077.0,23.4,46772.0,21.8,7.7,83.7,21127,Lawrence County,Kentucky,0.7114222080814508,0.8985046134266624,0.9172764874323894,0.9242761692650334,0.7336939230034998,83.70346802418072,High opportunity for deeper review,Small county
"Marlboro County, South Carolina",25975.0,19.9,34301.0,28.5,9.9,70.9,45069,Marlboro County,South Carolina,0.2653515749284123,0.9740693604836144,0.9700922685332485,0.9926821508113267,0.9799554565701559,83.64301622653517,High opportunity for deeper review,Small county
"Wilkinson County, Mississippi",8162.0,20.1,35311.0,27.4,13.4,76.0,28157,Wilkinson County,Mississippi,0.2855552020362711,0.9681832643970728,0.9926821508113267,0.9907731466751512,0.9444797963728921,83.63347120585428,High opportunity for deeper review,Small county
"Halifax County, North Carolina",47675.0,21.2,45590.0,22.8,9.3,75.4,37083,Halifax County,North Carolina,0.4139357301940821,0.9185491568565065,0.9595927457842826,0.9370028635062042,0.950206808781419,83.5857461024499,High opportunity for deeper review,Small county
"Bronx County, New York",1404779.0,24.3,48676.0,27.8,11.4,86.8,36005,Bronx County,New York,0.8033725739739103,0.9702513522112631,0.9836143811644925,0.9051861279032771,0.5167037861915367,83.58256442888958,High opportunity for deeper review,Very large county
"Swisher County, Texas",6937.0,23.9,36165.0,30.1,4.3,73.1,48437,Swisher County,Texas,0.7671014953865734,0.9799554565701559,0.47216035634743875,0.9891823098950048,0.9699331848552338,83.56665606108812,High opportunity for deeper review,Small county
"Oregon County, Missouri",8673.0,23.2,43069.0,23.6,5.2,77.3,29149,Oregon County,Missouri,0.6870824053452116,0.9320712694877505,0.6683105313394846,0.9560929048679605,0.9277760101813554,83.42666242443526,High opportunity for deeper review,Small county
"Owsley County, Kentucky",3971.0,19.3,22188.0,36.1,12.6,73.3,21189,Owsley County,Kentucky,0.21158129175946547,0.995227489659561,0.9904549793191219,0.9996818326439707,0.9683423480750875,83.30575882914412,High opportunity for deeper review,Small county
"Hale County, Texas",32131.0,26.3,51897.0,20.5,5.3,81.5,48189,Hale County,Texas,0.9250715876551066,0.862869869551384,0.6870824053452116,0.8482341711740375,0.8324848870505887,83.11485841552656,High opportunity for deeper review,Small county
"Winston County, Mississippi",17536.0,22.2,53031.0,26.9,6.7,75.4,28159,Winston County,Mississippi,0.5493159401845371,0.965478841870824,0.861119949093223,0.8259624562519885,0.950206808781419,83.04167992363985,High opportunity for deeper review,Small county
"Atkinson County, Georgia",8337.0,25.3,42347.0,25.0,4.8,83.0,13003,Atkinson County,Georgia,0.8813235762010818,0.9511613108495068,0.5874960229080496,0.9595927457842826,0.7712376710149539,83.01622653515747,High opportunity for deeper review,Small county
"Mingo County, West Virginia",22542.0,22.7,38119.0,32.4,11.5,86.0,54059,Mingo County,West Virginia,0.6193127585109768,0.987750556792873,0.9842507158765511,0.9834552974864779,0.5754056633789373,83.00349984091632,High opportunity for deeper review,Small county
"Ouachita Parish, Louisiana",158480.0,24.6,54688.0,23.2,6.5,83.4,22073,Ouachita Parish,Louisiana,0.8321667196945594,0.9277760101813554,0.8450524976137448,0.7928730512249443,0.7511931275851098,82.98122812599426,High opportunity for deeper review,Medium county
"Marion County, Mississippi",24193.0,23.4,45110.0,19.7,7.5,83.5,28091,Marion County,Mississippi,0.7114222080814508,0.8410754056633789,0.9080496341075406,0.9405027044225263,0.7459433662106267,82.93986636971047,High opportunity for deeper review,Small county
"Webster Parish, Louisiana",35820.0,22.6,41182.0,23.1,5.1,66.1,22119,Webster Parish,Louisiana,0.6056315622017181,0.9257079223671651,0.6509704104358893,0.9716831053133949,0.9914094813872096,82.90804963410754,High opportunity for deeper review,Small county
"Carroll County, Kentucky",10954.0,26.6,56466.0,23.1,6.1,83.9,21041,Carroll County,Kentucky,0.9339802736239262,0.9257079223671651,0.8075087496022908,0.7559656379255488,0.7214444797963728,82.89214126630607,High opportunity for deeper review,Small county
"Danville city, Virginia",42214.0,22.6,44423.0,24.7,5.6,78.7,51590,Danville city,Virginia,0.6056315622017181,0.947184218899141,0.7402163538020999,0.9478205536111994,0.9032771237671015,82.8825962456252,High opportunity for deeper review,Small county
"Conecuh County, Alabama",11275.0,20.1,41327.0,27.8,8.7,72.7,1035,Conecuh County,Alabama,0.2855552020362711,0.9702513522112631,0.9452752147629653,0.9707286032453071,0.9721603563474388,82.87941457206489,High opportunity for deeper review,Small county
"Bibb County, Georgia",156578.0,24.4,51234.0,24.7,8.1,85.8,13021,Bibb County,Georgia,0.8132357620108177,0.947184218899141,0.9306395163856188,0.8609608654152083,0.5887686923321667,82.81578110085907,High opportunity for deeper review,Medium county
"Cross County, Arkansas",16543.0,23.7,50863.0,19.7,10.7,84.1,5037,Cross County,Arkansas,0.7476932866687878,0.8410754056633789,0.9785237034680242,0.8657333757556475,0.7071269487750557,82.80305440661789,High opportunity for deeper review,Small county
"East Carroll Parish, Louisiana",7072.0,18.8,33341.0,35.2,13.9,70.8,22035,East Carroll Parish,Louisiana,0.17578746420617244,0.9945911549475024,0.9937957365574293,0.9939548202354438,0.9802736239261852,82.76805599745465,High opportunity for deeper review,Small county
"Crittenden County, Arkansas",47266.0,27.0,55358.0,21.0,10.2,86.2,5035,Crittenden County,Arkansas,0.9433662106267897,0.8781419026407891,0.9755011135857461,0.7782373528475979,0.5620426344257079,82.74578428253261,High opportunity for deeper review,Small county
"Monroe County, Alabama",19388.0,21.2,42292.0,20.1,10.4,76.9,1099,Monroe County,Alabama,0.4139357301940821,0.8523703468024181,0.9766146993318485,0.960229080496341,0.9328666878778238,82.72033089405028,High opportunity for deeper review,Small county
"Haskell County, Oklahoma",11683.0,23.5,49806.0,20.8,6.6,82.5,40061,Haskell County,Oklahoma,0.7239898186446071,0.8728921412663061,0.8533248488705059,0.8845052497613745,0.793032134902959,82.55488386891506,High opportunity for deeper review,Small county
"Zavala County, Texas",9412.0,29.3,36749.0,33.9,4.0,83.3,48507,Zavala County,Texas,0.9713649379573656,0.9931594018453707,0.41520839961819916,0.9875914731148584,0.7569201399936367,82.48488705058861,High opportunity for deeper review,Small county
"Clarke County, Alabama",22543.0,21.5,49249.0,20.1,9.2,73.7,1025,Clarke County,Alabama,0.4540248170537703,0.8523703468024181,0.9567292395800191,0.8946866051543112,0.9662742602608972,82.48170537702832,High opportunity for deeper review,Small county
"Clay County, West Virginia",7835.0,21.8,42318.0,26.4,11.9,84.0,54015,Clay County,West Virginia,0.4928412344893414,0.9634107540566338,0.9861597200127267,0.9599109131403119,0.7134902958956411,82.31625835189308,High opportunity for deeper review,Small county
"Warren County, Georgia",5170.0,20.3,44289.0,21.4,10.0,63.2,13301,Warren County,Georgia,0.3078269169583201,0.8865733375755648,0.9721603563474388,0.9490932230353166,0.9965001590836781,82.24307986000638,High opportunity for deeper review,Small county
"Petersburg city, Virginia",33537.0,23.9,50698.0,21.7,10.0,85.5,51730,Petersburg city,Virginia,0.7671014953865734,0.8950047725103404,0.9721603563474388,0.8695513840279987,0.6081769010499523,82.23989818644608,High opportunity for deeper review,Small county
"Darlington County, South Carolina",62558.0,22.2,48581.0,21.1,6.7,78.2,45031,Darlington County,South Carolina,0.5493159401845371,0.8810054088450525,0.861119949093223,0.9067769646834235,0.9131403118040089,82.2271714922049,High opportunity for deeper review,Medium county
"Newton County, Mississippi",21093.0,24.1,50540.0,24.7,4.7,76.3,28101,Newton County,Mississippi,0.7858733693923003,0.947184218899141,0.5641107222398982,0.8724148902322622,0.9412981228125994,82.21762647152403,High opportunity for deeper review,Small county
"Grayson County, Kentucky",26707.0,23.8,50757.0,20.1,6.6,82.9,21085,Grayson County,Kentucky,0.7573973910276806,0.8523703468024181,0.8533248488705059,0.8679605472478524,0.7758510976773783,82.13808463251671,High opportunity for deeper review,Small county
"Hopewell city, Virginia",22959.0,25.4,54729.0,21.8,9.2,86.1,51670,Hopewell city,Virginia,0.8884823417117403,0.8985046134266624,0.9567292395800191,0.7919185491568566,0.5682468978682786,82.07763283487115,High opportunity for deeper review,Small county
"Orangeburg County, South Carolina",83253.0,21.4,45675.0,22.4,8.3,79.9,45075,Orangeburg County,South Carolina,0.44177537384664334,0.9101177219217308,0.9368437798281897,0.9363665287941457,0.8775055679287305,82.0521794463888,High opportunity for deeper review,Medium county
"Sumter County, Alabama",11878.0,19.3,33310.0,26.5,12.1,76.0,1119,Sumter County,Alabama,0.21158129175946547,0.9640470887686924,0.9871142220808146,0.9942729875914731,0.9444797963728921,82.02990773146675,High opportunity for deeper review,Small county
"Faulk County, South Dakota",2126.0,25.0,57750.0,28.3,5.3,80.7,46049,Faulk County,South Dakota,0.8584155265669742,0.9727966910594973,0.6870824053452116,0.7260579064587973,0.8566656061088133,82.02036271078586,High opportunity for deeper review,Small county
"Scott County, Arkansas",9816.0,22.6,43270.0,18.7,6.2,78.4,5127,Scott County,Arkansas,0.6056315622017181,0.8073496659242761,0.8153038498250079,0.9548202354438434,0.9090041361756284,81.84218899140949,High opportunity for deeper review,Small county
"Pondera County, Montana",6035.0,23.8,52338.0,21.9,5.8,81.8,30073,Pondera County,Montana,0.7573973910276806,0.9015272033089405,0.7664651606745148,0.8401209035952911,0.8243716194718422,81.79764556156537,High opportunity for deeper review,Small county
"Natchitoches Parish, Louisiana",36693.0,22.9,46292.0,25.4,5.6,81.9,22069,Natchitoches Parish,Louisiana,0.6455615653833917,0.955456570155902,0.7402163538020999,0.9290486796054724,0.8194400254533885,81.79446388800511,High opportunity for deeper review,Small county
"Muskogee County, Oklahoma",66444.0,24.4,53619.0,19.1,5.7,79.4,40101,Muskogee County,Oklahoma,0.8132357620108177,0.8208717785555202,0.7531021317212854,0.8122812599427298,0.8891186764237989,81.77219217308304,High opportunity for deeper review,Medium county
"Floyd County, Texas",5216.0,25.4,58462.0,17.9,6.0,77.8,48153,Floyd County,Texas,0.8884823417117403,0.7741011772192173,0.7971683105313395,0.7079223671651289,0.9206172446706968,81.76582882596246,High opportunity for deeper review,Small county
"St. Francis County, Arkansas",22400.0,21.2,42574.0,28.5,9.2,82.7,5123,St. Francis County,Arkansas,0.4139357301940821,0.9740693604836144,0.9567292395800191,0.9583200763601655,0.7846006999681833,81.75310213172129,High opportunity for deeper review,Small county
"Hidalgo County, Texas",891977.0,31.0,54338.0,26.7,7.6,88.0,48215,Hidalgo County,Texas,0.9850461342666242,0.9643652561247216,0.9129812281259942,0.7993954820235444,0.42141266306076997,81.66401527203308,High opportunity for deeper review,Large county
"Jackson Parish, Louisiana",14884.0,20.8,44925.0,22.3,7.4,73.9,22049,Jackson Parish,Louisiana,0.3636652879414572,0.9082087177855552,0.9029589564110723,0.9427298759147311,0.965478841870824,81.66083359847279,High opportunity for deeper review,Small county
"McCurtain County, Oklahoma",30863.0,26.4,51929.0,21.2,4.8,81.5,40089,McCurtain County,Oklahoma,0.9282532612153993,0.8829144129812281,0.5874960229080496,0.846325167037862,0.8324848870505887,81.54947502386256,High opportunity for deeper review,Small county
"Johnson County, Arkansas",26003.0,24.2,45995.0,19.8,4.6,74.3,5071,Johnson County,Arkansas,0.7946229716831054,0.8437798281896277,0.5439070951320395,0.9335030225898823,0.9616608335984728,81.54947502386256,High opportunity for deeper review,Small county
"Yukon-Koyukuk Census Area, Alaska",5195.0,26.3,55741.0,16.0,5.4,64.2,2290,Yukon-Koyukuk Census Area,Alaska,0.9250715876551066,0.6748329621380846,0.7085587018771874,0.7702831689468661,0.9944320712694877,81.46356983773465,High opportunity for deeper review,Small county
"Christian County, Kentucky",72069.0,28.3,55494.0,17.1,6.3,82.9,21047,Christian County,Kentucky,0.9611835825644289,0.7357620108176901,0.8251670378619154,0.7750556792873051,0.7758510976773783,81.46038816417436,High opportunity for deeper review,Medium county
"Jefferson Davis County, Mississippi",11117.0,19.8,38548.0,28.7,9.6,79.2,28065,Jefferson Davis County,Mississippi,0.256761056315622,0.9750238625517021,0.9651606745147948,0.9825007954183901,0.8930957683741648,81.45084314349347,High opportunity for deeper review,Small county
"Attala County, Mississippi",17526.0,25.2,51639.0,18.0,5.4,80.8,28007,Attala County,Mississippi,0.8736875596563792,0.7799872733057588,0.7085587018771874,0.8530066815144766,0.8536430162265352,81.37766465160674,High opportunity for deeper review,Small county
"Menifee County, Kentucky",6230.0,21.0,45096.0,26.9,7.9,81.2,21165,Menifee County,Kentucky,0.38832325803372575,0.965478841870824,0.9230034998409163,0.9411390391345847,0.8426662424435253,81.21221762647153,High opportunity for deeper review,Small county
"Wayne County, Georgia",30949.0,23.9,53427.0,21.3,7.2,84.3,13305,Wayne County,Georgia,0.7671014953865734,0.8845052497613745,0.8919821826280624,0.8164174355711105,0.6959910913140313,81.11994909322304,High opportunity for deeper review,Small county
"Richmond County, North Carolina",42344.0,23.5,44883.0,25.2,9.8,87.4,37153,Richmond County,North Carolina,0.7239898186446071,0.9535475660197263,0.967706013363029,0.943684377982819,0.4667515112949412,81.11358574610244,High opportunity for deeper review,Small county
"Laclede County, Missouri",36390.0,24.6,53282.0,18.2,5.3,77.2,29105,Laclede County,Missouri,0.8321667196945594,0.7873051224944321,0.6870824053452116,0.8192809417753738,0.9287305122494433,81.09131403118039,High opportunity for deeper review,Small county
"Copiah County, Mississippi",27855.0,22.4,49089.0,23.0,5.8,79.5,28029,Copiah County,Mississippi,0.5760419980909959,0.9230034998409163,0.7664651606745148,0.8980273623926185,0.8872096722876233,81.01495386573336,High opportunity for deeper review,Small county
"Caddo Parish, Louisiana",230004.0,23.5,50705.0,22.4,8.7,85.6,22017,Caddo Parish,Louisiana,0.7239898186446071,0.9101177219217308,0.9452752147629653,0.8692332166719694,0.6016544702513522,81.0054088450525,High opportunity for deeper review,Medium county
"Arkansas County, Arkansas",16515.0,23.2,53164.0,19.0,8.1,82.5,5001,Arkansas County,Arkansas,0.6870824053452116,0.8168946866051543,0.9306395163856188,0.8224626153356666,0.793032134902959,81.00222717149221,High opportunity for deeper review,Small county
"Vance County, North Carolina",42322.0,24.0,50465.0,19.8,8.2,85.3,37181,Vance County,North Carolina,0.7763283487114222,0.8437798281896277,0.9342984409799554,0.8736875596563792,0.6209035952911232,80.97995545657015,High opportunity for deeper review,Small county
"Ashley County, Arkansas",18429.0,22.5,44266.0,22.1,5.5,80.0,5003,Ashley County,Arkansas,0.5911549475023863,0.9055042952593064,0.7265351574928413,0.9494113903913458,0.8748011454024818,80.94813872096722,High opportunity for deeper review,Small county
"Sevier County, Arkansas",15712.0,28.4,53527.0,17.3,4.9,78.3,5133,Sevier County,Arkansas,0.9626153356665607,0.7475342029907731,0.6104040725421572,0.8141902640789055,0.9110722239898187,80.9163219853643,High opportunity for deeper review,Small county
"Scotland County, North Carolina",33590.0,23.2,45730.0,25.8,10.9,87.3,37165,Scotland County,North Carolina,0.6870824053452116,0.9597518294622972,0.981228125994273,0.9360483614381164,0.47709195036589247,80.82405345211582,High opportunity for deeper review,Small county
"Barbour County, Alabama",24643.0,20.7,46042.0,21.4,7.8,75.5,1005,Barbour County,Alabama,0.35141584473433024,0.8865733375755648,0.9204581609926822,0.9322303531657652,0.9482978046452434,80.77951002227172,High opportunity for deeper review,Small county
"Montgomery County, Mississippi",9602.0,22.5,41748.0,25.2,4.7,74.2,28097,Montgomery County,Mississippi,0.5911549475023863,0.9535475660197263,0.5641107222398982,0.9669105949729557,0.9629335030225898,80.77314667515112,High opportunity for deeper review,Small county
"Floyd County, Kentucky",35224.0,21.9,41279.0,28.0,7.7,84.7,21071,Floyd County,Kentucky,0.5068405981546293,0.9713649379573656,0.9172764874323894,0.9710467706013363,0.6699013681196309,80.72860324530703,High opportunity for deeper review,Small county
"Union Parish, Louisiana",20821.0,21.5,42885.0,29.4,5.1,64.1,22111,Union Parish,Louisiana,0.4540248170537703,0.9774101177219218,0.6509704104358893,0.9567292395800191,0.9950684059815463,80.68405981546294,High opportunity for deeper review,Small county
"Drew County, Arkansas",17046.0,22.0,42824.0,22.4,5.9,80.5,5043,Drew County,Arkansas,0.5224307986000636,0.9101177219217308,0.7820553611199491,0.9570474069360484,0.8622335348393255,80.67769646834235,High opportunity for deeper review,Small county
"Mahnomen County, Minnesota",5358.0,31.0,59441.0,18.3,9.8,85.5,27087,Mahnomen County,Minnesota,0.9850461342666242,0.793032134902959,0.967706013363029,0.6786509704104359,0.6081769010499523,80.65224307986,High opportunity for deeper review,Small county
"Brooks County, Texas",6943.0,20.9,47764.0,19.4,19.9,78.9,48047,Brooks County,Texas,0.3773464842507159,0.8313713013044861,0.9990454979319122,0.9163219853643016,0.8989818644607064,80.46134266624246,High opportunity for deeper review,Small county
"Butler County, Alabama",18630.0,22.1,44755.0,22.4,6.5,82.7,1013,Butler County,Alabama,0.5359529112313076,0.9101177219217308,0.8450524976137448,0.9449570474069361,0.7846006999681833,80.41361756283806,High opportunity for deeper review,Small county
"Worth County, Georgia",20451.0,22.2,58694.0,24.0,6.9,74.5,13321,Worth County,Georgia,0.5493159401845371,0.9365256124721604,0.875119312758511,0.7002863506204263,0.9594336621062679,80.41361756283806,High opportunity for deeper review,Small county
"Adams County, Ohio",27540.0,23.9,50264.0,20.2,6.4,84.5,39001,Adams County,Ohio,0.7671014953865734,0.8553929366846962,0.8361438116449252,0.8778237352847598,0.6839007317849188,80.40725421571746,High opportunity for deeper review,Small county
"Allendale County, South Carolina",7661.0,18.2,32328.0,28.2,8.5,73.6,45005,Allendale County,South Carolina,0.14078905504295258,0.9721603563474388,0.9411390391345847,0.9965001590836781,0.9665924276169265,80.34362074451161,High opportunity for deeper review,Small county
"Quay County, New Mexico",8564.0,19.6,41946.0,27.1,7.4,76.4,35037,Quay County,New Mexico,0.23989818644607064,0.9669105949729557,0.9029589564110723,0.9634107540566338,0.9400254533884823,80.2640789055043,High opportunity for deeper review,Small county
"Blaine County, Montana",6949.0,29.0,64813.0,18.3,13.6,83.7,30005,Blaine County,Montana,0.9685014317531021,0.793032134902959,0.993000318167356,0.5246579700922686,0.7336939230034998,80.25771555838371,High opportunity for deeper review,Small county
"Charles Mix County, South Dakota",9281.0,30.7,64038.0,24.0,5.8,82.7,46023,Charles Mix County,South Dakota,0.9821826280623608,0.9365256124721604,0.7664651606745148,0.5413617562838053,0.7846006999681833,80.22271714922049,High opportunity for deeper review,Small county
"Dawson County, Texas",12134.0,24.3,54360.0,19.6,6.4,83.7,48115,Dawson County,Texas,0.8033725739739103,0.8385300668151447,0.8361438116449252,0.7989182309895004,0.7336939230034998,80.21317212853963,High opportunity for deeper review,Small county
"Crenshaw County, Alabama",13122.0,22.8,48560.0,17.9,5.4,69.2,1041,Crenshaw County,Alabama,0.6331530384982501,0.7741011772192173,0.7085587018771874,0.9077314667515113,0.9858415526566974,80.18771874005728,High opportunity for deeper review,Small county
"Alexander County, Illinois",4875.0,21.3,47043.0,19.0,6.5,61.9,17003,Alexander County,Illinois,0.42888959592745785,0.8168946866051543,0.8450524976137448,0.9207763283487114,0.9974546611517658,80.18135539293668,High opportunity for deeper review,Small county
"Hampton County, South Carolina",18254.0,21.4,44711.0,20.7,9.5,82.6,45049,Hampton County,South Carolina,0.44177537384664334,0.8695513840279987,0.9634107540566338,0.9457524657970092,0.7885777919185492,80.18135539293668,High opportunity for deeper review,Small county
"Iberia Parish, Louisiana",68599.0,25.4,56961.0,22.8,7.3,86.2,22045,Iberia Parish,Louisiana,0.8884823417117403,0.9185491568565065,0.8978682787146038,0.7419662742602608,0.5620426344257079,80.17817371937639,High opportunity for deeper review,Medium county
"Douglas County, Missouri",11965.0,23.1,45985.0,17.5,6.1,81.4,29067,Douglas County,Missouri,0.6719694559338212,0.7573973910276806,0.8075087496022908,0.9338211899459116,0.8358256442888959,80.130448615972,High opportunity for deeper review,Small county
"Grenada County, Mississippi",21217.0,24.2,48804.0,24.6,4.9,83.4,28043,Grenada County,Mississippi,0.7946229716831054,0.9455933821189946,0.6104040725421572,0.9032771237671015,0.7511931275851098,80.10181355392938,High opportunity for deeper review,Small county
"Chaves County, New Mexico",64217.0,24.6,52938.0,24.3,5.0,83.0,35005,Chaves County,New Mexico,0.8321667196945594,0.941457206490614,0.6310849506840598,0.8285077951002227,0.7712376710149539,80.0890868596882,High opportunity for deeper review,Medium county
"Le Flore County, Oklahoma",49053.0,24.4,51565.0,19.4,5.2,81.4,40079,Le Flore County,Oklahoma,0.8132357620108177,0.8313713013044861,0.6683105313394846,0.8552338530066815,0.8358256442888959,80.0795418390073,High opportunity for deeper review,Small county
"Amite County, Mississippi",12565.0,20.2,37222.0,27.6,5.8,69.5,28005,Amite County,Mississippi,0.2966910594972956,0.9691377664651607,0.7664651606745148,0.986000636334712,0.9842507158765511,80.0509067769647,High opportunity for deeper review,Small county
"Calhoun County, West Virginia",6048.0,19.0,43980.0,32.9,8.9,77.4,54013,Calhoun County,West Virginia,0.1872414890232262,0.9895004772510341,0.948456888323258,0.9510022271714922,0.926185173401209,80.04772510340439,High opportunity for deeper review,Small county
"Washington County, North Carolina",10812.0,19.1,41813.0,24.1,13.0,78.2,37187,Washington County,North Carolina,0.19455933821189947,0.9379573655742921,0.9910913140311804,0.9653197581928095,0.9131403118040089,80.0413617562838,High opportunity for deeper review,Small county
"Walthall County, Mississippi",13839.0,22.6,48905.0,18.8,6.6,81.6,28147,Walthall County,Mississippi,0.6056315622017181,0.8106904231625836,0.8533248488705059,0.9010499522748966,0.8300986318803691,80.01590836780146,High opportunity for deeper review,Small county
"Matagorda County, Texas",36329.0,25.6,58628.0,20.7,8.7,86.0,48321,Matagorda County,Texas,0.900413617562838,0.8695513840279987,0.9452752147629653,0.7037861915367483,0.5754056633789373,79.88864142538976,High opportunity for deeper review,Small county
"Fayette County, Alabama",16053.0,21.2,49488.0,21.8,8.4,80.9,1057,Fayette County,Alabama,0.4139357301940821,0.8985046134266624,0.9389118676423799,0.8895959274578429,0.8509385937002863,79.83773464842507,High opportunity for deeper review,Small county
"Lee County, Virginia",21900.0,18.2,41827.0,28.8,9.5,75.8,51105,Lee County,Virginia,0.14078905504295258,0.9756601972637607,0.9634107540566338,0.9650015908367802,0.9462297168310532,79.82182628062361,High opportunity for deeper review,Small county
"Chesterfield County, South Carolina",43784.0,22.2,49235.0,20.3,7.5,82.8,45025,Chesterfield County,South Carolina,0.5493159401845371,0.858097359210945,0.9080496341075406,0.8950047725103405,0.7803054406617881,79.81546293350303,High opportunity for deeper review,Small county
"Webster County, West Virginia",8144.0,20.1,43839.0,23.3,9.2,80.6,54101,Webster County,West Virginia,0.2855552020362711,0.9292077632834871,0.9567292395800191,0.9516385618835508,0.8596881959910914,79.65637925548839,High opportunity for deeper review,Small county
"Latimer County, Oklahoma",9518.0,21.9,41405.0,20.7,5.7,79.7,40077,Latimer County,Oklahoma,0.5068405981546293,0.8695513840279987,0.7531021317212854,0.9704104358892778,0.8819599109131403,79.63728921412662,High opportunity for deeper review,Small county
"Clay County, Kentucky",19921.0,20.6,40900.0,32.4,9.3,83.9,21051,Clay County,Kentucky,0.3398027362392618,0.987750556792873,0.9595927457842826,0.9726376073814826,0.7214444797963728,79.62456251988546,High opportunity for deeper review,Small county
"Lee County, Arkansas",8359.0,18.9,34375.0,39.4,19.1,82.2,5077,Lee County,Arkansas,0.18151447661469933,0.9974546611517658,0.9984091632198536,0.9923639834552975,0.8076678332803054,79.54820235443843,High opportunity for deeper review,Small county
"Cherokee County, South Carolina",56647.0,22.7,50288.0,18.4,6.3,80.7,45021,Cherokee County,South Carolina,0.6193127585109768,0.7981228125994273,0.8251670378619154,0.8765510658606427,0.8566656061088133,79.51638561883551,High opportunity for deeper review,Medium county
"Clay County, Mississippi",18383.0,22.5,43125.0,20.9,7.2,84.8,28025,Clay County,Mississippi,0.5911549475023863,0.8752783964365256,0.8919821826280624,0.9556156538339167,0.6605154311167674,79.49093223035317,High opportunity for deeper review,Small county
"Union County, South Carolina",26885.0,20.8,41621.0,22.6,7.9,82.3,45087,Union County,South Carolina,0.3636652879414572,0.9150493159401846,0.9230034998409163,0.9681832643970729,0.8028953229398663,79.45593382118994,High opportunity for deeper review,Small county
"Menard County, Texas",1955.0,21.3,53043.0,18.9,10.8,77.4,48327,Menard County,Texas,0.42888959592745785,0.8132357620108177,0.9796372892141266,0.8245307031498568,0.926185173401209,79.44957047406935,High opportunity for deeper review,Small county
"Estill County, Kentucky",14035.0,21.3,46051.0,20.7,7.0,80.7,21065,Estill County,Kentucky,0.42888959592745785,0.8695513840279987,0.8806872414890232,0.9319121858097359,0.8566656061088133,79.35412026726058,High opportunity for deeper review,Small county
"Santa Cruz County, Arizona",48926.0,25.8,55217.0,20.2,12.2,87.9,4023,Santa Cruz County,Arizona,0.9085268851415845,0.8553929366846962,0.987750556792873,0.7836461979000955,0.4298440979955457,79.3032134902959,High opportunity for deeper review,Small county
"Crosby County, Texas",5041.0,25.5,52188.0,20.1,8.2,87.8,48107,Crosby County,Texas,0.8950047725103404,0.8523703468024181,0.9342984409799554,0.8429844097995546,0.43811644925230675,79.25548838689151,High opportunity for deeper review,Small county
"Edwards County, Kansas",2779.0,23.2,52692.0,18.9,6.8,83.3,20047,Edwards County,Kansas,0.6870824053452116,0.8132357620108177,0.8685968819599109,0.8329621380846325,0.7569201399936367,79.17594654788418,High opportunity for deeper review,Small county
"George County, Mississippi",25170.0,26.6,59758.0,18.3,7.5,84.9,28039,George County,Mississippi,0.9339802736239262,0.793032134902959,0.9080496341075406,0.6687877823735284,0.652402163538021,79.12503977091949,High opportunity for deeper review,Small county
"Okmulgee County, Oklahoma",36899.0,23.6,54029.0,18.0,7.3,83.7,40111,Okmulgee County,Oklahoma,0.7367165128857779,0.7799872733057588,0.8978682787146038,0.8055997454661152,0.7336939230034998,79.07731466751513,High opportunity for deeper review,Small county
"Clay County, Tennessee",7670.0,18.8,39972.0,24.2,10.0,79.4,47027,Clay County,Tennessee,0.17578746420617244,0.9393891186764238,0.9721603563474388,0.9770919503658925,0.8891186764237989,79.07095132039453,High opportunity for deeper review,Small county
"Kemper County, Mississippi",8729.0,18.4,46431.0,24.8,10.8,75.9,28069,Kemper County,Mississippi,0.15112949411390392,0.948934139357302,0.9796372892141266,0.9277760101813554,0.9454342984409799,79.05822462615336,High opportunity for deeper review,Small county
"Pike County, Ohio",27044.0,23.5,52736.0,21.3,5.4,82.3,39131,Pike County,Ohio,0.7239898186446071,0.8845052497613745,0.7085587018771874,0.8320076360165447,0.8028953229398663,79.0391345847916,High opportunity for deeper review,Small county
"Lauderdale County, Mississippi",71504.0,23.4,50817.0,26.3,5.8,85.0,28075,Lauderdale County,Mississippi,0.7114222080814508,0.9621380846325167,0.7664651606745148,0.866369710467706,0.6449252306713331,79.02640789055043,High opportunity for deeper review,Medium county
"Robertson County, Kentucky",2283.0,26.6,51830.0,21.1,3.8,78.3,21201,Robertson County,Kentucky,0.9339802736239262,0.8810054088450525,0.3752783964365256,0.8498250079541839,0.9110722239898187,79.02322621699014,High opportunity for deeper review,Small county
"Colleton County, South Carolina",38783.0,22.7,51114.0,19.6,9.9,84.8,45029,Colleton County,South Carolina,0.6193127585109768,0.8385300668151447,0.9700922685332485,0.8625517021953548,0.6605154311167674,79.02004454342985,High opportunity for deeper review,Small county
"Polk County, Arkansas",19361.0,22.5,49191.0,15.9,7.3,79.6,5113,Polk County,Arkansas,0.5911549475023863,0.6691059497295577,0.8978682787146038,0.8953229398663697,0.885141584473433,78.77187400572701,High opportunity for deeper review,Small county
"Pocahontas County, West Virginia",7784.0,17.7,42119.0,22.5,11.9,74.6,54075,Pocahontas County,West Virginia,0.11422208081450844,0.912663060769965,0.9861597200127267,0.9618199172764874,0.9583200763601655,78.66369710467706,High opportunity for deeper review,Small county
"Mitchell County, Georgia",21058.0,22.9,57613.0,23.4,5.9,81.2,13205,Mitchell County,Georgia,0.6455615653833917,0.9306395163856188,0.7820553611199491,0.7301940820871778,0.8426662424435253,78.62233534839326,High opportunity for deeper review,Small county
"Toombs County, Georgia",27102.0,26.3,52621.0,22.5,4.4,83.2,13279,Toombs County,Georgia,0.9250715876551066,0.912663060769965,0.49713649379573654,0.8342348075087496,0.7618517340120904,78.61915367483296,High opportunity for deeper review,Small county
"Metcalfe County, Kentucky",10425.0,23.6,51473.0,27.5,4.9,83.3,21169,Metcalfe County,Kentucky,0.7367165128857779,0.9688195991091314,0.6104040725421572,0.8565065224307986,0.7569201399936367,78.58733693923003,High opportunity for deeper review,Small county
"Woodruff County, Arkansas",6026.0,21.6,48158.0,24.1,5.0,71.3,5147,Woodruff County,Arkansas,0.4675469296850143,0.9379573655742921,0.6310849506840598,0.9118676423798918,0.9780464524339803,78.53006681514478,High opportunity for deeper review,Small county
"Roane County, West Virginia",13786.0,20.0,45778.0,19.1,9.1,76.3,54087,Roane County,West Virginia,0.2748965956092905,0.8208717785555202,0.9540248170537703,0.9350938593700286,0.9412981228125994,78.52370346802418,High opportunity for deeper review,Small county
"Bamberg County, South Carolina",13042.0,18.3,44370.0,24.3,15.0,79.2,45009,Bamberg County,South Carolina,0.1457206490614063,0.941457206490614,0.9949093223035317,0.948456888323258,0.8930957683741648,78.4727966910595,High opportunity for deeper review,Small county
"Yalobusha County, Mississippi",12419.0,21.9,49151.0,21.5,5.9,81.0,28161,Yalobusha County,Mississippi,0.5068405981546293,0.8897550111358574,0.7820553611199491,0.8965956092904868,0.8482341711740375,78.46961501749921,High opportunity for deeper review,Small county
"San Augustine County, Texas",7874.0,20.0,50408.0,27.1,9.5,81.2,48405,San Augustine County,Texas,0.2748965956092905,0.9669105949729557,0.9634107540566338,0.8743238943684378,0.8426662424435253,78.44416162901686,High opportunity for deeper review,Small county
"Sampson County, North Carolina",59470.0,24.5,52432.0,21.8,5.3,84.7,37163,Sampson County,North Carolina,0.8227807826916959,0.8985046134266624,0.6870824053452116,0.8383709831371301,0.6699013681196309,78.33280305440663,High opportunity for deeper review,Medium county
"Lincoln County, West Virginia",19902.0,22.6,46205.0,23.2,5.9,84.7,54043,Lincoln County,West Virginia,0.6056315622017181,0.9277760101813554,0.7820553611199491,0.9306395163856188,0.6699013681196309,78.32007636016544,High opportunity for deeper review,Small county
"Gadsden County, Florida",43710.0,22.1,48801.0,27.9,5.0,80.3,12039,Gadsden County,Florida,0.5359529112313076,0.9710467706013363,0.6310849506840598,0.9035952911231308,0.8682787146038816,78.19917276487432,High opportunity for deeper review,Small county
"Shelby County, Texas",24155.0,26.0,49776.0,20.6,4.1,82.2,48419,Shelby County,Texas,0.9167992363983455,0.8660515431116768,0.4322303531657652,0.8848234171174038,0.8076678332803054,78.15144766146993,High opportunity for deeper review,Small county
"West Carroll Parish, Louisiana",9464.0,22.5,49134.0,16.2,5.7,71.5,22123,West Carroll Parish,Louisiana,0.5911549475023863,0.6866051543111676,0.7531021317212854,0.8975501113585747,0.9774101177219218,78.11644925230672,High opportunity for deeper review,Small county
"Tippah County, Mississippi",21523.0,23.6,52542.0,18.9,5.5,82.5,28139,Tippah County,Mississippi,0.7367165128857779,0.8132357620108177,0.7265351574928413,0.8361438116449252,0.793032134902959,78.11326757874643,High opportunity for deeper review,Small county
"Choctaw County, Mississippi",8118.0,21.4,50919.0,18.4,9.8,81.5,28019,Choctaw County,Mississippi,0.44177537384664334,0.7981228125994273,0.967706013363029,0.865097041043589,0.8324848870505887,78.10372255806554,High opportunity for deeper review,Small county
"Otero County, Colorado",18321.0,23.1,54037.0,22.1,6.7,84.8,8089,Otero County,Colorado,0.6719694559338212,0.9055042952593064,0.861119949093223,0.8052815781100859,0.6605154311167674,78.08781419026408,High opportunity for deeper review,Small county
"Lewis County, Kentucky",12965.0,22.7,46838.0,22.0,6.0,84.8,21135,Lewis County,Kentucky,0.6193127585109768,0.9035952911231308,0.7971683105313395,0.922685332484887,0.6605154311167674,78.06554247534203,High opportunity for deeper review,Small county
"Craig County, Oklahoma",14302.0,22.7,51922.0,19.0,5.1,73.3,40035,Craig County,Oklahoma,0.6193127585109768,0.8168946866051543,0.6509704104358893,0.8469615017499205,0.9683423480750875,78.04963410754058,High opportunity for deeper review,Small county
"Wolfe County, Kentucky",6443.0,22.4,30417.0,37.7,13.1,89.1,21237,Wolfe County,Kentucky,0.5760419980909959,0.9961819917276488,0.9914094813872096,0.9984091632198536,0.33487114222080816,77.93827553293032,High opportunity for deeper review,Small county
"Decatur County, Tennessee",11579.0,20.2,45375.0,22.1,7.2,80.5,47039,Decatur County,Tennessee,0.2966910594972956,0.9055042952593064,0.8919821826280624,0.9392300349984092,0.8622335348393255,77.91282214444799,High opportunity for deeper review,Small county
"Hill County, Montana",16155.0,28.2,52798.0,20.7,4.2,82.7,30041,Hill County,Montana,0.9594336621062679,0.8695513840279987,0.4513203945275215,0.8300986318803691,0.7846006999681833,77.9000954502068,High opportunity for deeper review,Small county
"Bethel Census Area, Alaska",18394.0,34.7,73996.0,25.6,15.9,84.9,2050,Bethel Census Area,Alaska,0.9958638243716195,0.9573655742920776,0.9958638243716195,0.290804963410754,0.652402163538021,77.84600699968183,High opportunity for deeper review,Small county
"Nicholas County, Kentucky",7708.0,24.4,59531.0,17.6,6.1,81.6,21181,Nicholas County,Kentucky,0.8132357620108177,0.762010817690105,0.8075087496022908,0.674196627426026,0.8300986318803691,77.74101177219217,High opportunity for deeper review,Small county
"Macon County, Georgia",11864.0,18.0,41031.0,25.1,7.2,76.5,13193,Macon County,Georgia,0.13140311804008908,0.9524339802736239,0.8919821826280624,0.9720012726694242,0.9390709513203945,77.73783009863189,High opportunity for deeper review,Small county
"Hickory County, Missouri",8585.0,17.3,39390.0,19.8,13.8,71.7,29085,Hickory County,Missouri,0.09242761692650334,0.8437798281896277,0.9933184855233853,0.9790009545020681,0.97597836461979,77.6901049952275,High opportunity for deeper review,Small county
"Conway County, Arkansas",21054.0,22.6,54187.0,19.7,6.4,82.4,5029,Conway County,Arkansas,0.6056315622017181,0.8410754056633789,0.8361438116449252,0.8017817371937639,0.7979637289214127,77.65192491250397,High opportunity for deeper review,Small county
"Jackson County, Arkansas",16712.0,20.0,44218.0,21.7,9.8,82.5,5067,Jackson County,Arkansas,0.2748965956092905,0.8950047725103404,0.967706013363029,0.9497295577473751,0.793032134902959,77.60738148265987,High opportunity for deeper review,Small county
"Haywood County, Tennessee",17475.0,21.9,50472.0,21.5,5.9,81.8,47075,Haywood County,Tennessee,0.5068405981546293,0.8897550111358574,0.7820553611199491,0.87336939230035,0.8243716194718422,77.52783964365256,High opportunity for deeper review,Small county
"Covington County, Mississippi",18148.0,24.3,45051.0,19.8,3.5,71.1,28031,Covington County,Mississippi,0.8033725739739103,0.8437798281896277,0.3075087496022908,0.941457206490614,0.9793191218580973,77.50874960229079,High opportunity for deeper review,Small county
"Johnston County, Oklahoma",10278.0,23.4,52688.0,22.9,4.5,79.7,40069,Johnston County,Oklahoma,0.7114222080814508,0.9207763283487114,0.5227489659560929,0.8332803054406618,0.8819599109131403,77.40375437480115,High opportunity for deeper review,Small county
"Galax city, Virginia",6726.0,24.8,38675.0,31.1,5.1,88.2,51640,Galax city,Virginia,0.8461660833598473,0.9831371301304486,0.6509704104358893,0.9821826280623608,0.4070951320394528,77.39102768055997,High opportunity for deeper review,Small county
"Greene County, Alabama",7424.0,21.6,29200.0,40.1,4.0,67.0,1063,Greene County,Alabama,0.4675469296850143,0.9977728285077951,0.41520839961819916,0.9987273305758829,0.9901368119630926,77.38784600699968,High opportunity for deeper review,Small county
"Red River Parish, Louisiana",7443.0,23.4,49167.0,25.8,3.6,72.9,22081,Red River Parish,Louisiana,0.7114222080814508,0.9597518294622972,0.32914412981228125,0.8958001909004136,0.9707286032453071,77.336939230035,High opportunity for deeper review,Small county
"Clarke County, Mississippi",15314.0,21.8,46108.0,17.4,7.0,82.2,28023,Clarke County,Mississippi,0.4928412344893414,0.7527839643652561,0.8806872414890232,0.9312758510976774,0.8076678332803054,77.30512249443208,High opportunity for deeper review,Small county
"Swain County, North Carolina",14013.0,20.8,52349.0,19.1,7.6,77.3,37173,Swain County,North Carolina,0.3636652879414572,0.8208717785555202,0.9129812281259942,0.8396436525612472,0.9277760101813554,77.29875914731149,High opportunity for deeper review,Small county
"Duplin County, North Carolina",49335.0,23.7,55148.0,20.5,5.3,82.8,37061,Duplin County,North Carolina,0.7476932866687878,0.862869869551384,0.6870824053452116,0.7846006999681833,0.7803054406617881,77.2510340439071,High opportunity for deeper review,Small county
"Jones County, Mississippi",66472.0,25.1,52216.0,18.7,4.0,77.2,28067,Jones County,Mississippi,0.8657333757556475,0.8073496659242761,0.41520839961819916,0.8421889914094813,0.9287305122494433,77.18421889914094,High opportunity for deeper review,Medium county
"Cass County, Texas",28568.0,22.4,53813.0,17.5,6.4,79.9,48067,Cass County,Texas,0.5760419980909959,0.7573973910276806,0.8361438116449252,0.8087814190264079,0.8775055679287305,77.1174037543748,High opportunity for deeper review,Small county
"Kiowa County, Oklahoma",8383.0,24.1,44962.0,22.9,5.2,86.6,40075,Kiowa County,Oklahoma,0.7858733693923003,0.9207763283487114,0.6683105313394846,0.9420935412026726,0.5324530703149857,76.9901368119631,High opportunity for deeper review,Small county
"Lamar County, Alabama",13693.0,22.1,50000.0,18.0,5.5,77.7,1075,Lamar County,Alabama,0.5359529112313076,0.7799872733057588,0.7265351574928413,0.8814826598790964,0.9220489977728286,76.92013999363665,High opportunity for deeper review,Small county
"Saline County, Illinois",23213.0,20.7,53117.0,18.9,7.7,76.5,17165,Saline County,Illinois,0.35141584473433024,0.8132357620108177,0.9172764874323894,0.8234171174037543,0.9390709513203945,76.88832325803372,High opportunity for deeper review,Small county
"Kleberg County, Texas",30579.0,24.1,61292.0,28.1,7.7,86.4,48273,Kleberg County,Texas,0.7858733693923003,0.9716831053133949,0.9172764874323894,0.6207445116131085,0.5485205217944639,76.88195991091314,High opportunity for deeper review,Small county
"Sequoyah County, Oklahoma",39860.0,23.9,51093.0,20.2,4.7,82.5,40135,Sequoyah County,Oklahoma,0.7671014953865734,0.8553929366846962,0.5641107222398982,0.8631880369074133,0.793032134902959,76.8565065224308,High opportunity for deeper review,Small county
"Frio County, Texas",18582.0,24.7,66010.0,19.5,5.6,76.6,48163,Frio County,Texas,0.8396436525612472,0.8348711422208082,0.7402163538020999,0.4899777282850779,0.9376391982182628,76.84696150174993,High opportunity for deeper review,Small county
"Jefferson County, Arkansas",64802.0,21.5,51096.0,18.6,8.1,82.6,5069,Jefferson County,Arkansas,0.4540248170537703,0.8040089086859689,0.9306395163856188,0.862869869551384,0.7885777919185492,76.80241807190582,High opportunity for deeper review,Medium county
"Colquitt County, Georgia",46224.0,25.6,49341.0,22.9,4.3,84.9,13071,Colquitt County,Georgia,0.900413617562838,0.9207763283487114,0.47216035634743875,0.8927776010181355,0.652402163538021,76.7706013363029,High opportunity for deeper review,Small county
"St. Bernard Parish, Louisiana",44419.0,25.9,58651.0,23.0,7.6,88.5,22087,St. Bernard Parish,Louisiana,0.9128221444479796,0.9230034998409163,0.9129812281259942,0.7031498568246898,0.3835507476932867,76.71014953865732,High opportunity for deeper review,Small county
"Lincoln County, Kentucky",24504.0,24.4,52440.0,16.3,6.5,85.0,21137,Lincoln County,Kentucky,0.8132357620108177,0.6929685014317531,0.8450524976137448,0.8380528157811009,0.6449252306713331,76.684696150175,High opportunity for deeper review,Small county
"Wilkinson County, Georgia",8747.0,21.9,45465.0,21.6,4.8,78.5,13319,Wilkinson County,Georgia,0.5068405981546293,0.8926185173401209,0.5874960229080496,0.9382755329303214,0.9069360483614382,76.6433343938912,High opportunity for deeper review,Small county
"Wayne County, Missouri",10862.0,19.6,47226.0,25.7,7.3,82.0,29223,Wayne County,Missouri,0.23989818644607064,0.9584791600381801,0.8978682787146038,0.9191854915685651,0.8146675151129494,76.60197263760737,High opportunity for deeper review,Small county
"Calhoun County, Mississippi",12922.0,22.1,43125.0,20.4,4.7,78.4,28013,Calhoun County,Mississippi,0.5359529112313076,0.8601654470251352,0.5641107222398982,0.9556156538339167,0.9090041361756284,76.49697741011772,High opportunity for deeper review,Small county
"Appling County, Georgia",18493.0,24.4,46651.0,22.5,3.1,76.1,13001,Appling County,Georgia,0.8132357620108177,0.912663060769965,0.2286032453070315,0.926185173401209,0.9433662106267897,76.48106904231625,High opportunity for deeper review,Small county
"Coshocton County, Ohio",36744.0,23.8,55577.0,18.5,5.4,82.8,39031,Coshocton County,Ohio,0.7573973910276806,0.8016226535157492,0.7085587018771874,0.7731466751511296,0.7803054406617881,76.4206172446707,High opportunity for deeper review,Small county
"Wright County, Missouri",18965.0,25.8,47909.0,18.7,3.5,79.7,29229,Wright County,Missouri,0.9085268851415845,0.8073496659242761,0.3075087496022908,0.9147311485841553,0.8819599109131403,76.40152720330894,High opportunity for deeper review,Small county
"Knott County, Kentucky",13830.0,19.8,41761.0,23.3,9.3,84.1,21119,Knott County,Kentucky,0.256761056315622,0.9292077632834871,0.9595927457842826,0.9662742602608972,0.7071269487750557,76.37925548838689,High opportunity for deeper review,Small county
"Claiborne Parish, Louisiana",13833.0,19.0,32831.0,32.0,5.1,50.2,22027,Claiborne Parish,Louisiana,0.1872414890232262,0.9858415526566974,0.6509704104358893,0.995227489659561,0.9992045816099269,76.36971046770601,High opportunity for deeper review,Small county
"Carter County, Kentucky",26341.0,22.6,51235.0,19.2,5.3,81.3,21043,Carter County,Kentucky,0.6056315622017181,0.8250079541839007,0.6870824053452116,0.8606426980591791,0.8393254852052179,76.35380209990456,High opportunity for deeper review,Small county
"Ben Hill County, Georgia",17089.0,24.5,41758.0,25.2,3.1,81.1,13017,Ben Hill County,Georgia,0.8227807826916959,0.9535475660197263,0.2286032453070315,0.9665924276169265,0.845847916003818,76.34743875278399,High opportunity for deeper review,Small county
"Clinch County, Georgia",6759.0,24.8,45847.0,26.1,2.1,71.3,13065,Clinch County,Georgia,0.8461660833598473,0.9610244988864143,0.09720012726694241,0.9347756920139993,0.9780464524339803,76.34425707922368,High opportunity for deeper review,Small county
"Franklin County, Alabama",31966.0,25.2,53338.0,19.1,3.6,72.0,1059,Franklin County,Alabama,0.8736875596563792,0.8208717785555202,0.32914412981228125,0.8180082723512567,0.9751829462297168,76.33789373210308,High opportunity for deeper review,Small county
"Hall County, Texas",2820.0,21.2,48459.0,16.3,9.0,81.0,48191,Hall County,Texas,0.4139357301940821,0.6929685014317531,0.9513203945275215,0.9090041361756284,0.8482341711740375,76.30925867006046,High opportunity for deeper review,Small county
"Washington County, Georgia",19849.0,21.4,46023.0,17.2,8.0,83.0,13303,Washington County,Georgia,0.44177537384664334,0.7416481069042317,0.9266624244352529,0.9325485205217945,0.7712376710149539,76.27744193445753,High opportunity for deeper review,Small county
"Ripley County, Missouri",10708.0,24.1,42037.0,24.8,3.7,83.2,29181,Ripley County,Missouri,0.7858733693923003,0.948934139357302,0.3523703468024181,0.9627744193445753,0.7618517340120904,76.23608017817372,High opportunity for deeper review,Small county
"Seminole County, Georgia",9156.0,20.1,49495.0,20.1,6.0,68.9,13253,Seminole County,Georgia,0.2855552020362711,0.8523703468024181,0.7971683105313395,0.8889595927457843,0.9871142220808146,76.22335348393256,High opportunity for deeper review,Small county
"McCreary County, Kentucky",16867.0,21.8,33750.0,38.9,4.2,80.1,21147,McCreary County,Kentucky,0.4928412344893414,0.9971364937957365,0.4513203945275215,0.9933184855233853,0.8722558065542475,76.13744829780464,High opportunity for deeper review,Small county
"Franklin County, Georgia",24234.0,22.2,53046.0,19.5,5.9,82.0,13119,Franklin County,Georgia,0.5493159401845371,0.8348711422208082,0.7820553611199491,0.8240534521158129,0.8146675151129494,76.09926821508112,High opportunity for deeper review,Small county
"Geneva County, Alabama",26887.0,22.0,52771.0,19.2,5.6,79.6,1061,Geneva County,Alabama,0.5224307986000636,0.8250079541839007,0.7402163538020999,0.8313713013044861,0.885141584473433,76.08335984727968,High opportunity for deeper review,Small county
"Baker County, Georgia",2790.0,16.0,46012.0,26.3,6.7,64.0,13007,Baker County,Georgia,0.05186127903277124,0.9621380846325167,0.861119949093223,0.933184855233853,0.9955456570155902,76.07699650015908,High opportunity for deeper review,Small county
"Uvalde County, Texas",24881.0,26.5,53801.0,22.2,4.3,84.6,48463,Uvalde County,Texas,0.9311167674196628,0.9069360483614382,0.47216035634743875,0.8094177537384665,0.6780146356983774,75.95291123130767,High opportunity for deeper review,Small county
"Socorro County, New Mexico",16200.0,24.0,36570.0,33.2,1.3,63.0,35053,Socorro County,New Mexico,0.7763283487114222,0.9907731466751512,0.043748011454024814,0.988227807826917,0.9968183264397072,75.91791282214444,High opportunity for deeper review,Small county
"Winn Parish, Louisiana",13467.0,20.7,48871.0,24.3,5.2,77.0,22127,Winn Parish,Louisiana,0.35141584473433024,0.941457206490614,0.6683105313394846,0.9016862869869551,0.9314349347756921,75.88609608654151,High opportunity for deeper review,Small county
"Texas County, Missouri",25161.0,22.1,50036.0,19.8,5.1,79.8,29215,Texas County,Missouri,0.5359529112313076,0.8437798281896277,0.6509704104358893,0.8806872414890232,0.8792554883868915,75.81291759465479,High opportunity for deeper review,Small county
"Curry County, New Mexico",47638.0,26.5,57309.0,20.5,8.2,89.2,35009,Curry County,New Mexico,0.9311167674196628,0.862869869551384,0.9342984409799554,0.7343302577155584,0.3265987909640471,75.78428253261215,High opportunity for deeper review,Small county
"Ouachita County, Arkansas",22085.0,22.2,49268.0,18.9,5.2,80.5,5103,Ouachita County,Arkansas,0.5493159401845371,0.8132357620108177,0.6683105313394846,0.8943684377982819,0.8622335348393255,75.74928412344894,High opportunity for deeper review,Small county
"Bibb County, Alabama",22130.0,20.0,52541.0,22.5,12.1,82.9,1007,Bibb County,Alabama,0.2748965956092905,0.912663060769965,0.9871142220808146,0.8364619790009545,0.7758510976773783,75.73973910276806,High opportunity for deeper review,Small county
"Green County, Kentucky",11369.0,21.2,46798.0,20.4,7.2,84.3,21087,Green County,Kentucky,0.4139357301940821,0.8601654470251352,0.8919821826280624,0.9233216671969456,0.6959910913140313,75.70792236716512,High opportunity for deeper review,Small county
"Wyoming County, West Virginia",20629.0,20.0,48440.0,22.6,5.7,77.0,54109,Wyoming County,West Virginia,0.2748965956092905,0.9150493159401846,0.7531021317212854,0.909640470887687,0.9314349347756921,75.68246897868279,High opportunity for deeper review,Small county
"Meigs County, Ohio",21896.0,20.6,46873.0,21.8,5.4,78.2,39105,Meigs County,Ohio,0.3398027362392618,0.8985046134266624,0.7085587018771874,0.9223671651288577,0.9131403118040089,75.64747056951957,High opportunity for deeper review,Small county
"Sharp County, Arkansas",17773.0,20.4,44637.0,16.5,8.1,80.0,5135,Sharp County,Arkansas,0.3181673560292714,0.7039452752147629,0.9306395163856188,0.9465478841870824,0.8748011454024818,75.48202354438435,High opportunity for deeper review,Small county
"Hancock County, Georgia",8650.0,13.7,40082.0,30.6,6.3,71.3,13141,Hancock County,Georgia,0.01368119630925867,0.981228125994273,0.8251670378619154,0.9758192809417754,0.9780464524339803,75.47884187082404,High opportunity for deeper review,Small county
"Little River County, Arkansas",11821.0,21.9,53344.0,15.5,7.3,78.8,5081,Little River County,Arkansas,0.5068405981546293,0.6492204899777283,0.8978682787146038,0.8176901049952274,0.9013681196309259,75.45975182946229,High opportunity for deeper review,Small county
"Perry County, Kentucky",27499.0,23.4,42181.0,26.8,5.8,88.7,21193,Perry County,Kentucky,0.7114222080814508,0.9648425071587655,0.7664651606745148,0.9611835825644289,0.3678014635698378,75.43429844097996,High opportunity for deeper review,Small county
"Imperial County, California",180202.0,28.3,57681.0,19.5,12.5,90.1,6025,Imperial County,California,0.9611835825644289,0.8348711422208082,0.9891823098950048,0.727966910594973,0.2575564747056952,75.41520839961821,High opportunity for deeper review,Medium county
"Union County, Arkansas",37900.0,23.7,55259.0,19.5,5.5,84.6,5139,Union County,Arkansas,0.7476932866687878,0.8348711422208082,0.7265351574928413,0.7817371937639198,0.6780146356983774,75.3770283168947,High opportunity for deeper review,Small county
"Jasper County, Georgia",15929.0,23.3,60134.0,16.0,7.2,81.2,13159,Jasper County,Georgia,0.6998090995863825,0.6748329621380846,0.8919821826280624,0.6587655106586064,0.8426662424435253,75.36111994909322,High opportunity for deeper review,Small county
"Hamilton County, Florida",13616.0,20.6,50144.0,20.1,6.7,81.4,12047,Hamilton County,Florida,0.3398027362392618,0.8523703468024181,0.861119949093223,0.8784600699968184,0.8358256442888959,75.35157492841235,High opportunity for deeper review,Small county
"Northampton County, North Carolina",16931.0,17.7,50086.0,21.1,8.1,74.3,37131,Northampton County,North Carolina,0.11422208081450844,0.8810054088450525,0.9306395163856188,0.8797327394209354,0.9616608335984728,75.34521158129175,High opportunity for deeper review,Small county
"Macon County, Alabama",18691.0,15.4,43707.0,24.3,8.3,79.1,1087,Macon County,Alabama,0.03865733375755648,0.941457206490614,0.9368437798281897,0.9529112313076679,0.8946866051543112,75.29112313076679,High opportunity for deeper review,Small county
"Laurens County, Georgia",49798.0,24.6,55010.0,22.6,5.2,86.2,13175,Laurens County,Georgia,0.8321667196945594,0.9150493159401846,0.6683105313394846,0.7861915367483296,0.5620426344257079,75.27521476296532,High opportunity for deeper review,Small county
"Clare County, Michigan",31218.0,19.3,49384.0,21.6,9.5,82.3,26035,Clare County,Michigan,0.21158129175946547,0.8926185173401209,0.9634107540566338,0.8918230989500477,0.8028953229398663,75.24657970092268,High opportunity for deeper review,Small county
"Miller County, Georgia",5850.0,22.5,51425.0,23.8,3.9,70.7,13201,Miller County,Georgia,0.5911549475023863,0.93445752465797,0.3970728603245307,0.8571428571428572,0.9807508749602291,75.21158129175947,High opportunity for deeper review,Small county
"Hinds County, Mississippi",218533.0,23.5,49402.0,22.7,7.5,89.3,28049,Hinds County,Mississippi,0.7239898186446071,0.9167992363983455,0.9080496341075406,0.8915049315940184,0.31944002545338845,75.19567292395799,High opportunity for deeper review,Medium county
"Nacogdoches County, Texas",65162.0,23.3,53555.0,21.8,7.0,87.4,48347,Nacogdoches County,Texas,0.6998090995863825,0.8985046134266624,0.8806872414890232,0.8125994272987591,0.4667515112949412,75.16703786191536,High opportunity for deeper review,Medium county
"Roosevelt County, New Mexico",18928.0,25.1,52685.0,21.8,5.4,87.6,35041,Roosevelt County,New Mexico,0.8657333757556475,0.8985046134266624,0.7085587018771874,0.8335984727966911,0.45179764556156543,75.16385618835508,High opportunity for deeper review,Small county
"Putnam County, Florida",75164.0,21.2,47934.0,23.4,7.4,85.7,12107,Putnam County,Florida,0.4139357301940821,0.9306395163856188,0.9029589564110723,0.9140948138720967,0.5951320394527522,75.13522112631244,High opportunity for deeper review,Medium county
"Hardeman County, Tennessee",25433.0,19.3,46069.0,19.0,9.8,81.7,47069,Hardeman County,Tennessee,0.21158129175946547,0.8168946866051543,0.967706013363029,0.9315940184537066,0.8275532930321349,75.1065860642698,High opportunity for deeper review,Small county
"Evans County, Georgia",10757.0,25.1,53259.0,19.1,4.3,82.9,13109,Evans County,Georgia,0.8657333757556475,0.8208717785555202,0.47216035634743875,0.8199172764874324,0.7758510976773783,75.09067769646833,High opportunity for deeper review,Small county
"Blaine County, Oklahoma",8570.0,24.6,61642.0,17.4,8.4,85.4,40011,Blaine County,Oklahoma,0.8321667196945594,0.7527839643652561,0.9389118676423799,0.6111994909322304,0.6150174992045816,75.00159083678015,High opportunity for deeper review,Small county
"Jackson County, Kentucky",13086.0,23.8,40000.0,19.5,4.0,83.1,21109,Jackson County,Kentucky,0.7573973910276806,0.8348711422208082,0.41520839961819916,0.9764556156538339,0.7661469933184855,75.00159083678014,High opportunity for deeper review,Small county
"Letcher County, Kentucky",20808.0,21.8,41793.0,24.4,6.2,86.6,21133,Letcher County,Kentucky,0.4928412344893414,0.9433662106267897,0.8153038498250079,0.9656379255488386,0.5324530703149857,74.99204581609926,High opportunity for deeper review,Small county
"Howell County, Missouri",40383.0,24.1,50993.0,20.3,5.0,85.6,29091,Howell County,Missouri,0.7858733693923003,0.858097359210945,0.6310849506840598,0.8641425389755011,0.6016544702513522,74.81705377028318,High opportunity for deeper review,Small county
"Brooks County, Georgia",16293.0,20.0,46807.0,25.4,5.0,74.8,13027,Brooks County,Georgia,0.2748965956092905,0.955456570155902,0.6310849506840598,0.9230034998409163,0.9564110722239898,74.81705377028317,High opportunity for deeper review,Small county
"Florence County, South Carolina",137117.0,23.5,58305.0,18.7,5.6,83.3,45041,Florence County,South Carolina,0.7239898186446071,0.8073496659242761,0.7402163538020999,0.7120585427935093,0.7569201399936367,74.81069042316257,High opportunity for deeper review,Medium county
"Reynolds County, Missouri",6010.0,19.0,45028.0,17.3,10.9,79.7,29179,Reynolds County,Missouri,0.1872414890232262,0.7475342029907731,0.981228125994273,0.9417753738466433,0.8819599109131403,74.79478205536113,High opportunity for deeper review,Small county
"Butler County, Missouri",42020.0,23.3,49089.0,20.5,4.8,84.4,29023,Butler County,Missouri,0.6998090995863825,0.862869869551384,0.5874960229080496,0.8980273623926185,0.6902640789055043,74.76932866687878,High opportunity for deeper review,Small county
"Madison County, Idaho",54618.0,20.2,60160.0,24.5,8.3,78.8,16065,Madison County,Idaho,0.2966910594972956,0.9443207126948775,0.9368437798281897,0.6582882596245625,0.9013681196309259,74.75023862551701,High opportunity for deeper review,Medium county
"Carbon County, Utah",20517.0,25.2,58377.0,17.0,5.9,85.1,49007,Carbon County,Utah,0.8736875596563792,0.7300349984091632,0.7820553611199491,0.7101495386573338,0.636652879414572,74.65160674514794,High opportunity for deeper review,Small county
"Rockcastle County, Kentucky",16163.0,21.5,48862.0,25.6,4.6,80.0,21203,Rockcastle County,Kentucky,0.4540248170537703,0.9573655742920776,0.5439070951320395,0.9020044543429844,0.8748011454024818,74.64206172446707,High opportunity for deeper review,Small county
"Greene County, Mississippi",13615.0,18.9,54276.0,18.3,11.9,73.5,28041,Greene County,Mississippi,0.18151447661469933,0.793032134902959,0.9861597200127267,0.8008272351256761,0.9670696786509704,74.57206490614064,High opportunity for deeper review,Small county
"Braxton County, West Virginia",12208.0,18.4,50331.0,20.4,9.4,79.8,54007,Braxton County,West Virginia,0.15112949411390392,0.8601654470251352,0.9613426662424436,0.8755965637925549,0.8792554883868915,74.54979319121857,High opportunity for deeper review,Small county
"Marengo County, Alabama",18851.0,22.0,43825.0,21.9,4.1,78.0,1091,Marengo County,Alabama,0.5224307986000636,0.9015272033089405,0.4322303531657652,0.95195672923958,0.9171174037543748,74.50524976137449,High opportunity for deeper review,Small county
"Dale County, Alabama",49599.0,23.3,54963.0,18.7,6.6,86.0,1045,Dale County,Alabama,0.6998090995863825,0.8073496659242761,0.8533248488705059,0.7877823735284759,0.5754056633789373,74.47343302577156,High opportunity for deeper review,Small county
"Raleigh County, West Virginia",73195.0,21.0,52150.0,22.8,5.0,76.3,54081,Raleigh County,West Virginia,0.38832325803372575,0.9185491568565065,0.6310849506840598,0.8437798281896277,0.9412981228125994,74.46070633153037,High opportunity for deeper review,Medium county
"Cumberland County, Kentucky",5948.0,22.1,40000.0,24.8,4.0,81.1,21057,Cumberland County,Kentucky,0.5359529112313076,0.948934139357302,0.41520839961819916,0.9764556156538339,0.845847916003818,74.44797963728922,High opportunity for deeper review,Small county
"Nevada County, Arkansas",8159.0,22.1,53886.0,20.3,4.6,72.0,5099,Nevada County,Arkansas,0.5359529112313076,0.858097359210945,0.5439070951320395,0.8075087496022908,0.9751829462297168,74.41298122812599,High opportunity for deeper review,Small county
"Pulaski County, Illinois",5015.0,20.6,42463.0,25.0,4.3,61.1,17153,Pulaski County,Illinois,0.3398027362392618,0.9511613108495068,0.47216035634743875,0.958956411072224,0.9980909958638243,74.40343620744511,High opportunity for deeper review,Small county
"Chester County, South Carolina",32182.0,22.3,52458.0,18.7,5.6,83.0,45023,Chester County,South Carolina,0.5628380528157811,0.8073496659242761,0.7402163538020999,0.8374164810690423,0.7712376710149539,74.38116449252308,High opportunity for deeper review,Small county
"Forrest County, Mississippi",78272.0,22.7,53640.0,21.0,6.7,86.4,28035,Forrest County,Mississippi,0.6193127585109768,0.8781419026407891,0.861119949093223,0.811326757874642,0.5485205217944639,74.36843779828189,High opportunity for deeper review,Medium county
"Henderson County, Tennessee",27980.0,22.7,55136.0,16.9,6.1,82.8,47077,Henderson County,Tennessee,0.6193127585109768,0.7254215717467388,0.8075087496022908,0.7852370346802418,0.7803054406617881,74.35571110404074,High opportunity for deeper review,Small county
"Caddo County, Oklahoma",26447.0,23.0,55353.0,18.3,5.8,83.9,40015,Caddo County,Oklahoma,0.657651924912504,0.793032134902959,0.7664651606745148,0.7785555202036272,0.7214444797963728,74.34298440979956,High opportunity for deeper review,Small county
"Monroe County, Kentucky",11269.0,24.4,51280.0,22.1,4.0,83.9,21171,Monroe County,Kentucky,0.8132357620108177,0.9055042952593064,0.41520839961819916,0.8590518612790328,0.7214444797963728,74.28889595927457,High opportunity for deeper review,Small county
"Franklin County, Illinois",37323.0,22.1,56740.0,17.5,7.7,83.4,17055,Franklin County,Illinois,0.5359529112313076,0.7573973910276806,0.9172764874323894,0.748965956092905,0.7511931275851098,74.21571746738785,High opportunity for deeper review,Small county
"Schley County, Georgia",4513.0,24.6,56875.0,13.9,7.6,84.7,13249,Schley County,Georgia,0.8321667196945594,0.5509067769646834,0.9129812281259942,0.7440343620744512,0.6699013681196309,74.19980909958639,High opportunity for deeper review,Small county
"Perry County, Tennessee",8697.0,22.3,55972.0,18.1,5.8,81.6,47135,Perry County,Tennessee,0.5628380528157811,0.7838052815781101,0.7664651606745148,0.7651924912503977,0.8300986318803691,74.16799236398346,High opportunity for deeper review,Small county
"Clay County, Arkansas",14280.0,21.5,51481.0,17.2,6.3,81.6,5021,Clay County,Arkansas,0.4540248170537703,0.7416481069042317,0.8251670378619154,0.8561883550747693,0.8300986318803691,74.14253897550111,High opportunity for deeper review,Small county
"Dunklin County, Missouri",27493.0,26.0,47849.0,22.0,4.8,88.5,29069,Dunklin County,Missouri,0.9167992363983455,0.9035952911231308,0.5874960229080496,0.9153674832962138,0.3835507476932867,74.13617562838051,High opportunity for deeper review,Small county
"St. Mary Parish, Louisiana",47828.0,24.5,52576.0,20.8,5.4,87.4,22101,St. Mary Parish,Louisiana,0.8227807826916959,0.8728921412663061,0.7085587018771874,0.8351893095768375,0.4667515112949412,74.12344893413936,High opportunity for deeper review,Small county
"Owen County, Kentucky",11330.0,22.1,61134.0,18.3,7.0,80.4,21187,Owen County,Kentucky,0.5359529112313076,0.793032134902959,0.8806872414890232,0.6286986955138403,0.8655742920776328,74.07890550429525,High opportunity for deeper review,Small county
"Valencia County, New Mexico",78458.0,22.7,58933.0,18.1,7.0,83.8,35061,Valencia County,New Mexico,0.6193127585109768,0.7838052815781101,0.8806872414890232,0.6916958320076361,0.727966910594973,74.06936048361439,High opportunity for deeper review,Medium county
"Pickett County, Tennessee",5079.0,17.3,49030.0,23.9,6.8,78.5,47137,Pickett County,Tennessee,0.09242761692650334,0.9354120267260579,0.8685968819599109,0.8994591154947502,0.9069360483614382,74.05663378937322,High opportunity for deeper review,Small county
"Tattnall County, Georgia",24208.0,20.1,50747.0,23.4,6.7,83.3,13267,Tattnall County,Georgia,0.2855552020362711,0.9306395163856188,0.861119949093223,0.8684377982818963,0.7569201399936367,74.05345211581292,High opportunity for deeper review,Small county
"Wilbarger County, Texas",12616.0,21.5,54102.0,17.5,9.3,83.8,48487,Wilbarger County,Texas,0.4540248170537703,0.7573973910276806,0.9595927457842826,0.8033725739739103,0.727966910594973,74.04708876869233,High opportunity for deeper review,Small county
"Sumter County, Georgia",29061.0,22.4,42653.0,23.7,4.7,84.7,13261,Sumter County,Georgia,0.5760419980909959,0.933184855233853,0.5641107222398982,0.9576837416481069,0.6699013681196309,74.0184537066497,High opportunity for deeper review,Small county
"Lafayette County, Arkansas",6136.0,18.3,41278.0,22.3,5.3,68.3,5073,Lafayette County,Arkansas,0.1457206490614063,0.9082087177855552,0.6870824053452116,0.9713649379573656,0.9885459751829462,74.0184537066497,High opportunity for deeper review,Small county
"Martin County, Kentucky",11027.0,19.8,37042.0,33.2,5.5,83.6,21159,Martin County,Kentucky,0.256761056315622,0.9907731466751512,0.7265351574928413,0.9866369710467706,0.7400572701240853,74.0152720330894,High opportunity for deeper review,Small county
"Carter County, Missouri",5297.0,24.3,50000.0,20.8,3.8,83.1,29035,Carter County,Missouri,0.8033725739739103,0.8728921412663061,0.3752783964365256,0.8814826598790964,0.7661469933184855,73.98345529748647,High opportunity for deeper review,Small county
"Adams County, Mississippi",28803.0,20.5,43644.0,27.0,6.4,85.4,28001,Adams County,Mississippi,0.32818962774419347,0.9661151765828826,0.8361438116449252,0.953229398663697,0.6150174992045816,73.9739102768056,High opportunity for deeper review,Small county
"Camp County, Texas",12798.0,26.2,58843.0,19.9,5.7,87.3,48063,Camp County,Texas,0.9230034998409163,0.8469615017499205,0.7531021317212854,0.6958320076360165,0.47709195036589247,73.91982182628063,High opportunity for deeper review,Small county
"Grundy County, Missouri",9787.0,25.9,51975.0,17.6,3.2,77.6,29079,Grundy County,Missouri,0.9128221444479796,0.762010817690105,0.25071587655106586,0.8456888323258034,0.9234807508749603,73.89436843779829,High opportunity for deeper review,Small county
"Lawrence County, Arkansas",16238.0,22.3,44882.0,20.1,5.8,86.1,5075,Lawrence County,Arkansas,0.5628380528157811,0.8523703468024181,0.7664651606745148,0.9440025453388482,0.5682468978682786,73.8784600699968,High opportunity for deeper review,Small county
"Dallas County, Arkansas",6242.0,20.1,42500.0,13.9,8.2,74.1,5039,Dallas County,Arkansas,0.2855552020362711,0.5509067769646834,0.9342984409799554,0.9586382437161947,0.9642061724467069,73.87209672287622,High opportunity for deeper review,Small county
"Butler County, Kentucky",12393.0,23.1,56092.0,20.5,4.4,79.0,21031,Butler County,Kentucky,0.6719694559338212,0.862869869551384,0.49713649379573654,0.7639198218262806,0.8965956092904868,73.84982500795418,High opportunity for deeper review,Small county
"Cherokee County, Texas",51886.0,25.2,61261.0,18.2,5.2,83.6,48073,Cherokee County,Texas,0.8736875596563792,0.7873051224944321,0.6683105313394846,0.6226535157492841,0.7400572701240853,73.84027998727329,High opportunity for deeper review,Medium county
"Pushmataha County, Oklahoma",10790.0,21.4,47940.0,20.7,4.4,73.3,40127,Pushmataha County,Oklahoma,0.44177537384664334,0.8695513840279987,0.49713649379573654,0.9137766465160675,0.9683423480750875,73.81164492523068,High opportunity for deeper review,Small county
"Nowata County, Oklahoma",9435.0,23.0,54333.0,17.2,4.5,73.3,40105,Nowata County,Oklahoma,0.657651924912504,0.7416481069042317,0.5227489659560929,0.7998727330575883,0.9683423480750875,73.80528157811008,High opportunity for deeper review,Small county
"Roberts County, South Dakota",10221.0,28.2,65130.0,15.7,6.0,83.3,46109,Roberts County,South Dakota,0.9594336621062679,0.6590836780146357,0.7971683105313395,0.515749284123449,0.7569201399936367,73.76710149538657,High opportunity for deeper review,Small county
"Cook County, Georgia",17532.0,25.4,53651.0,17.7,3.6,79.2,13075,Cook County,Georgia,0.8884823417117403,0.7659879096404709,0.32914412981228125,0.8110085905186128,0.8930957683741648,73.7543748011454,High opportunity for deeper review,Small county
"Kay County, Oklahoma",43625.0,24.8,58423.0,16.0,5.8,84.4,40071,Kay County,Oklahoma,0.8461660833598473,0.6748329621380846,0.7664651606745148,0.7091950365892459,0.6902640789055043,73.73846643334394,High opportunity for deeper review,Small county
"Webb County, Texas",269294.0,31.3,63058.0,21.3,5.5,86.8,48479,Webb County,Texas,0.9872733057588291,0.8845052497613745,0.7265351574928413,0.5695195672923958,0.5167037861915367,73.69074132993954,High opportunity for deeper review,Large county
"Lowndes County, Georgia",119965.0,24.6,58541.0,19.2,5.1,84.7,13185,Lowndes County,Georgia,0.8321667196945594,0.8250079541839007,0.6509704104358893,0.7060133630289532,0.6699013681196309,73.68119630925867,High opportunity for deeper review,Medium county
"Stewart County, Georgia",4869.0,12.2,33250.0,26.4,5.5,67.7,13259,Stewart County,Georgia,0.008272351256761056,0.9634107540566338,0.7265351574928413,0.9945911549475024,0.9895004772510341,73.64619790009546,High opportunity for deeper review,Small county
"Rio Arriba County, New Mexico",40070.0,22.5,57155.0,18.2,4.9,75.3,35039,Rio Arriba County,New Mexico,0.5911549475023863,0.7873051224944321,0.6104040725421572,0.7368755965637925,0.9514794782055361,73.54438434616608,High opportunity for deeper review,Small county
"Bristol city, Virginia",16849.0,19.6,50404.0,18.0,6.3,74.8,51520,Bristol city,Virginia,0.23989818644607064,0.7799872733057588,0.8251670378619154,0.8749602290804963,0.9564110722239898,73.52847597836461,High opportunity for deeper review,Small county
"McIntosh County, Oklahoma",19400.0,19.9,46281.0,21.1,5.3,78.2,40091,McIntosh County,Oklahoma,0.2653515749284123,0.8810054088450525,0.6870824053452116,0.9293668469615017,0.9131403118040089,73.51893095768374,High opportunity for deeper review,Small county
"Burke County, Georgia",24470.0,24.5,53014.0,18.3,5.0,85.6,13033,Burke County,Georgia,0.8227807826916959,0.793032134902959,0.6310849506840598,0.8267578746420617,0.6016544702513522,73.50620426344257,High opportunity for deeper review,Small county
"McDowell County, West Virginia",17943.0,18.2,31559.0,34.2,8.2,85.5,54047,McDowell County,West Virginia,0.14078905504295258,0.9936366528794146,0.9342984409799554,0.9971364937957365,0.6081769010499523,73.48075087496022,High opportunity for deeper review,Small county
"Hendry County, Florida",42382.0,24.9,56393.0,22.5,4.4,84.9,12051,Hendry County,Florida,0.8523703468024181,0.912663060769965,0.49713649379573654,0.758510976773783,0.652402163538021,73.46166083359847,High opportunity for deeper review,Small county
"Graham County, Arizona",39232.0,25.8,67325.0,17.3,7.7,84.9,4009,Graham County,Arizona,0.9085268851415845,0.7475342029907731,0.9172764874323894,0.4457524657970092,0.652402163538021,73.42984409799553,High opportunity for deeper review,Small county
"Dillingham Census Area, Alaska",4724.0,30.9,78533.0,19.5,10.5,84.7,2070,Dillingham Census Area,Alaska,0.9839325485205218,0.8348711422208082,0.9772510340439071,0.2052179446388801,0.6699013681196309,73.42348075087497,High opportunity for deeper review,Small county
"Treutlen County, Georgia",6376.0,21.8,55518.0,13.8,7.7,76.3,13283,Treutlen County,Georgia,0.4928412344893414,0.5431116767419663,0.9172764874323894,0.7744193445752465,0.9412981228125994,73.37893732103086,High opportunity for deeper review,Small county
"Terrell County, Georgia",8850.0,22.3,46171.0,33.3,4.1,83.4,13273,Terrell County,Georgia,0.5628380528157811,0.9917276487432389,0.4322303531657652,0.9309576837416481,0.7511931275851098,73.37893732103086,High opportunity for deeper review,Small county
"Izard County, Arkansas",14009.0,17.8,49405.0,22.3,7.2,80.7,5065,Izard County,Arkansas,0.12042634425707922,0.9082087177855552,0.8919821826280624,0.8911867642379891,0.8566656061088133,73.36939230034999,High opportunity for deeper review,Small county
"Beckham County, Oklahoma",22148.0,23.1,53328.0,21.7,7.9,88.8,40009,Beckham County,Oklahoma,0.6719694559338212,0.8950047725103404,0.9230034998409163,0.818326439707286,0.3598472796691059,73.36302895322939,High opportunity for deeper review,Small county
"Montgomery County, Georgia",8640.0,20.3,51941.0,20.6,7.5,83.6,13209,Montgomery County,Georgia,0.3078269169583201,0.8660515431116768,0.9080496341075406,0.8460069996818327,0.7400572701240853,73.3598472796691,High opportunity for deeper review,Small county
"Marion County, Texas",9737.0,16.9,49672.0,18.3,8.7,73.9,48315,Marion County,Texas,0.0757238307349666,0.793032134902959,0.9452752147629653,0.8867324212535794,0.965478841870824,73.32484887050589,High opportunity for deeper review,Small county
"Merced County, California",290201.0,28.7,65510.0,19.1,10.6,88.4,6047,Merced County,California,0.9651606745147948,0.8208717785555202,0.9778873687559656,0.5062042634425707,0.3916640152720331,73.2357620108177,High opportunity for deeper review,Large county
"Richmond County, Georgia",206069.0,22.9,55637.0,20.0,8.5,87.6,13245,Richmond County,Georgia,0.6455615653833917,0.8498250079541839,0.9411390391345847,0.7721921730830417,0.45179764556156543,73.21030862233535,High opportunity for deeper review,Medium county
"Montgomery County, Arkansas",8553.0,18.7,48906.0,22.4,5.8,78.2,5097,Montgomery County,Arkansas,0.16958320076360164,0.9101177219217308,0.7664651606745148,0.9007317849188673,0.9131403118040089,73.20076360165446,High opportunity for deeper review,Small county
"Jefferson County, Georgia",15341.0,22.6,53014.0,16.9,5.8,83.7,13163,Jefferson County,Georgia,0.6056315622017181,0.7254215717467388,0.7664651606745148,0.8267578746420617,0.7336939230034998,73.15940184537067,High opportunity for deeper review,Small county
"Webster County, Mississippi",9972.0,24.5,58789.0,16.4,6.6,85.9,28155,Webster County,Mississippi,0.8227807826916959,0.6982182628062361,0.8533248488705059,0.697422844416163,0.5828825962456252,73.09258670060451,High opportunity for deeper review,Small county
"Dodge County, Georgia",19805.0,18.7,51587.0,21.5,6.1,77.0,13091,Dodge County,Georgia,0.16958320076360164,0.8897550111358574,0.8075087496022908,0.8542793509385938,0.9314349347756921,73.05122494432071,High opportunity for deeper review,Small county
"Independence County, Arkansas",38175.0,24.3,56609.0,20.4,3.9,81.4,5063,Independence County,Arkansas,0.8033725739739103,0.8601654470251352,0.3970728603245307,0.7527839643652561,0.8358256442888959,72.98440979955456,High opportunity for deeper review,Small county
"Hertford County, North Carolina",19908.0,19.3,45537.0,22.9,6.0,82.8,37091,Hertford County,North Carolina,0.21158129175946547,0.9207763283487114,0.7971683105313395,0.9376391982182628,0.7803054406617881,72.94941139039135,High opportunity for deeper review,Small county
"Pontotoc County, Mississippi",31550.0,26.1,51484.0,16.7,3.1,77.5,28115,Pontotoc County,Mississippi,0.9206172446706968,0.7153993000318167,0.2286032453070315,0.85587018771874,0.9245943366210627,72.90168628698694,High opportunity for deeper review,Small county
"Quitman County, Georgia",2264.0,14.0,40179.0,15.7,28.6,66.5,13239,Quitman County,Georgia,0.017181037225580655,0.6590836780146357,1.0,0.9748647788736876,0.9909322303531658,72.8412344893414,High opportunity for deeper review,Small county
"DeSoto County, Florida",35386.0,17.9,54417.0,24.1,9.5,82.0,12027,DeSoto County,Florida,0.12583518930957685,0.9379573655742921,0.9634107540566338,0.7973273942093542,0.8146675151129494,72.78396436525613,High opportunity for deeper review,Small county
"Lea County, New Mexico",73733.0,29.5,68015.0,18.7,6.9,86.3,35025,Lea County,New Mexico,0.972478523703468,0.8073496659242761,0.875119312758511,0.42634425707922363,0.5556792873051225,72.73942093541203,High opportunity for deeper review,Medium county
"Rapides Parish, Louisiana",127527.0,25.0,54967.0,19.9,5.1,87.1,22079,Rapides Parish,Louisiana,0.8584155265669742,0.8469615017499205,0.6509704104358893,0.7874642061724467,0.4926821508113267,72.72987591473114,High opportunity for deeper review,Medium county
"Tift County, Georgia",41438.0,24.8,53255.0,20.8,2.8,78.3,13277,Tift County,Georgia,0.8461660833598473,0.8728921412663061,0.18310531339484568,0.8202354438434617,0.9110722239898187,72.66942411708558,High opportunity for deeper review,Small county
"Menominee County, Wisconsin",4252.0,30.3,62108.0,21.7,10.0,91.2,55078,Menominee County,Wisconsin,0.9793191218580973,0.8950047725103404,0.9721603563474388,0.6006999681832643,0.1854915685650652,72.65351574928413,High opportunity for deeper review,Small county
"Oscoda County, Michigan",8425.0,19.6,49515.0,17.2,8.0,81.4,26135,Oscoda County,Michigan,0.23989818644607064,0.7416481069042317,0.9266624244352529,0.888641425389755,0.8358256442888959,72.65351574928411,High opportunity for deeper review,Small county
"Coffee County, Georgia",43347.0,24.5,50683.0,23.1,4.4,86.8,13069,Coffee County,Georgia,0.8227807826916959,0.9257079223671651,0.49713649379573654,0.869869551384028,0.5167037861915367,72.64397072860325,High opportunity for deeper review,Small county
"Dallas County, Missouri",17551.0,23.6,53464.0,20.5,3.9,81.9,29059,Dallas County,Missouri,0.7367165128857779,0.862869869551384,0.3970728603245307,0.8157811008590519,0.8194400254533885,72.63760738148267,High opportunity for deeper review,Small county
"Benson County, North Dakota",5808.0,33.5,64033.0,25.6,3.4,80.9,38005,Benson County,North Dakota,0.9934775692014,0.9573655742920776,0.28778237352847597,0.5418390073178492,0.8509385937002863,72.62806236080179,High opportunity for deeper review,Small county
"Pike County, Kentucky",56727.0,20.3,44312.0,24.4,5.2,83.2,21195,Pike County,Kentucky,0.3078269169583201,0.9433662106267897,0.6683105313394846,0.9487750556792873,0.7618517340120904,72.60260897231944,High opportunity for deeper review,Medium county
"Ottawa County, Oklahoma",30341.0,25.2,49947.0,20.9,3.0,82.6,40115,Ottawa County,Oklahoma,0.8736875596563792,0.8752783964365256,0.2098313713013045,0.8822780782691696,0.7885777919185492,72.59306395163856,High opportunity for deeper review,Small county
"Martin County, North Carolina",21644.0,20.3,48578.0,20.4,6.1,83.5,37117,Martin County,North Carolina,0.3078269169583201,0.8601654470251352,0.8075087496022908,0.9072542157174674,0.7459433662106267,72.5739739102768,High opportunity for deeper review,Small county
"Lowndes County, Mississippi",57838.0,23.8,53812.0,17.3,6.3,87.2,28087,Lowndes County,Mississippi,0.7573973910276806,0.7475342029907731,0.8251670378619154,0.8090995863824372,0.48504613426662424,72.4848870505886,High opportunity for deeper review,Medium county
"Hughes County, Oklahoma",13389.0,21.5,51581.0,20.2,4.9,81.0,40063,Hughes County,Oklahoma,0.4540248170537703,0.8553929366846962,0.6104040725421572,0.8545975182946229,0.8482341711740375,72.45307031498568,High opportunity for deeper review,Small county
"Todd County, Kentucky",12469.0,27.0,61103.0,20.9,3.2,77.7,21219,Todd County,Kentucky,0.9433662106267897,0.8752783964365256,0.25071587655106586,0.6296531975819282,0.9220489977728286,72.42125357938275,High opportunity for deeper review,Small county
"Franklin County, Arkansas",17326.0,22.3,55886.0,18.0,4.9,78.8,5047,Franklin County,Arkansas,0.5628380528157811,0.7799872733057588,0.6104040725421572,0.7664651606745148,0.9013681196309259,72.42125357938275,High opportunity for deeper review,Small county
"Lawrence County, Tennessee",45385.0,25.0,54706.0,15.0,4.9,83.6,47099,Lawrence County,Tennessee,0.8584155265669742,0.6194718421889914,0.6104040725421572,0.792554883868915,0.7400572701240853,72.41807190582247,High opportunity for deeper review,Small county
"Reagan County, Texas",3232.0,33.6,57813.0,11.8,5.0,79.7,48383,Reagan County,Texas,0.9939548202354438,0.38927776010181353,0.6310849506840598,0.7222398981864461,0.8819599109131403,72.37034680241807,High opportunity for deeper review,Small county
"Chattooga County, Georgia",25036.0,22.0,50285.0,21.2,5.4,85.2,13055,Chattooga County,Georgia,0.5224307986000636,0.8829144129812281,0.7085587018771874,0.876869233216672,0.6275851097677378,72.36716512885778,High opportunity for deeper review,Small county
"Vernon Parish, Louisiana",47117.0,25.4,57270.0,19.0,5.7,88.0,22115,Vernon Parish,Louisiana,0.8884823417117403,0.8168946866051543,0.7531021317212854,0.7346484250715877,0.42141266306076997,72.29080496341075,High opportunity for deeper review,Small county
"Grundy County, Tennessee",13819.0,21.5,47593.0,18.9,9.0,87.3,47061,Grundy County,Tennessee,0.4540248170537703,0.8132357620108177,0.9513203945275215,0.9175946547884187,0.47709195036589247,72.26535157492842,High opportunity for deeper review,Small county
"Barbour County, West Virginia",15424.0,19.9,51394.0,20.0,8.5,84.3,54001,Barbour County,West Virginia,0.2653515749284123,0.8498250079541839,0.9411390391345847,0.858097359210945,0.6959910913140313,72.20808145084314,High opportunity for deeper review,Small county
"DeKalb County, Tennessee",20959.0,21.7,53153.0,18.6,5.6,83.2,47041,DeKalb County,Tennessee,0.48106904231625836,0.8040089086859689,0.7402163538020999,0.8227807826916959,0.7618517340120904,72.19853643016226,High opportunity for deeper review,Small county
"Covington County, Alabama",37628.0,22.2,52456.0,19.2,5.2,83.8,1039,Covington County,Alabama,0.5493159401845371,0.8250079541839007,0.6683105313394846,0.8377346484250716,0.727966910594973,72.16671969455935,High opportunity for deeper review,Small county
"Hardee County, Florida",25675.0,24.4,60489.0,25.3,5.9,88.2,12049,Hardee County,Florida,0.8132357620108177,0.9546611517658288,0.7820553611199491,0.6496977410117721,0.4070951320394528,72.1349029589564,High opportunity for deeper review,Small county
"Clinton County, Kentucky",9202.0,21.5,44844.0,17.5,5.0,81.9,21053,Clinton County,Kentucky,0.4540248170537703,0.7573973910276806,0.6310849506840598,0.9443207126948775,0.8194400254533885,72.12535793827554,High opportunity for deeper review,Small county
"Dickens County, Texas",1747.0,21.2,49335.0,18.0,9.2,86.2,48125,Dickens County,Texas,0.4139357301940821,0.7799872733057588,0.9567292395800191,0.8930957683741648,0.5620426344257079,72.11581291759465,High opportunity for deeper review,Small county
"Jefferson Davis Parish, Louisiana",31924.0,25.1,57341.0,14.6,4.7,81.1,22053,Jefferson Davis Parish,Louisiana,0.8657333757556475,0.5959274578428253,0.5641107222398982,0.7336939230034998,0.845847916003818,72.10626789691378,High opportunity for deeper review,Small county
"Liberty County, Montana",1952.0,27.2,57857.0,25.8,0.6,74.6,30051,Liberty County,Montana,0.9468660515431117,0.9597518294622972,0.01813553929366847,0.720967228762329,0.9583200763601655,72.08081450843143,High opportunity for deeper review,Small county
"Lee County, Kentucky",7339.0,18.1,37568.0,27.4,4.7,75.5,21129,Lee County,Kentucky,0.13649379573655743,0.9681832643970728,0.5641107222398982,0.9850461342666242,0.9482978046452434,72.04263442570793,High opportunity for deeper review,Small county
"Meriwether County, Georgia",20929.0,21.0,57340.0,18.9,6.6,82.1,13199,Meriwether County,Georgia,0.38832325803372575,0.8132357620108177,0.8533248488705059,0.7340120903595291,0.8114858415526567,72.00763601654471,High opportunity for deeper review,Small county
"Johnson County, Georgia",9190.0,17.8,51028.0,24.2,7.4,83.0,13167,Johnson County,Georgia,0.12042634425707922,0.9393891186764238,0.9029589564110723,0.8635062042634426,0.7712376710149539,71.95036589245943,High opportunity for deeper review,Small county
"Madison County, Florida",18089.0,17.7,48485.0,21.0,5.8,77.1,12079,Madison County,Florida,0.11422208081450844,0.8781419026407891,0.7664651606745148,0.9086859688195991,0.9298440979955457,71.94718421889914,High opportunity for deeper review,Small county
"Lee County, South Carolina",16166.0,18.7,44760.0,25.0,6.7,84.7,45061,Lee County,South Carolina,0.16958320076360164,0.9511613108495068,0.861119949093223,0.9446388800509068,0.6699013681196309,71.92809417753739,High opportunity for deeper review,Small county
"Okfuskee County, Oklahoma",11278.0,22.5,48363.0,25.8,3.5,81.7,40107,Okfuskee County,Oklahoma,0.5911549475023863,0.9597518294622972,0.3075087496022908,0.9102768055997454,0.8275532930321349,71.92491250397708,High opportunity for deeper review,Small county
"Calhoun County, Georgia",5498.0,15.3,46940.0,22.8,6.0,77.7,13037,Calhoun County,Georgia,0.035634743875278395,0.9185491568565065,0.7971683105313395,0.9217308304167993,0.9220489977728286,71.90264078905504,High opportunity for deeper review,Small county
"Graves County, Kentucky",36630.0,24.2,50772.0,19.9,3.4,82.4,21083,Graves County,Kentucky,0.7946229716831054,0.8469615017499205,0.28778237352847597,0.8670060451797645,0.7979637289214127,71.88673242125358,High opportunity for deeper review,Small county
"Edwards County, Texas",1290.0,22.9,40313.0,31.9,0.0,69.3,48137,Edwards County,Texas,0.6455615653833917,0.9853643016226535,0.003658924594336621,0.9739102768055997,0.9852052179446389,71.8740057270124,High opportunity for deeper review,Small county
"Hart County, Kentucky",19603.0,24.4,52285.0,19.3,3.8,83.7,21099,Hart County,Kentucky,0.8132357620108177,0.8286668787782373,0.3752783964365256,0.8412344893413936,0.7336939230034998,71.84218899140949,High opportunity for deeper review,Small county
"Osceola County, Michigan",23227.0,22.3,58267.0,15.8,6.4,82.0,26133,Osceola County,Michigan,0.5628380528157811,0.6640152720330894,0.8361438116449252,0.7123767101495386,0.8146675151129494,71.80082723512568,High opportunity for deeper review,Small county
"Scioto County, Ohio",72627.0,21.7,50609.0,21.8,5.9,86.3,39145,Scioto County,Ohio,0.48106904231625836,0.8985046134266624,0.7820553611199491,0.8714603881641744,0.5556792873051225,71.77537384664333,High opportunity for deeper review,Medium county
"Union County, New Mexico",4013.0,21.3,46694.0,16.6,6.2,84.1,35059,Union County,New Mexico,0.42888959592745785,0.7103086223353484,0.8153038498250079,0.9255488386891505,0.7071269487750557,71.74355711104042,High opportunity for deeper review,Small county
"Simpson County, Mississippi",25691.0,23.1,56381.0,20.0,4.4,82.3,28127,Simpson County,Mississippi,0.6719694559338212,0.8498250079541839,0.49713649379573654,0.7588291441298123,0.8028953229398663,71.6131084950684,High opportunity for deeper review,Small county
"Monroe County, Mississippi",33747.0,22.4,51866.0,18.0,6.3,86.4,28095,Monroe County,Mississippi,0.5760419980909959,0.7799872733057588,0.8251670378619154,0.8495068405981546,0.5485205217944639,71.58447343302578,High opportunity for deeper review,Small county
"Deaf Smith County, Texas",18460.0,31.4,60799.0,17.7,3.5,79.9,48117,Deaf Smith County,Texas,0.9879096404708877,0.7659879096404709,0.3075087496022908,0.6385618835507476,0.8775055679287305,71.54947502386254,High opportunity for deeper review,Small county
"Baylor County, Texas",3485.0,21.7,45370.0,21.8,4.5,83.7,48023,Baylor County,Texas,0.48106904231625836,0.8985046134266624,0.5227489659560929,0.9395482023544385,0.7336939230034998,71.51129494113904,High opportunity for deeper review,Small county
"Gilmer County, West Virginia",7288.0,14.9,47981.0,19.0,6.8,75.8,54021,Gilmer County,West Virginia,0.030384982500795417,0.8168946866051543,0.8685968819599109,0.9131403118040089,0.9462297168310532,71.50493159401844,High opportunity for deeper review,Small county
"Fulton County, Arkansas",12302.0,20.7,42241.0,18.0,4.6,76.5,5049,Fulton County,Arkansas,0.35141584473433024,0.7799872733057588,0.5439070951320395,0.9605472478523703,0.9390709513203945,71.49856824689786,High opportunity for deeper review,Small county
"Crittenden County, Kentucky",8979.0,23.2,46656.0,17.7,3.4,78.6,21055,Crittenden County,Kentucky,0.6870824053452116,0.7659879096404709,0.28778237352847597,0.9258670060451798,0.9051861279032771,71.4381164492523,High opportunity for deeper review,Small county
"Bacon County, Georgia",11109.0,25.1,44694.0,24.5,2.6,84.8,13005,Bacon County,Georgia,0.8657333757556475,0.9443207126948775,0.1551065860642698,0.9462297168310532,0.6605154311167674,71.4381164492523,High opportunity for deeper review,Small county
"Wilson County, North Carolina",79290.0,22.8,56423.0,19.8,5.6,85.7,37195,Wilson County,North Carolina,0.6331530384982501,0.8437798281896277,0.7402163538020999,0.7575564747056952,0.5951320394527522,71.39675469296851,High opportunity for deeper review,Medium county
"Marion County, Georgia",7509.0,20.2,51667.0,20.9,4.8,74.7,13197,Marion County,Georgia,0.2966910594972956,0.8752783964365256,0.5874960229080496,0.8523703468024181,0.9575246579700922,71.38720967228763,High opportunity for deeper review,Small county
"Stone County, Mississippi",18894.0,21.2,61413.0,16.9,9.3,80.9,28131,Stone County,Mississippi,0.4139357301940821,0.7254215717467388,0.9595927457842826,0.6175628380528158,0.8509385937002863,71.34902958956411,High opportunity for deeper review,Small county
"Martinsville city, Virginia",13658.0,26.8,46727.0,23.5,2.9,86.0,51690,Martinsville city,Virginia,0.9389118676423799,0.9314349347756921,0.19551384027998728,0.9245943366210627,0.5754056633789373,71.3172128539612,High opportunity for deeper review,Small county
"Covington city, Virginia",5680.0,23.0,41944.0,25.7,2.8,82.3,51580,Covington city,Virginia,0.657651924912504,0.9584791600381801,0.18310531339484568,0.9637289214126631,0.8028953229398663,71.31721285396118,High opportunity for deeper review,Small county
"Wayne County, Kentucky",19602.0,20.4,45739.0,24.8,5.8,85.7,21231,Wayne County,Kentucky,0.3181673560292714,0.948934139357302,0.7664651606745148,0.9357301940820871,0.5951320394527522,71.28857779191856,High opportunity for deeper review,Small county
"Terry County, Texas",11629.0,27.7,44100.0,18.3,4.5,89.0,48445,Terry County,Texas,0.9538657333757556,0.793032134902959,0.5227489659560929,0.9503658924594337,0.3433025771555839,71.26630607699649,High opportunity for deeper review,Small county
"Lewis County, West Virginia",16740.0,21.7,56477.0,16.1,8.6,84.2,54041,Lewis County,West Virginia,0.48106904231625836,0.6807190582246262,0.9430480432707604,0.7556474705695195,0.7015590200445434,71.24085268851415,High opportunity for deeper review,Small county
"Ozark County, Missouri",8873.0,19.0,44163.0,21.5,5.0,78.7,29153,Ozark County,Missouri,0.1872414890232262,0.8897550111358574,0.6310849506840598,0.9500477251034044,0.9032771237671015,71.22812599427299,High opportunity for deeper review,Small county
"Potter County, Texas",115975.0,26.7,53249.0,20.8,3.8,86.3,48375,Potter County,Texas,0.9370028635062042,0.8728921412663061,0.3752783964365256,0.8205536111994909,0.5556792873051225,71.22812599427299,High opportunity for deeper review,Medium county
"Craighead County, Arkansas",113249.0,25.2,59548.0,20.1,5.6,88.0,5031,Craighead County,Arkansas,0.8736875596563792,0.8523703468024181,0.7402163538020999,0.6735602927139676,0.42141266306076997,71.2249443207127,High opportunity for deeper review,Medium county
"Morris County, Texas",12076.0,23.0,58645.0,19.5,7.1,87.3,48343,Morris County,Texas,0.657651924912504,0.8348711422208082,0.8864142538975501,0.7034680241807191,0.47709195036589247,71.18994591154947,High opportunity for deeper review,Small county
"Malheur County, Oregon",31954.0,25.3,54519.0,17.6,5.2,87.6,41045,Malheur County,Oregon,0.8813235762010818,0.762010817690105,0.6683105313394846,0.796054724785237,0.45179764556156543,71.18994591154947,High opportunity for deeper review,Small county
"Lauderdale County, Tennessee",24784.0,21.7,49879.0,21.0,5.6,86.0,47097,Lauderdale County,Tennessee,0.48106904231625836,0.8781419026407891,0.7402163538020999,0.8832325803372574,0.5754056633789373,71.16131084950685,High opportunity for deeper review,Small county
"Vernon County, Missouri",19687.0,23.8,52230.0,18.8,4.2,84.3,29217,Vernon County,Missouri,0.7573973910276806,0.8106904231625836,0.4513203945275215,0.8415526566974229,0.6959910913140313,71.13903913458479,High opportunity for deeper review,Small county
"Prowers County, Colorado",11910.0,26.1,53508.0,18.2,4.1,85.6,8099,Prowers County,Colorado,0.9206172446706968,0.7873051224944321,0.4322303531657652,0.8148265987909641,0.6016544702513522,71.13267578746421,High opportunity for deeper review,Small county
"Upton County, Texas",3191.0,23.5,49167.0,16.0,3.5,75.1,48461,Upton County,Texas,0.7239898186446071,0.6748329621380846,0.3075087496022908,0.8958001909004136,0.9540248170537703,71.12313076678333,High opportunity for deeper review,Small county
"Lyman County, South Dakota",3724.0,28.0,67143.0,23.7,4.0,82.4,46085,Lyman County,South Dakota,0.9580019090041362,0.933184855233853,0.41520839961819916,0.45147947820553613,0.7979637289214127,71.11676741966274,High opportunity for deeper review,Small county
"Berrien County, Georgia",18352.0,23.4,52876.0,20.6,3.7,82.5,13019,Berrien County,Georgia,0.7114222080814508,0.8660515431116768,0.3523703468024181,0.8291441298122812,0.793032134902959,71.04040725421571,High opportunity for deeper review,Small county
"Torrance County, New Mexico",15490.0,20.2,57842.0,18.3,9.0,82.6,35057,Torrance County,New Mexico,0.2966910594972956,0.793032134902959,0.9513203945275215,0.7212853961183583,0.7885777919185492,71.01813553929367,High opportunity for deeper review,Small county
"Wilcox County, Georgia",8798.0,19.0,54138.0,21.9,5.5,76.9,13315,Wilcox County,Georgia,0.1872414890232262,0.9015272033089405,0.7265351574928413,0.8027362392618518,0.9328666878778238,71.01813553929365,High opportunity for deeper review,Small county
"Warren County, North Carolina",18795.0,17.7,50638.0,21.1,7.2,82.5,37185,Warren County,North Carolina,0.11422208081450844,0.8810054088450525,0.8919821826280624,0.8705058860960866,0.793032134902959,71.01495386573339,High opportunity for deeper review,Small county
"Sumter County, South Carolina",104725.0,23.7,56693.0,16.6,6.9,87.4,45085,Sumter County,South Carolina,0.7476932866687878,0.7103086223353484,0.875119312758511,0.7508749602290805,0.4667515112949412,71.01495386573336,High opportunity for deeper review,Medium county
"Grant County, Oklahoma",4131.0,23.7,60758.0,17.5,4.3,76.9,40053,Grant County,Oklahoma,0.7476932866687878,0.7573973910276806,0.47216035634743875,0.6403118040089086,0.9328666878778238,71.00859051861279,High opportunity for deeper review,Small county
"Irwin County, Georgia",9285.0,22.7,51384.0,22.4,4.0,83.5,13155,Irwin County,Georgia,0.6193127585109768,0.9101177219217308,0.41520839961819916,0.8584155265669742,0.7459433662106267,70.97995545657015,High opportunity for deeper review,Small county
"Jay County, Indiana",20229.0,25.6,54969.0,14.4,4.4,82.8,18075,Jay County,Indiana,0.900413617562838,0.583837098313713,0.49713649379573654,0.7871460388164174,0.7803054406617881,70.97677378300986,High opportunity for deeper review,Small county
"La Paz County, Arizona",16664.0,14.9,49478.0,17.5,10.0,78.9,4012,La Paz County,Arizona,0.030384982500795417,0.7573973910276806,0.9721603563474388,0.8899140948138721,0.8989818644607064,70.97677378300986,High opportunity for deeper review,Small county
"Bladen County, North Carolina",29566.0,20.6,42422.0,22.0,5.4,85.1,37017,Bladen County,North Carolina,0.3398027362392618,0.9035952911231308,0.7085587018771874,0.9592745784282533,0.636652879414572,70.9576837416481,High opportunity for deeper review,Small county
"Castro County, Texas",7344.0,29.1,56776.0,19.2,3.7,84.9,48069,Castro County,Texas,0.9696150174992045,0.8250079541839007,0.3523703468024181,0.7475342029907732,0.652402163538021,70.93859370028636,High opportunity for deeper review,Small county
"Jackson County, Tennessee",12029.0,18.3,47951.0,20.3,7.6,84.0,47087,Jackson County,Tennessee,0.1457206490614063,0.858097359210945,0.9129812281259942,0.9134584791600382,0.7134902958956411,70.8749602290805,High opportunity for deeper review,Small county
"Trinity County, California",15860.0,17.2,53002.0,20.7,8.4,81.9,6105,Trinity County,California,0.08813235762010818,0.8695513840279987,0.9389118676423799,0.8272351256761057,0.8194400254533885,70.86541520839961,High opportunity for deeper review,Small county
"Lake County, Tennessee",6579.0,14.9,28814.0,32.2,4.9,78.1,47095,Lake County,Tennessee,0.030384982500795417,0.9867960547247853,0.6104040725421572,0.9990454979319122,0.9155265669742284,70.84314349347757,High opportunity for deeper review,Small county
"Muscogee County, Georgia",203711.0,24.9,58073.0,19.0,6.3,89.2,13215,Muscogee County,Georgia,0.8523703468024181,0.8168946866051543,0.8251670378619154,0.7168310531339485,0.3265987909640471,70.75723830734967,High opportunity for deeper review,Medium county
"Clark County, Missouri",6675.0,23.9,51781.0,11.2,5.0,75.4,29045,Clark County,Missouri,0.7671014953865734,0.33837098313713015,0.6310849506840598,0.8507795100222717,0.950206808781419,70.75087496022908,High opportunity for deeper review,Small county
"Hardy County, West Virginia",14243.0,19.8,49272.0,17.7,7.3,83.9,54031,Hardy County,West Virginia,0.256761056315622,0.7659879096404709,0.8978682787146038,0.8937321030862233,0.7214444797963728,70.71587655106586,High opportunity for deeper review,Small county
"Breckinridge County, Kentucky",20881.0,22.8,55843.0,21.4,4.5,83.9,21027,Breckinridge County,Kentucky,0.6331530384982501,0.8865733375755648,0.5227489659560929,0.7680559974546611,0.7214444797963728,70.63951638561883,High opportunity for deeper review,Small county
"Alcorn County, Mississippi",34289.0,22.3,51260.0,15.8,4.6,78.8,28003,Alcorn County,Mississippi,0.5628380528157811,0.6640152720330894,0.5439070951320395,0.8596881959910914,0.9013681196309259,70.63633471205854,High opportunity for deeper review,Small county
"Cottle County, Texas",1368.0,18.3,59063.0,17.1,12.6,72.8,48101,Cottle County,Texas,0.1457206490614063,0.7357620108176901,0.9904549793191219,0.6878778237352847,0.9713649379573656,70.62360801781738,High opportunity for deeper review,Small county
"Val Verde County, Texas",47741.0,27.8,66100.0,16.6,5.9,85.7,48465,Val Verde County,Texas,0.955456570155902,0.7103086223353484,0.7820553611199491,0.48647788736875597,0.5951320394527522,70.58860960865417,High opportunity for deeper review,Small county
"Tangipahoa Parish, Louisiana",136738.0,24.6,56760.0,19.2,6.0,89.2,22105,Tangipahoa Parish,Louisiana,0.8321667196945594,0.8250079541839007,0.7971683105313395,0.7480114540248171,0.3265987909640471,70.57906458797326,High opportunity for deeper review,Medium county
"Warren County, Mississippi",43020.0,23.5,59401.0,19.5,4.8,84.2,28149,Warren County,Mississippi,0.7239898186446071,0.8348711422208082,0.5874960229080496,0.6792873051224944,0.7015590200445434,70.54406617881006,High opportunity for deeper review,Small county
"Greene County, Arkansas",46432.0,24.0,57839.0,17.4,5.9,87.1,5055,Greene County,Arkansas,0.7763283487114222,0.7527839643652561,0.7820553611199491,0.7216035634743876,0.4926821508113267,70.50906776964683,High opportunity for deeper review,Small county
"Fayette County, West Virginia",39519.0,20.7,53194.0,19.2,5.6,82.7,54019,Fayette County,West Virginia,0.35141584473433024,0.8250079541839007,0.7402163538020999,0.8221444479796373,0.7846006999681833,70.46770601336301,High opportunity for deeper review,Small county
"Wirt County, West Virginia",5053.0,21.2,49867.0,16.8,4.9,79.2,54105,Wirt County,West Virginia,0.4139357301940821,0.720489977728285,0.6104040725421572,0.8835507476932867,0.8930957683741648,70.42952593063951,High opportunity for deeper review,Small county
"Polk County, Georgia",43785.0,25.1,58515.0,16.4,5.9,87.4,13233,Polk County,Georgia,0.8657333757556475,0.6982182628062361,0.7820553611199491,0.706967865097041,0.4667515112949412,70.3945275214763,High opportunity for deeper review,Small county
"Vermilion Parish, Louisiana",57123.0,25.2,55707.0,20.2,5.2,88.9,22113,Vermilion Parish,Louisiana,0.8736875596563792,0.8553929366846962,0.6683105313394846,0.7709195036589246,0.3514158447343303,70.39452752147629,High opportunity for deeper review,Medium county
"Jackson County, West Virginia",27705.0,21.4,58845.0,18.5,5.1,77.1,54035,Jackson County,West Virginia,0.44177537384664334,0.8016226535157492,0.6509704104358893,0.6955138402799872,0.9298440979955457,70.39452752147629,High opportunity for deeper review,Small county
"Leslie County, Kentucky",10079.0,20.7,35934.0,30.3,3.8,81.9,21131,Leslie County,Kentucky,0.35141584473433024,0.9802736239261852,0.3752783964365256,0.9895004772510341,0.8194400254533885,70.31816735602928,High opportunity for deeper review,Small county
"Campbell County, Tennessee",39761.0,20.3,51557.0,18.5,5.0,77.9,47013,Campbell County,Tennessee,0.3078269169583201,0.8016226535157492,0.6310849506840598,0.8555520203627107,0.9188673242125358,70.29907731466751,High opportunity for deeper review,Small county
"Roanoke city, Virginia",98355.0,22.6,55378.0,18.3,5.6,85.7,51770,Roanoke city,Virginia,0.6056315622017181,0.793032134902959,0.7402163538020999,0.7779191854915686,0.5951320394527522,70.23862551702196,High opportunity for deeper review,Medium county
"Pearl River County, Mississippi",57458.0,22.9,58135.0,16.5,6.1,85.1,28109,Pearl River County,Mississippi,0.6455615653833917,0.7039452752147629,0.8075087496022908,0.7158765510658607,0.636652879414572,70.19090041361757,High opportunity for deeper review,Medium county
"Lincoln Parish, Louisiana",48174.0,19.7,39172.0,31.2,3.8,77.9,22061,Lincoln Parish,Louisiana,0.24896595609290487,0.9837734648425072,0.3752783964365256,0.9809099586382437,0.9188673242125358,70.15590200445433,High opportunity for deeper review,Small county
"Mineral County, Nevada",4542.0,20.7,54855.0,18.5,9.8,85.7,32021,Mineral County,Nevada,0.35141584473433024,0.8016226535157492,0.967706013363029,0.7900095450206809,0.5951320394527522,70.11772192173083,High opportunity for deeper review,Small county
"Taylor County, Florida",21503.0,20.3,49073.0,17.3,5.4,81.2,12123,Taylor County,Florida,0.3078269169583201,0.7475342029907731,0.7085587018771874,0.8985046134266624,0.8426662424435253,70.10181355392938,High opportunity for deeper review,Small county
"Smith County, Mississippi",14132.0,22.9,60916.0,17.0,4.4,64.2,28129,Smith County,Mississippi,0.6455615653833917,0.7300349984091632,0.49713649379573654,0.636652879414572,0.9944320712694877,70.07636016544703,High opportunity for deeper review,Small county
"Lake County, Michigan",12563.0,14.8,50805.0,20.5,7.4,81.2,26085,Lake County,Michigan,0.02783964365256125,0.862869869551384,0.9029589564110723,0.8666878778237352,0.8426662424435253,70.06045179764556,High opportunity for deeper review,Small county
"Muhlenberg County, Kentucky",30591.0,21.1,51927.0,18.4,5.7,84.2,21177,Muhlenberg County,Kentucky,0.3989818644607063,0.7981228125994273,0.7531021317212854,0.8466433343938912,0.7015590200445434,69.96818326439708,High opportunity for deeper review,Small county
"Pawnee County, Oklahoma",15795.0,23.2,58738.0,18.2,4.4,81.8,40117,Pawnee County,Oklahoma,0.6870824053452116,0.7873051224944321,0.49713649379573654,0.6996500159083678,0.8243716194718422,69.9109131403118,High opportunity for deeper review,Small county
"Bryan County, Oklahoma",48253.0,23.7,57225.0,16.6,4.6,83.3,40013,Bryan County,Oklahoma,0.7476932866687878,0.7103086223353484,0.5439070951320395,0.7359210944957048,0.7569201399936367,69.89500477251035,High opportunity for deeper review,Small county
"Wayne County, Michigan",1772259.0,23.6,60539.0,20.8,8.7,89.7,26163,Wayne County,Michigan,0.7367165128857779,0.8728921412663061,0.9452752147629653,0.6484250715876552,0.2893732103086223,69.85364301622654,High opportunity for deeper review,Very large county
"Marion County, Alabama",29184.0,21.1,50088.0,16.2,5.0,79.0,1093,Marion County,Alabama,0.3989818644607063,0.6866051543111676,0.6310849506840598,0.8794145720649061,0.8965956092904868,69.85364301622653,High opportunity for deeper review,Small county
"Nome Census Area, Alaska",9866.0,33.7,78681.0,21.5,16.9,88.2,2180,Nome Census Area,Alaska,0.9942729875914731,0.8897550111358574,0.9971364937957365,0.20267260579064583,0.4070951320394528,69.8186446070633,High opportunity for deeper review,Small county
"Pike County, Arkansas",10115.0,22.3,49269.0,20.7,3.9,83.1,5109,Pike County,Arkansas,0.5628380528157811,0.8695513840279987,0.3970728603245307,0.8940502704422526,0.7661469933184855,69.79319121858097,High opportunity for deeper review,Small county
"Vinton County, Ohio",12630.0,20.8,55336.0,17.3,5.5,80.1,39163,Vinton County,Ohio,0.3636652879414572,0.7475342029907731,0.7265351574928413,0.779510022271715,0.8722558065542475,69.79000954502068,High opportunity for deeper review,Small county
"Bleckley County, Georgia",12430.0,20.3,62008.0,19.3,5.9,73.4,13023,Bleckley County,Georgia,0.3078269169583201,0.8286668787782373,0.7820553611199491,0.6026089723194401,0.9675469296850143,69.77410117721922,High opportunity for deeper review,Small county
"DeKalb County, Alabama",72269.0,24.0,51204.0,22.4,4.1,86.9,1049,DeKalb County,Alabama,0.7763283487114222,0.9101177219217308,0.4322303531657652,0.8612790327712376,0.5082723512567611,69.76455615653835,High opportunity for deeper review,Medium county
"Mason County, Kentucky",16956.0,22.4,52178.0,18.8,4.9,85.0,21161,Mason County,Kentucky,0.5760419980909959,0.8106904231625836,0.6104040725421572,0.8434616608335985,0.6449252306713331,69.71046770601336,High opportunity for deeper review,Small county
"Pulaski County, Kentucky",65897.0,22.2,51898.0,19.7,4.9,85.1,21199,Pulaski County,Kentucky,0.5493159401845371,0.8410754056633789,0.6104040725421572,0.8479160038180082,0.636652879414572,69.70728603245307,High opportunity for deeper review,Medium county
"Jasper County, Texas",32727.0,23.3,56723.0,20.7,13.3,91.4,48241,Jasper County,Texas,0.6998090995863825,0.8695513840279987,0.9922048997772829,0.7499204581609926,0.17181037225580653,69.66592427616926,High opportunity for deeper review,Small county
"McDuffie County, Georgia",21718.0,24.7,56733.0,20.3,1.9,75.1,13189,McDuffie County,Georgia,0.8396436525612472,0.858097359210945,0.08160992682150811,0.7496022908049634,0.9540248170537703,69.65956092904868,High opportunity for deeper review,Small county
"Coke County, Texas",3353.0,21.3,43333.0,22.9,5.6,87.8,48081,Coke County,Texas,0.42888959592745785,0.9207763283487114,0.7402163538020999,0.9543429844097996,0.43811644925230675,69.64683423480751,High opportunity for deeper review,Small county
"Union County, Mississippi",28122.0,25.0,55505.0,15.1,4.4,83.8,28145,Union County,Mississippi,0.8584155265669742,0.6239261851734013,0.49713649379573654,0.7747375119312758,0.727966910594973,69.64365256124722,High opportunity for deeper review,Small county
"Walker County, Alabama",64841.0,22.9,56509.0,18.5,4.9,84.7,1127,Walker County,Alabama,0.6455615653833917,0.8016226535157492,0.6104040725421572,0.7543748011454025,0.6699013681196309,69.63728921412662,High opportunity for deeper review,Medium county
"Lucas County, Iowa",8716.0,23.5,61793.0,14.9,5.2,80.4,19117,Lucas County,Iowa,0.7239898186446071,0.614858415526567,0.6683105313394846,0.6086541520839962,0.8655742920776328,69.62774419344575,High opportunity for deeper review,Small county
"Taliaferro County, Georgia",1558.0,18.7,52500.0,20.4,5.0,70.1,13265,Taliaferro County,Georgia,0.16958320076360164,0.8601654470251352,0.6310849506840598,0.837098313713013,0.9831371301304486,69.62138084632515,High opportunity for deeper review,Small county
"Benton County, Tennessee",16006.0,20.1,51746.0,17.8,5.3,79.5,47005,Benton County,Tennessee,0.2855552020362711,0.7694877505567929,0.6870824053452116,0.8514158447343303,0.8872096722876233,69.61501749920458,High opportunity for deeper review,Small county
"Vermilion County, Illinois",72386.0,23.4,56877.0,17.7,6.1,87.6,17183,Vermilion County,Illinois,0.7114222080814508,0.7659879096404709,0.8075087496022908,0.7435571110404073,0.45179764556156543,69.60547247852371,High opportunity for deeper review,Medium county
"Culberson County, Texas",2195.0,27.0,58777.0,19.5,1.2,74.1,48109,Culberson County,Texas,0.9433662106267897,0.8348711422208082,0.0383391664015272,0.6977410117721922,0.9642061724467069,69.57047406936049,High opportunity for deeper review,Small county
"Carroll County, Tennessee",28641.0,22.1,51787.0,17.0,4.5,81.3,47017,Carroll County,Tennessee,0.5359529112313076,0.7300349984091632,0.5227489659560929,0.8504613426662424,0.8393254852052179,69.57047406936049,High opportunity for deeper review,Small county
"Cocke County, Tennessee",36813.0,20.4,48016.0,21.9,4.2,79.1,47029,Cocke County,Tennessee,0.3181673560292714,0.9015272033089405,0.4513203945275215,0.9128221444479796,0.8946866051543112,69.57047406936047,High opportunity for deeper review,Small county
"White County, Arkansas",77838.0,23.2,55249.0,17.5,5.8,87.2,5145,White County,Arkansas,0.6870824053452116,0.7573973910276806,0.7664651606745148,0.7823735284759783,0.48504613426662424,69.5672923958002,High opportunity for deeper review,Medium county
"Norton city, Virginia",3577.0,20.2,41495.0,26.3,3.8,80.1,51720,Norton city,Virginia,0.2966910594972956,0.9621380846325167,0.3752783964365256,0.9691377664651607,0.8722558065542475,69.51002227171492,High opportunity for deeper review,Small county
"Marshall County, Mississippi",33979.0,20.8,53458.0,23.0,4.4,80.0,28093,Marshall County,Mississippi,0.3636652879414572,0.9230034998409163,0.49713649379573654,0.8160992682150812,0.8748011454024818,69.49411390391346,High opportunity for deeper review,Small county
"Barton County, Missouri",11690.0,23.4,51635.0,20.2,3.3,82.7,29011,Barton County,Missouri,0.7114222080814508,0.8553929366846962,0.2696468342348075,0.8533248488705059,0.7846006999681833,69.48775055679288,High opportunity for deeper review,Small county
"Montague County, Texas",21046.0,22.8,64545.0,14.2,7.1,80.9,48337,Montague County,Texas,0.6331530384982501,0.5723830734966593,0.8864142538975501,0.5307031498568247,0.8509385937002863,69.4718421889914,High opportunity for deeper review,Small county
"El Paso County, Texas",870779.0,26.1,59806.0,18.7,6.0,89.8,48141,El Paso County,Texas,0.9206172446706968,0.8073496659242761,0.7971683105313395,0.6673560292713967,0.2809417753738467,69.46866051543113,High opportunity for deeper review,Large county
"Huerfano County, Colorado",6972.0,15.6,52526.0,17.3,8.0,77.9,8055,Huerfano County,Colorado,0.043429844097995544,0.7475342029907731,0.9266624244352529,0.8367801463569837,0.9188673242125358,69.46547884187082,High opportunity for deeper review,Small county
"Hidalgo County, New Mexico",4041.0,21.3,48882.0,23.1,3.5,78.4,35023,Hidalgo County,New Mexico,0.42888959592745785,0.9257079223671651,0.3075087496022908,0.9013681196309259,0.9090041361756284,69.44957047406936,High opportunity for deeper review,Small county
"Kings County, California",153298.0,26.8,70995.0,16.0,10.8,86.8,6031,Kings County,California,0.9389118676423799,0.6748329621380846,0.9796372892141266,0.3592109449570474,0.5167037861915367,69.3859370028635,High opportunity for deeper review,Medium county
"Coleman County, Texas",7833.0,20.6,49159.0,19.6,7.7,87.3,48083,Coleman County,Texas,0.3398027362392618,0.8385300668151447,0.9172764874323894,0.8962774419344575,0.47709195036589247,69.37957365574292,High opportunity for deeper review,Small county
"Isabella County, Michigan",64565.0,17.8,55237.0,21.9,6.4,81.7,26073,Isabella County,Michigan,0.12042634425707922,0.9015272033089405,0.8361438116449252,0.7830098631880369,0.8275532930321349,69.37321030862233,High opportunity for deeper review,Medium county
"Searcy County, Arkansas",7859.0,20.3,44426.0,23.0,3.7,76.7,5129,Searcy County,Arkansas,0.3078269169583201,0.9230034998409163,0.3523703468024181,0.9475023862551702,0.9362074451161311,69.33821189945911,High opportunity for deeper review,Small county
"Hamblen County, Tennessee",65669.0,23.9,55454.0,18.4,5.3,87.8,47063,Hamblen County,Tennessee,0.7671014953865734,0.7981228125994273,0.6870824053452116,0.7756920139993637,0.43811644925230675,69.32230353165765,High opportunity for deeper review,Medium county
"Rutherford County, North Carolina",64930.0,20.1,51410.0,16.8,6.3,82.9,37161,Rutherford County,North Carolina,0.2855552020362711,0.720489977728285,0.8251670378619154,0.8577791918549157,0.7758510976773783,69.29685014317532,High opportunity for deeper review,Medium county
"Allen County, Kentucky",21293.0,23.1,61403.0,13.5,6.9,82.9,21003,Allen County,Kentucky,0.6719694559338212,0.5227489659560929,0.875119312758511,0.6181991727648743,0.7758510976773783,69.27776010181356,High opportunity for deeper review,Small county
"Pope County, Arkansas",64131.0,23.1,57344.0,16.9,5.1,84.6,5115,Pope County,Arkansas,0.6719694559338212,0.7254215717467388,0.6509704104358893,0.7333757556474706,0.6780146356983774,69.19503658924594,High opportunity for deeper review,Medium county
"Sebastian County, Arkansas",128900.0,23.8,57790.0,16.0,5.5,86.0,5131,Sebastian County,Arkansas,0.7573973910276806,0.6748329621380846,0.7265351574928413,0.7238307349665924,0.5754056633789373,69.16003818008272,High opportunity for deeper review,Medium county
"Warren County, Tennessee",42166.0,23.3,55487.0,15.7,5.9,86.5,47177,Warren County,Tennessee,0.6998090995863825,0.6590836780146357,0.7820553611199491,0.7753738466433344,0.5400890868596881,69.1282214444798,High opportunity for deeper review,Small county
"Guadalupe County, New Mexico",4381.0,22.3,42750.0,25.5,2.6,81.8,35019,Guadalupe County,New Mexico,0.5628380528157811,0.9564110722239898,0.1551065860642698,0.9573655742920776,0.8243716194718422,69.1218580973592,High opportunity for deeper review,Small county
"Cherokee County, Oklahoma",47942.0,21.2,53218.0,18.2,5.1,82.8,40021,Cherokee County,Oklahoma,0.4139357301940821,0.7873051224944321,0.6509704104358893,0.8211899459115495,0.7803054406617881,69.07413299395483,High opportunity for deeper review,Small county
"Conejos County, Colorado",7530.0,25.3,50978.0,11.7,4.8,83.6,8021,Conejos County,Colorado,0.8813235762010818,0.37941457206490614,0.5874960229080496,0.8644607063315304,0.7400572701240853,69.05504295259306,High opportunity for deeper review,Small county
"Bath County, Kentucky",12851.0,25.5,56541.0,25.3,2.5,84.1,21011,Bath County,Kentucky,0.8950047725103404,0.9546611517658288,0.14110722239898185,0.7534202990773147,0.7071269487750557,69.02640789055042,High opportunity for deeper review,Small county
"Clayton County, Georgia",298924.0,26.8,59806.0,17.9,7.2,91.3,13063,Clayton County,Georgia,0.9389118676423799,0.7741011772192173,0.8919821826280624,0.6673560292713967,0.17849188673242122,69.01686286986954,High opportunity for deeper review,Large county
"Real County, Texas",2802.0,24.1,39605.0,17.9,0.0,78.4,48385,Real County,Texas,0.7858733693923003,0.7741011772192173,0.003658924594336621,0.9780464524339803,0.9090041361756284,69.01368119630926,High opportunity for deeper review,Small county
"Miller County, Missouri",25269.0,23.2,56736.0,14.4,5.3,83.6,29131,Miller County,Missouri,0.6870824053452116,0.583837098313713,0.6870824053452116,0.7492841234489341,0.7400572701240853,68.94686605154311,High opportunity for deeper review,Small county
"Logan County, Kentucky",27986.0,24.3,60382.0,16.8,5.7,86.8,21141,Logan County,Kentucky,0.8033725739739103,0.720489977728285,0.7531021317212854,0.6525612472160356,0.5167037861915367,68.92459433662106,High opportunity for deeper review,Small county
"Jefferson County, Florida",15091.0,17.2,61212.0,21.0,7.4,75.4,12065,Jefferson County,Florida,0.08813235762010818,0.8781419026407891,0.9029589564110723,0.624880687241489,0.950206808781419,68.88641425389756,High opportunity for deeper review,Small county
"McNairy County, Tennessee",25970.0,21.6,53473.0,16.5,5.8,84.4,47109,McNairy County,Tennessee,0.4675469296850143,0.7039452752147629,0.7664651606745148,0.8154629335030226,0.6902640789055043,68.87368755965639,High opportunity for deeper review,Small county
"Choctaw County, Alabama",12380.0,19.7,47813.0,16.5,5.0,76.1,1023,Choctaw County,Alabama,0.24896595609290487,0.7039452752147629,0.6310849506840598,0.9160038180082724,0.9433662106267897,68.86732421253579,High opportunity for deeper review,Small county
"Franklin County, Mississippi",7622.0,23.1,52939.0,25.4,4.0,86.1,28037,Franklin County,Mississippi,0.6719694559338212,0.955456570155902,0.41520839961819916,0.8281896277441935,0.5682468978682786,68.78141902640789,High opportunity for deeper review,Small county
"Greene County, North Carolina",20486.0,18.9,53244.0,21.0,5.7,82.3,37079,Greene County,North Carolina,0.18151447661469933,0.8781419026407891,0.7531021317212854,0.8208717785555202,0.8028953229398663,68.7305122494432,High opportunity for deeper review,Small county
"Williamsburg County, South Carolina",30282.0,19.4,46213.0,23.3,4.0,76.6,45089,Williamsburg County,South Carolina,0.2223989818644607,0.9292077632834871,0.41520839961819916,0.9303213490295895,0.9376391982182628,68.69551384027999,High opportunity for deeper review,Small county
"Benton County, Mississippi",7589.0,21.1,46016.0,21.5,3.1,69.5,28009,Benton County,Mississippi,0.3989818644607063,0.8897550111358574,0.2286032453070315,0.9328666878778238,0.9842507158765511,68.68915049315942,High opportunity for deeper review,Small county
"Oktibbeha County, Mississippi",51771.0,17.5,46695.0,25.5,5.8,84.5,28105,Oktibbeha County,Mississippi,0.10244988864142539,0.9564110722239898,0.7664651606745148,0.9252306713331212,0.6839007317849188,68.6891504931594,High opportunity for deeper review,Medium county
"Lake and Peninsula Borough, Alaska",1013.0,23.2,65625.0,12.8,8.6,81.5,2164,Lake and Peninsula Borough,Alaska,0.6870824053452116,0.46818326439707286,0.9430480432707604,0.5015908367801464,0.8324848870505887,68.6477887368756,High opportunity for deeper review,Small county
"Glades County, Florida",12563.0,13.2,45870.0,17.2,7.1,80.7,12043,Glades County,Florida,0.011772192173083042,0.7416481069042317,0.8864142538975501,0.93445752465797,0.8566656061088133,68.61915367483297,High opportunity for deeper review,Small county
"Klamath County, Oregon",70247.0,21.7,58830.0,18.3,7.2,86.1,41035,Klamath County,Oregon,0.48106904231625836,0.793032134902959,0.8919821826280624,0.6961501749920458,0.5682468978682786,68.60960865415208,High opportunity for deeper review,Medium county
"Crawford County, Indiana",10499.0,20.7,49640.0,22.9,3.5,74.4,18025,Crawford County,Indiana,0.35141584473433024,0.9207763283487114,0.3075087496022908,0.8873687559656379,0.9605472478523703,68.55233853006682,High opportunity for deeper review,Small county
"Bent County, Colorado",5549.0,16.0,50179.0,28.4,5.8,83.3,8011,Bent County,Colorado,0.05186127903277124,0.9734330257715559,0.7664651606745148,0.8781419026407891,0.7569201399936367,68.53643016226536,High opportunity for deeper review,Small county
"Jackson County, Colorado",1372.0,16.9,47667.0,14.6,9.2,79.8,8057,Jackson County,Colorado,0.0757238307349666,0.5959274578428253,0.9567292395800191,0.9172764874323894,0.8792554883868915,68.49825007954185,High opportunity for deeper review,Small county
"Union County, Illinois",16997.0,21.3,55728.0,20.2,3.9,72.6,17181,Union County,Illinois,0.42888959592745785,0.8553929366846962,0.3970728603245307,0.7706013363028953,0.9727966910594973,68.49506840598156,High opportunity for deeper review,Small county
"Spalding County, Georgia",68892.0,23.4,62071.0,18.9,7.3,88.3,13255,Spalding County,Georgia,0.7114222080814508,0.8132357620108177,0.8978682787146038,0.6016544702513522,0.39882278078269173,68.46006999681833,High opportunity for deeper review,Medium county
"Anson County, North Carolina",22289.0,19.9,47302.0,21.7,5.5,85.4,37007,Anson County,North Carolina,0.2653515749284123,0.8950047725103404,0.7265351574928413,0.9185491568565065,0.6150174992045816,68.40916321985364,High opportunity for deeper review,Small county
"Clearwater County, Minnesota",8616.0,25.0,64475.0,12.6,7.7,84.8,27029,Clearwater County,Minnesota,0.8584155265669742,0.45147947820553613,0.9172764874323894,0.5316576519249125,0.6605154311167674,68.3868915049316,High opportunity for deeper review,Small county
"Telfair County, Georgia",11831.0,16.1,50929.0,24.1,5.2,79.3,13271,Telfair County,Georgia,0.05504295259306395,0.9379573655742921,0.6683105313394846,0.8647788736875597,0.8911867642379891,68.34552974864778,High opportunity for deeper review,Small county
"Live Oak County, Texas",11620.0,19.4,57150.0,17.1,5.9,76.8,48297,Live Oak County,Texas,0.2223989818644607,0.7357620108176901,0.7820553611199491,0.7371937639198218,0.93445752465797,68.23735284759785,High opportunity for deeper review,Small county
"Pickens County, Alabama",18721.0,19.1,46274.0,20.0,4.7,80.1,1107,Pickens County,Alabama,0.19455933821189947,0.8498250079541839,0.5641107222398982,0.929685014317531,0.8722558065542475,68.2087177855552,High opportunity for deeper review,Small county
"Sequatchie County, Tennessee",16809.0,19.9,58750.0,21.9,6.6,84.4,47153,Sequatchie County,Tennessee,0.2653515749284123,0.9015272033089405,0.8533248488705059,0.6988545975182946,0.6902640789055043,68.18644607063315,High opportunity for deeper review,Small county
"Greenwood County, South Carolina",69489.0,22.4,52830.0,15.1,5.5,84.9,45047,Greenwood County,South Carolina,0.5760419980909959,0.6239261851734013,0.7265351574928413,0.8297804645243398,0.652402163538021,68.17371937639199,High opportunity for deeper review,Medium county
"Marshall County, Oklahoma",15792.0,23.3,57245.0,16.1,4.7,83.8,40095,Marshall County,Oklahoma,0.6998090995863825,0.6807190582246262,0.5641107222398982,0.7356029271396755,0.727966910594973,68.16417435571111,High opportunity for deeper review,Small county
"Clay County, Georgia",2850.0,19.7,49147.0,21.0,4.5,80.6,13061,Clay County,Georgia,0.24896595609290487,0.8781419026407891,0.5227489659560929,0.8972319440025454,0.8596881959910914,68.13553929366847,High opportunity for deeper review,Small county
"Trigg County, Kentucky",14315.0,21.9,59857.0,20.6,4.2,78.1,21221,Trigg County,Kentucky,0.5068405981546293,0.8660515431116768,0.4513203945275215,0.6665606108813236,0.9155265669742284,68.12599427298758,High opportunity for deeper review,Small county
"Jackson County, Illinois",53064.0,18.8,48763.0,21.0,7.5,86.5,17077,Jackson County,Illinois,0.17578746420617244,0.8781419026407891,0.9080496341075406,0.9042316258351893,0.5400890868596881,68.12599427298758,High opportunity for deeper review,Medium county
"Thurston County, Nebraska",6627.0,34.3,69177.0,13.9,10.0,87.2,31173,Thurston County,Nebraska,0.995227489659561,0.5509067769646834,0.9721603563474388,0.40089086859688194,0.48504613426662424,68.08463251670378,High opportunity for deeper review,Small county
"Lanier County, Georgia",10221.0,22.5,47186.0,26.1,4.0,86.8,13173,Lanier County,Georgia,0.5911549475023863,0.9610244988864143,0.41520839961819916,0.9195036589245943,0.5167037861915367,68.07190582246263,High opportunity for deeper review,Small county
"San Miguel County, New Mexico",26850.0,16.9,49431.0,24.4,4.8,78.6,35047,San Miguel County,New Mexico,0.0757238307349666,0.9433662106267897,0.5874960229080496,0.8908685968819599,0.9051861279032771,68.05281578110085,High opportunity for deeper review,Small county
"Barren County, Kentucky",44938.0,23.9,50628.0,19.4,4.1,87.0,21009,Barren County,Kentucky,0.7671014953865734,0.8313713013044861,0.4322303531657652,0.8708240534521158,0.5009545020680879,68.04963410754057,High opportunity for deeper review,Small county
"Bowie County, Texas",92115.0,23.8,59803.0,16.2,4.4,82.5,48037,Bowie County,Texas,0.7573973910276806,0.6866051543111676,0.49713649379573654,0.6678332803054406,0.793032134902959,68.0400890868597,High opportunity for deeper review,Medium county
"Hamilton County, Texas",8406.0,22.5,58219.0,16.5,5.4,84.5,48193,Hamilton County,Texas,0.5911549475023863,0.7039452752147629,0.7085587018771874,0.7136493795736558,0.6839007317849188,68.02418071905822,High opportunity for deeper review,Small county
"Atoka County, Oklahoma",14379.0,21.3,54785.0,17.3,4.6,79.5,40005,Atoka County,Oklahoma,0.42888959592745785,0.7475342029907731,0.5439070951320395,0.791282214444798,0.8872096722876233,67.97645561565385,High opportunity for deeper review,Small county
"Jefferson County, Texas",253878.0,24.6,60026.0,19.5,6.3,90.3,48245,Jefferson County,Texas,0.8321667196945594,0.8348711422208082,0.8251670378619154,0.6617881005408845,0.2421253579382755,67.92236716512886,High opportunity for deeper review,Large county
"Branch County, Michigan",45300.0,23.5,63724.0,16.4,5.7,84.7,26023,Branch County,Michigan,0.7239898186446071,0.6982182628062361,0.7531021317212854,0.5494750238625516,0.6699013681196309,67.89373210308621,High opportunity for deeper review,Small county
"Shelby County, Tennessee",919173.0,25.4,63767.0,17.8,7.2,89.6,47157,Shelby County,Tennessee,0.8884823417117403,0.7694877505567929,0.8919821826280624,0.5482023544384347,0.2963728921412663,67.89055042952594,High opportunity for deeper review,Large county
"Doña Ana County, New Mexico",224266.0,23.1,56848.0,21.3,6.8,90.6,35013,Doña Ana County,New Mexico,0.6719694559338212,0.8845052497613745,0.8685968819599109,0.7451479478205536,0.22223989818644607,67.84918867324214,High opportunity for deeper review,Medium county
"Van Buren County, Iowa",7241.0,23.6,61161.0,15.1,4.1,72.8,19177,Van Buren County,Iowa,0.7367165128857779,0.6239261851734013,0.4322303531657652,0.6261533566656061,0.9713649379573656,67.80782691695832,High opportunity for deeper review,Small county
"Franklin city, Virginia",8250.0,27.0,63245.0,19.3,7.9,92.2,51620,Franklin city,Virginia,0.9433662106267897,0.8286668787782373,0.9230034998409163,0.5634743875278396,0.13124403436207444,67.79510022271715,High opportunity for deeper review,Small county
"Falls County, Texas",17291.0,21.0,57247.0,14.7,6.0,80.4,48145,Falls County,Texas,0.38832325803372575,0.6032453070314986,0.7971683105313395,0.7352847597836463,0.8655742920776328,67.79191854915686,High opportunity for deeper review,Small county
"Wise County, Virginia",35448.0,19.1,52943.0,17.2,8.2,84.4,51195,Wise County,Virginia,0.19455933821189947,0.7416481069042317,0.9342984409799554,0.8278714603881642,0.6902640789055043,67.7728285077951,High opportunity for deeper review,Small county
"Gallia County, Ohio",29068.0,23.6,56830.0,16.4,3.5,78.9,39053,Gallia County,Ohio,0.7367165128857779,0.6982182628062361,0.3075087496022908,0.7461024498886415,0.8989818644607064,67.75055679287306,High opportunity for deeper review,Small county
"Chambers County, Alabama",34192.0,20.9,49656.0,15.7,5.1,82.1,1017,Chambers County,Alabama,0.3773464842507159,0.6590836780146357,0.6509704104358893,0.8870505886096086,0.8114858415526567,67.71874005727013,High opportunity for deeper review,Small county
"Wheeler County, Georgia",7335.0,15.7,40539.0,32.7,5.0,83.5,13309,Wheeler County,Georgia,0.045975182946229716,0.9891823098950048,0.6310849506840598,0.9735921094495705,0.7459433662106267,67.71555838370983,High opportunity for deeper review,Small county
"Liberty County, Florida",7687.0,19.6,58671.0,17.5,6.6,81.7,12077,Liberty County,Florida,0.23989818644607064,0.7573973910276806,0.8533248488705059,0.7025135221126313,0.8275532930321349,67.61374482978046,High opportunity for deeper review,Small county
"Heard County, Georgia",11773.0,23.1,65868.0,17.9,4.3,73.5,13149,Heard County,Georgia,0.6719694559338212,0.7741011772192173,0.47216035634743875,0.495227489659561,0.9670696786509704,67.61056315622017,High opportunity for deeper review,Small county
"Nicholas County, West Virginia",24277.0,21.1,54639.0,15.4,5.9,83.2,54067,Nicholas County,West Virginia,0.3989818644607063,0.6434934775692014,0.7820553611199491,0.7941457206490614,0.7618517340120904,67.61056315622017,High opportunity for deeper review,Small county
"Washita County, Oklahoma",10815.0,24.2,63501.0,14.1,5.7,84.1,40149,Washita County,Oklahoma,0.7946229716831054,0.5663378937321031,0.7531021317212854,0.5577473751193127,0.7071269487750557,67.57874642061724,High opportunity for deeper review,Small county
"Wetzel County, West Virginia",14078.0,21.2,56836.0,16.0,5.4,81.4,54103,Wetzel County,West Virginia,0.4139357301940821,0.6748329621380846,0.7085587018771874,0.7454661151765829,0.8358256442888959,67.57238307349665,High opportunity for deeper review,Small county
"Pittsburg County, Oklahoma",43561.0,22.7,55310.0,17.7,5.7,87.5,40121,Pittsburg County,Oklahoma,0.6193127585109768,0.7659879096404709,0.7531021317212854,0.7811008590518613,0.45863824371619477,67.56283805281579,High opportunity for deeper review,Small county
"Geary County, Kansas",35815.0,31.8,59317.0,18.0,6.9,94.1,20061,Geary County,Kansas,0.9893413935730194,0.7799872733057588,0.875119312758511,0.6831053133948457,0.046452433980273655,67.48011454024817,High opportunity for deeper review,Small county
"Moore County, Texas",21373.0,31.1,61762.0,18.3,3.3,84.0,48341,Moore County,Texas,0.986000636334712,0.793032134902959,0.2696468342348075,0.609608654152084,0.7134902958956411,67.43557111040407,High opportunity for deeper review,Small county
"Calhoun County, Florida",13492.0,19.8,50517.0,20.7,8.0,87.7,12013,Calhoun County,Florida,0.256761056315622,0.8695513840279987,0.9266624244352529,0.8730512249443207,0.4452752147629653,67.4260260897232,High opportunity for deeper review,Small county
"Elbert County, Georgia",19849.0,22.1,58450.0,18.0,4.6,82.3,13105,Elbert County,Georgia,0.5359529112313076,0.7799872733057588,0.5439070951320395,0.7082405345211582,0.8028953229398663,67.41966274260261,High opportunity for deeper review,Small county
"Bates County, Missouri",16186.0,22.8,60733.0,15.9,5.9,85.0,29013,Bates County,Missouri,0.6331530384982501,0.6691059497295577,0.7820553611199491,0.6414253897550111,0.6449252306713331,67.41329939548203,High opportunity for deeper review,Small county
"Cedar County, Missouri",14615.0,24.0,48181.0,17.0,2.6,82.4,29039,Cedar County,Missouri,0.7763283487114222,0.7300349984091632,0.1551065860642698,0.9112313076678333,0.7979637289214127,67.41329939548201,High opportunity for deeper review,Small county
"Greer County, Oklahoma",5489.0,19.9,59406.0,16.9,7.3,82.3,40055,Greer County,Oklahoma,0.2653515749284123,0.7254215717467388,0.8978682787146038,0.6789691377664652,0.8028953229398663,67.41011772192172,High opportunity for deeper review,Small county
"Lamar County, Texas",50669.0,24.1,61880.0,19.0,4.0,83.5,48277,Lamar County,Texas,0.7858733693923003,0.8168946866051543,0.41520839961819916,0.6059497295577474,0.7459433662106267,67.39739102768056,High opportunity for deeper review,Medium county
"Houston County, Texas",22051.0,20.3,56531.0,15.0,6.7,81.7,48225,Houston County,Texas,0.3078269169583201,0.6194718421889914,0.861119949093223,0.753738466433344,0.8275532930321349,67.39420935412028,High opportunity for deeper review,Small county
"Jackson County, Ohio",32650.0,23.8,57106.0,18.5,3.8,84.3,39079,Jackson County,Ohio,0.7573973910276806,0.8016226535157492,0.3752783964365256,0.7375119312758511,0.6959910913140313,67.35602927139675,High opportunity for deeper review,Small county
"Wadena County, Minnesota",14256.0,26.1,61467.0,12.5,5.5,84.8,27159,Wadena County,Minnesota,0.9206172446706968,0.44447979637289214,0.7265351574928413,0.6153356665606109,0.6605154311167674,67.34966592427615,High opportunity for deeper review,Small county
"Troup County, Georgia",70330.0,24.5,56776.0,16.9,5.3,88.5,13285,Troup County,Georgia,0.8227807826916959,0.7254215717467388,0.6870824053452116,0.7475342029907732,0.3835507476932867,67.32739420935413,High opportunity for deeper review,Medium county
"Adair County, Kentucky",19089.0,19.7,53553.0,18.4,6.8,85.1,21001,Adair County,Kentucky,0.24896595609290487,0.7981228125994273,0.8685968819599109,0.8132357620108177,0.636652879414572,67.31148584155265,High opportunity for deeper review,Small county
"Navarro County, Texas",54711.0,26.7,63111.0,17.1,4.4,85.2,48349,Navarro County,Texas,0.9370028635062042,0.7357620108176901,0.49713649379573654,0.5679287305122495,0.6275851097677378,67.30830416799238,High opportunity for deeper review,Medium county
"Orleans Parish, Louisiana",371853.0,19.7,56631.0,22.6,7.5,86.5,22071,Orleans Parish,Louisiana,0.24896595609290487,0.9150493159401846,0.9080496341075406,0.7521476296531976,0.5400890868596881,67.2860324530703,High opportunity for deeper review,Large county
"Harrison County, Mississippi",210891.0,23.6,59479.0,17.1,7.1,89.2,28047,Harrison County,Mississippi,0.7367165128857779,0.7357620108176901,0.8864142538975501,0.6757874642061725,0.3265987909640471,67.22558065542475,High opportunity for deeper review,Medium county
"Grady County, Georgia",26108.0,24.6,58980.0,20.3,3.7,85.2,13131,Grady County,Georgia,0.8321667196945594,0.858097359210945,0.3523703468024181,0.6910594972955775,0.6275851097677378,67.22558065542475,High opportunity for deeper review,Small county
"Thomas County, Georgia",45777.0,23.6,60736.0,17.9,5.6,87.4,13275,Thomas County,Georgia,0.7367165128857779,0.7741011772192173,0.7402163538020999,0.6411072223989819,0.4667515112949412,67.17785555202036,High opportunity for deeper review,Small county
"Grant County, New Mexico",27775.0,17.9,44958.0,19.5,8.4,86.8,35017,Grant County,New Mexico,0.12583518930957685,0.8348711422208082,0.9389118676423799,0.9424117085587018,0.5167037861915367,67.17467387846007,High opportunity for deeper review,Small county
"Washington County, Missouri",23470.0,23.5,56043.0,17.4,3.6,82.6,29221,Washington County,Missouri,0.7239898186446071,0.7527839643652561,0.32914412981228125,0.7642379891823099,0.7885777919185492,67.17467387846007,High opportunity for deeper review,Small county
"Lake County, California",68152.0,21.9,60621.0,17.0,11.1,87.1,6033,Lake County,California,0.5068405981546293,0.7300349984091632,0.9828189627744194,0.645879732739421,0.4926821508113267,67.1651288577792,High opportunity for deeper review,Medium county
"St. Martin Parish, Louisiana",51353.0,24.0,55960.0,15.3,4.0,83.2,22099,St. Martin Parish,Louisiana,0.7763283487114222,0.6364937957365574,0.41520839961819916,0.765510658606427,0.7618517340120904,67.10785873369393,High opportunity for deeper review,Medium county
"Cattaraugus County, New York",76145.0,21.9,59540.0,19.1,5.0,83.9,36009,Cattaraugus County,New York,0.5068405981546293,0.8208717785555202,0.6310849506840598,0.6738784600699967,0.7214444797963728,67.08240534521157,High opportunity for deeper review,Medium county
"Saluda County, South Carolina",19131.0,21.9,51009.0,18.7,3.2,77.5,45081,Saluda County,South Carolina,0.5068405981546293,0.8073496659242761,0.25071587655106586,0.8638243716194718,0.9245943366210627,67.06649697741011,High opportunity for deeper review,Small county
"Musselshell County, Montana",5152.0,19.4,58920.0,17.0,9.2,83.4,30065,Musselshell County,Montana,0.2223989818644607,0.7300349984091632,0.9567292395800191,0.6926503340757239,0.7511931275851098,67.06013363028953,High opportunity for deeper review,Small county
"Hopkins County, Kentucky",45119.0,23.0,56815.0,20.0,6.2,89.8,21107,Hopkins County,Kentucky,0.657651924912504,0.8498250079541839,0.8153038498250079,0.7464206172446707,0.2809417753738467,67.00286350620426,High opportunity for deeper review,Small county
"Yell County, Arkansas",20134.0,24.0,55934.0,15.6,3.4,80.4,5149,Yell County,Arkansas,0.7763283487114222,0.6543111676741966,0.28778237352847597,0.7661469933184855,0.8655742920776328,67.00286350620426,High opportunity for deeper review,Small county
"Marion County, Illinois",37000.0,23.5,61240.0,15.4,5.9,86.0,17121,Marion County,Illinois,0.7239898186446071,0.6434934775692014,0.7820553611199491,0.623608017817372,0.5754056633789373,66.97104677060133,High opportunity for deeper review,Small county
"Tulare County, California",478693.0,29.8,71300.0,17.9,9.3,89.7,6107,Tulare County,California,0.9748647788736876,0.7741011772192173,0.9595927457842826,0.35062042634425705,0.2893732103086223,66.97104677060133,High opportunity for deeper review,Large county
"Henry County, Kentucky",15856.0,23.5,63347.0,16.4,5.0,83.7,21103,Henry County,Kentucky,0.7239898186446071,0.6982182628062361,0.6310849506840598,0.5609290486796055,0.7336939230034998,66.95832007636018,High opportunity for deeper review,Small county
"Gray County, Texas",21045.0,24.8,59614.0,15.7,5.6,87.9,48179,Gray County,Texas,0.8461660833598473,0.6590836780146357,0.7402163538020999,0.6722876232898505,0.4298440979955457,66.95195672923957,High opportunity for deeper review,Small county
"Jackson County, Texas",15152.0,24.6,65414.0,14.1,5.3,83.5,48239,Jackson County,Texas,0.8321667196945594,0.5663378937321031,0.6870824053452116,0.5097041043588928,0.7459433662106267,66.82468978682788,High opportunity for deeper review,Small county
"Halifax County, Virginia",33639.0,20.4,52013.0,17.3,4.2,71.2,51083,Halifax County,Virginia,0.3181673560292714,0.7475342029907731,0.4513203945275215,0.8453706649697741,0.9786827871460388,66.8215081132676,High opportunity for deeper review,Small county
"Harrison County, Texas",70155.0,24.0,66103.0,15.6,5.6,84.5,48203,Harrison County,Texas,0.7763283487114222,0.6543111676741966,0.7402163538020999,0.4858415526566974,0.6839007317849188,66.8119630925867,High opportunity for deeper review,Medium county
"Harper County, Kansas",5400.0,25.8,53488.0,17.3,2.0,82.8,20077,Harper County,Kansas,0.9085268851415845,0.7475342029907731,0.08892777601018136,0.8151447661469933,0.7803054406617881,66.8087814190264,High opportunity for deeper review,Small county
"McDonough County, Illinois",26920.0,18.0,52795.0,17.2,7.9,84.0,17109,McDonough County,Illinois,0.13140311804008908,0.7416481069042317,0.9230034998409163,0.8304167992363983,0.7134902958956411,66.79923639834553,High opportunity for deeper review,Small county
"Liberty County, Texas",103380.0,29.9,68703.0,18.7,7.1,90.1,48291,Liberty County,Texas,0.9766146993318485,0.8073496659242761,0.8864142538975501,0.4088450524976137,0.2575564747056952,66.73560292713967,High opportunity for deeper review,Medium county
"Clay County, Illinois",13052.0,23.8,60417.0,17.5,4.8,85.9,17025,Clay County,Illinois,0.7573973910276806,0.7573973910276806,0.5874960229080496,0.6516067451479478,0.5828825962456252,66.73560292713967,High opportunity for deeper review,Small county
"Montgomery County, Alabama",226718.0,24.1,59386.0,19.9,5.9,90.3,1101,Montgomery County,Alabama,0.7858733693923003,0.8469615017499205,0.7820553611199491,0.6796054724785237,0.2421253579382755,66.73242125357939,High opportunity for deeper review,Medium county
"Issaquena County, Mississippi",928.0,5.8,31429.0,16.2,5.1,55.4,28055,Issaquena County,Mississippi,0.0012726694241170856,0.6866051543111676,0.6509704104358893,0.9974546611517658,0.9987273305758829,66.70060451797646,High opportunity for deeper review,Small county
"Candler County, Georgia",11043.0,24.8,49581.0,16.3,2.5,83.1,13043,Candler County,Georgia,0.8461660833598473,0.6929685014317531,0.14110722239898185,0.8880050906776965,0.7661469933184855,66.68787782373528,High opportunity for deeper review,Small county
"Logan County, Arkansas",21277.0,21.6,58555.0,13.9,5.6,80.2,5083,Logan County,Arkansas,0.4675469296850143,0.5509067769646834,0.7402163538020999,0.7053770283168947,0.8701877187400573,66.684696150175,High opportunity for deeper review,Small county
"Harrison County, Missouri",8190.0,24.3,54367.0,19.6,2.5,83.4,29081,Harrison County,Missouri,0.8033725739739103,0.8385300668151447,0.14110722239898185,0.7986000636334712,0.7511931275851098,66.65606108813236,High opportunity for deeper review,Small county
"Chilton County, Alabama",45992.0,24.1,65603.0,14.0,5.5,83.3,1021,Chilton County,Alabama,0.7858733693923003,0.5591791282214444,0.7265351574928413,0.5033407572383073,0.7569201399936367,66.6369710467706,High opportunity for deeper review,Small county
"Comanche County, Texas",13950.0,22.8,59635.0,16.2,6.2,86.7,48093,Comanche County,Texas,0.6331530384982501,0.6866051543111676,0.8153038498250079,0.6713331212217626,0.5251352211263125,66.63060769965001,High opportunity for deeper review,Small county
"Prentiss County, Mississippi",25184.0,22.2,49724.0,16.8,3.5,80.3,28117,Prentiss County,Mississippi,0.5493159401845371,0.720489977728285,0.3075087496022908,0.8857779191854915,0.8682787146038816,66.62742602608971,High opportunity for deeper review,Small county
"Fresno County, California",1016725.0,27.8,74201.0,18.3,8.7,88.9,6019,Fresno County,California,0.955456570155902,0.793032134902959,0.9452752147629653,0.2844416162901686,0.3514158447343303,66.5924276169265,High opportunity for deeper review,Very large county
"Portsmouth city, Virginia",97190.0,23.0,60491.0,17.3,6.6,88.0,51740,Portsmouth city,Virginia,0.657651924912504,0.7475342029907731,0.8533248488705059,0.649379573655743,0.42141266306076997,66.58606426980592,High opportunity for deeper review,Medium county
"Winchester city, Virginia",27913.0,22.5,63974.0,21.5,6.4,87.4,51840,Winchester city,Virginia,0.5911549475023863,0.8897550111358574,0.8361438116449252,0.5437480114540247,0.4667515112949412,66.5510658606427,High opportunity for deeper review,Small county
"Comanche County, Oklahoma",121825.0,23.8,60761.0,18.1,7.1,90.1,40031,Comanche County,Oklahoma,0.7573973910276806,0.7838052815781101,0.8864142538975501,0.6395163856188355,0.2575564747056952,66.49379573655743,High opportunity for deeper review,Medium county
"Logan County, West Virginia",31418.0,20.8,49723.0,21.8,8.5,90.4,54045,Logan County,West Virginia,0.3636652879414572,0.8985046134266624,0.9411390391345847,0.8860960865415208,0.2351256761056315,66.49061406299714,High opportunity for deeper review,Small county
"Morgan County, Missouri",21717.0,22.8,53412.0,18.3,2.9,79.6,29141,Morgan County,Missouri,0.6331530384982501,0.793032134902959,0.19551384027998728,0.817053770283169,0.885141584473433,66.47788736875597,High opportunity for deeper review,Small county
"Mobile County, Alabama",412590.0,23.3,58880.0,16.2,5.3,86.3,1097,Mobile County,Alabama,0.6998090995863825,0.6866051543111676,0.6870824053452116,0.6936048361438116,0.5556792873051225,66.45561565383392,High opportunity for deeper review,Large county
"Grant County, Indiana",66295.0,21.3,53522.0,19.8,6.3,88.2,18053,Grant County,Indiana,0.42888959592745785,0.8437798281896277,0.8251670378619154,0.8145084314349348,0.4070951320394528,66.38880050906776,High opportunity for deeper review,Medium county
"Upson County, Georgia",28029.0,22.8,55429.0,19.3,3.9,84.5,13293,Upson County,Georgia,0.6331530384982501,0.8286668787782373,0.3970728603245307,0.7761692650334076,0.6839007317849188,66.37925548838689,High opportunity for deeper review,Small county
"Iberville Parish, Louisiana",29815.0,20.0,54000.0,19.9,6.1,85.9,22047,Iberville Parish,Louisiana,0.2748965956092905,0.8469615017499205,0.8075087496022908,0.8060769965001591,0.5828825962456252,66.36652879414571,High opportunity for deeper review,Small county
"Hoke County, North Carolina",53835.0,26.9,64912.0,17.1,6.6,90.0,37093,Hoke County,North Carolina,0.9408208717785556,0.7357620108176901,0.8533248488705059,0.5214762965319758,0.2653515749284123,66.3347120585428,High opportunity for deeper review,Medium county
"Adams County, Idaho",4744.0,17.4,61808.0,17.9,7.4,76.8,16003,Adams County,Idaho,0.09640470887686924,0.7741011772192173,0.9029589564110723,0.6083359847279669,0.93445752465797,66.32516703786192,High opportunity for deeper review,Small county
"Carter County, Oklahoma",48555.0,25.0,60723.0,16.2,3.8,83.4,40019,Carter County,Oklahoma,0.8584155265669742,0.6866051543111676,0.3752783964365256,0.6417435571110404,0.7511931275851098,66.26471524021636,High opportunity for deeper review,Small county
"Otero County, New Mexico",68816.0,21.9,55876.0,19.3,8.6,90.0,35035,Otero County,New Mexico,0.5068405981546293,0.8286668787782373,0.9430480432707604,0.7671014953865734,0.2653515749284123,66.22017181037225,High opportunity for deeper review,Medium county
"Butte County, Idaho",2684.0,24.6,53015.0,19.3,4.4,89.2,16023,Butte County,Idaho,0.8321667196945594,0.8286668787782373,0.49713649379573654,0.8262806236080178,0.3265987909640471,66.21699013681196,High opportunity for deeper review,Small county
"Wharton County, Texas",41794.0,25.4,66924.0,13.6,4.9,81.8,48481,Wharton County,Texas,0.8884823417117403,0.5292713967546929,0.6104040725421572,0.45752465797009223,0.8243716194718422,66.20108176901049,High opportunity for deeper review,Small county
"Cumberland County, North Carolina",338545.0,25.1,61291.0,16.7,7.6,91.1,37051,Cumberland County,North Carolina,0.8657333757556475,0.7153993000318167,0.9129812281259942,0.6210626789691378,0.19265033407572385,66.1565383391664,High opportunity for deeper review,Large county
"Calcasieu Parish, Louisiana",207088.0,24.9,67564.0,17.4,5.4,86.3,22019,Calcasieu Parish,Louisiana,0.8523703468024181,0.7527839643652561,0.7085587018771874,0.43843461660833594,0.5556792873051225,66.15653833916639,High opportunity for deeper review,Medium county
"Buchanan County, Virginia",19415.0,16.7,42886.0,25.2,3.9,77.2,51027,Buchanan County,Virginia,0.06967865097041044,0.9535475660197263,0.3970728603245307,0.9564110722239898,0.9287305122494433,66.10881323576201,High opportunity for deeper review,Small county
"Taylor County, Georgia",7786.0,19.8,41788.0,32.1,2.6,76.3,13269,Taylor County,Georgia,0.256761056315622,0.9863188036907413,0.1551065860642698,0.965956092904868,0.9412981228125994,66.10881323576201,High opportunity for deeper review,Small county
"Yuma County, Arizona",211741.0,24.6,62876.0,15.6,6.9,88.7,4027,Yuma County,Arizona,0.8321667196945594,0.6543111676741966,0.875119312758511,0.5752465797009227,0.3678014635698378,66.09290486796054,High opportunity for deeper review,Medium county
"Rolette County, North Dakota",11924.0,32.2,59517.0,24.3,4.0,89.8,38079,Rolette County,North Dakota,0.9899777282850779,0.941457206490614,0.41520839961819916,0.6745147947820553,0.2809417753738467,66.04199809099586,High opportunity for deeper review,Small county
"Gallatin County, Illinois",4819.0,20.5,59219.0,13.6,9.2,82.3,17059,Gallatin County,Illinois,0.32818962774419347,0.5292713967546929,0.9567292395800191,0.6850143175310213,0.8028953229398663,66.04199809099586,High opportunity for deeper review,Small county
"Trinity County, Texas",14046.0,19.4,52018.0,17.6,6.5,85.2,48455,Trinity County,Texas,0.2223989818644607,0.762010817690105,0.8450524976137448,0.8450524976137448,0.6275851097677378,66.04199809099586,High opportunity for deeper review,Small county
"Madison County, Missouri",12729.0,23.3,54434.0,13.2,4.8,84.0,29123,Madison County,Missouri,0.6998090995863825,0.5020680878141902,0.5874960229080496,0.7970092268533249,0.7134902958956411,65.99745466115176,High opportunity for deeper review,Small county
"Vigo County, Indiana",106109.0,20.5,52976.0,19.2,5.7,86.2,18167,Vigo County,Indiana,0.32818962774419347,0.8250079541839007,0.7531021317212854,0.8275532930321349,0.5620426344257079,65.91791282214444,High opportunity for deeper review,Medium county
"Bulloch County, Georgia",82683.0,20.0,58810.0,23.0,8.2,87.4,13031,Bulloch County,Georgia,0.2748965956092905,0.9230034998409163,0.9342984409799554,0.6967865097041044,0.4667515112949412,65.91473114858415,High opportunity for deeper review,Medium county
"Glenn County, California",28494.0,26.7,67139.0,16.0,8.0,89.5,6021,Glenn County,California,0.9370028635062042,0.6748329621380846,0.9266624244352529,0.45195672923957997,0.3051224944320713,65.91154947502386,High opportunity for deeper review,Small county
"Randolph County, West Virginia",27576.0,18.3,52757.0,15.9,7.4,83.5,54083,Randolph County,West Virginia,0.1457206490614063,0.6691059497295577,0.9029589564110723,0.8316894686605154,0.7459433662106267,65.90836780146357,High opportunity for deeper review,Small county
"Cleveland County, North Carolina",100991.0,22.3,58534.0,16.6,5.2,85.0,37045,Cleveland County,North Carolina,0.5628380528157811,0.7103086223353484,0.6683105313394846,0.7063315303849824,0.6449252306713331,65.8542793509386,High opportunity for deeper review,Medium county
"White County, Illinois",13619.0,21.7,54813.0,16.4,4.0,78.6,17193,White County,Illinois,0.48106904231625836,0.6982182628062361,0.41520839961819916,0.7906458797327394,0.9051861279032771,65.8065542475342,High opportunity for deeper review,Small county
"Hudspeth County, Texas",3403.0,17.7,48600.0,17.3,8.0,85.7,48229,Hudspeth County,Texas,0.11422208081450844,0.7475342029907731,0.9266624244352529,0.9064587973273942,0.5951320394527522,65.80019090041363,High opportunity for deeper review,Small county
"Polk County, Missouri",32444.0,23.4,59647.0,16.3,4.0,82.4,29167,Polk County,Missouri,0.7114222080814508,0.6929685014317531,0.41520839961819916,0.6706967865097041,0.7979637289214127,65.7651924912504,High opportunity for deeper review,Small county
"Crawford County, Missouri",22797.0,22.2,57629.0,14.1,4.9,81.5,29055,Crawford County,Missouri,0.5493159401845371,0.5663378937321031,0.6104040725421572,0.7295577473751194,0.8324848870505887,65.76201081769011,High opportunity for deeper review,Small county
"Woods County, Oklahoma",8596.0,20.8,53275.0,19.9,4.6,84.0,40151,Woods County,Oklahoma,0.3636652879414572,0.8469615017499205,0.5439070951320395,0.8195991091314031,0.7134902958956411,65.75246579700924,High opportunity for deeper review,Small county
"Fulton County, Indiana",20312.0,23.4,61360.0,15.3,6.8,87.6,18049,Fulton County,Indiana,0.7114222080814508,0.6364937957365574,0.8685968819599109,0.6191536748329621,0.45179764556156543,65.74928412344893,High opportunity for deeper review,Small county
"Northwest Arctic Borough, Alaska",7441.0,37.3,84018.0,17.9,16.7,88.6,2188,Northwest Arctic Borough,Alaska,0.9980909958638243,0.7741011772192173,0.9968183264397072,0.1431753102131721,0.37480114540248166,65.73973910276806,High opportunity for deeper review,Small county
"Humphreys County, Tennessee",19214.0,21.1,60616.0,14.8,6.9,83.3,47085,Humphreys County,Tennessee,0.3989818644607063,0.609608654152084,0.875119312758511,0.6461979000954502,0.7569201399936367,65.73655742920776,High opportunity for deeper review,Small county
"Echols County, Georgia",3709.0,30.3,59489.0,14.2,1.7,68.5,13101,Echols County,Georgia,0.9793191218580973,0.5723830734966593,0.06617881005408845,0.6754692968501432,0.988227807826917,65.63156220171811,High opportunity for deeper review,Small county
"Columbus County, North Carolina",50140.0,20.6,49442.0,18.2,4.4,83.1,37047,Columbus County,North Carolina,0.3398027362392618,0.7873051224944321,0.49713649379573654,0.8905504295259307,0.7661469933184855,65.61883550747693,High opportunity for deeper review,Medium county
"Jenkins County, Georgia",8711.0,17.2,44389.0,22.9,3.9,77.4,13165,Jenkins County,Georgia,0.08813235762010818,0.9207763283487114,0.3970728603245307,0.9481387209672287,0.926185173401209,65.60610881323576,High opportunity for deeper review,Small county
"Wyandotte County, Kansas",167654.0,27.4,63631.0,15.8,5.7,88.8,20209,Wyandotte County,Kansas,0.9500477251034044,0.6640152720330894,0.7531021317212854,0.5529748647788737,0.3598472796691059,65.59974546611518,High opportunity for deeper review,Medium county
"Carter County, Tennessee",56712.0,17.7,50135.0,17.1,6.2,83.7,47019,Carter County,Tennessee,0.11422208081450844,0.7357620108176901,0.8153038498250079,0.8787782373528477,0.7336939230034998,65.55520203627108,High opportunity for deeper review,Medium county
"Webster County, Georgia",2381.0,14.2,46792.0,22.3,4.2,72.4,13307,Webster County,Georgia,0.019726376073814826,0.9082087177855552,0.4513203945275215,0.9236398345529748,0.9739102768055997,65.53611199490932,High opportunity for deeper review,Small county
"Baltimore city, Maryland",573243.0,20.9,62177.0,19.7,6.5,85.4,24510,Baltimore city,Maryland,0.3773464842507159,0.8410754056633789,0.8450524976137448,0.5981546293350302,0.6150174992045816,65.53293032134903,High opportunity for deeper review,Large county
"Bossier Parish, Louisiana",129789.0,24.8,69617.0,15.9,5.9,85.8,22015,Bossier Parish,Louisiana,0.8461660833598473,0.6691059497295577,0.7820553611199491,0.390391345847916,0.5887686923321667,65.52974864778874,High opportunity for deeper review,Medium county
"Obion County, Tennessee",30453.0,21.8,54613.0,18.6,4.2,83.7,47131,Obion County,Tennessee,0.4928412344893414,0.8040089086859689,0.4513203945275215,0.7944638880050907,0.7336939230034998,65.52656697422844,High opportunity for deeper review,Small county
"Lincoln County, Oklahoma",34219.0,23.5,62216.0,17.3,3.9,82.1,40081,Lincoln County,Oklahoma,0.7239898186446071,0.7475342029907731,0.3970728603245307,0.5962456251988546,0.8114858415526567,65.52656697422844,High opportunity for deeper review,Small county
"Calhoun County, Alabama",116090.0,21.4,55029.0,17.9,6.0,87.3,1015,Calhoun County,Alabama,0.44177537384664334,0.7741011772192173,0.7971683105313395,0.7858733693923003,0.47709195036589247,65.52020362710785,High opportunity for deeper review,Medium county
"Wayne County, Indiana",66397.0,22.6,55692.0,17.9,5.4,88.1,18177,Wayne County,Indiana,0.6056315622017181,0.7741011772192173,0.7085587018771874,0.7715558383709831,0.4137766465160675,65.47247852370347,High opportunity for deeper review,Medium county
"Bertie County, North Carolina",17170.0,16.2,48750.0,16.1,5.1,71.6,37015,Bertie County,North Carolina,0.05806554247534203,0.6807190582246262,0.6509704104358893,0.9045497931912185,0.9767737830098632,65.42157174673879,High opportunity for deeper review,Small county
"Etowah County, Alabama",103105.0,21.9,54563.0,16.9,5.9,87.5,1055,Etowah County,Alabama,0.5068405981546293,0.7254215717467388,0.7820553611199491,0.7951002227171492,0.45863824371619477,65.36111994909322,High opportunity for deeper review,Medium county
"Tyler County, Texas",20238.0,19.2,55396.0,17.9,7.1,85.2,48457,Tyler County,Texas,0.20235443843461662,0.7741011772192173,0.8864142538975501,0.7776010181355393,0.6275851097677378,65.36111994909322,High opportunity for deeper review,Small county
"Gonzales County, Texas",19851.0,25.5,58672.0,15.8,4.3,86.6,48177,Gonzales County,Texas,0.8950047725103404,0.6640152720330894,0.47216035634743875,0.702195354756602,0.5324530703149857,65.31657651924912,High opportunity for deeper review,Small county
"Kern County, California",915075.0,28.6,70210.0,19.1,8.6,91.6,6029,Kern County,California,0.9643652561247216,0.8208717785555202,0.9430480432707604,0.37639198218262804,0.15987909640470888,65.29112313076678,High opportunity for deeper review,Large county
"Pendleton County, Kentucky",14723.0,23.3,64669.0,15.9,4.5,81.1,21191,Pendleton County,Kentucky,0.6998090995863825,0.6691059497295577,0.5227489659560929,0.5265669742284442,0.845847916003818,65.28157811008592,High opportunity for deeper review,Small county
"Ector County, Texas",164654.0,30.4,71536.0,16.5,5.9,87.6,48135,Ector County,Texas,0.9804327076041998,0.7039452752147629,0.7820553611199491,0.34425707922367166,0.45179764556156543,65.24976137448297,High opportunity for deeper review,Medium county
"Catron County, New Mexico",3743.0,6.1,49864.0,24.8,4.2,71.6,35003,Catron County,New Mexico,0.001590836780146357,0.948934139357302,0.4513203945275215,0.883868915049316,0.9767737830098632,65.24976137448297,High opportunity for deeper review,Small county
"Mayes County, Oklahoma",39604.0,23.2,60305.0,16.2,6.3,88.2,40097,Mayes County,Oklahoma,0.6870824053452116,0.6866051543111676,0.8251670378619154,0.654152083996182,0.4070951320394528,65.20203627107858,High opportunity for deeper review,Small county
"Titus County, Texas",31363.0,28.2,58425.0,17.1,3.1,85.2,48449,Titus County,Texas,0.9594336621062679,0.7357620108176901,0.2286032453070315,0.708717785555202,0.6275851097677378,65.20203627107858,High opportunity for deeper review,Small county
"Greenup County, Kentucky",35501.0,21.3,60751.0,15.4,6.8,84.6,21089,Greenup County,Kentucky,0.42888959592745785,0.6434934775692014,0.8685968819599109,0.6407890550429526,0.6780146356983774,65.195672923958,High opportunity for deeper review,Small county
"San Jacinto County, Texas",28441.0,21.5,65364.0,18.4,6.8,85.2,48407,San Jacinto County,Texas,0.4540248170537703,0.7981228125994273,0.8685968819599109,0.5112949411390391,0.6275851097677378,65.19249125039771,High opportunity for deeper review,Small county
"Bee County, Texas",31083.0,20.0,57673.0,17.6,5.2,81.8,48025,Bee County,Texas,0.2748965956092905,0.762010817690105,0.6683105313394846,0.7286032453070315,0.8243716194718422,65.16385618835507,High opportunity for deeper review,Small county
"Robertson County, Texas",17167.0,24.0,72236.0,13.5,7.9,84.1,48395,Robertson County,Texas,0.7763283487114222,0.5227489659560929,0.9230034998409163,0.3277123767101495,0.7071269487750557,65.13840279987274,High opportunity for deeper review,Small county
"Stone County, Arkansas",12568.0,19.7,40943.0,19.3,3.2,75.2,5137,Stone County,Arkansas,0.24896595609290487,0.8286668787782373,0.25071587655106586,0.9723194400254533,0.9525930639516386,65.065224307986,High opportunity for deeper review,Small county
"Southeast Fairbanks Census Area, Alaska",7068.0,24.3,73882.0,12.7,6.5,80.9,2240,Southeast Fairbanks Census Area,Alaska,0.8033725739739103,0.46006999681832644,0.8450524976137448,0.29366846961501747,0.8509385937002863,65.06204263442571,High opportunity for deeper review,Small county
"Lee County, North Carolina",65816.0,23.7,65387.0,16.5,3.8,78.1,37105,Lee County,North Carolina,0.7476932866687878,0.7039452752147629,0.3752783964365256,0.5106586064269806,0.9155265669742284,65.0620426344257,High opportunity for deeper review,Medium county
"Edwards County, Illinois",6075.0,22.0,60519.0,16.5,5.6,85.1,17047,Edwards County,Illinois,0.5224307986000636,0.7039452752147629,0.7402163538020999,0.6487432389436844,0.636652879414572,65.03977091950365,High opportunity for deeper review,Small county
"Fairfield County, South Carolina",20550.0,18.0,47885.0,15.6,5.5,81.8,45039,Fairfield County,South Carolina,0.13140311804008908,0.6543111676741966,0.7265351574928413,0.9150493159401846,0.8243716194718422,65.03340757238307,High opportunity for deeper review,Small county
"Reeves County, Texas",12664.0,25.9,64297.0,16.8,2.4,75.2,48389,Reeves County,Texas,0.9128221444479796,0.720489977728285,0.12949411390391347,0.5354756601972638,0.9525930639516386,65.01749920458161,High opportunity for deeper review,Small county
"Labette County, Kansas",19869.0,24.3,56325.0,16.0,3.1,82.7,20099,Labette County,Kansas,0.8033725739739103,0.6748329621380846,0.2286032453070315,0.7594654788418709,0.7846006999681833,65.01749920458161,High opportunity for deeper review,Small county
"Pitt County, North Carolina",177193.0,21.0,58188.0,19.8,7.8,88.5,37147,Pitt County,North Carolina,0.38832325803372575,0.8437798281896277,0.9204581609926822,0.7146038816417435,0.3835507476932867,65.01431753102132,High opportunity for deeper review,Medium county
"Livingston County, Kentucky",8903.0,22.0,58984.0,19.3,4.2,83.3,21139,Livingston County,Kentucky,0.5224307986000636,0.8286668787782373,0.4513203945275215,0.6907413299395482,0.7569201399936367,65.00159083678014,High opportunity for deeper review,Small county
"Ashtabula County, Ohio",97167.0,21.8,57728.0,17.6,6.6,88.1,39007,Ashtabula County,Ohio,0.4928412344893414,0.762010817690105,0.8533248488705059,0.7270124085268852,0.4137766465160675,64.9793191218581,High opportunity for deeper review,Medium county
"Madison County, Tennessee",99295.0,22.4,60042.0,18.2,7.0,89.0,47113,Madison County,Tennessee,0.5760419980909959,0.7873051224944321,0.8806872414890232,0.6609926821508113,0.3433025771555839,64.96659242761693,High opportunity for deeper review,Medium county
"Love County, Oklahoma",10261.0,24.1,66580.0,15.0,5.2,84.1,40085,Love County,Oklahoma,0.7858733693923003,0.6194718421889914,0.6683105313394846,0.4645243398027362,0.7071269487750557,64.90614062997136,High opportunity for deeper review,Small county
"Upshur County, West Virginia",23712.0,20.2,54338.0,19.2,5.7,86.1,54097,Upshur County,West Virginia,0.2966910594972956,0.8250079541839007,0.7531021317212854,0.7993954820235444,0.5682468978682786,64.8488705058861,High opportunity for deeper review,Small county
"Stephens County, Oklahoma",43551.0,22.8,61620.0,18.0,5.2,86.4,40137,Stephens County,Oklahoma,0.6331530384982501,0.7799872733057588,0.6683105313394846,0.6123130766783328,0.5485205217944639,64.8456888323258,High opportunity for deeper review,Small county
"Hockley County, Texas",21363.0,26.6,63140.0,13.1,4.7,84.5,48219,Hockley County,Texas,0.9339802736239262,0.4933184855233853,0.5641107222398982,0.5657015590200445,0.6839007317849188,64.82023544384347,High opportunity for deeper review,Small county
"Liberty County, Georgia",67397.0,27.8,60456.0,15.3,7.9,93.3,13179,Liberty County,Georgia,0.955456570155902,0.6364937957365574,0.9230034998409163,0.6508113267578746,0.07286032453070312,64.77251034043907,High opportunity for deeper review,Medium county
"Lake County, Montana",32561.0,22.0,63360.0,17.2,5.7,84.8,30047,Lake County,Montana,0.5224307986000636,0.7416481069042317,0.7531021317212854,0.5596563792554884,0.6605154311167674,64.74705695195672,High opportunity for deeper review,Small county
"Whitman County, Washington",47003.0,15.8,55406.0,22.7,7.0,85.4,53075,Whitman County,Washington,0.04804327076041998,0.9167992363983455,0.8806872414890232,0.7766465160674515,0.6150174992045816,64.74387527839643,High opportunity for deeper review,Small county
"Claiborne County, Tennessee",32466.0,18.7,49379.0,17.4,4.5,78.9,47025,Claiborne County,Tennessee,0.16958320076360164,0.7527839643652561,0.5227489659560929,0.892141266306077,0.8989818644607064,64.7247852370347,High opportunity for deeper review,Small county
"Lincoln County, Mississippi",34877.0,23.1,51119.0,21.2,3.2,86.1,28085,Lincoln County,Mississippi,0.6719694559338212,0.8829144129812281,0.25071587655106586,0.8622335348393255,0.5682468978682786,64.72160356347439,High opportunity for deeper review,Small county
"Grainger County, Tennessee",24266.0,18.8,50538.0,17.1,4.7,79.5,47057,Grainger County,Tennessee,0.17578746420617244,0.7357620108176901,0.5641107222398982,0.8727330575882914,0.8872096722876233,64.7120585427935,High opportunity for deeper review,Small county
"Madison County, Arkansas",17329.0,22.8,56798.0,14.1,5.3,85.6,5087,Madison County,Arkansas,0.6331530384982501,0.5663378937321031,0.6870824053452116,0.7467387846007,0.6016544702513522,64.69933184855235,High opportunity for deeper review,Small county
"Columbia County, Arkansas",22349.0,21.5,55334.0,21.1,3.2,80.3,5027,Columbia County,Arkansas,0.4540248170537703,0.8810054088450525,0.25071587655106586,0.7798281896277441,0.8682787146038816,64.67706013363028,High opportunity for deeper review,Small county
"Macon County, Tennessee",26240.0,25.1,59177.0,17.2,3.4,84.9,47111,Macon County,Tennessee,0.8657333757556475,0.7416481069042317,0.28778237352847597,0.6859688195991092,0.652402163538021,64.67069678650971,High opportunity for deeper review,Small county
"Angelina County, Texas",87275.0,25.3,60960.0,15.8,6.4,90.7,48005,Angelina County,Texas,0.8813235762010818,0.6640152720330894,0.8361438116449252,0.6344257079223672,0.21508113267578743,64.61979000954501,High opportunity for deeper review,Medium county
"Ferry County, Washington",7387.0,16.6,55614.0,13.6,12.5,80.2,53019,Ferry County,Washington,0.06617881005408845,0.5292713967546929,0.9891823098950048,0.7728285077951003,0.8701877187400573,64.55297486477886,High opportunity for deeper review,Small county
"McMullen County, Texas",700.0,39.9,43875.0,12.3,0.0,81.2,48311,McMullen County,Texas,0.9996818326439707,0.4303213490295896,0.003658924594336621,0.9513203945275215,0.8426662424435253,64.55297486477886,High opportunity for deeper review,Small county
"Perry County, Mississippi",11449.0,21.9,49634.0,18.4,2.0,76.2,28111,Perry County,Mississippi,0.5068405981546293,0.7981228125994273,0.08892777601018136,0.8876869233216672,0.9425707922367165,64.48297804645244,High opportunity for deeper review,Small county
"Iosco County, Michigan",25347.0,17.0,50066.0,17.7,6.5,84.9,26069,Iosco County,Michigan,0.0801781737193764,0.7659879096404709,0.8450524976137448,0.8803690741329939,0.652402163538021,64.47979637289214,High opportunity for deeper review,Small county
"Victoria County, Texas",91413.0,25.1,70896.0,16.2,4.4,82.1,48469,Victoria County,Texas,0.8657333757556475,0.6866051543111676,0.49713649379573654,0.3604836143811645,0.8114858415526567,64.42888959592746,High opportunity for deeper review,Medium county
"Greene County, Tennessee",71628.0,19.0,56194.0,15.4,5.7,80.0,47059,Greene County,Tennessee,0.1872414890232262,0.6434934775692014,0.7531021317212854,0.7623289850461343,0.8748011454024818,64.41934457524658,High opportunity for deeper review,Medium county
"Dent County, Missouri",14539.0,22.6,56312.0,12.2,4.4,76.8,29065,Dent County,Missouri,0.6056315622017181,0.4212535793827553,0.49713649379573654,0.7604199809099587,0.93445752465797,64.37798281896278,High opportunity for deeper review,Small county
"Boone County, West Virginia",21026.0,20.5,57093.0,16.2,8.9,86.8,54005,Boone County,West Virginia,0.32818962774419347,0.6866051543111676,0.948456888323258,0.7381482659879096,0.5167037861915367,64.3620744511613,High opportunity for deeper review,Small county
"Pike County, Alabama",32987.0,19.3,48677.0,23.3,3.7,81.9,1109,Pike County,Alabama,0.21158129175946547,0.9292077632834871,0.3523703468024181,0.9048679605472478,0.8194400254533885,64.34934775692014,High opportunity for deeper review,Small county
"Gentry County, Missouri",6245.0,25.8,55848.0,17.9,2.2,84.8,29075,Gentry County,Missouri,0.9085268851415845,0.7741011772192173,0.10610881323576202,0.767737830098632,0.6605154311167674,64.33980273623926,High opportunity for deeper review,Small county
"Grant County, North Dakota",2269.0,22.5,57875.0,16.6,3.6,80.5,38037,Grant County,North Dakota,0.5911549475023863,0.7103086223353484,0.32914412981228125,0.7206490614062997,0.8622335348393255,64.26980591791282,High opportunity for deeper review,Small county
"Talbot County, Georgia",5742.0,16.5,41597.0,25.2,3.3,74.8,13263,Talbot County,Georgia,0.06395163856188354,0.9535475660197263,0.2696468342348075,0.9688195991091314,0.9564110722239898,64.24753420299076,High opportunity for deeper review,Small county
"Greenbrier County, West Virginia",32386.0,19.3,48218.0,21.8,4.2,83.6,54025,Greenbrier County,West Virginia,0.21158129175946547,0.8985046134266624,0.4513203945275215,0.910913140311804,0.7400572701240853,64.24753420299076,High opportunity for deeper review,Small county
"Walker County, Texas",80209.0,14.5,52324.0,18.4,8.9,85.6,48471,Walker County,Texas,0.023067133312122175,0.7981228125994273,0.948456888323258,0.8405981546293351,0.6016544702513522,64.23798918230989,High opportunity for deeper review,Medium county
"Bourbon County, Kansas",14394.0,25.0,59238.0,13.6,5.3,87.6,20011,Bourbon County,Kansas,0.8584155265669742,0.5292713967546929,0.6870824053452116,0.684696150174992,0.45179764556156543,64.22526248806872,High opportunity for deeper review,Small county
"Lawrence County, Missouri",38593.0,25.4,61215.0,14.5,4.3,85.1,29109,Lawrence County,Missouri,0.8884823417117403,0.5894050270442253,0.47216035634743875,0.6245625198854597,0.636652879414572,64.22526248806872,High opportunity for deeper review,Small county
"Atascosa County, Texas",51008.0,26.5,70770.0,15.8,4.1,81.9,48013,Atascosa County,Texas,0.9311167674196628,0.6640152720330894,0.4322303531657652,0.36302895322939865,0.8194400254533885,64.19662742602608,High opportunity for deeper review,Medium county
"Pointe Coupee Parish, Louisiana",20217.0,21.4,65961.0,16.5,7.0,84.4,22077,Pointe Coupee Parish,Louisiana,0.44177537384664334,0.7039452752147629,0.8806872414890232,0.491250397709195,0.6902640789055043,64.15844734330258,High opportunity for deeper review,Small county
"Cass County, Indiana",37680.0,23.0,56403.0,13.2,4.6,83.5,18017,Cass County,Indiana,0.657651924912504,0.5020680878141902,0.5439070951320395,0.7578746420617245,0.7459433662106267,64.14890232262171,High opportunity for deeper review,Small county
"Elliott County, Kentucky",7307.0,17.0,45776.0,25.1,6.5,88.4,21063,Elliott County,Kentucky,0.0801781737193764,0.9524339802736239,0.8450524976137448,0.9354120267260579,0.3916640152720331,64.09481387209672,High opportunity for deeper review,Small county
"Ohio County, Kentucky",23735.0,23.9,57798.0,12.5,5.0,85.1,21183,Ohio County,Kentucky,0.7671014953865734,0.44447979637289214,0.6310849506840598,0.7231944002545339,0.636652879414572,64.05027044225263,High opportunity for deeper review,Small county
"Barry County, Missouri",35033.0,22.8,58346.0,15.2,4.6,84.5,29009,Barry County,Missouri,0.6331530384982501,0.6293350302258989,0.5439070951320395,0.7111040407254215,0.6839007317849188,64.02799872733057,High opportunity for deeper review,Small county
"Tishomingo County, Mississippi",18660.0,21.5,53040.0,18.0,3.2,79.3,28141,Tishomingo County,Mississippi,0.4540248170537703,0.7799872733057588,0.25071587655106586,0.8250079541839007,0.8911867642379891,64.0184537066497,High opportunity for deeper review,Small county
"Blackford County, Indiana",11950.0,22.8,51326.0,16.2,3.7,84.7,18009,Blackford County,Indiana,0.6331530384982501,0.6866051543111676,0.3523703468024181,0.8587336939230035,0.6699013681196309,64.01527203308942,High opportunity for deeper review,Small county
"Watonwan County, Minnesota",11205.0,26.3,71699.0,13.2,5.3,83.5,27165,Watonwan County,Minnesota,0.9250715876551066,0.5020680878141902,0.6870824053452116,0.3398027362392618,0.7459433662106267,63.999363665287945,Medium opportunity for deeper review,Small county
"Hancock County, Kentucky",9034.0,23.9,65464.0,16.2,4.4,83.6,21091,Hancock County,Kentucky,0.7671014953865734,0.6866051543111676,0.49713649379573654,0.5077951002227171,0.7400572701240853,63.97391027680559,Medium opportunity for deeper review,Small county
"Johnson County, Kentucky",22334.0,22.2,44904.0,22.8,4.2,89.1,21115,Johnson County,Kentucky,0.5493159401845371,0.9185491568565065,0.4513203945275215,0.9430480432707604,0.33487114222080816,63.942093541202674,Medium opportunity for deeper review,Small county
"Hoonah-Angoon Census Area, Alaska",2311.0,17.0,61406.0,14.2,15.8,77.1,2105,Hoonah-Angoon Census Area,Alaska,0.0801781737193764,0.5723830734966593,0.9955456570155902,0.617881005408845,0.9298440979955457,63.916640152720326,Medium opportunity for deeper review,Small county
"Alpena County, Michigan",28880.0,18.5,53950.0,18.0,6.2,85.1,26007,Alpena County,Michigan,0.15701559020044542,0.7799872733057588,0.8153038498250079,0.8068724148902322,0.636652879414572,63.916640152720326,Medium opportunity for deeper review,Small county
"Colusa County, California",21984.0,26.9,75672.0,11.4,9.8,84.6,6011,Colusa County,California,0.9408208717785556,0.3550747693286669,0.967706013363029,0.2535793827553293,0.6780146356983774,63.90391345847917,Medium opportunity for deeper review,Small county
"Taylor County, West Virginia",16487.0,20.5,57795.0,13.9,7.5,84.5,54091,Taylor County,West Virginia,0.32818962774419347,0.5509067769646834,0.9080496341075406,0.7235125676105632,0.6839007317849188,63.89118676423799,Medium opportunity for deeper review,Small county
"Yancey County, North Carolina",18797.0,18.0,58709.0,15.2,7.3,81.4,37199,Yancey County,North Carolina,0.13140311804008908,0.6293350302258989,0.8978682787146038,0.6999681832643971,0.8358256442888959,63.888005090677694,Medium opportunity for deeper review,Small county
"Crane County, Texas",4610.0,29.6,62212.0,10.9,4.6,83.1,48103,Crane County,Texas,0.9731148584155266,0.31403118040089084,0.5439070951320395,0.5965637925548839,0.7661469933184855,63.87527839643653,Medium opportunity for deeper review,Small county
"Tehama County, California",65167.0,24.1,63784.0,15.6,5.9,88.0,6103,Tehama County,California,0.7858733693923003,0.6543111676741966,0.7820553611199491,0.5477251034043907,0.42141266306076997,63.82755329303214,Medium opportunity for deeper review,Medium county
"Baca County, Colorado",3428.0,22.4,46215.0,24.6,0.6,83.9,8009,Baca County,Colorado,0.5760419980909959,0.9455933821189946,0.01813553929366847,0.9300031816735603,0.7214444797963728,63.82437161947184,Medium opportunity for deeper review,Small county
"Payne County, Oklahoma",82972.0,18.4,49809.0,22.6,5.7,87.2,40119,Payne County,Oklahoma,0.15112949411390392,0.9150493159401846,0.7531021317212854,0.8841870824053453,0.48504613426662424,63.77028316894686,Medium opportunity for deeper review,Medium county
"Talladega County, Alabama",81021.0,20.6,57776.0,17.8,6.8,87.2,1121,Talladega County,Alabama,0.3398027362392618,0.7694877505567929,0.8685968819599109,0.724467069678651,0.48504613426662424,63.74801145402482,Medium opportunity for deeper review,Medium county
"Coffee County, Tennessee",59710.0,24.2,61505.0,17.4,3.6,84.3,47031,Coffee County,Tennessee,0.7946229716831054,0.7527839643652561,0.32914412981228125,0.614381164492523,0.6959910913140313,63.738466433343945,Medium opportunity for deeper review,Medium county
"Gila County, Arizona",53795.0,18.6,61986.0,16.9,7.1,82.2,4007,Gila County,Arizona,0.16321985364301622,0.7254215717467388,0.8864142538975501,0.6029271396754693,0.8076678332803054,63.7130130448616,Medium opportunity for deeper review,Medium county
"Long County, Georgia",18374.0,27.6,68808.0,17.3,6.8,90.8,13183,Long County,Georgia,0.9527521476296532,0.7475342029907731,0.8685968819599109,0.40757238307349664,0.20903595291123134,63.709831371301306,Medium opportunity for deeper review,Small county
"Yakima County, Washington",257152.0,28.9,70656.0,15.5,7.3,89.5,53077,Yakima County,Washington,0.967706013363029,0.6492204899777283,0.8978682787146038,0.3652561247216035,0.3051224944320713,63.70346802418071,Medium opportunity for deeper review,Large county
"Leon County, Texas",16263.0,22.7,61449.0,16.4,4.2,82.4,48289,Leon County,Texas,0.6193127585109768,0.6982182628062361,0.4513203945275215,0.6159720012726695,0.7979637289214127,63.655742920776326,Medium opportunity for deeper review,Small county
"Fayette County, Pennsylvania",125997.0,19.2,58236.0,16.8,6.3,83.9,42051,Fayette County,Pennsylvania,0.20235443843461662,0.720489977728285,0.8251670378619154,0.7130130448615972,0.7214444797963728,63.64937957365574,Medium opportunity for deeper review,Medium county
"Throckmorton County, Texas",1639.0,21.2,59216.0,24.2,8.3,90.9,48447,Throckmorton County,Texas,0.4139357301940821,0.9393891186764238,0.9368437798281897,0.6853324848870506,0.20314985682468978,63.57301940820871,Medium opportunity for deeper review,Small county
"Washington County, Maine",31331.0,18.5,56024.0,17.1,6.3,84.3,23029,Washington County,Maine,0.15701559020044542,0.7357620108176901,0.8251670378619154,0.7645561565383392,0.6959910913140313,63.56983773464842,Medium opportunity for deeper review,Small county
"Madera County, California",160940.0,27.1,76627.0,19.2,10.1,91.0,6039,Madera County,California,0.9452752147629653,0.8250079541839007,0.974228444161629,0.2354438434616608,0.19837734648425076,63.566656061088125,Medium opportunity for deeper review,Medium county
"Montgomery County, Kansas",30940.0,23.7,55697.0,15.9,4.4,87.1,20125,Montgomery County,Kansas,0.7476932866687878,0.6691059497295577,0.49713649379573654,0.7712376710149539,0.4926821508113267,63.55711104040726,Medium opportunity for deeper review,Small county
"Henry County, Tennessee",32412.0,19.9,50613.0,18.3,4.8,84.8,47079,Henry County,Tennessee,0.2653515749284123,0.793032134902959,0.5874960229080496,0.8711422208081451,0.6605154311167674,63.55074769328667,Medium opportunity for deeper review,Small county
"Fulton County, Kentucky",6409.0,21.8,38217.0,22.6,3.3,86.8,21075,Fulton County,Kentucky,0.4928412344893414,0.9150493159401846,0.2696468342348075,0.9831371301304486,0.5167037861915367,63.547566019726375,Medium opportunity for deeper review,Small county
"Mahoning County, Ohio",226491.0,20.3,56942.0,18.9,6.4,87.3,39099,Mahoning County,Ohio,0.3078269169583201,0.8132357620108177,0.8361438116449252,0.7422844416162901,0.47709195036589247,63.53165765192491,Medium opportunity for deeper review,Medium county
"Putnam County, Missouri",4642.0,22.6,63510.0,15.5,4.0,75.9,29171,Putnam County,Missouri,0.6056315622017181,0.6492204899777283,0.41520839961819916,0.5574292077632834,0.9454342984409799,63.45847916003817,Medium opportunity for deeper review,Small county
"Monroe County, Ohio",13227.0,20.3,60134.0,15.2,5.4,80.4,39111,Monroe County,Ohio,0.3078269169583201,0.6293350302258989,0.7085587018771874,0.6587655106586064,0.8655742920776328,63.40120903595291,Medium opportunity for deeper review,Small county
"Houston County, Alabama",108140.0,22.9,58626.0,17.5,4.5,86.5,1069,Houston County,Alabama,0.6455615653833917,0.7573973910276806,0.5227489659560929,0.7041043588927776,0.5400890868596881,63.39802736239262,Medium opportunity for deeper review,Medium county
"Philadelphia County, Pennsylvania",1579706.0,21.2,61953.0,21.4,8.1,89.1,42101,Philadelphia County,Pennsylvania,0.4139357301940821,0.8865733375755648,0.9306395163856188,0.6038816417435571,0.33487114222080816,63.39802736239262,Medium opportunity for deeper review,Very large county
"Monroe County, West Virginia",12386.0,21.2,56750.0,14.0,4.8,80.6,54063,Monroe County,West Virginia,0.4139357301940821,0.5591791282214444,0.5874960229080496,0.7484887050588609,0.8596881959910914,63.375755647470555,Medium opportunity for deeper review,Small county
"North Slope Borough, Alaska",10810.0,25.7,95694.0,11.1,7.6,75.1,2185,North Slope Borough,Alaska,0.904390709513204,0.3285077951002227,0.9129812281259942,0.06681514476614703,0.9540248170537703,63.33439389118677,Medium opportunity for deeper review,Small county
"Marion County, Kentucky",19749.0,23.8,59627.0,17.0,4.2,86.3,21155,Marion County,Kentucky,0.7573973910276806,0.7300349984091632,0.4513203945275215,0.6719694559338212,0.5556792873051225,63.32803054406618,Medium opportunity for deeper review,Small county
"Montmorency County, Michigan",9516.0,14.9,49756.0,18.2,5.3,82.9,26119,Montmorency County,Michigan,0.030384982500795417,0.7873051224944321,0.6870824053452116,0.8854597518294622,0.7758510976773783,63.32166719694558,Medium opportunity for deeper review,Small county
"Brown County, Kansas",9343.0,25.0,62233.0,13.8,5.2,87.0,20013,Brown County,Kansas,0.8584155265669742,0.5431116767419663,0.6683105313394846,0.5949729557747375,0.5009545020680879,63.31530384982502,Medium opportunity for deeper review,Small county
"Jackson County, Oklahoma",24678.0,24.9,62799.0,16.2,5.6,89.5,40065,Jackson County,Oklahoma,0.8523703468024181,0.6866051543111676,0.7402163538020999,0.5790645879732739,0.3051224944320713,63.26757874642062,Medium opportunity for deeper review,Small county
"Itawamba County, Mississippi",24036.0,21.3,55546.0,15.5,5.1,84.8,28057,Itawamba County,Mississippi,0.42888959592745785,0.6492204899777283,0.6509704104358893,0.7734648425071587,0.6605154311167674,63.26121539930003,Medium opportunity for deeper review,Small county
"Marion County, Ohio",65020.0,21.3,59371.0,16.6,6.3,86.8,39101,Marion County,Ohio,0.42888959592745785,0.7103086223353484,0.8251670378619154,0.6802418071905822,0.5167037861915367,63.226216990136805,Medium opportunity for deeper review,Medium county
"Oceana County, Michigan",26915.0,21.3,62417.0,13.6,6.5,83.1,26127,Oceana County,Michigan,0.42888959592745785,0.5292713967546929,0.8450524976137448,0.5898822780782691,0.7661469933184855,63.184855233853,Medium opportunity for deeper review,Small county
"Cotton County, Oklahoma",5485.0,22.8,58425.0,20.5,3.5,85.0,40033,Cotton County,Oklahoma,0.6331530384982501,0.862869869551384,0.3075087496022908,0.708717785555202,0.6449252306713331,63.1434934775692,Medium opportunity for deeper review,Small county
"Beauregard Parish, Louisiana",36676.0,25.3,65944.0,14.3,6.8,89.1,22011,Beauregard Parish,Louisiana,0.8813235762010818,0.5779510022271714,0.8685968819599109,0.49284123448934136,0.33487114222080816,63.11167674196627,Medium opportunity for deeper review,Small county
"Mora County, New Mexico",4149.0,17.1,53663.0,21.4,3.8,63.3,35033,Mora County,New Mexico,0.08415526566974228,0.8865733375755648,0.3752783964365256,0.8106904231625836,0.9961819917276488,63.057588291441306,Medium opportunity for deeper review,Small county
"Lee County, Mississippi",83034.0,25.0,67863.0,14.6,5.1,85.4,28081,Lee County,Mississippi,0.8584155265669742,0.5959274578428253,0.6509704104358893,0.43175310213172124,0.6150174992045816,63.04167992363984,Medium opportunity for deeper review,Medium county
"Rockingham County, North Carolina",92131.0,20.3,57053.0,16.3,5.8,85.0,37157,Rockingham County,North Carolina,0.3078269169583201,0.6929685014317531,0.7664651606745148,0.7394209354120267,0.6449252306713331,63.03213490295896,Medium opportunity for deeper review,Medium county
"Holmes County, Florida",19513.0,20.5,49343.0,14.0,4.5,81.0,12059,Holmes County,Florida,0.32818962774419347,0.5591791282214444,0.5227489659560929,0.8924594336621062,0.8482341711740375,63.01622653515751,Medium opportunity for deeper review,Small county
"Lewis County, Missouri",9924.0,21.2,59934.0,12.7,5.1,74.4,29111,Lewis County,Missouri,0.4139357301940821,0.46006999681832644,0.6509704104358893,0.6649697741011773,0.9605472478523703,63.009863188036896,Medium opportunity for deeper review,Small county
"Limestone County, Texas",22283.0,22.4,60573.0,17.1,3.7,81.4,48293,Limestone County,Texas,0.5760419980909959,0.7357620108176901,0.3523703468024181,0.647152402163538,0.8358256442888959,62.943048043270764,Medium opportunity for deeper review,Small county
"Charlton County, Georgia",12818.0,19.9,61276.0,18.1,14.0,87.3,13049,Charlton County,Georgia,0.2653515749284123,0.7838052815781101,0.9942729875914731,0.6220171810372256,0.47709195036589247,62.85077951002227,Medium opportunity for deeper review,Small county
"Stephens County, Georgia",27012.0,21.3,54754.0,15.8,5.4,86.4,13257,Stephens County,Georgia,0.42888959592745785,0.6640152720330894,0.7085587018771874,0.7916003818008273,0.5485205217944639,62.83168946866052,Medium opportunity for deeper review,Small county
"Audrain County, Missouri",24548.0,22.7,59448.0,17.8,4.3,85.6,29007,Audrain County,Missouri,0.6193127585109768,0.7694877505567929,0.47216035634743875,0.6776964683423481,0.6016544702513522,62.80623608017818,Medium opportunity for deeper review,Small county
"Henry County, Virginia",49980.0,19.3,50760.0,16.0,4.1,75.3,51089,Henry County,Virginia,0.21158129175946547,0.6748329621380846,0.4322303531657652,0.8673242125357938,0.9514794782055361,62.7489659560929,Medium opportunity for deeper review,Small county
"East Baton Rouge Parish, Louisiana",452938.0,22.7,63071.0,19.6,7.7,91.1,22033,East Baton Rouge Parish,Louisiana,0.6193127585109768,0.8385300668151447,0.9172764874323894,0.5692013999363665,0.19265033407572385,62.73942093541203,Medium opportunity for deeper review,Large county
"Lucas County, Ohio",428018.0,22.8,62224.0,17.7,6.3,89.4,39095,Lucas County,Ohio,0.6331530384982501,0.7659879096404709,0.8251670378619154,0.595609290486796,0.31307667833280306,62.6598790964047,Medium opportunity for deeper review,Large county
"Appanoose County, Iowa",12184.0,21.6,54934.0,17.5,3.9,83.9,19007,Appanoose County,Iowa,0.4675469296850143,0.7573973910276806,0.3970728603245307,0.7885777919185492,0.7214444797963728,62.64078905504296,Medium opportunity for deeper review,Small county
"Winnebago County, Illinois",283292.0,23.5,65837.0,15.6,7.3,88.8,17201,Winnebago County,Illinois,0.7239898186446071,0.6543111676741966,0.8978682787146038,0.4960229080496341,0.3598472796691059,62.64078905504296,Medium opportunity for deeper review,Large county
"Brown County, Ohio",43845.0,22.8,71270.0,19.6,4.9,84.3,39015,Brown County,Ohio,0.6331530384982501,0.8385300668151447,0.6104040725421572,0.35300668151447656,0.6959910913140313,62.621699013681194,Medium opportunity for deeper review,Small county
"Hardin County, Tennessee",27249.0,20.1,49956.0,21.5,4.7,86.9,47071,Hardin County,Tennessee,0.2855552020362711,0.8897550111358574,0.5641107222398982,0.8819599109131403,0.5082723512567611,62.59306395163856,Medium opportunity for deeper review,Small county
"Cowley County, Kansas",34411.0,23.6,57878.0,14.3,3.9,84.3,20035,Cowley County,Kansas,0.7367165128857779,0.5779510022271714,0.3970728603245307,0.7203308940502704,0.6959910913140313,62.56124721603563,Medium opportunity for deeper review,Small county
"DeWitt County, Texas",20016.0,22.3,63730.0,17.6,3.7,78.8,48123,DeWitt County,Texas,0.5628380528157811,0.762010817690105,0.3523703468024181,0.5489977728285078,0.9013681196309259,62.55170219535475,Medium opportunity for deeper review,Small county
"Okeechobee County, Florida",40816.0,21.4,57984.0,18.0,4.4,84.4,12093,Okeechobee County,Florida,0.44177537384664334,0.7799872733057588,0.49713649379573654,0.7181037225580655,0.6902640789055043,62.54533884823417,Medium opportunity for deeper review,Small county
"Iron County, Missouri",9446.0,21.0,48850.0,19.3,3.0,82.4,29093,Iron County,Missouri,0.38832325803372575,0.8286668787782373,0.2098313713013045,0.9023226216990137,0.7979637289214127,62.54215717467388,Medium opportunity for deeper review,Small county
"San Patricio County, Texas",70181.0,25.7,69704.0,14.8,4.5,84.2,48409,San Patricio County,Texas,0.904390709513204,0.609608654152084,0.5227489659560929,0.3873687559656379,0.7015590200445434,62.51352211263125,Medium opportunity for deeper review,Medium county
"Pike County, Illinois",14469.0,23.2,59777.0,14.8,3.9,83.2,17149,Pike County,Illinois,0.6870824053452116,0.609608654152084,0.3970728603245307,0.6684696150174991,0.7618517340120904,62.48170537702832,Medium opportunity for deeper review,Small county
"Pendleton County, West Virginia",6043.0,18.8,64931.0,16.6,6.3,79.3,54071,Pendleton County,West Virginia,0.17578746420617244,0.7103086223353484,0.8251670378619154,0.5211581291759466,0.8911867642379891,62.47216035634744,Medium opportunity for deeper review,Small county
"Piute County, Utah",1694.0,19.3,48393.0,10.2,5.9,75.1,49031,Piute County,Utah,0.21158129175946547,0.26582882596245627,0.7820553611199491,0.9099586382437161,0.9540248170537703,62.468978682787146,Medium opportunity for deeper review,Small county
"Webster County, Missouri",40500.0,27.5,71155.0,15.2,3.8,82.1,29225,Webster County,Missouri,0.9514794782055361,0.6293350302258989,0.3752783964365256,0.3553929366846962,0.8114858415526567,62.459433662106264,Medium opportunity for deeper review,Small county
"Wheatland County, Montana",2056.0,21.6,49489.0,23.0,0.8,81.9,30107,Wheatland County,Montana,0.4675469296850143,0.9230034998409163,0.023544384346166083,0.8892777601018136,0.8194400254533885,62.45625198854597,Medium opportunity for deeper review,Small county
"Yuma County, Colorado",9979.0,27.8,60545.0,17.9,4.5,90.6,8125,Yuma County,Colorado,0.955456570155902,0.7741011772192173,0.5227489659560929,0.6481069042316259,0.22223989818644607,62.45307031498568,Medium opportunity for deeper review,Small county
"White County, Tennessee",28160.0,21.6,52188.0,13.2,5.6,86.1,47185,White County,Tennessee,0.4675469296850143,0.5020680878141902,0.7402163538020999,0.8429844097995546,0.5682468978682786,62.42125357938275,Medium opportunity for deeper review,Small county
"Assumption Parish, Louisiana",20484.0,20.4,51423.0,15.3,4.8,83.9,22007,Assumption Parish,Louisiana,0.3181673560292714,0.6364937957365574,0.5874960229080496,0.8574610244988864,0.7214444797963728,62.42125357938275,Medium opportunity for deeper review,Small county
"Jackson County, North Carolina",43771.0,16.4,55815.0,18.0,4.9,78.9,37099,Jackson County,North Carolina,0.062360801781737196,0.7799872733057588,0.6104040725421572,0.7690104995227489,0.8989818644607064,62.41489023226217,Medium opportunity for deeper review,Small county
"Sanilac County, Michigan",40462.0,20.9,58863.0,15.3,6.0,85.4,26151,Sanilac County,Michigan,0.3773464842507159,0.6364937957365574,0.7971683105313395,0.6945593382118995,0.6150174992045816,62.411708558701875,Medium opportunity for deeper review,Small county
"Washington County, Oklahoma",53326.0,24.0,60162.0,16.1,4.4,86.9,40147,Washington County,Oklahoma,0.7763283487114222,0.6807190582246262,0.49713649379573654,0.6576519249125039,0.5082723512567611,62.40216353802101,Medium opportunity for deeper review,Medium county
"Hardin County, Ohio",30475.0,22.9,62484.0,17.3,4.6,85.7,39065,Hardin County,Ohio,0.6455615653833917,0.7475342029907731,0.5439070951320395,0.5876551065860642,0.5951320394527522,62.39580019090042,Medium opportunity for deeper review,Small county
"Clark County, Arkansas",21125.0,20.1,52034.0,21.6,3.8,83.9,5019,Clark County,Arkansas,0.2855552020362711,0.8926185173401209,0.3752783964365256,0.8447343302577155,0.7214444797963728,62.39261851734012,Medium opportunity for deeper review,Small county
"Luce County, Michigan",6271.0,16.3,54893.0,16.7,9.9,85.9,26095,Luce County,Michigan,0.0606108813235762,0.7153993000318167,0.9700922685332485,0.7896913776646516,0.5828825962456252,62.37352847597837,Medium opportunity for deeper review,Small county
"Marion County, Tennessee",29250.0,20.3,61824.0,16.3,7.1,85.3,47115,Marion County,Tennessee,0.3078269169583201,0.6929685014317531,0.8864142538975501,0.6080178173719377,0.6209035952911232,62.322621699013695,Medium opportunity for deeper review,Small county
"Taylor County, Kentucky",26397.0,23.0,60456.0,17.5,5.1,88.3,21217,Taylor County,Kentucky,0.657651924912504,0.7573973910276806,0.6509704104358893,0.6508113267578746,0.39882278078269173,62.3130766783328,Medium opportunity for deeper review,Small county
"Guernsey County, Ohio",38223.0,22.1,58478.0,15.3,5.3,86.4,39059,Guernsey County,Ohio,0.5359529112313076,0.6364937957365574,0.6870824053452116,0.7076041998090996,0.5485205217944639,62.3130766783328,Medium opportunity for deeper review,Small county
"Radford city, Virginia",16726.0,12.5,57348.0,28.7,8.1,87.4,51750,Radford city,Virginia,0.009385937002863507,0.9750238625517021,0.9306395163856188,0.7330575882914413,0.4667515112949412,62.29716831053133,Medium opportunity for deeper review,Small county
"Suwannee County, Florida",45342.0,20.9,56658.0,15.0,6.3,86.5,12121,Suwannee County,Florida,0.3773464842507159,0.6194718421889914,0.8251670378619154,0.7518294622971683,0.5400890868596881,62.278078269169576,Medium opportunity for deeper review,Small county
"Pottawatomie County, Oklahoma",73463.0,23.1,61398.0,15.9,5.3,87.4,40125,Pottawatomie County,Oklahoma,0.6719694559338212,0.6691059497295577,0.6870824053452116,0.6185173401209036,0.4667515112949412,62.2685332484887,Medium opportunity for deeper review,Medium county
"Randolph County, Missouri",24365.0,22.1,53033.0,13.9,4.4,84.2,29175,Randolph County,Missouri,0.5359529112313076,0.5509067769646834,0.49713649379573654,0.8256442888959593,0.7015590200445434,62.2239898186446,Medium opportunity for deeper review,Small county
"Union County, Oregon",26144.0,21.4,65661.0,16.1,5.7,83.7,41061,Union County,Oregon,0.44177537384664334,0.6807190582246262,0.7531021317212854,0.5001590836780146,0.7336939230034998,62.18899140948139,Medium opportunity for deeper review,Small county
"Phillips County, Colorado",4496.0,25.5,64674.0,16.8,2.9,83.0,8095,Phillips County,Colorado,0.8950047725103404,0.720489977728285,0.19551384027998728,0.5262488068724149,0.7712376710149539,62.16990136811964,Medium opportunity for deeper review,Small county
"Newton County, Texas",12093.0,19.2,42618.0,19.0,8.3,91.1,48351,Newton County,Texas,0.20235443843461662,0.8168946866051543,0.9368437798281897,0.9580019090041362,0.19265033407572385,62.13490295895642,Medium opportunity for deeper review,Small county
"Van Buren County, Arkansas",15998.0,19.2,50354.0,19.1,3.8,81.5,5141,Van Buren County,Arkansas,0.20235443843461662,0.8208717785555202,0.3752783964365256,0.8752783964365256,0.8324848870505887,62.12535793827553,Medium opportunity for deeper review,Small county
"Tucker County, West Virginia",6654.0,14.2,53358.0,15.3,6.1,81.8,54093,Tucker County,West Virginia,0.019726376073814826,0.6364937957365574,0.8075087496022908,0.8173719376391982,0.8243716194718422,62.10944957047406,Medium opportunity for deeper review,Small county
"Wayne County, Illinois",15973.0,22.5,55521.0,16.1,3.4,83.0,17191,Wayne County,Illinois,0.5911549475023863,0.6807190582246262,0.28778237352847597,0.7741011772192173,0.7712376710149539,62.099904549793195,Medium opportunity for deeper review,Small county
"Coles County, Illinois",46777.0,18.3,56478.0,18.7,6.1,85.8,17029,Coles County,Illinois,0.1457206490614063,0.8073496659242761,0.8075087496022908,0.7553293032134902,0.5887686923321667,62.09354120267261,Medium opportunity for deeper review,Small county
"Harrisonburg city, Virginia",51392.0,17.3,62254.0,25.7,6.9,85.9,51660,Harrisonburg city,Virginia,0.09242761692650334,0.9584791600381801,0.875119312758511,0.594336621062679,0.5828825962456252,62.06490614062996,Medium opportunity for deeper review,Medium county
"Webster County, Kentucky",12842.0,24.0,59628.0,13.5,4.1,84.3,21233,Webster County,Kentucky,0.7763283487114222,0.5227489659560929,0.4322303531657652,0.6716512885777919,0.6959910913140313,61.97900095450206,Medium opportunity for deeper review,Small county
"Terrebonne Parish, Louisiana",106186.0,25.0,64836.0,16.0,4.7,87.3,22109,Terrebonne Parish,Louisiana,0.8584155265669742,0.6748329621380846,0.5641107222398982,0.5237034680241808,0.47709195036589247,61.96309258670061,Medium opportunity for deeper review,Medium county
"Cameron County, Pennsylvania",4427.0,16.9,50573.0,13.5,7.8,84.1,42023,Cameron County,Pennsylvania,0.0757238307349666,0.5227489659560929,0.9204581609926822,0.8720967228762329,0.7071269487750557,61.96309258670061,Medium opportunity for deeper review,Small county
"Laurens County, South Carolina",68666.0,21.8,57623.0,18.1,4.5,86.1,45059,Laurens County,South Carolina,0.4928412344893414,0.7838052815781101,0.5227489659560929,0.7298759147311487,0.5682468978682786,61.95036589245944,Medium opportunity for deeper review,Medium county
"Boyd County, Kentucky",47911.0,21.2,61118.0,16.9,6.4,87.1,21019,Boyd County,Kentucky,0.4139357301940821,0.7254215717467388,0.8361438116449252,0.6290168628698696,0.4926821508113267,61.94400254533885,Medium opportunity for deeper review,Small county
"Garvin County, Oklahoma",25860.0,25.1,58556.0,17.0,3.4,86.9,40049,Garvin County,Oklahoma,0.8657333757556475,0.7300349984091632,0.28778237352847597,0.7050588609608655,0.5082723512567611,61.937639198218264,Medium opportunity for deeper review,Small county
"Washington County, Alabama",15143.0,20.0,61042.0,17.1,4.9,81.2,1129,Washington County,Alabama,0.2748965956092905,0.7357620108176901,0.6104040725421572,0.6323576201081769,0.8426662424435253,61.92173083041679,Medium opportunity for deeper review,Small county
"Sierra County, New Mexico",11500.0,15.6,41600.0,21.4,4.2,83.5,35051,Sierra County,New Mexico,0.043429844097995544,0.8865733375755648,0.4513203945275215,0.9685014317531021,0.7459433662106267,61.915367483296215,Medium opportunity for deeper review,Small county
"Collingsworth County, Texas",2588.0,27.9,61280.0,21.8,1.1,85.9,48087,Collingsworth County,Texas,0.9570474069360484,0.8985046134266624,0.03436207445116131,0.6216990136811963,0.5828825962456252,61.88991409481387,Medium opportunity for deeper review,Small county
"Allen County, Kansas",12483.0,22.5,60689.0,9.9,7.9,84.4,20001,Allen County,Kansas,0.5911549475023863,0.24610244988864144,0.9230034998409163,0.6430162265351576,0.6902640789055043,61.870824053452125,Medium opportunity for deeper review,Small county
"Randolph County, Alabama",22510.0,20.9,52338.0,19.9,3.8,84.9,1111,Randolph County,Alabama,0.3773464842507159,0.8469615017499205,0.3752783964365256,0.8401209035952911,0.652402163538021,61.84218899140947,Medium opportunity for deeper review,Small county
"Mason County, West Virginia",25043.0,20.5,49761.0,19.4,3.8,84.7,54053,Mason County,West Virginia,0.32818962774419347,0.8313713013044861,0.3752783964365256,0.885141584473433,0.6699013681196309,61.79764556156538,Medium opportunity for deeper review,Small county
"Dixie County, Florida",17058.0,17.9,50110.0,20.9,3.3,76.5,12029,Dixie County,Florida,0.12583518930957685,0.8752783964365256,0.2696468342348075,0.8790964047088768,0.9390709513203945,61.778555520203625,Medium opportunity for deeper review,Small county
"Screven County, Georgia",14130.0,20.8,52792.0,17.2,4.6,85.5,13251,Screven County,Georgia,0.3636652879414572,0.7416481069042317,0.5439070951320395,0.8307349665924276,0.6081769010499523,61.76264715240216,Medium opportunity for deeper review,Small county
"Clark County, Wisconsin",34739.0,29.7,67400.0,12.1,3.7,78.6,55019,Clark County,Wisconsin,0.9737511931275851,0.41298122812599425,0.3523703468024181,0.44384346166083355,0.9051861279032771,61.76264715240215,Medium opportunity for deeper review,Small county
"Wayne County, North Carolina",118652.0,23.6,59733.0,17.3,5.2,90.0,37191,Wayne County,North Carolina,0.7367165128857779,0.7475342029907731,0.6683105313394846,0.6700604517976456,0.2653515749284123,61.75946547884188,Medium opportunity for deeper review,Medium county
"Prince of Wales-Hyder Census Area, Alaska",5715.0,21.1,61156.0,12.7,7.7,84.5,2198,Prince of Wales-Hyder Census Area,Alaska,0.3989818644607063,0.46006999681832644,0.9172764874323894,0.6271078587336939,0.6839007317849188,61.74673878460071,Medium opportunity for deeper review,Small county
"Coffee County, Alabama",54920.0,24.1,68353.0,16.7,5.1,86.8,1031,Coffee County,Alabama,0.7858733693923003,0.7153993000318167,0.6509704104358893,0.41839007317849186,0.5167037861915367,61.746738784600694,Medium opportunity for deeper review,Medium county
"Cleburne County, Arkansas",25226.0,19.1,55798.0,13.9,6.4,83.7,5023,Cleburne County,Arkansas,0.19455933821189947,0.5509067769646834,0.8361438116449252,0.7694877505567929,0.7336939230034998,61.69583200763602,Medium opportunity for deeper review,Small county
"Cumberland County, New Jersey",153305.0,24.4,67436.0,15.6,6.8,89.5,34011,Cumberland County,New Jersey,0.8132357620108177,0.6543111676741966,0.8685968819599109,0.4422526248806873,0.3051224944320713,61.670378619153674,Medium opportunity for deeper review,Medium county
"Mercer County, Missouri",3482.0,24.5,62679.0,13.5,3.5,81.0,29129,Mercer County,Missouri,0.8227807826916959,0.5227489659560929,0.3075087496022908,0.5816099268215081,0.8482341711740375,61.65765192491251,Medium opportunity for deeper review,Small county
"Woodward County, Oklahoma",20158.0,24.2,61417.0,14.0,6.2,89.6,40153,Woodward County,Oklahoma,0.7946229716831054,0.5591791282214444,0.8153038498250079,0.6172446706967865,0.2963728921412663,61.6544702513522,Medium opportunity for deeper review,Small county
"Jackson County, Florida",48250.0,18.9,49149.0,19.5,4.5,85.0,12063,Jackson County,Florida,0.18151447661469933,0.8348711422208082,0.5227489659560929,0.8969137766465161,0.6449252306713331,61.619471842188986,Medium opportunity for deeper review,Small county
"Russell County, Virginia",25538.0,18.9,50012.0,16.7,3.6,72.7,51167,Russell County,Virginia,0.18151447661469933,0.7153993000318167,0.32914412981228125,0.8810054088450525,0.9721603563474388,61.58447343302578,Medium opportunity for deeper review,Small county
"Delaware County, Oklahoma",41279.0,19.8,56676.0,19.0,5.2,85.9,40041,Delaware County,Oklahoma,0.256761056315622,0.8168946866051543,0.6683105313394846,0.7511931275851098,0.5828825962456252,61.52083996181992,Medium opportunity for deeper review,Small county
"Fremont County, Wyoming",39533.0,24.5,64904.0,12.8,7.4,88.8,56013,Fremont County,Wyoming,0.8227807826916959,0.46818326439707286,0.9029589564110723,0.5221126312440343,0.3598472796691059,61.517658288259625,Medium opportunity for deeper review,Small county
"Shelby County, Missouri",5986.0,24.0,51594.0,15.9,1.8,84.2,29205,Shelby County,Missouri,0.7763283487114222,0.6691059497295577,0.07413299395482023,0.8539611835825645,0.7015590200445434,61.50174992045816,Medium opportunity for deeper review,Small county
"Clarendon County, South Carolina",30986.0,18.2,52401.0,15.4,6.8,85.9,45027,Clarendon County,South Carolina,0.14078905504295258,0.6434934775692014,0.8685968819599109,0.8386891504931594,0.5828825962456252,61.489023226217,Medium opportunity for deeper review,Small county
"Fentress County, Tennessee",19309.0,20.4,51149.0,21.0,4.7,87.6,47049,Fentress County,Tennessee,0.3181673560292714,0.8781419026407891,0.5641107222398982,0.8619153674832962,0.45179764556156543,61.4826598790964,Medium opportunity for deeper review,Small county
"Dorchester County, Maryland",32754.0,21.0,61839.0,17.1,5.7,85.8,24019,Dorchester County,Maryland,0.38832325803372575,0.7357620108176901,0.7531021317212854,0.6076996500159084,0.5887686923321667,61.47311485841552,Medium opportunity for deeper review,Small county
"Iron County, Michigan",11667.0,17.5,55940.0,17.0,5.4,83.1,26071,Iron County,Michigan,0.10244988864142539,0.7300349984091632,0.7085587018771874,0.7658288259624563,0.7661469933184855,61.46038816417436,Medium opportunity for deeper review,Small county
"Tyler County, West Virginia",8064.0,19.4,63693.0,20.2,7.0,86.2,54095,Tyler County,West Virginia,0.2223989818644607,0.8553929366846962,0.8806872414890232,0.5507476932866688,0.5620426344257079,61.42538975501114,Medium opportunity for deeper review,Small county
"Schuyler County, Missouri",4038.0,27.5,61205.0,8.6,3.7,69.1,29197,Schuyler County,Missouri,0.9514794782055361,0.15478841870824053,0.3523703468024181,0.6251988545975182,0.986477887368756,61.40629971364938,Medium opportunity for deeper review,Small county
"Lewis County, Tennessee",12992.0,21.1,56285.0,16.7,3.7,81.2,47101,Lewis County,Tennessee,0.3989818644607063,0.7153993000318167,0.3523703468024181,0.7607381482659878,0.8426662424435253,61.403118040089076,Medium opportunity for deeper review,Small county
"Genesee County, Michigan",403305.0,22.2,62281.0,16.4,8.1,89.6,26049,Genesee County,Michigan,0.5493159401845371,0.6982182628062361,0.9306395163856188,0.5937002863506204,0.2963728921412663,61.36493795736557,Medium opportunity for deeper review,Large county
"Seward County, Kansas",21486.0,30.3,63827.0,12.2,4.9,86.9,20175,Seward County,Kansas,0.9793191218580973,0.4212535793827553,0.6104040725421572,0.546293350302259,0.5082723512567611,61.310849506840604,Medium opportunity for deeper review,Small county
"Greene County, Indiana",31021.0,21.4,62094.0,12.8,6.0,83.3,18055,Greene County,Indiana,0.44177537384664334,0.46818326439707286,0.7971683105313395,0.6013363028953229,0.7569201399936367,61.3076678332803,Medium opportunity for deeper review,Small county
"Cheyenne County, Kansas",2628.0,22.8,55429.0,17.0,2.5,82.7,20023,Cheyenne County,Kansas,0.6331530384982501,0.7300349984091632,0.14110722239898185,0.7761692650334076,0.7846006999681833,61.301304486159715,Medium opportunity for deeper review,Small county
"Charlotte County, Virginia",11422.0,21.5,58000.0,18.9,2.4,75.4,51037,Charlotte County,Virginia,0.4540248170537703,0.8132357620108177,0.12949411390391347,0.7177855552020362,0.950206808781419,61.294941139039125,Medium opportunity for deeper review,Small county
"Peoria County, Illinois",179645.0,23.9,65108.0,15.7,6.2,89.5,17143,Peoria County,Illinois,0.7671014953865734,0.6590836780146357,0.8153038498250079,0.517021953547566,0.3051224944320713,61.27266942411709,Medium opportunity for deeper review,Medium county
"Indiana County, Pennsylvania",83042.0,18.0,60208.0,14.0,6.7,80.7,42063,Indiana County,Pennsylvania,0.13140311804008908,0.5591791282214444,0.861119949093223,0.6552656697422845,0.8566656061088133,61.27266942411709,Medium opportunity for deeper review,Medium county
"Franklin County, Iowa",9956.0,24.1,59894.0,13.6,3.8,84.1,19069,Franklin County,Iowa,0.7858733693923003,0.5292713967546929,0.3752783964365256,0.665924276169265,0.7071269487750557,61.269487750556785,Medium opportunity for deeper review,Small county
"Crawford County, Kansas",39008.0,22.2,52844.0,20.6,4.1,88.5,20037,Crawford County,Kansas,0.5493159401845371,0.8660515431116768,0.4322303531657652,0.8294622971683105,0.3835507476932867,61.212217626471535,Medium opportunity for deeper review,Small county
"Sumner County, Kansas",22353.0,24.1,63951.0,10.6,5.9,84.9,20191,Sumner County,Kansas,0.7858733693923003,0.29430480432707606,0.7820553611199491,0.5447025135221126,0.652402163538021,61.18676423798919,Medium opportunity for deeper review,Small county
"Ohio County, West Virginia",41582.0,19.4,57094.0,17.7,6.0,86.6,54069,Ohio County,West Virginia,0.2223989818644607,0.7659879096404709,0.7971683105313395,0.7378300986318804,0.5324530703149857,61.11676741966276,Medium opportunity for deeper review,Small county
"Appomattox County, Virginia",16610.0,22.0,62853.0,14.0,5.1,83.5,51011,Appomattox County,Virginia,0.5224307986000636,0.5591791282214444,0.6509704104358893,0.576837416481069,0.7459433662106267,61.107222398981854,Medium opportunity for deeper review,Small county
"Garden County, Nebraska",1761.0,20.4,41882.0,16.5,5.4,88.8,31069,Garden County,Nebraska,0.3181673560292714,0.7039452752147629,0.7085587018771874,0.9646834234807509,0.3598472796691059,61.10404072542157,Medium opportunity for deeper review,Small county
"Parke County, Indiana",16406.0,22.3,68485.0,16.2,4.4,79.3,18121,Parke County,Indiana,0.5628380528157811,0.6866051543111676,0.49713649379573654,0.4142538975501113,0.8911867642379891,61.04040725421572,Medium opportunity for deeper review,Small county
"Emporia city, Virginia",5547.0,27.6,51899.0,15.8,2.9,88.4,51595,Emporia city,Virginia,0.9527521476296532,0.6640152720330894,0.19551384027998728,0.847597836461979,0.3916640152720331,61.03086223353483,Medium opportunity for deeper review,Small county
"Meigs County, Tennessee",13343.0,20.3,61375.0,14.3,5.5,81.9,47121,Meigs County,Tennessee,0.3078269169583201,0.5779510022271714,0.7265351574928413,0.6188355074769329,0.8194400254533885,61.01177219217308,Medium opportunity for deeper review,Small county
"Ford County, Kansas",34074.0,29.9,70781.0,14.0,5.1,87.0,20057,Ford County,Kansas,0.9766146993318485,0.5591791282214444,0.6509704104358893,0.3625517021953547,0.5009545020680879,61.0054088450525,Medium opportunity for deeper review,Small county
"Overton County, Tennessee",23065.0,20.6,48959.0,16.3,3.2,80.4,47133,Overton County,Tennessee,0.3398027362392618,0.6929685014317531,0.25071587655106586,0.9000954502068088,0.8655742920776328,60.98313713013045,Medium opportunity for deeper review,Small county
"Brazos County, Texas",242311.0,20.1,58553.0,24.3,4.7,86.4,48041,Brazos County,Texas,0.2855552020362711,0.941457206490614,0.5641107222398982,0.7056951956729239,0.5485205217944639,60.90677696468343,Medium opportunity for deeper review,Medium county
"Pike County, Missouri",17711.0,22.5,54989.0,16.0,3.9,85.7,29163,Pike County,Missouri,0.5911549475023863,0.6748329621380846,0.3970728603245307,0.7868278714603881,0.5951320394527522,60.90041361756284,Medium opportunity for deeper review,Small county
"Carroll County, Virginia",29157.0,17.6,54484.0,15.3,5.5,82.9,51035,Carroll County,Virginia,0.10865415208399619,0.6364937957365574,0.7265351574928413,0.7966910594972956,0.7758510976773783,60.88450524976137,Medium opportunity for deeper review,Small county
"Caswell County, North Carolina",22404.0,18.3,59755.0,18.6,5.2,83.3,37033,Caswell County,North Carolina,0.1457206490614063,0.8040089086859689,0.6683105313394846,0.6691059497295577,0.7569201399936367,60.88132357620108,Medium opportunity for deeper review,Small county
"McCulloch County, Texas",7514.0,21.9,54043.0,15.3,9.0,91.9,48307,McCulloch County,Texas,0.5068405981546293,0.6364937957365574,0.9513203945275215,0.8049634107540566,0.14444797963728917,60.881323576201076,Medium opportunity for deeper review,Small county
"Washington County, Idaho",11142.0,22.2,54000.0,15.3,5.2,88.5,16087,Washington County,Idaho,0.5493159401845371,0.6364937957365574,0.6683105313394846,0.8060769965001591,0.3835507476932867,60.8749602290805,Medium opportunity for deeper review,Small county
"Saginaw County, Michigan",188665.0,21.3,60622.0,18.2,6.4,89.0,26145,Saginaw County,Michigan,0.42888959592745785,0.7873051224944321,0.8361438116449252,0.6455615653833917,0.3433025771555839,60.82405345211581,Medium opportunity for deeper review,Medium county
"Twiggs County, Georgia",7803.0,18.8,56324.0,18.2,3.8,76.2,13289,Twiggs County,Georgia,0.17578746420617244,0.7873051224944321,0.3752783964365256,0.7597836461979001,0.9425707922367165,60.814508431434945,Medium opportunity for deeper review,Small county
"Texas County, Oklahoma",20774.0,28.8,60069.0,15.7,3.4,87.4,40139,Texas County,Oklahoma,0.9665924276169265,0.6590836780146357,0.28778237352847597,0.6601972637607382,0.4667515112949412,60.80814508431436,Medium opportunity for deeper review,Small county
"Carroll County, Missouri",8411.0,21.9,62154.0,13.7,4.3,77.4,29033,Carroll County,Missouri,0.5068405981546293,0.5359529112313076,0.47216035634743875,0.5991091314031181,0.926185173401209,60.80496341075406,Medium opportunity for deeper review,Small county
"Maries County, Missouri",8450.0,20.6,59455.0,13.5,4.8,78.2,29125,Maries County,Missouri,0.3398027362392618,0.5227489659560929,0.5874960229080496,0.676901049952275,0.9131403118040089,60.80178173719377,Medium opportunity for deeper review,Small county
"Lincoln County, New Mexico",20224.0,16.7,53303.0,19.3,5.1,84.7,35027,Lincoln County,New Mexico,0.06967865097041044,0.8286668787782373,0.6509704104358893,0.8189627744193446,0.6699013681196309,60.76360165447026,Medium opportunity for deeper review,Small county
"Garland County, Arkansas",100035.0,19.8,57181.0,15.8,5.7,85.2,5051,Garland County,Arkansas,0.256761056315622,0.6640152720330894,0.7531021317212854,0.7362392618517339,0.6275851097677378,60.754056633789375,Medium opportunity for deeper review,Medium county
"Jefferson Parish, Louisiana",430920.0,22.4,65252.0,16.6,6.2,88.0,22051,Jefferson Parish,Louisiana,0.5760419980909959,0.7103086223353484,0.8153038498250079,0.513522112631244,0.42141266306076997,60.73178491886731,Medium opportunity for deeper review,Large county
"Athens County, Ohio",61737.0,14.8,56001.0,21.5,6.5,86.9,39009,Athens County,Ohio,0.02783964365256125,0.8897550111358574,0.8450524976137448,0.7648743238943685,0.5082723512567611,60.715876551065875,Medium opportunity for deeper review,Medium county
"Lipscomb County, Texas",2918.0,30.8,72560.0,11.5,6.5,86.7,48295,Lipscomb County,Texas,0.9828189627744194,0.3615972001272669,0.8450524976137448,0.32103086223353483,0.5251352211263125,60.71269487750557,Medium opportunity for deeper review,Small county
"Winston County, Alabama",23682.0,20.6,57256.0,18.7,3.6,81.8,1133,Winston County,Alabama,0.3398027362392618,0.8073496659242761,0.32914412981228125,0.734966592427617,0.8243716194718422,60.71269487750557,Medium opportunity for deeper review,Small county
"Chautauqua County, Kansas",3370.0,22.0,56438.0,14.9,3.6,82.1,20019,Chautauqua County,Kansas,0.5224307986000636,0.614858415526567,0.32914412981228125,0.7562838052815781,0.8114858415526567,60.68405981546293,Medium opportunity for deeper review,Small county
"Hawkins County, Tennessee",57964.0,19.2,56936.0,15.2,7.3,86.2,47073,Hawkins County,Tennessee,0.20235443843461662,0.6293350302258989,0.8978682787146038,0.7426026089723194,0.5620426344257079,60.68405981546293,Medium opportunity for deeper review,Medium county
"Summers County, West Virginia",11729.0,15.7,40699.0,23.8,2.2,72.3,54089,Summers County,West Virginia,0.045975182946229716,0.93445752465797,0.10610881323576202,0.9729557747375119,0.9745466115176583,60.68087814190265,Medium opportunity for deeper review,Small county
"Carroll County, Arkansas",28626.0,21.7,54230.0,17.2,4.7,87.7,5015,Carroll County,Arkansas,0.48106904231625836,0.7416481069042317,0.5641107222398982,0.8014635698377346,0.4452752147629653,60.67133312122176,Medium opportunity for deeper review,Small county
"Montgomery County, New York",49528.0,23.1,64943.0,14.6,4.7,84.6,36057,Montgomery County,New York,0.6719694559338212,0.5959274578428253,0.5641107222398982,0.5206808781419026,0.6780146356983774,60.6140629971365,Medium opportunity for deeper review,Small county
"Henry County, Missouri",22328.0,22.3,57926.0,14.3,4.4,84.7,29083,Henry County,Missouri,0.5628380528157811,0.5779510022271714,0.49713649379573654,0.7200127266942411,0.6699013681196309,60.556792873051236,Medium opportunity for deeper review,Small county
"Lunenburg County, Virginia",12016.0,19.6,54842.0,15.9,3.6,61.8,51111,Lunenburg County,Virginia,0.23989818644607064,0.6691059497295577,0.32914412981228125,0.7903277123767102,0.9977728285077951,60.52497613744829,Medium opportunity for deeper review,Small county
"Cabell County, West Virginia",92739.0,19.7,55832.0,19.2,5.1,86.6,54011,Cabell County,West Virginia,0.24896595609290487,0.8250079541839007,0.6509704104358893,0.7683741648106904,0.5324530703149857,60.515431116767424,Medium opportunity for deeper review,Medium county
"Modoc County, California",8600.0,19.1,59455.0,17.9,7.6,87.4,6049,Modoc County,California,0.19455933821189947,0.7741011772192173,0.9129812281259942,0.676901049952275,0.4667515112949412,60.50588609608655,Medium opportunity for deeper review,Small county
"Newton County, Arkansas",7112.0,18.7,48986.0,15.9,4.1,80.8,5101,Newton County,Arkansas,0.16958320076360164,0.6691059497295577,0.4322303531657652,0.8997772828507795,0.8536430162265352,60.48679605472478,Medium opportunity for deeper review,Small county
"Wabash County, Illinois",11119.0,21.0,57086.0,16.7,4.4,84.5,17185,Wabash County,Illinois,0.38832325803372575,0.7153993000318167,0.49713649379573654,0.7384664333439389,0.6839007317849188,60.464524339802736,Medium opportunity for deeper review,Small county
"Briscoe County, Texas",1301.0,20.8,45417.0,16.8,1.0,73.1,48045,Briscoe County,Texas,0.3636652879414572,0.720489977728285,0.030066815144766147,0.9385937002863506,0.9699331848552338,60.45497931912186,Medium opportunity for deeper review,Small county
"Calloway County, Kentucky",38224.0,18.2,52706.0,17.2,4.4,82.2,21035,Calloway County,Kentucky,0.14078905504295258,0.7416481069042317,0.49713649379573654,0.8326439707286033,0.8076678332803054,60.3977091950366,Medium opportunity for deeper review,Small county
"Shannon County, Missouri",7177.0,22.7,55222.0,18.0,1.3,82.5,29203,Shannon County,Missouri,0.6193127585109768,0.7799872733057588,0.043748011454024814,0.7833280305440662,0.793032134902959,60.38816417435571,Medium opportunity for deeper review,Small county
"Gladwin County, Michigan",25693.0,18.9,55349.0,14.9,6.8,86.0,26051,Gladwin County,Michigan,0.18151447661469933,0.614858415526567,0.8685968819599109,0.7788736875596564,0.5754056633789373,60.38498250079542,Medium opportunity for deeper review,Small county
"Bell County, Texas",386897.0,27.5,68865.0,14.5,6.8,90.9,48027,Bell County,Texas,0.9514794782055361,0.5894050270442253,0.8685968819599109,0.40598154629335026,0.20314985682468978,60.37225580655424,Medium opportunity for deeper review,Large county
"Ritchie County, West Virginia",8286.0,19.9,50582.0,21.6,2.4,80.7,54085,Ritchie County,West Virginia,0.2653515749284123,0.8926185173401209,0.12949411390391347,0.8717785555202037,0.8566656061088133,60.31816735602927,Medium opportunity for deeper review,Small county
"Morrill County, Nebraska",4534.0,22.4,58500.0,13.9,3.6,80.9,31123,Morrill County,Nebraska,0.5760419980909959,0.5509067769646834,0.32914412981228125,0.7072860324530703,0.8509385937002863,60.28635062042634,Medium opportunity for deeper review,Small county
"Cochise County, Arizona",125566.0,20.6,59742.0,15.4,7.4,87.5,4003,Cochise County,Arizona,0.3398027362392618,0.6434934775692014,0.9029589564110723,0.669424117085587,0.45863824371619477,60.28635062042634,Medium opportunity for deeper review,Medium county
"Jefferson County, Illinois",36550.0,22.3,63118.0,13.5,5.8,85.7,17081,Jefferson County,Illinois,0.5628380528157811,0.5227489659560929,0.7664651606745148,0.5669742284441617,0.5951320394527522,60.28316894686605,Medium opportunity for deeper review,Small county
"Levy County, Florida",45391.0,19.4,56750.0,17.4,4.1,80.8,12075,Levy County,Florida,0.2223989818644607,0.7527839643652561,0.4322303531657652,0.7484887050588609,0.8536430162265352,60.19090041361756,Medium opportunity for deeper review,Small county
"Wilson County, Kansas",8505.0,23.9,60677.0,15.5,3.0,83.6,20205,Wilson County,Kansas,0.7671014953865734,0.6492204899777283,0.2098313713013045,0.6433343938911867,0.7400572701240853,60.19090041361756,Medium opportunity for deeper review,Small county
"Scott County, Virginia",21479.0,17.8,46349.0,20.2,2.8,77.7,51169,Scott County,Virginia,0.12042634425707922,0.8553929366846962,0.18310531339484568,0.928412344893414,0.9220489977728286,60.18771874005727,Medium opportunity for deeper review,Small county
"Oconee County, South Carolina",80469.0,19.1,62388.0,17.6,5.9,84.6,45073,Oconee County,South Carolina,0.19455933821189947,0.762010817690105,0.7820553611199491,0.5905186127903277,0.6780146356983774,60.14317531021318,Medium opportunity for deeper review,Medium county
"Linn County, Missouri",11852.0,23.3,61635.0,13.7,3.2,78.4,29115,Linn County,Missouri,0.6998090995863825,0.5359529112313076,0.25071587655106586,0.6115176582882595,0.9090041361756284,60.139993636652875,Medium opportunity for deeper review,Small county
"Pittsylvania County, Virginia",59856.0,17.9,54085.0,14.6,4.7,78.0,51143,Pittsylvania County,Virginia,0.12583518930957685,0.5959274578428253,0.5641107222398982,0.8036907413299396,0.9171174037543748,60.13363028953229,Medium opportunity for deeper review,Medium county
"Rusk County, Texas",52842.0,22.6,68658.0,14.4,4.5,79.6,48401,Rusk County,Texas,0.6056315622017181,0.583837098313713,0.5227489659560929,0.409163219853643,0.885141584473433,60.130448615972,Medium opportunity for deeper review,Medium county
"Jones County, North Carolina",9302.0,18.5,59641.0,18.4,4.4,79.7,37103,Jones County,North Carolina,0.15701559020044542,0.7981228125994273,0.49713649379573654,0.6710149538657334,0.8819599109131403,60.10499522748967,Medium opportunity for deeper review,Small county
"Dewey County, Oklahoma",4360.0,27.3,62569.0,14.1,3.5,85.7,40043,Dewey County,Oklahoma,0.9486159720012727,0.5663378937321031,0.3075087496022908,0.5857461024498887,0.5951320394527522,60.06681514476615,Medium opportunity for deeper review,Small county
"Rhea County, Tennessee",33992.0,21.2,55033.0,15.9,5.8,88.7,47143,Rhea County,Tennessee,0.4139357301940821,0.6691059497295577,0.7664651606745148,0.785555202036271,0.3678014635698378,60.057270124085264,Medium opportunity for deeper review,Small county
"Switzerland County, Indiana",9909.0,23.7,65343.0,12.6,4.2,81.3,18155,Switzerland County,Indiana,0.7476932866687878,0.45147947820553613,0.4513203945275215,0.5125676105631563,0.8393254852052179,60.04772510340439,Medium opportunity for deeper review,Small county
"Wheeler County, Texas",4862.0,24.2,60167.0,15.4,4.8,89.3,48483,Wheeler County,Texas,0.7946229716831054,0.6434934775692014,0.5874960229080496,0.6570155902004454,0.31944002545338845,60.041361756283806,Medium opportunity for deeper review,Small county
"Randolph County, Indiana",24387.0,22.7,60791.0,15.8,4.5,86.3,18135,Randolph County,Indiana,0.6193127585109768,0.6640152720330894,0.5227489659560929,0.6388800509067769,0.5556792873051225,60.01272669424116,Medium opportunity for deeper review,Small county
"Las Animas County, Colorado",14413.0,18.0,52074.0,18.7,5.6,87.3,8071,Las Animas County,Colorado,0.13140311804008908,0.8073496659242761,0.7402163538020999,0.844097995545657,0.47709195036589247,60.00318167356029,Medium opportunity for deeper review,Small county
"Graham County, Kansas",2389.0,20.8,50650.0,14.8,5.0,86.7,20065,Graham County,Kansas,0.3636652879414572,0.609608654152084,0.6310849506840598,0.8701877187400573,0.5251352211263125,59.993636652879424,Medium opportunity for deeper review,Small county
"Trumbull County, Ohio",200929.0,20.6,56435.0,16.6,4.7,85.2,39155,Trumbull County,Ohio,0.3398027362392618,0.7103086223353484,0.5641107222398982,0.756761056315622,0.6275851097677378,59.97136493795736,Medium opportunity for deeper review,Medium county
"Barton County, Kansas",25097.0,24.1,58851.0,15.4,3.9,87.3,20009,Barton County,Kansas,0.7858733693923003,0.6434934775692014,0.3970728603245307,0.6950365892459434,0.47709195036589247,59.97136493795736,Medium opportunity for deeper review,Small county
"Hitchcock County, Nebraska",2569.0,23.5,51567.0,12.8,1.7,79.6,31087,Hitchcock County,Nebraska,0.7239898186446071,0.46818326439707286,0.06617881005408845,0.8549156856506522,0.885141584473433,59.96818326439708,Medium opportunity for deeper review,Small county
"Knox County, Illinois",49046.0,20.2,57030.0,14.6,5.1,84.0,17095,Knox County,Illinois,0.2966910594972956,0.5959274578428253,0.6509704104358893,0.7403754374801146,0.7134902958956411,59.94909322303532,Medium opportunity for deeper review,Small county
"Harrison County, Kentucky",19140.0,23.4,66442.0,17.1,3.2,81.6,21097,Harrison County,Kentucky,0.7114222080814508,0.7357620108176901,0.25071587655106586,0.46897868278714605,0.8300986318803691,59.939548202354445,Medium opportunity for deeper review,Small county
"Polk County, Texas",52800.0,20.3,62259.0,17.5,8.1,88.2,48373,Polk County,Texas,0.3078269169583201,0.7573973910276806,0.9306395163856188,0.5940184537066497,0.4070951320394528,59.93954820235443,Medium opportunity for deeper review,Medium county
"Coosa County, Alabama",10300.0,17.4,57355.0,13.1,6.2,80.7,1037,Coosa County,Alabama,0.09640470887686924,0.4933184855233853,0.8153038498250079,0.732739420935412,0.8566656061088133,59.88864142538976,Medium opportunity for deeper review,Small county
"Ogemaw County, Michigan",20885.0,17.8,54666.0,16.7,6.2,86.4,26129,Ogemaw County,Michigan,0.12042634425707922,0.7153993000318167,0.8153038498250079,0.7938275532930321,0.5485205217944639,59.869551384028,Medium opportunity for deeper review,Small county
"St. John the Baptist Parish, Louisiana",40743.0,24.1,66630.0,14.4,10.9,91.3,22095,St. John the Baptist Parish,Louisiana,0.7858733693923003,0.583837098313713,0.981228125994273,0.46356983773464844,0.17849188673242122,59.86000636334712,Medium opportunity for deeper review,Small county
"Tallapoosa County, Alabama",40938.0,20.1,59356.0,16.3,4.9,83.9,1123,Tallapoosa County,Alabama,0.2855552020362711,0.6929685014317531,0.6104040725421572,0.6811963092586701,0.7214444797963728,59.83137130130449,Medium opportunity for deeper review,Small county
"Harrison County, Ohio",14306.0,21.0,54414.0,13.1,4.6,83.1,39067,Harrison County,Ohio,0.38832325803372575,0.4933184855233853,0.5439070951320395,0.7976455615653834,0.7661469933184855,59.78682787146038,Medium opportunity for deeper review,Small county
"Macon County, Illinois",101849.0,22.6,62666.0,15.0,6.8,89.4,17115,Macon County,Illinois,0.6056315622017181,0.6194718421889914,0.8685968819599109,0.5819280941775373,0.31307667833280306,59.77410117721922,Medium opportunity for deeper review,Medium county
"Nueces County, Texas",352955.0,23.7,66897.0,17.4,5.2,88.8,48355,Nueces County,Texas,0.7476932866687878,0.7527839643652561,0.6683105313394846,0.4594336621062679,0.3598472796691059,59.76137448297805,Medium opportunity for deeper review,Large county
"Lincoln County, Tennessee",35946.0,22.3,64667.0,12.9,4.7,80.7,47103,Lincoln County,Tennessee,0.5628380528157811,0.4769328666878778,0.5641107222398982,0.5268851415844734,0.8566656061088133,59.748647788736875,Medium opportunity for deeper review,Small county
"Hocking County, Ohio",27799.0,21.4,62960.0,16.0,5.4,85.8,39073,Hocking County,Ohio,0.44177537384664334,0.6748329621380846,0.7085587018771874,0.5727012408526886,0.5887686923321667,59.732739420935424,Medium opportunity for deeper review,Small county
"Perry County, Missouri",18976.0,22.5,62981.0,13.9,4.9,84.8,29157,Perry County,Missouri,0.5911549475023863,0.5509067769646834,0.6104040725421572,0.57206490614063,0.6605154311167674,59.70092268533248,Medium opportunity for deeper review,Small county
"Tazewell County, Virginia",39624.0,20.0,47313.0,18.5,3.8,85.4,51185,Tazewell County,Virginia,0.2748965956092905,0.8016226535157492,0.3752783964365256,0.9182309895004772,0.6150174992045816,59.70092268533248,Medium opportunity for deeper review,Small county
"Knox County, Missouri",3756.0,24.8,57788.0,11.9,1.1,70.5,29103,Knox County,Missouri,0.8461660833598473,0.3978682787146039,0.03436207445116131,0.7241489023226217,0.9817053770283168,59.68501431753103,Medium opportunity for deeper review,Small county
"Grant County, Washington",101799.0,28.3,73267.0,15.8,6.5,90.8,53025,Grant County,Washington,0.9611835825644289,0.6640152720330894,0.8450524976137448,0.3044861597200127,0.20903595291123134,59.67546929685014,Medium opportunity for deeper review,Medium county
"Whitfield County, Georgia",103598.0,24.9,67070.0,14.8,5.2,88.3,13313,Whitfield County,Georgia,0.8523703468024181,0.609608654152084,0.6683105313394846,0.4543429844097996,0.39882278078269173,59.66910594972956,Medium opportunity for deeper review,Medium county
"Baxter County, Arkansas",42407.0,17.7,48452.0,15.5,6.3,87.2,5005,Baxter County,Arkansas,0.11422208081450844,0.6492204899777283,0.8251670378619154,0.9093223035316577,0.48504613426662424,59.65956092904868,Medium opportunity for deeper review,Small county
"Rio Grande County, Colorado",11321.0,20.1,64411.0,18.0,10.1,88.2,8105,Rio Grande County,Colorado,0.2855552020362711,0.7799872733057588,0.974228444161629,0.5338848234171174,0.4070951320394528,59.61501749920457,Medium opportunity for deeper review,Small county
"Somerset County, Maryland",24822.0,17.5,64943.0,16.4,7.5,83.4,24039,Somerset County,Maryland,0.10244988864142539,0.6982182628062361,0.9080496341075406,0.5206808781419026,0.7511931275851098,59.61183582564429,Medium opportunity for deeper review,Small county
"Jefferson County, Pennsylvania",43864.0,21.4,58686.0,14.1,4.2,81.9,42065,Jefferson County,Pennsylvania,0.44177537384664334,0.5663378937321031,0.4513203945275215,0.7007636016544703,0.8194400254533885,59.59274578428253,Medium opportunity for deeper review,Small county
"Bradford County, Pennsylvania",59858.0,22.1,63675.0,12.6,6.3,85.4,42015,Bradford County,Pennsylvania,0.5359529112313076,0.45147947820553613,0.8251670378619154,0.5520203627107858,0.6150174992045816,59.59274578428253,Medium opportunity for deeper review,Medium county
"Newberry County, South Carolina",38435.0,21.4,61780.0,17.4,4.4,84.6,45071,Newberry County,South Carolina,0.44177537384664334,0.7527839643652561,0.49713649379573654,0.6089723194400254,0.6780146356983774,59.573655742920785,Medium opportunity for deeper review,Small county
"New Madrid County, Missouri",15731.0,23.7,51881.0,17.7,3.4,89.2,29143,New Madrid County,Missouri,0.7476932866687878,0.7659879096404709,0.28778237352847597,0.8488705058860961,0.3265987909640471,59.53865733375755,Medium opportunity for deeper review,Small county
"Marion County, Arkansas",17228.0,18.6,48619.0,18.0,4.9,86.8,5089,Marion County,Arkansas,0.16321985364301622,0.7799872733057588,0.6104040725421572,0.9061406299713649,0.5167037861915367,59.52911231307668,Medium opportunity for deeper review,Small county
"Wapello County, Iowa",35362.0,23.8,64766.0,15.8,4.3,86.3,19179,Wapello County,Iowa,0.7573973910276806,0.6640152720330894,0.47216035634743875,0.525294304804327,0.5556792873051225,59.49093223035315,Medium opportunity for deeper review,Small county
"Edmonson County, Kentucky",12355.0,18.0,54937.0,15.3,7.7,87.0,21061,Edmonson County,Kentucky,0.13140311804008908,0.6364937957365574,0.9172764874323894,0.7881005408845052,0.5009545020680879,59.48456888323259,Medium opportunity for deeper review,Small county
"Lamb County, Texas",12828.0,27.2,60760.0,15.0,2.1,84.7,48279,Lamb County,Texas,0.9468660515431117,0.6194718421889914,0.09720012726694241,0.6398345529748648,0.6699013681196309,59.46547884187083,Medium opportunity for deeper review,Small county
"Brooke County, West Virginia",21805.0,17.2,54316.0,13.1,6.3,83.1,54009,Brooke County,West Virginia,0.08813235762010818,0.4933184855233853,0.8251670378619154,0.8005090677696468,0.7661469933184855,59.46547884187081,Medium opportunity for deeper review,Small county
"Adair County, Missouri",25301.0,18.7,61536.0,22.0,4.1,80.8,29001,Adair County,Missouri,0.16958320076360164,0.9035952911231308,0.4322303531657652,0.6137448297804645,0.8536430162265352,59.455933821189944,Medium opportunity for deeper review,Small county
"Nemaha County, Nebraska",7046.0,22.3,60924.0,13.3,6.0,87.4,31127,Nemaha County,Nebraska,0.5628380528157811,0.5093859370028635,0.7971683105313395,0.6363347120585428,0.4667515112949412,59.44957047406936,Medium opportunity for deeper review,Small county
"Columbia County, Florida",71789.0,22.2,59205.0,16.7,5.3,89.1,12023,Columbia County,Florida,0.5493159401845371,0.7153993000318167,0.6870824053452116,0.6856506522430799,0.33487114222080816,59.44638880050906,Medium opportunity for deeper review,Medium county
"Dyer County, Tennessee",36508.0,23.7,58154.0,16.3,4.7,90.2,47045,Dyer County,Tennessee,0.7476932866687878,0.6929685014317531,0.5641107222398982,0.7155583837098314,0.24992045816099273,59.405027044225264,Medium opportunity for deeper review,Small county
"Logan County, Colorado",20892.0,18.0,51829.0,15.8,5.4,85.4,8075,Logan County,Colorado,0.13140311804008908,0.6640152720330894,0.7085587018771874,0.8501431753102131,0.6150174992045816,59.382755329303215,Medium opportunity for deeper review,Small county
"Newton County, Missouri",60118.0,23.9,66301.0,13.5,5.9,88.0,29145,Newton County,Missouri,0.7671014953865734,0.5227489659560929,0.7820553611199491,0.47566019726376074,0.42141266306076997,59.379573655742924,Medium opportunity for deeper review,Medium county
"Perry County, Arkansas",10101.0,21.8,55764.0,14.2,4.1,84.2,5105,Perry County,Arkansas,0.4928412344893414,0.5723830734966593,0.4322303531657652,0.7699650015908368,0.7015590200445434,59.37957365574291,Medium opportunity for deeper review,Small county
"Chautauqua County, New York",125544.0,20.6,58351.0,17.4,5.9,88.5,36013,Chautauqua County,New York,0.3398027362392618,0.7527839643652561,0.7820553611199491,0.7107858733693924,0.3835507476932867,59.37957365574291,Medium opportunity for deeper review,Medium county
"Goliad County, Texas",7141.0,19.8,59359.0,13.0,5.2,79.9,48175,Goliad County,Texas,0.256761056315622,0.48536430162265354,0.6683105313394846,0.6808781419026408,0.8775055679287305,59.37639198218263,Medium opportunity for deeper review,Small county
"Harnett County, North Carolina",139150.0,25.4,71287.0,13.7,4.7,85.2,37085,Harnett County,North Carolina,0.8884823417117403,0.5359529112313076,0.5641107222398982,0.35157492841234494,0.6275851097677378,59.354120267260576,Medium opportunity for deeper review,Medium county
"Siskiyou County, California",43466.0,20.0,59095.0,16.4,7.9,88.5,6093,Siskiyou County,California,0.2748965956092905,0.6982182628062361,0.9230034998409163,0.6872414890232262,0.3835507476932867,59.33821189945911,Medium opportunity for deeper review,Small county
"Anderson County, Kansas",7834.0,25.6,70614.0,11.0,4.1,75.8,20003,Anderson County,Kansas,0.900413617562838,0.31975819280941775,0.4322303531657652,0.3671651288577792,0.9462297168310532,59.31594018453706,Medium opportunity for deeper review,Small county
"Hyde County, North Carolina",4592.0,18.0,53713.0,22.2,2.5,72.0,37095,Hyde County,North Carolina,0.13140311804008908,0.9069360483614382,0.14110722239898185,0.8103722558065543,0.9751829462297168,59.30003181673561,Medium opportunity for deeper review,Small county
"Aleutians East Borough, Alaska",3491.0,14.0,65365.0,13.2,8.4,64.1,2013,Aleutians East Borough,Alaska,0.017181037225580655,0.5020680878141902,0.9389118676423799,0.5109767737830099,0.9950684059815463,59.284123448934146,Medium opportunity for deeper review,Small county
"Surry County, North Carolina",71425.0,21.1,55656.0,16.8,4.4,86.0,37171,Surry County,North Carolina,0.3989818644607063,0.720489977728285,0.49713649379573654,0.7718740057270124,0.5754056633789373,59.277760101813556,Medium opportunity for deeper review,Medium county
"Pierce County, Georgia",20202.0,24.7,60517.0,13.8,2.6,82.9,13229,Pierce County,Georgia,0.8396436525612472,0.5431116767419663,0.1551065860642698,0.6490614062997137,0.7758510976773783,59.25548838689151,Medium opportunity for deeper review,Small county
"Carroll County, Ohio",26659.0,20.4,64835.0,12.9,5.6,78.7,39019,Carroll County,Ohio,0.3181673560292714,0.4769328666878778,0.7402163538020999,0.5240216353802101,0.9032771237671015,59.252306713331215,Medium opportunity for deeper review,Small county
"Blount County, Alabama",59518.0,23.1,64190.0,12.9,5.0,85.0,1009,Blount County,Alabama,0.6719694559338212,0.4769328666878778,0.6310849506840598,0.5373846643334395,0.6449252306713331,59.24594336621063,Medium opportunity for deeper review,Medium county
"Ford County, Illinois",13406.0,23.3,62439.0,12.4,5.5,86.9,17053,Ford County,Illinois,0.6998090995863825,0.4379573655742921,0.7265351574928413,0.589086859688196,0.5082723512567611,59.23321667196946,Medium opportunity for deeper review,Small county
"Worth County, Missouri",1934.0,21.6,47847.0,20.6,1.6,84.9,29227,Worth County,Missouri,0.4675469296850143,0.8660515431116768,0.05997454661151766,0.915685650652243,0.652402163538021,59.233216671969444,Medium opportunity for deeper review,Small county
"Stephens County, Texas",9351.0,20.8,58008.0,14.6,5.4,86.0,48429,Stephens County,Texas,0.3636652879414572,0.5959274578428253,0.7085587018771874,0.7174673878460069,0.5754056633789373,59.220489977728285,Medium opportunity for deeper review,Small county
"Wexford County, Michigan",34077.0,22.8,61085.0,13.9,5.3,87.5,26165,Wexford County,Michigan,0.6331530384982501,0.5509067769646834,0.6870824053452116,0.6306076996500158,0.45863824371619477,59.20776328348711,Medium opportunity for deeper review,Small county
"Mitchell County, North Carolina",14992.0,17.6,57602.0,12.9,6.5,82.4,37121,Mitchell County,North Carolina,0.10865415208399619,0.4769328666878778,0.8450524976137448,0.7305122494432071,0.7979637289214127,59.18230989500477,Medium opportunity for deeper review,Small county
"Cannon County, Tennessee",14818.0,22.8,59443.0,18.3,2.8,84.7,47015,Cannon County,Tennessee,0.6331530384982501,0.793032134902959,0.18310531339484568,0.6780146356983774,0.6699013681196309,59.144129812281264,Medium opportunity for deeper review,Small county
"Calhoun County, South Carolina",14182.0,18.6,58682.0,12.9,5.8,81.0,45017,Calhoun County,South Carolina,0.16321985364301622,0.4769328666878778,0.7664651606745148,0.7015590200445434,0.8482341711740375,59.12822144447979,Medium opportunity for deeper review,Small county
"Saguache County, Colorado",6580.0,17.8,50082.0,17.8,10.3,90.8,8109,Saguache County,Colorado,0.12042634425707922,0.7694877505567929,0.9761374482978047,0.8800509067769646,0.20903595291123134,59.10276805599746,Medium opportunity for deeper review,Small county
"Wilkes County, Georgia",9549.0,20.2,52043.0,17.8,1.5,67.1,13317,Wilkes County,Georgia,0.2966910594972956,0.7694877505567929,0.054088450524976135,0.8444161629016863,0.9898186446070634,59.090041361756285,Medium opportunity for deeper review,Small county
"Watauga County, North Carolina",55123.0,12.1,51693.0,25.5,7.9,90.7,37189,Watauga County,North Carolina,0.007476932866687878,0.9564110722239898,0.9230034998409163,0.8520521794463888,0.21508113267578743,59.080496341075396,Medium opportunity for deeper review,Medium county
"Abbeville County, South Carolina",24420.0,19.6,52935.0,15.7,4.0,82.2,45001,Abbeville County,South Carolina,0.23989818644607064,0.6590836780146357,0.41520839961819916,0.828825962456252,0.8076678332803054,59.013681196309264,Medium opportunity for deeper review,Small county
"Garfield County, Oklahoma",62146.0,25.9,66182.0,12.5,4.9,87.0,40047,Garfield County,Oklahoma,0.9128221444479796,0.44447979637289214,0.6104040725421572,0.48170537702831695,0.5009545020680879,59.00731784918868,Medium opportunity for deeper review,Medium county
"Boyle County, Kentucky",30941.0,20.9,61159.0,15.6,5.8,86.7,21021,Boyle County,Kentucky,0.3773464842507159,0.6543111676741966,0.7664651606745148,0.6267896913776647,0.5251352211263125,59.00095450206809,Medium opportunity for deeper review,Small county
"Grimes County, Texas",31340.0,22.4,69803.0,14.6,5.1,83.6,48185,Grimes County,Texas,0.5760419980909959,0.5959274578428253,0.6509704104358893,0.3840279987273306,0.7400572701240853,58.940502704422535,Medium opportunity for deeper review,Small county
"Lewis County, Idaho",3682.0,21.9,51615.0,15.3,2.4,81.9,16061,Lewis County,Idaho,0.5068405981546293,0.6364937957365574,0.12949411390391347,0.8536430162265352,0.8194400254533885,58.91823098950047,Medium opportunity for deeper review,Small county
"Knox County, Nebraska",8363.0,24.1,64636.0,13.7,3.6,83.1,31107,Knox County,Nebraska,0.7858733693923003,0.5359529112313076,0.32914412981228125,0.5278396436525612,0.7661469933184855,58.899140948138715,Medium opportunity for deeper review,Small county
"Sanpete County, Utah",29719.0,24.0,70083.0,15.2,5.1,86.9,49039,Sanpete County,Utah,0.7763283487114222,0.6293350302258989,0.6509704104358893,0.3795736557429208,0.5082723512567611,58.88959592745785,Medium opportunity for deeper review,Small county
"Caldwell County, Kentucky",12618.0,22.9,59583.0,15.1,4.4,87.0,21033,Caldwell County,Kentucky,0.6455615653833917,0.6239261851734013,0.49713649379573654,0.6729239580019091,0.5009545020680879,58.81005408845053,Medium opportunity for deeper review,Small county
"Baldwin County, Georgia",43642.0,18.4,54403.0,21.7,6.2,89.8,13009,Baldwin County,Georgia,0.15112949411390392,0.8950047725103404,0.8153038498250079,0.7979637289214127,0.2809417753738467,58.80687241489023,Medium opportunity for deeper review,Small county
"Cleburne County, Alabama",15426.0,22.0,55345.0,13.7,2.6,76.0,1029,Cleburne County,Alabama,0.5224307986000636,0.5359529112313076,0.1551065860642698,0.7791918549156857,0.9444797963728921,58.743238943684375,Medium opportunity for deeper review,Small county
"Henderson County, Illinois",6193.0,18.5,62227.0,13.9,7.8,84.0,17071,Henderson County,Illinois,0.15701559020044542,0.5509067769646834,0.9204581609926822,0.5952911231307667,0.7134902958956411,58.743238943684375,Medium opportunity for deeper review,Small county
"Clinton County, Pennsylvania",37798.0,20.2,60816.0,14.8,5.6,84.9,42035,Clinton County,Pennsylvania,0.2966910594972956,0.609608654152084,0.7402163538020999,0.6379255488386891,0.652402163538021,58.7368755965638,Medium opportunity for deeper review,Small county
"Lubbock County, Texas",318884.0,23.5,64155.0,17.1,4.9,89.2,48303,Lubbock County,Texas,0.7239898186446071,0.7357620108176901,0.6104040725421572,0.5386573337575564,0.3265987909640471,58.70824053452116,Medium opportunity for deeper review,Large county
"Massac County, Illinois",13865.0,21.3,65116.0,16.3,3.8,77.8,17127,Massac County,Illinois,0.42888959592745785,0.6929685014317531,0.3752783964365256,0.5163856188355075,0.9206172446706968,58.68278714603882,Medium opportunity for deeper review,Small county
"Okanogan County, Washington",43425.0,21.6,63207.0,20.7,4.5,86.9,53047,Okanogan County,Washington,0.4675469296850143,0.8695513840279987,0.5227489659560929,0.5642698059179128,0.5082723512567611,58.6477887368756,Medium opportunity for deeper review,Small county
"Adams County, Indiana",36227.0,31.3,65289.0,11.2,2.8,78.4,18001,Adams County,Indiana,0.9872733057588291,0.33837098313713015,0.18310531339484568,0.5132039452752148,0.9090041361756284,58.61915367483297,Medium opportunity for deeper review,Small county
"Wood County, West Virginia",83407.0,20.8,57810.0,14.7,5.4,86.6,54107,Wood County,West Virginia,0.3636652879414572,0.6032453070314986,0.7085587018771874,0.7225580655424754,0.5324530703149857,58.609608654152076,Medium opportunity for deeper review,Medium county
"Miami County, Indiana",35712.0,20.8,61139.0,15.1,6.6,87.5,18103,Miami County,Indiana,0.3636652879414572,0.6239261851734013,0.8533248488705059,0.628380528157811,0.45863824371619477,58.5587018771874,Medium opportunity for deeper review,Small county
"Hampshire County, West Virginia",23465.0,18.0,63116.0,13.1,9.0,82.7,54027,Hampshire County,West Virginia,0.13140311804008908,0.4933184855233853,0.9513203945275215,0.567292395800191,0.7846006999681833,58.55870187718739,Medium opportunity for deeper review,Small county
"Clay County, Alabama",14192.0,21.0,55250.0,17.6,2.4,80.4,1027,Clay County,Alabama,0.38832325803372575,0.762010817690105,0.12949411390391347,0.7820553611199491,0.8655742920776328,58.54915685650652,Medium opportunity for deeper review,Small county
"Westmoreland County, Virginia",18826.0,17.9,63398.0,14.0,7.3,82.7,51193,Westmoreland County,Virginia,0.12583518930957685,0.5591791282214444,0.8978682787146038,0.5593382118994591,0.7846006999681833,58.536430162265354,Medium opportunity for deeper review,Small county
"Pawnee County, Nebraska",2530.0,24.5,62188.0,13.5,2.2,79.9,31133,Pawnee County,Nebraska,0.8227807826916959,0.5227489659560929,0.10610881323576202,0.5976773783009863,0.8775055679287305,58.536430162265354,Medium opportunity for deeper review,Small county
"Palo Pinto County, Texas",29295.0,23.2,67674.0,16.7,6.1,89.8,48363,Palo Pinto County,Texas,0.6870824053452116,0.7153993000318167,0.8075087496022908,0.4355711104040726,0.2809417753738467,58.530066815144764,Medium opportunity for deeper review,Small county
"Hamilton County, Illinois",7916.0,21.9,65746.0,12.1,5.1,80.7,17065,Hamilton County,Illinois,0.5068405981546293,0.41298122812599425,0.6509704104358893,0.498250079541839,0.8566656061088133,58.51415844734331,Medium opportunity for deeper review,Small county
"St. Clair County, Missouri",9587.0,21.3,53043.0,14.7,3.3,82.4,29185,St. Clair County,Missouri,0.42888959592745785,0.6032453070314986,0.2696468342348075,0.8245307031498568,0.7979637289214127,58.48552338530067,Medium opportunity for deeper review,Small county
"St. Louis city, Missouri",288512.0,18.3,56160.0,20.6,5.0,86.8,29510,St. Louis city,Missouri,0.1457206490614063,0.8660515431116768,0.6310849506840598,0.7632834871142221,0.5167037861915367,58.45688832325804,Medium opportunity for deeper review,Large county
"Madison County, Georgia",31528.0,23.4,61963.0,17.2,3.9,87.4,13195,Madison County,Georgia,0.7114222080814508,0.7416481069042317,0.3970728603245307,0.6035634743875278,0.4667515112949412,58.409163219853646,Medium opportunity for deeper review,Small county
"Mitchell County, Texas",9018.0,20.5,60550.0,13.8,5.3,84.0,48335,Mitchell County,Texas,0.32818962774419347,0.5431116767419663,0.6870824053452116,0.6474705695195673,0.7134902958956411,58.38689150493159,Medium opportunity for deeper review,Small county
"Milam County, Texas",25567.0,22.6,66141.0,12.9,5.0,83.9,48331,Milam County,Texas,0.6056315622017181,0.4769328666878778,0.6310849506840598,0.4836143811644925,0.7214444797963728,58.374164810690424,Medium opportunity for deeper review,Small county
"Nye County, Nevada",54344.0,16.6,60714.0,14.1,8.1,84.0,32023,Nye County,Nevada,0.06617881005408845,0.5663378937321031,0.9306395163856188,0.6420617244670697,0.7134902958956411,58.374164810690424,Medium opportunity for deeper review,Medium county
"Lafourche Parish, Louisiana",96252.0,22.9,63135.0,17.0,4.2,86.7,22057,Lafourche Parish,Louisiana,0.6455615653833917,0.7300349984091632,0.4513203945275215,0.5660197263760738,0.5251352211263125,58.36143811644925,Medium opportunity for deeper review,Medium county
"Tate County, Mississippi",28321.0,22.3,69704.0,16.9,4.7,84.6,28137,Tate County,Mississippi,0.5628380528157811,0.7254215717467388,0.5641107222398982,0.3873687559656379,0.6780146356983774,58.35507476932867,Medium opportunity for deeper review,Small county
"Colfax County, New Mexico",12322.0,17.5,53554.0,18.2,3.8,81.3,35007,Colfax County,New Mexico,0.10244988864142539,0.7873051224944321,0.3752783964365256,0.8129175946547884,0.8393254852052179,58.345529748647785,Medium opportunity for deeper review,Small county
"Page County, Virginia",23727.0,19.6,57037.0,11.3,5.5,80.5,51139,Page County,Virginia,0.23989818644607064,0.34743875278396436,0.7265351574928413,0.7400572701240853,0.8622335348393255,58.32325803372574,Medium opportunity for deeper review,Small county
"Eastland County, Texas",18011.0,21.1,53549.0,16.2,4.7,87.6,48133,Eastland County,Texas,0.3989818644607063,0.6866051543111676,0.5641107222398982,0.813553929366847,0.45179764556156543,58.300986318803695,Medium opportunity for deeper review,Small county
"Allegany County, New York",47159.0,19.6,62869.0,16.2,7.1,86.7,36003,Allegany County,New York,0.23989818644607064,0.6866051543111676,0.8864142538975501,0.5762010817690105,0.5251352211263125,58.28507795100223,Medium opportunity for deeper review,Small county
"Smyth County, Virginia",29420.0,19.3,49883.0,16.8,3.1,80.2,51173,Smyth County,Virginia,0.21158129175946547,0.720489977728285,0.2286032453070315,0.8829144129812281,0.8701877187400573,58.27553293032135,Medium opportunity for deeper review,Small county
"Fayette County, Ohio",28876.0,23.4,63275.0,15.5,3.7,85.1,39047,Fayette County,Ohio,0.7114222080814508,0.6492204899777283,0.3523703468024181,0.562838052815781,0.636652879414572,58.25007954183901,Medium opportunity for deeper review,Small county
"Adams County, Washington",20800.0,34.7,66136.0,19.5,3.6,90.0,53001,Adams County,Washington,0.9958638243716195,0.8348711422208082,0.32914412981228125,0.4842507158765511,0.2653515749284123,58.18962774419345,Medium opportunity for deeper review,Small county
"Refugio County, Texas",6707.0,21.7,60181.0,14.6,4.5,84.9,48391,Refugio County,Texas,0.48106904231625836,0.5959274578428253,0.5227489659560929,0.6563792554883869,0.652402163538021,58.17053770283168,Medium opportunity for deeper review,Small county
"Benton County, Missouri",20151.0,17.3,52567.0,19.9,3.8,83.3,29015,Benton County,Missouri,0.09242761692650334,0.8469615017499205,0.3752783964365256,0.8355074769328668,0.7569201399936367,58.141902640789056,Medium opportunity for deeper review,Small county
"Gogebic County, Michigan",14319.0,16.4,52732.0,14.4,6.5,85.9,26053,Gogebic County,Michigan,0.062360801781737196,0.583837098313713,0.8450524976137448,0.832325803372574,0.5828825962456252,58.12917594654788,Medium opportunity for deeper review,Small county
"Nance County, Nebraska",3324.0,23.8,65179.0,16.6,3.6,85.7,31125,Nance County,Nebraska,0.7573973910276806,0.7103086223353484,0.32914412981228125,0.5143175310213173,0.5951320394527522,58.12599427298759,Medium opportunity for deeper review,Small county
"Mecosta County, Michigan",41242.0,19.1,60951.0,19.9,4.0,82.0,26107,Mecosta County,Michigan,0.19455933821189947,0.8469615017499205,0.41520839961819916,0.6347438752783965,0.8146675151129494,58.122812599427306,Medium opportunity for deeper review,Small county
"Milwaukee County, Wisconsin",926331.0,23.7,64435.0,17.2,4.8,89.6,55079,Milwaukee County,Wisconsin,0.7476932866687878,0.7416481069042317,0.5874960229080496,0.532771237671015,0.2963728921412663,58.119630925867014,Medium opportunity for deeper review,Large county
"Jack County, Texas",8882.0,22.5,68079.0,13.0,9.6,87.8,48237,Jack County,Texas,0.5911549475023863,0.48536430162265354,0.9651606745147948,0.42475342029907737,0.43811644925230675,58.09099586382438,Medium opportunity for deeper review,Small county
"Wibaux County, Montana",1193.0,29.8,67462.0,15.8,1.7,83.3,30109,Wibaux County,Montana,0.9748647788736876,0.6640152720330894,0.06617881005408845,0.4406617881005409,0.7569201399936367,58.05281578110086,Medium opportunity for deeper review,Small county
"Henry County, Alabama",17647.0,20.4,59931.0,18.3,3.6,82.5,1067,Henry County,Alabama,0.3181673560292714,0.793032134902959,0.32914412981228125,0.6652879414572065,0.793032134902959,57.97327394209354,Medium opportunity for deeper review,Small county
"Pettis County, Missouri",43397.0,25.1,60430.0,15.6,3.8,88.9,29159,Pettis County,Missouri,0.8657333757556475,0.6543111676741966,0.3752783964365256,0.6512885777919186,0.3514158447343303,57.96054724785237,Medium opportunity for deeper review,Small county
"Clark County, Ohio",135158.0,22.6,63132.0,15.2,6.7,90.4,39023,Clark County,Ohio,0.6056315622017181,0.6293350302258989,0.861119949093223,0.5663378937321031,0.2351256761056315,57.951002227171486,Medium opportunity for deeper review,Medium county
"Pulaski County, Georgia",9939.0,17.5,50406.0,16.5,3.2,73.9,13235,Pulaski County,Georgia,0.10244988864142539,0.7039452752147629,0.25071587655106586,0.874642061724467,0.965478841870824,57.9446388800509,Medium opportunity for deeper review,Small county
"Grant Parish, Louisiana",22095.0,20.9,64016.0,17.0,3.7,79.1,22043,Grant Parish,Louisiana,0.3773464842507159,0.7300349984091632,0.3523703468024181,0.5424753420299078,0.8946866051543112,57.93827553293032,Medium opportunity for deeper review,Small county
"Brantley County, Georgia",18315.0,20.9,58239.0,17.1,2.8,79.6,13025,Brantley County,Georgia,0.3773464842507159,0.7357620108176901,0.18310531339484568,0.7126948775055679,0.885141584473433,57.881005408845056,Medium opportunity for deeper review,Small county
"Cleveland County, Arkansas",7453.0,21.4,54794.0,15.8,2.2,79.3,5025,Cleveland County,Arkansas,0.44177537384664334,0.6640152720330894,0.10610881323576202,0.7909640470887687,0.8911867642379891,57.88100540884504,Medium opportunity for deeper review,Small county
"Calhoun County, Michigan",133778.0,22.9,63177.0,13.9,6.4,89.6,26025,Calhoun County,Michigan,0.6455615653833917,0.5509067769646834,0.8361438116449252,0.5647470569519567,0.2963728921412663,57.87464206172446,Medium opportunity for deeper review,Medium county
"Bourbon County, Kentucky",20240.0,22.8,61354.0,14.2,4.2,85.4,21017,Bourbon County,Kentucky,0.6331530384982501,0.5723830734966593,0.4513203945275215,0.6194718421889914,0.6150174992045816,57.826916958320076,Medium opportunity for deeper review,Small county
"Weakley County, Tennessee",33016.0,19.0,51880.0,19.0,4.0,85.3,47183,Weakley County,Tennessee,0.1872414890232262,0.8168946866051543,0.41520839961819916,0.8491886732421253,0.6209035952911232,57.788736875596555,Medium opportunity for deeper review,Small county
"Allen County, Ohio",101348.0,23.5,64038.0,13.3,5.7,88.8,39003,Allen County,Ohio,0.7239898186446071,0.5093859370028635,0.7531021317212854,0.5413617562838053,0.3598472796691059,57.75373846643335,Medium opportunity for deeper review,Medium county
"Red River County, Texas",11611.0,20.3,48491.0,15.6,2.0,77.3,48387,Red River County,Texas,0.3078269169583201,0.6543111676741966,0.08892777601018136,0.9083678014635699,0.9277760101813554,57.744193445752465,Medium opportunity for deeper review,Small county
"Aroostook County, Maine",67058.0,18.7,56700.0,14.4,5.3,84.3,23003,Aroostook County,Maine,0.16958320076360164,0.583837098313713,0.6870824053452116,0.7505567928730512,0.6959910913140313,57.741011772192174,Medium opportunity for deeper review,Medium county
"Wilkes County, North Carolina",65935.0,20.0,51721.0,16.7,5.0,88.1,37193,Wilkes County,North Carolina,0.2748965956092905,0.7153993000318167,0.6310849506840598,0.8517340120903596,0.4137766465160675,57.73783009863189,Medium opportunity for deeper review,Medium county
"Custer County, Oklahoma",28259.0,24.9,59738.0,16.4,4.2,90.7,40039,Custer County,Oklahoma,0.8523703468024181,0.6982182628062361,0.4513203945275215,0.6697422844416163,0.21508113267578743,57.734648425071576,Medium opportunity for deeper review,Small county
"Jasper County, Missouri",124357.0,24.6,60694.0,17.0,3.6,88.9,29097,Jasper County,Missouri,0.8321667196945594,0.7300349984091632,0.32914412981228125,0.6426980591791283,0.3514158447343303,57.70919503658924,Medium opportunity for deeper review,Medium county
"Dakota County, Nebraska",21354.0,29.5,70329.0,11.5,4.8,85.8,31043,Dakota County,Nebraska,0.972478523703468,0.3615972001272669,0.5874960229080496,0.3741648106904232,0.5887686923321667,57.690104995227486,Medium opportunity for deeper review,Small county
"Lincoln County, Montana",21175.0,18.1,47143.0,15.4,5.1,86.6,30053,Lincoln County,Montana,0.13649379573655743,0.6434934775692014,0.6509704104358893,0.9201399936366529,0.5324530703149857,57.67101495386573,Medium opportunity for deeper review,Small county
"St. Francois County, Missouri",66999.0,20.9,57477.0,15.9,4.5,85.9,29187,St. Francois County,Missouri,0.3773464842507159,0.6691059497295577,0.5227489659560929,0.7314667515112949,0.5828825962456252,57.67101495386573,Medium opportunity for deeper review,Medium county
"Glascock County, Georgia",2932.0,22.5,54934.0,12.6,1.6,66.0,13125,Glascock County,Georgia,0.5911549475023863,0.45147947820553613,0.05997454661151766,0.7885777919185492,0.9917276487432389,57.65828825962457,Medium opportunity for deeper review,Small county
"Hardin County, Kentucky",111942.0,24.7,67647.0,13.1,6.6,90.1,21093,Hardin County,Kentucky,0.8396436525612472,0.4933184855233853,0.8533248488705059,0.43684377982818967,0.2575564747056952,57.61374482978046,Medium opportunity for deeper review,Medium county
"Upshur County, Texas",42567.0,23.8,66208.0,12.4,5.8,87.8,48459,Upshur County,Texas,0.7573973910276806,0.4379573655742921,0.7664651606745148,0.4799554565701559,0.43811644925230675,57.597836461979,Medium opportunity for deeper review,Small county
"Eddy County, New Mexico",61105.0,25.8,78426.0,13.8,5.5,87.1,35015,Eddy County,New Mexico,0.9085268851415845,0.5431116767419663,0.7265351574928413,0.20744511613108496,0.4926821508113267,57.56601972637607,Medium opportunity for deeper review,Medium county
"Sullivan County, Missouri",5857.0,22.3,56964.0,13.7,2.5,79.0,29211,Sullivan County,Missouri,0.5628380528157811,0.5359529112313076,0.14110722239898185,0.7416481069042316,0.8965956092904868,57.56283805281578,Medium opportunity for deeper review,Small county
"Tripp County, South Dakota",5611.0,23.2,58987.0,18.4,1.8,85.2,46123,Tripp County,South Dakota,0.6870824053452116,0.7981228125994273,0.07413299395482023,0.6904231625835189,0.6275851097677378,57.54692968501433,Medium opportunity for deeper review,Small county
"Mackinac County, Michigan",10957.0,15.0,63909.0,16.1,8.0,84.4,26097,Mackinac County,Michigan,0.032453070314985684,0.6807190582246262,0.9266624244352529,0.5459751829462297,0.6902640789055043,57.52147629653198,Medium opportunity for deeper review,Small county
"Karnes County, Texas",14968.0,19.4,60214.0,19.1,2.9,70.6,48255,Karnes County,Texas,0.2223989818644607,0.8208717785555202,0.19551384027998728,0.6547884187082406,0.981228125994273,57.49602290804964,Medium opportunity for deeper review,Small county
"Colbert County, Alabama",58022.0,21.3,60628.0,17.4,3.1,81.9,1033,Colbert County,Alabama,0.42888959592745785,0.7527839643652561,0.2286032453070315,0.6449252306713331,0.8194400254533885,57.49284123448935,Medium opportunity for deeper review,Medium county
"Peach County, Georgia",28560.0,21.3,71293.0,17.3,6.6,87.1,13225,Peach County,Georgia,0.42888959592745785,0.7475342029907731,0.8533248488705059,0.35125676105631565,0.4926821508113267,57.47375119312758,Medium opportunity for deeper review,Small county
"Muskegon County, Michigan",175961.0,22.5,65024.0,14.1,6.4,88.8,26121,Muskegon County,Michigan,0.5911549475023863,0.5663378937321031,0.8361438116449252,0.5186127903277125,0.3598472796691059,57.44193445752466,Medium opportunity for deeper review,Medium county
"Alleghany County, North Carolina",11174.0,16.4,47172.0,16.0,3.7,80.5,37005,Alleghany County,North Carolina,0.062360801781737196,0.6748329621380846,0.3523703468024181,0.9198218262806236,0.8622335348393255,57.43238943684379,Medium opportunity for deeper review,Small county
"Pocahontas County, Iowa",7046.0,23.3,61875.0,10.3,5.4,85.9,19151,Pocahontas County,Iowa,0.6998090995863825,0.27330575882914415,0.7085587018771874,0.606586064269806,0.5828825962456252,57.4228444161629,Medium opportunity for deeper review,Small county
"Harris County, Texas",4838303.0,25.9,74983.0,16.3,6.7,92.1,48201,Harris County,Texas,0.9128221444479796,0.6929685014317531,0.861119949093223,0.2675787464206173,0.1361756283805282,57.41329939548202,Medium opportunity for deeper review,Very large county
"Rockland County, New York",341883.0,29.7,109959.0,16.2,5.6,87.8,36087,Rockland County,New York,0.9737511931275851,0.6866051543111676,0.7402163538020999,0.031180400890868598,0.43811644925230675,57.397391027680555,Medium opportunity for deeper review,Large county
"King and Queen County, Virginia",6695.0,17.4,70469.0,17.9,5.2,74.5,51097,King and Queen County,Virginia,0.09640470887686924,0.7741011772192173,0.6683105313394846,0.37034680241807194,0.9594336621062679,57.37193763919822,Medium opportunity for deeper review,Small county
"Tyrrell County, North Carolina",3423.0,16.2,41685.0,18.7,2.8,80.9,37177,Tyrrell County,North Carolina,0.05806554247534203,0.8073496659242761,0.18310531339484568,0.9678650970410436,0.8509385937002863,57.34648425071588,Medium opportunity for deeper review,Small county
"Marshall County, Alabama",99748.0,26.0,62571.0,16.6,3.9,90.1,1095,Marshall County,Alabama,0.9167992363983455,0.7103086223353484,0.3970728603245307,0.5854279350938594,0.2575564747056952,57.34330257715558,Medium opportunity for deeper review,Medium county
"Johnson County, Tennessee",18196.0,16.7,53129.0,21.4,3.2,81.4,47091,Johnson County,Tennessee,0.06967865097041044,0.8865733375755648,0.25071587655106586,0.823098950047725,0.8358256442888959,57.31784918867324,Medium opportunity for deeper review,Small county
"Neosho County, Kansas",15656.0,23.9,56618.0,13.1,3.2,85.6,20133,Neosho County,Kansas,0.7671014953865734,0.4933184855233853,0.25071587655106586,0.7524657970092269,0.6016544702513522,57.305122494432084,Medium opportunity for deeper review,Small county
"Tuscarawas County, Ohio",92385.0,23.2,65044.0,13.4,4.5,85.3,39157,Tuscarawas County,Ohio,0.6870824053452116,0.5159083678014635,0.5227489659560929,0.5179764556156539,0.6209035952911232,57.292395800190896,Medium opportunity for deeper review,Medium county
"Trimble County, Kentucky",8550.0,21.2,66027.0,13.3,6.2,85.1,21223,Trimble County,Kentucky,0.4139357301940821,0.5093859370028635,0.8153038498250079,0.4890232262169901,0.636652879414572,57.28603245307031,Medium opportunity for deeper review,Small county
"Buchanan County, Missouri",83568.0,22.3,62158.0,16.0,4.2,86.0,29021,Buchanan County,Missouri,0.5628380528157811,0.6748329621380846,0.4513203945275215,0.5987909640470888,0.5754056633789373,57.263760738148264,Medium opportunity for deeper review,Medium county
"Baraga County, Michigan",8191.0,17.0,55327.0,15.2,5.1,83.9,26013,Baraga County,Michigan,0.0801781737193764,0.6293350302258989,0.6509704104358893,0.7801463569837734,0.7214444797963728,57.24148902322621,Medium opportunity for deeper review,Small county
"Republic County, Kansas",4646.0,24.5,56833.0,10.6,1.8,77.5,20157,Republic County,Kansas,0.8227807826916959,0.29430480432707606,0.07413299395482023,0.7457842825326122,0.9245943366210627,57.23194400254534,Medium opportunity for deeper review,Small county
"Pulaski County, Arkansas",399818.0,23.3,62873.0,16.7,4.7,89.5,5119,Pulaski County,Arkansas,0.6998090995863825,0.7153993000318167,0.5641107222398982,0.5758829144129812,0.3051224944320713,57.206490614063,Medium opportunity for deeper review,Large county
"Wayne County, Iowa",6532.0,25.9,61964.0,10.1,2.9,79.4,19185,Wayne County,Iowa,0.9128221444479796,0.258510976773783,0.19551384027998728,0.6032453070314986,0.8891186764237989,57.18421889914095,Medium opportunity for deeper review,Small county
"Belmont County, Ohio",65473.0,18.7,57017.0,15.8,5.4,86.0,39013,Belmont County,Ohio,0.16958320076360164,0.6640152720330894,0.7085587018771874,0.7406936048361439,0.5754056633789373,57.1651288577792,Medium opportunity for deeper review,Medium county
"Highlands County, Florida",105702.0,16.7,54897.0,15.3,6.4,86.7,12055,Highlands County,Florida,0.06967865097041044,0.6364937957365574,0.8361438116449252,0.7893732103086224,0.5251352211263125,57.13649379573656,Medium opportunity for deeper review,Medium county
"Garrard County, Kentucky",17568.0,21.6,63087.0,15.9,5.1,87.0,21079,Garrard County,Kentucky,0.4675469296850143,0.6691059497295577,0.6509704104358893,0.5682468978682786,0.5009545020680879,57.13649379573656,Medium opportunity for deeper review,Small county
"Lafayette County, Florida",8161.0,17.3,62757.0,17.5,10.9,87.7,12067,Lafayette County,Florida,0.09242761692650334,0.7573973910276806,0.981228125994273,0.5803372573973911,0.4452752147629653,57.13331212217627,Medium opportunity for deeper review,Small county
"Crowley County, Colorado",5647.0,13.0,48826.0,19.4,3.9,84.0,8025,Crowley County,Colorado,0.01145402481705377,0.8313713013044861,0.3970728603245307,0.9029589564110723,0.7134902958956411,57.12694877505569,Medium opportunity for deeper review,Small county
"Knox County, Texas",3307.0,26.0,56667.0,15.7,1.3,87.2,48275,Knox County,Texas,0.9167992363983455,0.6590836780146357,0.043748011454024814,0.7515112949411391,0.48504613426662424,57.12376710149538,Medium opportunity for deeper review,Small county
"Todd County, Minnesota",25575.0,24.6,67662.0,11.5,4.1,82.5,27153,Todd County,Minnesota,0.8321667196945594,0.3615972001272669,0.4322303531657652,0.4365256124721604,0.793032134902959,57.11104040725422,Medium opportunity for deeper review,Small county
"Grayson County, Virginia",15287.0,16.2,47730.0,16.5,3.6,81.1,51077,Grayson County,Virginia,0.05806554247534203,0.7039452752147629,0.32914412981228125,0.916640152720331,0.845847916003818,57.07286032453071,Medium opportunity for deeper review,Small county
"Taos County, New Mexico",34543.0,15.6,58950.0,15.5,7.6,86.3,35055,Taos County,New Mexico,0.043429844097995544,0.6492204899777283,0.9129812281259942,0.6913776646516068,0.5556792873051225,57.05377028316894,Medium opportunity for deeper review,Small county
"Brown County, Texas",38347.0,20.4,57470.0,15.3,5.3,87.3,48049,Brown County,Texas,0.3181673560292714,0.6364937957365574,0.6870824053452116,0.7321030862233535,0.47709195036589247,57.01877187400572,Medium opportunity for deeper review,Small county
"Bracken County, Kentucky",8444.0,23.1,66319.0,19.5,4.8,89.8,21023,Bracken County,Kentucky,0.6719694559338212,0.8348711422208082,0.5874960229080496,0.47406936048361437,0.2809417753738467,56.986955138402806,Medium opportunity for deeper review,Small county
"Delaware County, Indiana",112280.0,18.1,58127.0,19.6,5.8,88.4,18035,Delaware County,Indiana,0.13649379573655743,0.8385300668151447,0.7664651606745148,0.71619471842189,0.3916640152720331,56.98695513840279,Medium opportunity for deeper review,Medium county
"Richland County, Ohio",125099.0,21.8,59509.0,13.8,5.4,87.9,39139,Richland County,Ohio,0.4928412344893414,0.5431116767419663,0.7085587018771874,0.6748329621380846,0.4298440979955457,56.983773464842514,Medium opportunity for deeper review,Medium county
"Chemung County, New York",82147.0,20.9,63716.0,16.3,6.1,88.0,36015,Chemung County,New York,0.3773464842507159,0.6929685014317531,0.8075087496022908,0.549793191218581,0.42141266306076997,56.98059179128221,Medium opportunity for deeper review,Medium county
"Crawford County, Pennsylvania",82716.0,20.6,60476.0,14.3,5.0,85.0,42039,Crawford County,Pennsylvania,0.3398027362392618,0.5779510022271714,0.6310849506840598,0.6503340757238307,0.6449252306713331,56.88195991091314,Medium opportunity for deeper review,Medium county
"Jones County, Texas",20304.0,16.9,59464.0,14.1,5.5,82.4,48253,Jones County,Texas,0.0757238307349666,0.5663378937321031,0.7265351574928413,0.676423798918231,0.7979637289214127,56.8596881959911,Medium opportunity for deeper review,Small county
"Swift County, Minnesota",9748.0,22.5,60412.0,12.0,4.4,84.3,27151,Swift County,Minnesota,0.5911549475023863,0.40550429525930637,0.49713649379573654,0.6519249125039771,0.6959910913140313,56.83423480750876,Medium opportunity for deeper review,Small county
"Madison County, Nebraska",35532.0,25.3,63128.0,13.1,3.0,84.4,31119,Madison County,Nebraska,0.8813235762010818,0.4933184855233853,0.2098313713013045,0.5666560610881324,0.6902640789055043,56.82787146038816,Medium opportunity for deeper review,Small county
"Fisher County, Texas",3655.0,22.7,65533.0,13.7,4.7,85.4,48151,Fisher County,Texas,0.6193127585109768,0.5359529112313076,0.5641107222398982,0.505249761374483,0.6150174992045816,56.79287305122494,Medium opportunity for deeper review,Small county
"Clearfield County, Pennsylvania",78635.0,18.2,62152.0,14.6,5.9,83.9,42033,Clearfield County,Pennsylvania,0.14078905504295258,0.5959274578428253,0.7820553611199491,0.5994272987591474,0.7214444797963728,56.79287305122494,Medium opportunity for deeper review,Medium county
"Haralson County, Georgia",31285.0,23.7,72127.0,15.4,4.4,85.3,13143,Haralson County,Georgia,0.7476932866687878,0.6434934775692014,0.49713649379573654,0.3299395482023545,0.6209035952911232,56.78332803054407,Medium opportunity for deeper review,Small county
"Keokuk County, Iowa",9924.0,22.4,62329.0,12.1,4.5,83.8,19107,Keokuk County,Iowa,0.5760419980909959,0.41298122812599425,0.5227489659560929,0.5927457842825326,0.727966910594973,56.64969774101177,Medium opportunity for deeper review,Small county
"Schoolcraft County, Michigan",8128.0,17.7,56782.0,14.1,6.2,85.8,26153,Schoolcraft County,Michigan,0.11422208081450844,0.5663378937321031,0.8153038498250079,0.7470569519567292,0.5887686923321667,56.633789373210305,Medium opportunity for deeper review,Small county
"La Salle County, Texas",6839.0,21.9,57716.0,21.4,1.8,85.1,48283,La Salle County,Texas,0.5068405981546293,0.8865733375755648,0.07413299395482023,0.7273305758829144,0.636652879414572,56.630607699650014,Medium opportunity for deeper review,Small county
"Monroe County, Tennessee",47695.0,20.5,56895.0,15.5,4.3,85.1,47123,Monroe County,Tennessee,0.32818962774419347,0.6492204899777283,0.47216035634743875,0.743238943684378,0.636652879414572,56.589245943366215,Medium opportunity for deeper review,Small county
"Crawford County, Iowa",16277.0,25.5,67027.0,14.8,3.8,87.1,19047,Crawford County,Iowa,0.8950047725103404,0.609608654152084,0.3752783964365256,0.45625198854597515,0.4926821508113267,56.57651924912505,Medium opportunity for deeper review,Small county
"Richland County, South Carolina",422117.0,21.6,63784.0,17.2,6.4,90.4,45079,Richland County,South Carolina,0.4675469296850143,0.7416481069042317,0.8361438116449252,0.5477251034043907,0.2351256761056315,56.563792554883875,Medium opportunity for deeper review,Large county
"Wayne County, West Virginia",38164.0,20.4,58878.0,14.6,4.9,85.5,54099,Wayne County,West Virginia,0.3181673560292714,0.5959274578428253,0.6104040725421572,0.6939230034998409,0.6081769010499523,56.53197581928093,Medium opportunity for deeper review,Small county
"Power County, Idaho",8133.0,29.8,61146.0,9.5,5.6,90.0,16077,Power County,Idaho,0.9748647788736876,0.21762647152402165,0.7402163538020999,0.6280623608017817,0.2653515749284123,56.52243079860006,Medium opportunity for deeper review,Small county
"Union County, Iowa",11993.0,22.5,57772.0,12.4,4.0,84.9,19175,Union County,Iowa,0.5911549475023863,0.4379573655742921,0.41520839961819916,0.7251034043907095,0.652402163538021,56.43652561247217,Medium opportunity for deeper review,Small county
"McCormick County, South Carolina",9760.0,10.2,55798.0,17.6,4.4,82.6,45065,McCormick County,South Carolina,0.003181673560292714,0.762010817690105,0.49713649379573654,0.7694877505567929,0.7885777919185492,56.40789055042952,Medium opportunity for deeper review,Small county
"Jackson County, Mississippi",145249.0,22.9,66201.0,13.8,6.7,89.7,28059,Jackson County,Mississippi,0.6455615653833917,0.5431116767419663,0.861119949093223,0.48043270760419976,0.2893732103086223,56.39198218262806,Medium opportunity for deeper review,Medium county
"Lincoln County, Georgia",7854.0,18.7,56907.0,17.0,2.8,64.5,13181,Lincoln County,Georgia,0.16958320076360164,0.7300349984091632,0.18310531339484568,0.7429207763283487,0.9937957365574293,56.38880050906777,Medium opportunity for deeper review,Small county
"Ellis County, Oklahoma",3683.0,22.1,61016.0,13.0,5.3,87.3,40045,Ellis County,Oklahoma,0.5359529112313076,0.48536430162265354,0.6870824053452116,0.63315303849825,0.47709195036589247,56.372892141266306,Medium opportunity for deeper review,Small county
"Montgomery County, Kentucky",28395.0,23.2,56396.0,15.4,4.0,89.4,21173,Montgomery County,Kentucky,0.6870824053452116,0.6434934775692014,0.41520839961819916,0.7581928094177537,0.31307667833280306,56.341075405663375,Medium opportunity for deeper review,Small county
"Doddridge County, West Virginia",7711.0,14.7,57401.0,14.8,5.7,84.4,54017,Doddridge County,West Virginia,0.025771555838370982,0.609608654152084,0.7531021317212854,0.7324212535793828,0.6902640789055043,56.22335348393255,Medium opportunity for deeper review,Small county
"Highland County, Ohio",43517.0,23.9,65785.0,14.1,3.1,83.4,39071,Highland County,Ohio,0.7671014953865734,0.5663378937321031,0.2286032453070315,0.4979319121858098,0.7511931275851098,56.22335348393255,Medium opportunity for deeper review,Small county
"Martin County, Minnesota",19780.0,22.8,59507.0,13.1,4.2,86.3,27091,Martin County,Minnesota,0.6331530384982501,0.4933184855233853,0.4513203945275215,0.6751511294941139,0.5556792873051225,56.17244670696786,Medium opportunity for deeper review,Small county
"Sioux County, Nebraska",1171.0,20.9,53929.0,14.9,1.8,77.1,31165,Sioux County,Nebraska,0.3773464842507159,0.614858415526567,0.07413299395482023,0.8071905822462615,0.9298440979955457,56.0674514794782,Medium opportunity for deeper review,Small county
"Pratt County, Kansas",9127.0,24.7,66022.0,12.3,3.6,84.0,20151,Pratt County,Kansas,0.8396436525612472,0.4303213490295896,0.32914412981228125,0.4896595609290487,0.7134902958956411,56.04517976455615,Medium opportunity for deeper review,Small county
"Allegany County, Maryland",67452.0,17.8,59603.0,16.9,5.0,84.9,24001,Allegany County,Maryland,0.12042634425707922,0.7254215717467388,0.6310849506840598,0.6726057906458798,0.652402163538021,56.03881641743558,Medium opportunity for deeper review,Medium county
"Lafayette Parish, Louisiana",247997.0,24.2,67451.0,17.1,5.1,91.3,22055,Lafayette Parish,Louisiana,0.7946229716831054,0.7357620108176901,0.6509704104358893,0.4412981228125994,0.17849188673242122,56.02290804963411,Medium opportunity for deeper review,Medium county
"Howard County, Indiana",83752.0,22.8,64027.0,13.4,5.8,89.0,18067,Howard County,Indiana,0.6331530384982501,0.5159083678014635,0.7664651606745148,0.5421571746738785,0.3433025771555839,56.019726376073805,Medium opportunity for deeper review,Medium county
"Perry County, Indiana",19270.0,20.6,61151.0,15.0,4.5,84.4,18123,Perry County,Indiana,0.3398027362392618,0.6194718421889914,0.5227489659560929,0.6277441934457524,0.6902640789055043,56.00063633471206,Medium opportunity for deeper review,Small county
"Washington County, Kentucky",12140.0,22.9,61616.0,12.7,3.4,82.5,21229,Washington County,Kentucky,0.6455615653833917,0.46006999681832644,0.28778237352847597,0.6127903277123767,0.793032134902959,55.98472796691058,Medium opportunity for deeper review,Small county
"Steuben County, New York",92588.0,21.5,65887.0,13.8,6.0,86.9,36101,Steuben County,New York,0.4540248170537703,0.5431116767419663,0.7971683105313395,0.49379573655742925,0.5082723512567611,55.92745784282533,Medium opportunity for deeper review,Medium county
"Ramsey County, North Dakota",11556.0,23.2,61006.0,15.2,1.2,82.2,38071,Ramsey County,North Dakota,0.6870824053452116,0.6293350302258989,0.0383391664015272,0.6337893732103086,0.8076678332803054,55.92427616926503,Medium opportunity for deeper review,Small county
"Howard County, Texas",32290.0,22.6,69649.0,13.8,5.4,86.4,48227,Howard County,Texas,0.6056315622017181,0.5431116767419663,0.7085587018771874,0.38880050906776964,0.5485205217944639,55.89245943366211,Medium opportunity for deeper review,Small county
"Rusk County, Wisconsin",14179.0,20.0,59944.0,13.1,5.4,84.9,55107,Rusk County,Wisconsin,0.2748965956092905,0.4933184855233853,0.7085587018771874,0.6643334393891187,0.652402163538021,55.87018771874005,Medium opportunity for deeper review,Small county
"Gibson County, Tennessee",50869.0,24.3,62755.0,13.7,5.0,90.3,47053,Gibson County,Tennessee,0.8033725739739103,0.5359529112313076,0.6310849506840598,0.5806554247534204,0.2421253579382755,55.86382437161947,Medium opportunity for deeper review,Medium county
"Saline County, Missouri",23231.0,22.0,57931.0,16.4,3.2,85.6,29195,Saline County,Missouri,0.5224307986000636,0.6982182628062361,0.25071587655106586,0.7196945593382119,0.6016544702513522,55.8542793509386,Medium opportunity for deeper review,Small county
"Chouteau County, Montana",5906.0,22.3,58218.0,11.2,3.2,77.4,30015,Chouteau County,Montana,0.5628380528157811,0.33837098313713015,0.25071587655106586,0.713967546929685,0.926185173401209,55.84155265669742,Medium opportunity for deeper review,Small county
"Hot Spring County, Arkansas",33180.0,19.7,55405.0,15.1,3.7,82.6,5059,Hot Spring County,Arkansas,0.24896595609290487,0.6239261851734013,0.3523703468024181,0.7769646834234807,0.7885777919185492,55.81609926821508,Medium opportunity for deeper review,Small county
"Wilkin County, Minnesota",6371.0,22.7,71410.0,14.1,4.8,84.7,27167,Wilkin County,Minnesota,0.6193127585109768,0.5663378937321031,0.5874960229080496,0.3474387527839644,0.6699013681196309,55.80973592109449,Medium opportunity for deeper review,Small county
"Lawrence County, Ohio",56819.0,21.6,58325.0,17.7,2.7,84.7,39087,Lawrence County,Ohio,0.4675469296850143,0.7659879096404709,0.17037861915367483,0.71174037543748,0.6699013681196309,55.71110404072541,Medium opportunity for deeper review,Medium county
"Clay County, South Dakota",15219.0,17.4,56850.0,19.7,7.0,90.6,46027,Clay County,South Dakota,0.09640470887686924,0.8410754056633789,0.8806872414890232,0.7448297804645243,0.22223989818644607,55.70474069360484,Medium opportunity for deeper review,Small county
"Anderson County, Texas",58439.0,19.2,62068.0,17.4,6.0,87.9,48001,Anderson County,Texas,0.20235443843461662,0.7527839643652561,0.7971683105313395,0.6019726376073815,0.4298440979955457,55.682468978682785,Medium opportunity for deeper review,Medium county
"Mifflin County, Pennsylvania",46041.0,22.6,63953.0,16.2,2.7,82.9,42087,Mifflin County,Pennsylvania,0.6056315622017181,0.6866051543111676,0.17037861915367483,0.5443843461660833,0.7758510976773783,55.65701559020045,Medium opportunity for deeper review,Small county
"Vermillion County, Indiana",15421.0,21.5,60200.0,15.3,4.6,87.1,18165,Vermillion County,Indiana,0.4540248170537703,0.6364937957365574,0.5439070951320395,0.6557429207763283,0.4926821508113267,55.657015590200444,Medium opportunity for deeper review,Small county
"Haskell County, Kansas",3641.0,26.9,66162.0,11.2,3.6,84.4,20081,Haskell County,Kansas,0.9408208717785556,0.33837098313713015,0.32914412981228125,0.4832962138084632,0.6902640789055043,55.63792554883869,Medium opportunity for deeper review,Small county
"Nash County, North Carolina",96216.0,22.0,62426.0,11.8,4.9,84.7,37127,Nash County,North Carolina,0.5224307986000636,0.38927776010181353,0.6104040725421572,0.5895641107222399,0.6699013681196309,55.63156220171811,Medium opportunity for deeper review,Medium county
"Sawyer County, Wisconsin",18476.0,17.4,60801.0,15.6,6.0,85.7,55113,Sawyer County,Wisconsin,0.09640470887686924,0.6543111676741966,0.7971683105313395,0.6382437161947184,0.5951320394527522,55.625198854597514,Medium opportunity for deeper review,Small county
"Kings County, New York",2631580.0,22.2,80263.0,19.1,7.9,89.5,36047,Kings County,New York,0.5493159401845371,0.8208717785555202,0.9230034998409163,0.18262806236080176,0.3051224944320713,55.61883550747693,Medium opportunity for deeper review,Very large county
"Delta County, Texas",5438.0,24.1,66575.0,11.4,4.3,84.2,48119,Delta County,Texas,0.7858733693923003,0.3550747693286669,0.47216035634743875,0.4648425071587655,0.7015590200445434,55.5902004454343,Medium opportunity for deeper review,Small county
"Morgan County, Kentucky",14053.0,20.1,47913.0,17.1,3.1,85.4,21175,Morgan County,Kentucky,0.2855552020362711,0.7357620108176901,0.2286032453070315,0.914412981228126,0.6150174992045816,55.587018771874,Medium opportunity for deeper review,Small county
"Jefferson County, New York",115040.0,24.0,66301.0,13.7,5.9,90.8,36045,Jefferson County,New York,0.7763283487114222,0.5359529112313076,0.7820553611199491,0.47566019726376074,0.20903595291123134,55.580655424753424,Medium opportunity for deeper review,Medium county
"Missaukee County, Michigan",15207.0,22.2,66194.0,11.3,6.7,86.5,26113,Missaukee County,Michigan,0.5493159401845371,0.34743875278396436,0.861119949093223,0.48075087496022906,0.5400890868596881,55.574292077632826,Medium opportunity for deeper review,Small county
"Umatilla County, Oregon",79940.0,24.6,67728.0,11.8,5.0,87.1,41059,Umatilla County,Oregon,0.8321667196945594,0.38927776010181353,0.6310849506840598,0.4333439389118676,0.4926821508113267,55.57111040407254,Medium opportunity for deeper review,Medium county
"Jefferson County, Ohio",64518.0,19.4,59055.0,16.5,5.0,86.6,39081,Jefferson County,Ohio,0.2223989818644607,0.7039452752147629,0.6310849506840598,0.6885141584473433,0.5324530703149857,55.56792873051225,Medium opportunity for deeper review,Medium county
"Alamosa County, Colorado",16581.0,23.8,55397.0,17.2,3.7,91.8,8003,Alamosa County,Colorado,0.7573973910276806,0.7416481069042317,0.3523703468024181,0.77728285077951,0.14906140629971365,55.555202036271076,Medium opportunity for deeper review,Small county
"Yuba County, California",84507.0,27.2,76373.0,14.2,6.8,91.8,6115,Yuba County,California,0.9468660515431117,0.5723830734966593,0.8685968819599109,0.24021635380209994,0.14906140629971365,55.54247534202991,Medium opportunity for deeper review,Medium county
"Fayette County, Indiana",23334.0,22.0,59321.0,17.9,3.4,86.9,18041,Fayette County,Indiana,0.5224307986000636,0.7741011772192173,0.28778237352847597,0.6826280623608018,0.5082723512567611,55.50429525930639,Medium opportunity for deeper review,Small county
"Houghton County, Michigan",37693.0,19.8,58899.0,16.5,5.7,88.7,26061,Houghton County,Michigan,0.256761056315622,0.7039452752147629,0.7531021317212854,0.6932866687877823,0.3678014635698378,55.497931912185805,Medium opportunity for deeper review,Small county
"Person County, North Carolina",39542.0,20.6,63300.0,17.5,5.6,88.6,37145,Person County,North Carolina,0.3398027362392618,0.7573973910276806,0.7402163538020999,0.5625198854597518,0.37480114540248166,55.494750238625514,Medium opportunity for deeper review,Small county
"Gooding County, Idaho",15931.0,26.4,63559.0,13.0,3.8,87.9,16047,Gooding County,Idaho,0.9282532612153993,0.48536430162265354,0.3752783964365256,0.5548838689150493,0.4298440979955457,55.47247852370346,Medium opportunity for deeper review,Small county
"Hardin County, Texas",57642.0,24.7,75808.0,12.1,5.4,86.2,48199,Hardin County,Texas,0.8396436525612472,0.41298122812599425,0.7085587018771874,0.25039770919503657,0.5620426344257079,55.47247852370346,Medium opportunity for deeper review,Medium county
"Gallatin County, Kentucky",8769.0,23.0,63346.0,13.8,4.6,87.4,21077,Gallatin County,Kentucky,0.657651924912504,0.5431116767419663,0.5439070951320395,0.5612472160356348,0.4667515112949412,55.453388482341715,Medium opportunity for deeper review,Small county
"St. Lawrence County, New York",107226.0,19.9,62850.0,16.9,5.3,86.8,36089,St. Lawrence County,New York,0.2653515749284123,0.7254215717467388,0.6870824053452116,0.5771555838370983,0.5167037861915367,55.434298440979944,Medium opportunity for deeper review,Medium county
"Carroll County, Georgia",124569.0,23.8,73714.0,15.4,5.9,89.7,13045,Carroll County,Georgia,0.7573973910276806,0.6434934775692014,0.7820553611199491,0.297804645243398,0.2893732103086223,55.40248170537703,Medium opportunity for deeper review,Medium county
"St. Joseph County, Michigan",60969.0,24.3,66425.0,11.4,5.9,88.8,26149,St. Joseph County,Michigan,0.8033725739739103,0.3550747693286669,0.7820553611199491,0.46929685014317535,0.3598472796691059,55.39293668469616,Medium opportunity for deeper review,Medium county
"Wythe County, Virginia",28188.0,19.4,57745.0,15.2,4.0,82.9,51197,Wythe County,Virginia,0.2223989818644607,0.6293350302258989,0.41520839961819916,0.7263760738148266,0.7758510976773783,55.38339166401528,Medium opportunity for deeper review,Small county
"McLennan County, Texas",266067.0,24.0,66643.0,16.6,4.5,89.6,48309,McLennan County,Texas,0.7763283487114222,0.7103086223353484,0.5227489659560929,0.46325167037861914,0.2963728921412663,55.380209990454986,Medium opportunity for deeper review,Large county
"Graham County, North Carolina",8072.0,19.1,49684.0,6.7,7.0,83.4,37075,Graham County,North Carolina,0.19455933821189947,0.05583837098313713,0.8806872414890232,0.8864142538975501,0.7511931275851098,55.3738466433344,Medium opportunity for deeper review,Small county
"Cherokee County, Alabama",25443.0,18.6,53863.0,14.8,3.9,82.6,1019,Cherokee County,Alabama,0.16321985364301622,0.609608654152084,0.3970728603245307,0.8084632516703786,0.7885777919185492,55.33884823417117,Medium opportunity for deeper review,Small county
"Pecos County, Texas",14896.0,23.9,72750.0,21.6,2.6,85.1,48371,Pecos County,Texas,0.7671014953865734,0.8926185173401209,0.1551065860642698,0.31514476614699327,0.636652879414572,55.33248488705059,Medium opportunity for deeper review,Small county
"Greenwood County, Kansas",5919.0,21.5,60042.0,13.9,3.4,82.1,20073,Greenwood County,Kansas,0.4540248170537703,0.5509067769646834,0.28778237352847597,0.6609926821508113,0.8114858415526567,55.30384982500796,Medium opportunity for deeper review,Small county
"Humboldt County, California",134541.0,18.8,61160.0,18.7,9.0,90.9,6023,Humboldt County,California,0.17578746420617244,0.8073496659242761,0.9513203945275215,0.6264715240216354,0.20314985682468978,55.2815781100859,Medium opportunity for deeper review,Medium county
"Gregg County, Texas",125480.0,25.7,66550.0,16.1,3.6,88.5,48183,Gregg County,Texas,0.904390709513204,0.6807190582246262,0.32914412981228125,0.465478841870824,0.3835507476932867,55.26566974228444,Medium opportunity for deeper review,Medium county
"Prairie County, Arkansas",8064.0,20.6,51646.0,11.8,3.0,72.8,5117,Prairie County,Arkansas,0.3398027362392618,0.38927776010181353,0.2098313713013045,0.8526885141584474,0.9713649379573656,55.259306395163854,Medium opportunity for deeper review,Small county
"Newaygo County, Michigan",50792.0,21.9,63304.0,12.8,4.4,83.8,26123,Newaygo County,Michigan,0.5068405981546293,0.46818326439707286,0.49713649379573654,0.5622017181037225,0.727966910594973,55.246579700922695,Medium opportunity for deeper review,Medium county
"Presque Isle County, Michigan",13209.0,15.4,59321.0,14.0,6.5,85.1,26141,Presque Isle County,Michigan,0.03865733375755648,0.5591791282214444,0.8450524976137448,0.6826280623608018,0.636652879414572,55.24339802736239,Medium opportunity for deeper review,Small county
"Sutter County, California",98857.0,25.2,79704.0,14.4,7.2,90.6,6101,Sutter County,California,0.8736875596563792,0.583837098313713,0.8919821826280624,0.1901049952274897,0.22223989818644607,55.237034680241806,Medium opportunity for deeper review,Medium county
"Franklin County, Kentucky",51842.0,21.0,65298.0,13.6,5.9,86.4,21073,Franklin County,Kentucky,0.38832325803372575,0.5292713967546929,0.7820553611199491,0.5128857779191855,0.5485205217944639,55.22112631244034,Medium opportunity for deeper review,Medium county
"Oklahoma County, Oklahoma",806199.0,25.3,66679.0,16.0,4.8,91.7,40109,Oklahoma County,Oklahoma,0.8813235762010818,0.6748329621380846,0.5874960229080496,0.46261533566656066,0.15367483296213813,55.1988545975183,Medium opportunity for deeper review,Large county
"Austin County, Texas",31170.0,23.4,75789.0,12.0,4.3,77.9,48015,Austin County,Texas,0.7114222080814508,0.40550429525930637,0.47216035634743875,0.25103404390709516,0.9188673242125358,55.17976455615654,Medium opportunity for deeper review,Small county
"Caroline County, Maryland",33669.0,23.9,68457.0,12.2,5.7,88.3,24011,Caroline County,Maryland,0.7671014953865734,0.4212535793827553,0.7531021317212854,0.4148902322621699,0.39882278078269173,55.10340439070951,Medium opportunity for deeper review,Small county
"Jackson County, Alabama",53053.0,20.8,51908.0,17.3,4.5,89.9,1071,Jackson County,Alabama,0.3636652879414572,0.7475342029907731,0.5227489659560929,0.8472796691059498,0.2726694241170856,55.07795100222717,Medium opportunity for deeper review,Medium county
"Pulaski County, Missouri",53894.0,21.9,64466.0,12.7,4.7,84.4,29169,Pulaski County,Missouri,0.5068405981546293,0.46006999681832644,0.5641107222398982,0.532293986636971,0.6902640789055043,55.07158765510659,Medium opportunity for deeper review,Medium county
"Vernon County, Wisconsin",31049.0,26.0,71893.0,13.1,2.5,80.4,55123,Vernon County,Wisconsin,0.9167992363983455,0.4933184855233853,0.14110722239898185,0.3356665606108813,0.8655742920776328,55.04931594018453,Medium opportunity for deeper review,Small county
"Tulsa County, Oklahoma",680794.0,25.1,69009.0,14.7,5.4,91.4,40143,Tulsa County,Oklahoma,0.8657333757556475,0.6032453070314986,0.7085587018771874,0.4027998727330576,0.17181037225580653,55.04295259306395,Medium opportunity for deeper review,Large county
"Sullivan County, Indiana",20780.0,18.8,56204.0,13.9,4.4,83.1,18153,Sullivan County,Indiana,0.17578746420617244,0.5509067769646834,0.49713649379573654,0.762010817690105,0.7661469933184855,55.03977091950366,Medium opportunity for deeper review,Small county
"Wright County, Iowa",12791.0,26.0,67190.0,16.8,1.8,85.8,19197,Wright County,Iowa,0.9167992363983455,0.720489977728285,0.07413299395482023,0.44988864142538976,0.5887686923321667,55.001590836780146,Medium opportunity for deeper review,Small county
"Costilla County, Colorado",3607.0,18.6,36861.0,21.0,3.5,88.1,8023,Costilla County,Colorado,0.16321985364301622,0.8781419026407891,0.3075087496022908,0.9869551384027999,0.4137766465160675,54.992045816099264,Medium opportunity for deeper review,Small county
"Broome County, New York",197378.0,19.1,62616.0,18.5,7.1,89.8,36007,Broome County,New York,0.19455933821189947,0.8016226535157492,0.8864142538975501,0.5844734330257715,0.2809417753738467,54.96022908049635,Medium opportunity for deeper review,Medium county
"Marion County, Indiana",975809.0,25.0,66346.0,15.3,5.0,91.8,18097,Marion County,Indiana,0.8584155265669742,0.6364937957365574,0.6310849506840598,0.472478523703468,0.14906140629971365,54.95068405981546,Medium opportunity for deeper review,Large county
"Prairie County, Montana",1250.0,17.0,51250.0,20.6,0.9,78.2,30079,Prairie County,Montana,0.0801781737193764,0.8660515431116768,0.026089723194400255,0.8601654470251352,0.9131403118040089,54.912503977091944,Medium opportunity for deeper review,Small county
"Murray County, Georgia",40562.0,23.5,69253.0,14.4,4.5,86.8,13213,Murray County,Georgia,0.7239898186446071,0.583837098313713,0.5227489659560929,0.3983455297486478,0.5167037861915367,54.912503977091944,Medium opportunity for deeper review,Small county
"Henderson County, Texas",84862.0,21.4,65179.0,14.7,4.9,86.0,48213,Henderson County,Texas,0.44177537384664334,0.6032453070314986,0.6104040725421572,0.5143175310213173,0.5754056633789373,54.90295895641108,Medium opportunity for deeper review,Medium county
"Wayne County, Tennessee",16168.0,16.5,52294.0,20.0,3.4,84.2,47181,Wayne County,Tennessee,0.06395163856188354,0.8498250079541839,0.28778237352847597,0.8409163219853644,0.7015590200445434,54.88068724148902,Medium opportunity for deeper review,Small county
"Chester County, Tennessee",17611.0,21.7,59341.0,16.1,4.1,87.4,47023,Chester County,Tennessee,0.48106904231625836,0.6807190582246262,0.4322303531657652,0.6818326439707286,0.4667515112949412,54.85205217944639,Medium opportunity for deeper review,Small county
"Burleson County, Texas",18857.0,21.9,70000.0,12.7,5.0,83.2,48051,Burleson County,Texas,0.5068405981546293,0.46006999681832644,0.6310849506840598,0.381641743557111,0.7618517340120904,54.82978046452433,Medium opportunity for deeper review,Small county
"McDowell County, North Carolina",44817.0,19.4,57168.0,14.8,4.1,83.6,37111,McDowell County,North Carolina,0.2223989818644607,0.609608654152084,0.4322303531657652,0.7365574292077632,0.7400572701240853,54.81705377028317,Medium opportunity for deeper review,Small county
"Hancock County, West Virginia",28431.0,18.4,61466.0,14.5,8.4,87.7,54029,Hancock County,West Virginia,0.15112949411390392,0.5894050270442253,0.9389118676423799,0.6156538339166402,0.4452752147629653,54.8075087496023,Medium opportunity for deeper review,Small county
"Stoddard County, Missouri",28470.0,22.1,57957.0,15.1,3.7,86.9,29207,Stoddard County,Missouri,0.5359529112313076,0.6239261851734013,0.3523703468024181,0.7184218899140948,0.5082723512567611,54.778873687559646,Medium opportunity for deeper review,Small county
"Mohave County, Arizona",220517.0,16.1,57684.0,16.1,7.3,88.6,4015,Mohave County,Arizona,0.05504295259306395,0.6807190582246262,0.8978682787146038,0.7276487432389437,0.37480114540248166,54.72160356347439,Medium opportunity for deeper review,Medium county
"Tuscola County, Michigan",52980.0,20.1,63811.0,12.8,6.0,85.1,26157,Tuscola County,Michigan,0.2855552020362711,0.46818326439707286,0.7971683105313395,0.5469296850143175,0.636652879414572,54.68978682787146,Medium opportunity for deeper review,Medium county
"Richmond city, Virginia",229359.0,17.5,64587.0,18.2,5.7,86.2,51760,Richmond city,Virginia,0.10244988864142539,0.7873051224944321,0.7531021317212854,0.5294304804327077,0.5620426344257079,54.686605154311174,Medium opportunity for deeper review,Medium county
"Minidoka County, Idaho",22208.0,28.2,70377.0,14.5,3.4,86.7,16067,Minidoka County,Idaho,0.9594336621062679,0.5894050270442253,0.28778237352847597,0.3725739739102768,0.5251352211263125,54.68660515431117,Medium opportunity for deeper review,Small county
"Grant County, Oregon",7209.0,17.2,59450.0,12.8,5.2,81.6,41023,Grant County,Oregon,0.08813235762010818,0.46818326439707286,0.6683105313394846,0.6773783009863188,0.8300986318803691,54.64206172446706,Medium opportunity for deeper review,Small county
"Garza County, Texas",5118.0,15.9,46314.0,8.4,11.5,85.2,48169,Garza County,Texas,0.04931594018453707,0.1403118040089087,0.9842507158765511,0.9287305122494433,0.6275851097677378,54.603881641743556,Medium opportunity for deeper review,Small county
"Nottoway County, Virginia",15597.0,19.3,63261.0,18.5,2.8,73.1,51135,Nottoway County,Virginia,0.21158129175946547,0.8016226535157492,0.18310531339484568,0.5631562201718103,0.9699331848552338,54.58797327394209,Medium opportunity for deeper review,Small county
"Lamar County, Mississippi",65713.0,24.3,70909.0,14.7,4.8,88.6,28073,Lamar County,Mississippi,0.8033725739739103,0.6032453070314986,0.5874960229080496,0.3598472796691059,0.37480114540248166,54.57524657970092,Medium opportunity for deeper review,Medium county
"Yoakum County, Texas",7571.0,32.8,84925.0,16.8,6.9,96.2,48501,Yoakum County,Texas,0.9915685650652243,0.720489977728285,0.875119312758511,0.13458479160038184,0.00572701240852691,54.54979319121859,Medium opportunity for deeper review,Small county
"Carlisle County, Kentucky",4762.0,23.5,62439.0,15.1,3.7,87.8,21039,Carlisle County,Kentucky,0.7239898186446071,0.6239261851734013,0.3523703468024181,0.589086859688196,0.43811644925230675,54.54979319121859,Medium opportunity for deeper review,Small county
"Anderson County, South Carolina",210478.0,22.6,66651.0,14.6,5.3,88.6,45007,Anderson County,South Carolina,0.6056315622017181,0.5959274578428253,0.6870824053452116,0.46293350302258984,0.37480114540248166,54.52752147629653,Medium opportunity for deeper review,Medium county
"Crawford County, Arkansas",61139.0,23.9,64132.0,14.7,4.1,88.5,5033,Crawford County,Arkansas,0.7671014953865734,0.6032453070314986,0.4322303531657652,0.539293668469615,0.3835507476932867,54.50843143493478,Medium opportunity for deeper review,Medium county
"Scurry County, Texas",16488.0,25.2,60039.0,11.6,2.4,84.4,48415,Scurry County,Texas,0.8736875596563792,0.36971046770601335,0.12949411390391347,0.6614699331848553,0.6902640789055043,54.49252306713331,Medium opportunity for deeper review,Small county
"Dickenson County, Virginia",13733.0,19.1,47254.0,17.3,2.3,83.5,51051,Dickenson County,Virginia,0.19455933821189947,0.7475342029907731,0.11756283805281578,0.9188673242125358,0.7459433662106267,54.48934139357302,Medium opportunity for deeper review,Small county
"Freestone County, Texas",20049.0,22.6,59960.0,12.3,3.0,82.0,48161,Freestone County,Texas,0.6056315622017181,0.4303213490295896,0.2098313713013045,0.6636971046770601,0.8146675151129494,54.48297804645244,Medium opportunity for deeper review,Small county
"Simpson County, Kentucky",19972.0,23.4,59858.0,15.5,3.6,88.7,21213,Simpson County,Kentucky,0.7114222080814508,0.6492204899777283,0.32914412981228125,0.6662424435252943,0.3678014635698378,54.47661469933185,Medium opportunity for deeper review,Small county
"Scott County, Indiana",24526.0,23.2,56352.0,16.6,3.3,89.6,18143,Scott County,Indiana,0.6870824053452116,0.7103086223353484,0.2696468342348075,0.7591473114858416,0.2963728921412663,54.451161310849514,Medium opportunity for deeper review,Small county
"Jones County, South Dakota",1004.0,31.8,65119.0,18.3,2.1,89.2,46075,Jones County,South Dakota,0.9893413935730194,0.793032134902959,0.09720012726694241,0.5160674514794782,0.3265987909640471,54.44479796372892,Medium opportunity for deeper review,Small county
"Reno County, Kansas",61553.0,22.0,60645.0,12.5,3.9,84.0,20155,Reno County,Kansas,0.5224307986000636,0.44447979637289214,0.3970728603245307,0.64412981228126,0.7134902958956411,54.43207126948775,Medium opportunity for deeper review,Medium county
"Bedford County, Tennessee",52237.0,25.3,67225.0,12.6,4.2,87.2,47003,Bedford County,Tennessee,0.8813235762010818,0.45147947820553613,0.4513203945275215,0.448934139357302,0.48504613426662424,54.36207445116131,Medium opportunity for deeper review,Medium county
"Daviess County, Missouri",8477.0,24.8,63984.0,11.4,1.4,77.6,29061,Daviess County,Missouri,0.8461660833598473,0.3550747693286669,0.04899777282850779,0.5434298440979956,0.9234807508749603,54.34298440979957,Medium opportunity for deeper review,Small county
"Laurel County, Kentucky",62983.0,22.6,57771.0,20.5,3.5,90.7,21125,Laurel County,Kentucky,0.6056315622017181,0.862869869551384,0.3075087496022908,0.7254215717467387,0.21508113267578743,54.330257715558375,Medium opportunity for deeper review,Medium county
"Bath County, Virginia",4100.0,17.3,56184.0,23.8,1.3,79.7,51017,Bath County,Virginia,0.09242761692650334,0.93445752465797,0.043748011454024814,0.7629653197581928,0.8819599109131403,54.311167674196625,Medium opportunity for deeper review,Small county
"Lake County, Oregon",8267.0,17.9,62787.0,14.9,4.1,74.2,41037,Lake County,Oregon,0.12583518930957685,0.614858415526567,0.4322303531657652,0.5797009226853325,0.9629335030225898,54.311167674196625,Medium opportunity for deeper review,Small county
"Unicoi County, Tennessee",17756.0,17.8,52218.0,14.3,4.3,84.2,47171,Unicoi County,Tennessee,0.12042634425707922,0.5779510022271714,0.47216035634743875,0.8418708240534521,0.7015590200445434,54.279350938593694,Medium opportunity for deeper review,Small county
"Polk County, Tennessee",17898.0,18.8,62522.0,13.9,5.3,84.0,47139,Polk County,Tennessee,0.17578746420617244,0.5509067769646834,0.6870824053452116,0.5867006045179765,0.7134902958956411,54.279350938593694,Medium opportunity for deeper review,Small county
"Goshen County, Wyoming",12605.0,19.6,58929.0,14.7,3.5,80.2,56015,Goshen County,Wyoming,0.23989818644607064,0.6032453070314986,0.3075087496022908,0.6920139993636654,0.8701877187400573,54.257079223671646,Medium opportunity for deeper review,Small county
"Shoshone County, Idaho",13785.0,20.7,55527.0,13.1,5.3,88.2,16079,Shoshone County,Idaho,0.35141584473433024,0.4933184855233853,0.6870824053452116,0.773783009863188,0.4070951320394528,54.253897550111354,Medium opportunity for deeper review,Small county
"Lincoln County, Washington",11489.0,21.8,71512.0,12.5,7.8,86.9,53043,Lincoln County,Washington,0.4928412344893414,0.44447979637289214,0.9204581609926822,0.34489341393573014,0.5082723512567611,54.21889914094814,Medium opportunity for deeper review,Small county
"Schleicher County, Texas",2381.0,23.0,86694.0,9.9,5.4,71.6,48413,Schleicher County,Texas,0.657651924912504,0.24610244988864144,0.7085587018771874,0.12122176264715245,0.9767737830098632,54.206172446706965,Medium opportunity for deeper review,Small county
"Pontotoc County, Oklahoma",38235.0,25.0,63017.0,12.6,3.7,87.3,40123,Pontotoc County,Oklahoma,0.8584155265669742,0.45147947820553613,0.3523703468024181,0.5707922367165129,0.47709195036589247,54.202990773146674,Medium opportunity for deeper review,Small county
"Benewah County, Idaho",10142.0,22.0,59794.0,12.9,3.7,84.4,16009,Benewah County,Idaho,0.5224307986000636,0.4769328666878778,0.3523703468024181,0.6681514476614699,0.6902640789055043,54.202990773146674,Medium opportunity for deeper review,Small county
"Lincoln County, Idaho",5358.0,26.0,71453.0,10.5,4.9,86.4,16063,Lincoln County,Idaho,0.9167992363983455,0.2865097041043589,0.6104040725421572,0.3471205854279351,0.5485205217944639,54.18708240534522,Medium opportunity for deeper review,Small county
"Lake County, Indiana",500379.0,23.2,71493.0,14.3,6.1,89.7,18089,Lake County,Indiana,0.6870824053452116,0.5779510022271714,0.8075087496022908,0.34552974864778874,0.2893732103086223,54.148902322621694,Medium opportunity for deeper review,Large county
"Buckingham County, Virginia",16976.0,17.8,60828.0,12.5,4.7,76.4,51029,Buckingham County,Virginia,0.12042634425707922,0.44447979637289214,0.5641107222398982,0.6376073814826599,0.9400254533884823,54.13299395482023,Medium opportunity for deeper review,Small county
"Greene County, Illinois",11683.0,22.0,62192.0,14.3,4.9,88.3,17061,Greene County,Illinois,0.5224307986000636,0.5779510022271714,0.6104040725421572,0.5968819599109132,0.39882278078269173,54.129812281259944,Medium opportunity for deeper review,Small county
"Lawrence County, Illinois",15031.0,18.6,55324.0,14.5,8.1,90.3,17101,Lawrence County,Illinois,0.16321985364301622,0.5894050270442253,0.9306395163856188,0.780782691695832,0.2421253579382755,54.12344893413936,Medium opportunity for deeper review,Small county
"Marion County, Missouri",28457.0,24.0,62903.0,14.2,3.8,88.2,29127,Marion County,Missouri,0.7763283487114222,0.5723830734966593,0.3752783964365256,0.5746102449888641,0.4070951320394528,54.113903913458486,Medium opportunity for deeper review,Small county
"Bollinger County, Missouri",10559.0,21.7,63814.0,13.6,3.5,81.3,29017,Bollinger County,Missouri,0.48106904231625836,0.5292713967546929,0.3075087496022908,0.5466115176582882,0.8393254852052179,54.075723830734965,Medium opportunity for deeper review,Small county
"Hunt County, Texas",108972.0,24.5,71938.0,11.8,5.9,88.6,48231,Hunt County,Texas,0.8227807826916959,0.38927776010181353,0.7820553611199491,0.3347120585427935,0.37480114540248166,54.072542157174674,Medium opportunity for deeper review,Medium county
"Coconino County, Arizona",144508.0,19.5,72966.0,16.8,5.6,84.2,4005,Coconino County,Arizona,0.23114858415526568,0.720489977728285,0.7402163538020999,0.3098950047725103,0.7015590200445434,54.06617881005409,Medium opportunity for deeper review,Medium county
"Lavaca County, Texas",20552.0,23.5,63240.0,11.5,3.1,81.8,48285,Lavaca County,Texas,0.7239898186446071,0.3615972001272669,0.2286032453070315,0.5637925548838689,0.8243716194718422,54.04708876869233,Medium opportunity for deeper review,Small county
"Caldwell County, North Carolina",80536.0,19.7,56425.0,13.4,5.0,86.4,37027,Caldwell County,North Carolina,0.24896595609290487,0.5159083678014635,0.6310849506840598,0.7572383073496659,0.5485205217944639,54.03436207445116,Medium opportunity for deeper review,Medium county
"Sweetwater County, Wyoming",41542.0,25.0,75034.0,12.9,5.6,88.8,56037,Sweetwater County,Wyoming,0.8584155265669742,0.4769328666878778,0.7402163538020999,0.26614699331848557,0.3598472796691059,54.03118040089087,Medium opportunity for deeper review,Small county
"Cambria County, Pennsylvania",131538.0,19.2,58418.0,14.2,4.7,84.9,42021,Cambria County,Pennsylvania,0.20235443843461662,0.5723830734966593,0.5641107222398982,0.7095132039452752,0.652402163538021,54.01527203308941,Medium opportunity for deeper review,Medium county
"Luzerne County, Pennsylvania",327675.0,20.3,63691.0,15.3,5.8,87.8,42079,Luzerne County,Pennsylvania,0.3078269169583201,0.6364937957365574,0.7664651606745148,0.5510658606426981,0.43811644925230675,53.999363665287945,Medium opportunity for deeper review,Large county
"Union County, Florida",15701.0,21.7,64146.0,19.5,4.8,90.1,12125,Union County,Florida,0.48106904231625836,0.8348711422208082,0.5874960229080496,0.5389755011135857,0.2575564747056952,53.99936366528794,Medium opportunity for deeper review,Small county
"Cuyahoga County, Ohio",1245873.0,20.5,64468.0,16.1,6.6,89.5,39035,Cuyahoga County,Ohio,0.32818962774419347,0.6807190582246262,0.8533248488705059,0.5319758192809418,0.3051224944320713,53.98663697104678,Medium opportunity for deeper review,Very large county
"Fayette County, Illinois",21315.0,20.4,60944.0,15.5,3.8,83.9,17051,Fayette County,Illinois,0.3181673560292714,0.6492204899777283,0.3752783964365256,0.6350620426344258,0.7214444797963728,53.98345529748647,Medium opportunity for deeper review,Small county
"Greensville County, Virginia",11275.0,15.3,54668.0,14.3,6.3,87.4,51081,Greensville County,Virginia,0.035634743875278395,0.5779510022271714,0.8251670378619154,0.7935093859370028,0.4667515112949412,53.98027362392618,Medium opportunity for deeper review,Small county
"Kanawha County, West Virginia",176537.0,19.8,60943.0,15.7,5.6,88.2,54039,Kanawha County,West Virginia,0.256761056315622,0.6590836780146357,0.7402163538020999,0.635380209990455,0.4070951320394528,53.9707286032453,Medium opportunity for deeper review,Medium county
"Mecklenburg County, Virginia",30516.0,18.4,57045.0,16.3,2.6,74.7,51117,Mecklenburg County,Virginia,0.15112949411390392,0.6929685014317531,0.1551065860642698,0.739739102768056,0.9575246579700922,53.9293668469615,Medium opportunity for deeper review,Small county
"Berrien County, Michigan",153288.0,21.3,65425.0,15.1,6.2,89.3,26021,Berrien County,Michigan,0.42888959592745785,0.6239261851734013,0.8153038498250079,0.5087496022908049,0.31944002545338845,53.92618517340121,Medium opportunity for deeper review,Medium county
"Mendocino County, California",90244.0,20.9,68092.0,15.4,9.0,89.6,6045,Mendocino County,California,0.3773464842507159,0.6434934775692014,0.9513203945275215,0.4239580019090041,0.2963728921412663,53.84982500795419,Medium opportunity for deeper review,Medium county
"Chippewa County, Minnesota",12377.0,24.4,71458.0,14.5,4.4,87.7,27023,Chippewa County,Minnesota,0.8132357620108177,0.5894050270442253,0.49713649379573654,0.3464842507158765,0.4452752147629653,53.83073496659243,Medium opportunity for deeper review,Small county
"Johnson County, Illinois",13376.0,18.6,62528.0,17.6,3.5,80.1,17087,Johnson County,Illinois,0.16321985364301622,0.762010817690105,0.3075087496022908,0.5863824371619472,0.8722558065542475,53.82755329303214,Medium opportunity for deeper review,Small county
"Sanders County, Montana",13285.0,17.0,57476.0,15.4,6.0,87.8,30089,Sanders County,Montana,0.0801781737193764,0.6434934775692014,0.7971683105313395,0.7317849188673242,0.43811644925230675,53.814826598790965,Medium opportunity for deeper review,Small county
"Humboldt County, Iowa",9591.0,23.7,71946.0,12.9,5.0,87.0,19091,Humboldt County,Iowa,0.7476932866687878,0.4769328666878778,0.6310849506840598,0.3340757238307349,0.5009545020680879,53.81482659879096,Medium opportunity for deeper review,Small county
"Columbiana County, Ohio",100704.0,20.2,58180.0,15.2,4.5,86.7,39029,Columbiana County,Ohio,0.2966910594972956,0.6293350302258989,0.5227489659560929,0.7149220489977728,0.5251352211263125,53.77664651606745,Medium opportunity for deeper review,Medium county
"Floyd County, Georgia",99693.0,22.7,65565.0,16.0,4.2,87.8,13115,Floyd County,Georgia,0.6193127585109768,0.6748329621380846,0.4513203945275215,0.5042952593063952,0.43811644925230675,53.7575564747057,Medium opportunity for deeper review,Medium county
"Essex County, New Jersey",863002.0,23.6,80789.0,14.6,8.7,90.4,34013,Essex County,New Jersey,0.7367165128857779,0.5959274578428253,0.9452752147629653,0.1740375437480115,0.2351256761056315,53.74164810690423,Medium opportunity for deeper review,Large county
"Story County, Iowa",100466.0,16.2,69685.0,18.2,4.8,80.4,19169,Story County,Iowa,0.05806554247534203,0.7873051224944321,0.5874960229080496,0.38848234171174034,0.8655742920776328,53.738466433343945,Medium opportunity for deeper review,Medium county
"Giles County, Tennessee",30620.0,20.6,62307.0,12.8,4.4,82.6,47055,Giles County,Tennessee,0.3398027362392618,0.46818326439707286,0.49713649379573654,0.5930639516385618,0.7885777919185492,53.73528475978364,Medium opportunity for deeper review,Small county
"Stanislaus County, California",553990.0,26.6,81468.0,13.5,8.0,92.1,6099,Stanislaus County,California,0.9339802736239262,0.5227489659560929,0.9266624244352529,0.16671969455933822,0.1361756283805282,53.72573973910277,Medium opportunity for deeper review,Large county
"Nobles County, Minnesota",22041.0,29.0,66101.0,14.0,3.2,88.0,27105,Nobles County,Minnesota,0.9685014317531021,0.5591791282214444,0.25071587655106586,0.48615972001272667,0.42141266306076997,53.71937639198217,Medium opportunity for deeper review,Small county
"Baker County, Oregon",16840.0,19.8,60936.0,14.9,5.6,87.8,41001,Baker County,Oregon,0.256761056315622,0.614858415526567,0.7402163538020999,0.6356983773464843,0.43811644925230675,53.713013044861604,Medium opportunity for deeper review,Small county
"Cherokee County, Kansas",19151.0,22.7,57668.0,14.1,3.3,87.0,20021,Cherokee County,Kansas,0.6193127585109768,0.5663378937321031,0.2696468342348075,0.7289214126630608,0.5009545020680879,53.70346802418071,Medium opportunity for deeper review,Small county
"Hemphill County, Texas",3234.0,20.5,61563.0,6.2,5.9,77.8,48211,Hemphill County,Texas,0.32818962774419347,0.04024817053770283,0.7820553611199491,0.6132675787464206,0.9206172446706968,53.68755965637926,Medium opportunity for deeper review,Small county
"Orange County, Texas",85307.0,25.4,72104.0,12.5,6.0,90.6,48361,Orange County,Texas,0.8884823417117403,0.44447979637289214,0.7971683105313395,0.3308940502704423,0.22223989818644607,53.66528794145721,Medium opportunity for deeper review,Medium county
"Big Horn County, Wyoming",11828.0,24.5,62101.0,12.7,3.3,86.7,56003,Big Horn County,Wyoming,0.8227807826916959,0.46006999681832644,0.2696468342348075,0.6010181355392936,0.5251352211263125,53.57301940820871,Medium opportunity for deeper review,Small county
"Dade County, Missouri",7641.0,20.8,53750.0,12.6,3.2,82.3,29057,Dade County,Missouri,0.3636652879414572,0.45147947820553613,0.25071587655106586,0.8098950047725103,0.8028953229398663,53.57301940820871,Medium opportunity for deeper review,Small county
"Burke County, North Carolina",87795.0,18.4,58592.0,15.6,4.4,84.7,37023,Burke County,North Carolina,0.15112949411390392,0.6543111676741966,0.49713649379573654,0.7047406936048362,0.6699013681196309,53.544384346166076,Medium opportunity for deeper review,Medium county
"Hill County, Texas",37328.0,23.1,64591.0,14.7,4.2,88.0,48217,Hill County,Texas,0.6719694559338212,0.6032453070314986,0.4513203945275215,0.5291123130766784,0.42141266306076997,53.541202672605806,Medium opportunity for deeper review,Small county
"LaSalle Parish, Louisiana",14789.0,23.1,68497.0,16.0,4.9,89.5,22059,LaSalle Parish,Louisiana,0.6719694559338212,0.6748329621380846,0.6104040725421572,0.41361756283805284,0.3051224944320713,53.51893095768374,Medium opportunity for deeper review,Small county
"Woodbury County, Iowa",106247.0,25.8,73658.0,14.0,4.1,87.3,19193,Woodbury County,Iowa,0.9085268851415845,0.5591791282214444,0.4322303531657652,0.29860006363347125,0.47709195036589247,53.51256761056315,Medium opportunity for deeper review,Medium county
"Muskingum County, Ohio",86411.0,22.7,60780.0,15.1,4.3,89.3,39119,Muskingum County,Ohio,0.6193127585109768,0.6239261851734013,0.47216035634743875,0.6391982182628062,0.31944002545338845,53.480750874960236,Medium opportunity for deeper review,Medium county
"Waller County, Texas",61552.0,23.7,80397.0,14.6,6.8,89.8,48473,Waller County,Texas,0.7476932866687878,0.5959274578428253,0.8685968819599109,0.1807190582246262,0.2809417753738467,53.477569201399945,Medium opportunity for deeper review,Medium county
"McLean County, Kentucky",9114.0,22.5,65596.0,9.5,5.6,85.3,21149,McLean County,Kentucky,0.5911549475023863,0.21762647152402165,0.7402163538020999,0.5036589245943366,0.6209035952911232,53.47120585427936,Medium opportunity for deeper review,Small county
"Grant County, Kentucky",25418.0,26.5,69178.0,11.7,4.9,88.9,21081,Grant County,Kentucky,0.9311167674196628,0.37941457206490614,0.6104040725421572,0.40057270124085265,0.3514158447343303,53.45847916003819,Medium opportunity for deeper review,Small county
"Bailey County, Texas",6913.0,26.8,61420.0,12.0,0.0,84.1,48017,Bailey County,Texas,0.9389118676423799,0.40550429525930637,0.003658924594336621,0.6169265033407572,0.7071269487750557,53.44257079223671,Medium opportunity for deeper review,Small county
"Bexar County, Texas",2067341.0,24.7,72341.0,14.6,5.8,91.9,48029,Bexar County,Texas,0.8396436525612472,0.5959274578428253,0.7664651606745148,0.32516703786191536,0.14444797963728917,53.43302577155583,Medium opportunity for deeper review,Very large county
"Morgan County, Ohio",13651.0,20.9,59351.0,12.9,3.5,81.7,39115,Morgan County,Ohio,0.3773464842507159,0.4769328666878778,0.3075087496022908,0.6815144766146993,0.8275532930321349,53.417117403754375,Medium opportunity for deeper review,Small county
"Fulton County, Illinois",33020.0,19.5,60599.0,13.2,6.7,87.9,17057,Fulton County,Illinois,0.23114858415526568,0.5020680878141902,0.861119949093223,0.6465160674514795,0.4298440979955457,53.41393573019408,Medium opportunity for deeper review,Small county
"Mississippi County, Missouri",11902.0,22.6,48160.0,19.0,2.7,91.5,29133,Mississippi County,Missouri,0.6056315622017181,0.8168946866051543,0.17037861915367483,0.9115494750238625,0.16608335984727962,53.41075405663378,Medium opportunity for deeper review,Small county
"Tuscaloosa County, Alabama",237552.0,20.5,66231.0,16.8,5.8,88.6,1125,Tuscaloosa County,Alabama,0.32818962774419347,0.720489977728285,0.7664651606745148,0.4782055361119949,0.37480114540248166,53.363028953229396,Medium opportunity for deeper review,Medium county
"Lincoln County, Arkansas",12950.0,15.7,51778.0,15.4,2.7,75.0,5079,Lincoln County,Arkansas,0.045975182946229716,0.6434934775692014,0.17037861915367483,0.851097677378301,0.9548202354438434,53.315303849825014,Medium opportunity for deeper review,Small county
"Lewis County, New York",26607.0,22.6,68182.0,12.3,5.2,86.5,36049,Lewis County,New York,0.6056315622017181,0.4303213490295896,0.6683105313394846,0.4212535793827553,0.5400890868596881,53.31212217626472,Medium opportunity for deeper review,Small county
"Uintah County, Utah",37056.0,31.2,73746.0,11.8,6.0,91.1,49047,Uintah County,Utah,0.9866369710467706,0.38927776010181353,0.7971683105313395,0.2968501431753102,0.19265033407572385,53.25167037861915,Medium opportunity for deeper review,Small county
"Mason County, Illinois",12745.0,20.8,62845.0,14.8,4.9,87.0,17125,Mason County,Illinois,0.3636652879414572,0.609608654152084,0.6104040725421572,0.5777919185491569,0.5009545020680879,53.24848870505885,Medium opportunity for deeper review,Small county
"Marshall County, West Virginia",29865.0,19.0,59169.0,16.8,4.3,85.7,54051,Marshall County,West Virginia,0.1872414890232262,0.720489977728285,0.47216035634743875,0.6862869869551385,0.5951320394527522,53.22621699013681,Medium opportunity for deeper review,Small county
"Rock Island County, Illinois",142757.0,22.5,67159.0,15.5,5.6,90.5,17161,Rock Island County,Illinois,0.5911549475023863,0.6492204899777283,0.7402163538020999,0.45116131084950684,0.22923958001909006,53.219853643016236,Medium opportunity for deeper review,Medium county
"Sandusky County, Ohio",58778.0,21.6,62295.0,15.0,4.3,86.9,39143,Sandusky County,Ohio,0.4675469296850143,0.6194718421889914,0.47216035634743875,0.5933821189945911,0.5082723512567611,53.216671969455945,Medium opportunity for deeper review,Medium county
"Highland County, Virginia",2296.0,14.5,65625.0,9.5,11.9,77.0,51091,Highland County,Virginia,0.023067133312122175,0.21762647152402165,0.9861597200127267,0.5015908367801464,0.9314349347756921,53.19758192809418,Medium opportunity for deeper review,Small county
"Rowan County, North Carolina",149875.0,22.2,65725.0,16.0,5.3,90.2,37159,Rowan County,North Carolina,0.5493159401845371,0.6748329621380846,0.6870824053452116,0.4985682468978683,0.24992045816099273,53.19440025453388,Medium opportunity for deeper review,Medium county
"Tipton County, Tennessee",61553.0,23.5,74127.0,13.6,5.5,88.4,47167,Tipton County,Tennessee,0.7239898186446071,0.5292713967546929,0.7265351574928413,0.2866687877823735,0.3916640152720331,53.16258351893095,Medium opportunity for deeper review,Medium county
"Jefferson County, Mississippi",7068.0,20.6,38305.0,32.5,1.8,89.9,28063,Jefferson County,Mississippi,0.3398027362392618,0.9885459751829462,0.07413299395482023,0.9828189627744194,0.2726694241170856,53.15940184537066,Medium opportunity for deeper review,Small county
"Benton County, Indiana",8735.0,24.6,65875.0,13.9,3.9,88.5,18007,Benton County,Indiana,0.8321667196945594,0.5509067769646834,0.3970728603245307,0.49411390391345844,0.3835507476932867,53.15622017181036,Medium opportunity for deeper review,Small county
"Sullivan County, Tennessee",160624.0,19.1,58807.0,15.4,5.4,88.1,47163,Sullivan County,Tennessee,0.19455933821189947,0.6434934775692014,0.7085587018771874,0.6971046770601337,0.4137766465160675,53.14985682468979,Medium opportunity for deeper review,Medium county
"Martin County, Texas",5218.0,29.9,93734.0,8.3,5.4,83.2,48317,Martin County,Texas,0.9766146993318485,0.13378937321030862,0.7085587018771874,0.07572383073496658,0.7618517340120904,53.130766783328035,Medium opportunity for deeper review,Small county
"Washington County, Indiana",28212.0,22.8,64641.0,14.4,3.2,84.8,18175,Washington County,Indiana,0.6331530384982501,0.583837098313713,0.25071587655106586,0.5275214762965319,0.6605154311167674,53.11485841552657,Medium opportunity for deeper review,Small county
"Traverse County, Minnesota",3243.0,21.6,62989.0,11.3,4.5,83.5,27155,Traverse County,Minnesota,0.4675469296850143,0.34743875278396436,0.5227489659560929,0.5717467387846007,0.7459433662106267,53.10849506840598,Medium opportunity for deeper review,Small county
"Montgomery County, North Carolina",26007.0,20.4,57766.0,15.4,2.8,82.7,37123,Montgomery County,North Carolina,0.3181673560292714,0.6434934775692014,0.18310531339484568,0.725739739102768,0.7846006999681833,53.102131721285396,Medium opportunity for deeper review,Small county
"Hillsdale County, Michigan",45654.0,21.5,64242.0,14.4,4.4,85.9,26059,Hillsdale County,Michigan,0.4540248170537703,0.583837098313713,0.49713649379573654,0.5364301622653516,0.5828825962456252,53.086223353483916,Medium opportunity for deeper review,Small county
"Clark County, South Dakota",3917.0,29.4,70726.0,10.9,4.0,85.8,46025,Clark County,South Dakota,0.9718421889914095,0.31403118040089084,0.41520839961819916,0.36398345529748644,0.5887686923321667,53.07667833280305,Medium opportunity for deeper review,Small county
"Putnam County, Tennessee",82558.0,20.9,58912.0,18.4,3.7,87.9,47141,Putnam County,Tennessee,0.3773464842507159,0.7981228125994273,0.3523703468024181,0.692968501431753,0.4298440979955457,53.013044861597194,Medium opportunity for deeper review,Medium county
"Daviess County, Kentucky",103648.0,24.5,68214.0,14.7,4.5,89.8,21059,Daviess County,Kentucky,0.8227807826916959,0.6032453070314986,0.5227489659560929,0.41966274260260894,0.2809417753738467,52.98759147311486,Medium opportunity for deeper review,Medium county
"Stevens County, Kansas",5162.0,28.8,64178.0,14.2,3.1,89.0,20189,Stevens County,Kansas,0.9665924276169265,0.5723830734966593,0.2286032453070315,0.5377028316894686,0.3433025771555839,52.971683105313396,Medium opportunity for deeper review,Small county
"Perry County, Ohio",35535.0,23.4,67460.0,14.7,3.7,86.5,39127,Perry County,Ohio,0.7114222080814508,0.6032453070314986,0.3523703468024181,0.4409799554565702,0.5400890868596881,52.962138084632514,Medium opportunity for deeper review,Small county
"Cullman County, Alabama",90566.0,22.4,62656.0,15.3,3.8,87.3,1043,Cullman County,Alabama,0.5760419980909959,0.6364937957365574,0.3752783964365256,0.5825644288895959,0.47709195036589247,52.94941139039134,Medium opportunity for deeper review,Medium county
"Runnels County, Texas",9874.0,23.5,62632.0,11.0,4.9,88.2,48399,Runnels County,Texas,0.7239898186446071,0.31975819280941775,0.6104040725421572,0.5841552656697423,0.4070951320394528,52.908049634107535,Medium opportunity for deeper review,Small county
"Garfield County, Washington",2353.0,18.7,64884.0,12.0,6.3,83.9,53023,Garfield County,Washington,0.16958320076360164,0.40550429525930637,0.8251670378619154,0.5230671333121222,0.7214444797963728,52.895322939866375,Medium opportunity for deeper review,Small county
"Warren County, Kentucky",140918.0,23.7,65794.0,17.0,4.4,91.4,21227,Warren County,Kentucky,0.7476932866687878,0.7300349984091632,0.49713649379573654,0.4976137448297805,0.17181037225580653,52.885777919185486,Medium opportunity for deeper review,Medium county
"Jefferson County, Iowa",15705.0,17.1,61620.0,15.2,8.0,88.4,19101,Jefferson County,Iowa,0.08415526566974228,0.6293350302258989,0.9266624244352529,0.6123130766783328,0.3916640152720331,52.8825962456252,Medium opportunity for deeper review,Small county
"Decatur County, Iowa",7759.0,22.2,59044.0,14.6,1.9,83.8,19053,Decatur County,Iowa,0.5493159401845371,0.5959274578428253,0.08160992682150811,0.6889914094813872,0.727966910594973,52.876232898504604,Medium opportunity for deeper review,Small county
"Moniteau County, Missouri",15262.0,25.4,65715.0,10.3,2.5,81.3,29135,Moniteau County,Missouri,0.8884823417117403,0.27330575882914415,0.14110722239898185,0.49888641425389757,0.8393254852052179,52.82214444797964,Medium opportunity for deeper review,Small county
"Garfield County, Utah",5219.0,21.5,61875.0,9.8,4.1,78.4,49017,Garfield County,Utah,0.4540248170537703,0.23814826598790964,0.4322303531657652,0.606586064269806,0.9090041361756284,52.79987273305758,Medium opportunity for deeper review,Small county
"Richland County, Wisconsin",17205.0,21.2,66420.0,14.5,3.6,81.4,55103,Richland County,Wisconsin,0.4139357301940821,0.5894050270442253,0.32914412981228125,0.46961501749920453,0.8358256442888959,52.75851097677378,Medium opportunity for deeper review,Small county
"Williams County, Ohio",36719.0,22.0,61048.0,12.7,4.0,85.5,39171,Williams County,Ohio,0.5224307986000636,0.46006999681832644,0.41520839961819916,0.6317212853961184,0.6081769010499523,52.75214762965319,Medium opportunity for deeper review,Small county
"Beltrami County, Minnesota",46512.0,24.7,68975.0,16.1,4.7,91.8,27007,Beltrami County,Minnesota,0.8396436525612472,0.6807190582246262,0.5641107222398982,0.40327712376710145,0.14906140629971365,52.736239261851736,Medium opportunity for deeper review,Small county
"Buena Vista city, Virginia",6593.0,22.0,57833.0,18.8,1.4,86.6,51530,Buena Vista city,Virginia,0.5224307986000636,0.8106904231625836,0.04899777282850779,0.7219217308304168,0.5324530703149857,52.72987591473115,Medium opportunity for deeper review,Small county
"Crockett County, Tennessee",13944.0,23.4,62165.0,14.5,2.9,86.5,47033,Crockett County,Tennessee,0.7114222080814508,0.5894050270442253,0.19551384027998728,0.5984727966910595,0.5400890868596881,52.69805917912823,Medium opportunity for deeper review,Small county
"Monroe County, Missouri",8734.0,21.9,54516.0,14.2,1.8,84.5,29137,Monroe County,Missouri,0.5068405981546293,0.5723830734966593,0.07413299395482023,0.7963728921412663,0.6839007317849188,52.67260579064589,Medium opportunity for deeper review,Small county
"Ward County, Texas",11144.0,29.2,65952.0,14.9,2.9,88.8,48475,Ward County,Texas,0.9707286032453071,0.614858415526567,0.19551384027998728,0.4922048997772829,0.3598472796691059,52.663060769965,Medium opportunity for deeper review,Small county
"Greeley County, Nebraska",2202.0,23.1,63929.0,13.1,3.5,85.4,31077,Greeley County,Nebraska,0.6719694559338212,0.4933184855233853,0.3075087496022908,0.5450206808781419,0.6150174992045816,52.656697422844424,Medium opportunity for deeper review,Small county
"Warren County, Illinois",16447.0,22.5,67385.0,14.6,3.6,84.7,17187,Warren County,Illinois,0.5911549475023863,0.5959274578428253,0.32914412981228125,0.44447979637289214,0.6699013681196309,52.61215399300031,Medium opportunity for deeper review,Small county
"St. Joseph County, Indiana",273040.0,23.2,66868.0,14.2,5.2,90.3,18141,St. Joseph County,Indiana,0.6870824053452116,0.5723830734966593,0.6683105313394846,0.4603881641743557,0.2421253579382755,52.605790645879736,Medium opportunity for deeper review,Large county
"Mercer County, Pennsylvania",109257.0,18.9,59976.0,13.2,5.3,85.7,42085,Mercer County,Pennsylvania,0.18151447661469933,0.5020680878141902,0.6870824053452116,0.6630607699650015,0.5951320394527522,52.57715558383709,Medium opportunity for deeper review,Medium county
"Montgomery County, Ohio",536096.0,22.2,66139.0,15.0,5.7,90.6,39113,Montgomery County,Ohio,0.5493159401845371,0.6194718421889914,0.7531021317212854,0.4839325485205218,0.22223989818644607,52.561247216035646,Medium opportunity for deeper review,Large county
"Butte County, California",207929.0,20.4,67928.0,19.2,7.5,91.8,6007,Butte County,California,0.3181673560292714,0.8250079541839007,0.9080496341075406,0.4276169265033407,0.14906140629971365,52.55806554247534,Medium opportunity for deeper review,Medium county
"Daviess County, Indiana",33658.0,29.8,68503.0,11.7,1.5,82.3,18027,Daviess County,Indiana,0.9748647788736876,0.37941457206490614,0.054088450524976135,0.41329939548202355,0.8028953229398663,52.49125039770919,Medium opportunity for deeper review,Small county
"Kenedy County, Texas",145.0,13.8,38882.0,15.3,0.0,69.1,48261,Kenedy County,Texas,0.01479478205536112,0.6364937957365574,0.003658924594336621,0.9815462933503023,0.986477887368756,52.45943366210627,Medium opportunity for deeper review,Small county
"Starke County, Indiana",23365.0,22.5,63960.0,13.4,3.4,84.5,18149,Starke County,Indiana,0.5911549475023863,0.5159083678014635,0.28778237352847597,0.544066178810054,0.6839007317849188,52.45625198854598,Medium opportunity for deeper review,Small county
"Perry County, Illinois",20639.0,19.3,62118.0,16.9,4.6,86.5,17145,Perry County,Illinois,0.21158129175946547,0.7254215717467388,0.5439070951320395,0.6003818008272351,0.5400890868596881,52.42761692650335,Medium opportunity for deeper review,Small county
"Clarke County, Georgia",129609.0,16.7,53625.0,26.0,5.2,92.6,13059,Clarke County,Georgia,0.06967865097041044,0.9605472478523703,0.6683105313394846,0.8119630925867006,0.1086541520839962,52.38307349665925,Medium opportunity for deeper review,Medium county
"Spartanburg County, South Carolina",347852.0,23.4,66234.0,14.5,4.3,88.7,45083,Spartanburg County,South Carolina,0.7114222080814508,0.5894050270442253,0.47216035634743875,0.4778873687559656,0.3678014635698378,52.37352847597837,Medium opportunity for deeper review,Large county
"Haskell County, Texas",5421.0,18.1,60653.0,16.6,4.9,86.8,48207,Haskell County,Texas,0.13649379573655743,0.7103086223353484,0.6104040725421572,0.643652561247216,0.5167037861915367,52.35125676105632,Medium opportunity for deeper review,Small county
"West Baton Rouge Parish, Louisiana",27974.0,24.5,87299.0,12.9,7.0,89.3,22121,West Baton Rouge Parish,Louisiana,0.8227807826916959,0.4769328666878778,0.8806872414890232,0.11613108495068403,0.31944002545338845,52.31944002545339,Medium opportunity for deeper review,Small county
"Fergus County, Montana",11687.0,21.0,63706.0,15.1,4.2,85.6,30027,Fergus County,Montana,0.38832325803372575,0.6239261851734013,0.4513203945275215,0.5501113585746102,0.6016544702513522,52.306713331212215,Medium opportunity for deeper review,Small county
"Chowan County, North Carolina",13836.0,19.2,53864.0,19.1,4.1,88.9,37041,Chowan County,North Carolina,0.20235443843461662,0.8208717785555202,0.4322303531657652,0.8081450843143494,0.3514158447343303,52.30034998409163,Medium opportunity for deeper review,Small county
"Harrison County, West Virginia",64984.0,21.2,60377.0,14.4,4.0,86.4,54033,Harrison County,West Virginia,0.4139357301940821,0.583837098313713,0.41520839961819916,0.6528794145720649,0.5485205217944639,52.28762328985046,Medium opportunity for deeper review,Medium county
"Brunswick County, Virginia",15841.0,15.3,53084.0,14.9,3.3,80.2,51025,Brunswick County,Virginia,0.035634743875278395,0.614858415526567,0.2696468342348075,0.8237352847597836,0.8701877187400573,52.281259942729875,Medium opportunity for deeper review,Small county
"Wichita County, Texas",129996.0,22.8,63524.0,16.5,3.7,88.7,48485,Wichita County,Texas,0.6331530384982501,0.7039452752147629,0.3523703468024181,0.5558383709831372,0.3678014635698378,52.26216990136812,Medium opportunity for deeper review,Medium county
"Montcalm County, Michigan",67816.0,20.8,67344.0,12.6,5.0,83.9,26117,Montcalm County,Michigan,0.3636652879414572,0.45147947820553613,0.6310849506840598,0.4454342984409799,0.7214444797963728,52.26216990136812,Medium opportunity for deeper review,Medium county
"Erath County, Texas",43794.0,20.7,65115.0,16.6,5.7,89.8,48143,Erath County,Texas,0.35141584473433024,0.7103086223353484,0.7531021317212854,0.5167037861915367,0.2809417753738467,52.24944320712696,Medium opportunity for deeper review,Small county
"Page County, Iowa",15131.0,19.2,57953.0,13.8,5.0,86.8,19145,Page County,Iowa,0.20235443843461662,0.5431116767419663,0.6310849506840598,0.7190582246261534,0.5167037861915367,52.24626153356665,Medium opportunity for deeper review,Small county
"East Feliciana Parish, Louisiana",19271.0,17.4,73085.0,16.2,5.9,83.6,22037,East Feliciana Parish,Louisiana,0.09640470887686924,0.6866051543111676,0.7820553611199491,0.30639516385618837,0.7400572701240853,52.23035316576519,Medium opportunity for deeper review,Small county
"Murray County, Oklahoma",13753.0,22.7,66322.0,12.7,2.5,78.0,40099,Murray County,Oklahoma,0.6193127585109768,0.46006999681832644,0.14110722239898185,0.47375119312758507,0.9171174037543748,52.227171492204896,Medium opportunity for deeper review,Small county
"Sherman County, Oregon",1938.0,20.1,60161.0,22.0,1.0,83.7,41055,Sherman County,Oregon,0.2855552020362711,0.9035952911231308,0.030066815144766147,0.6579700922685332,0.7336939230034998,52.217626471524014,Medium opportunity for deeper review,Small county
"Gordon County, Georgia",59100.0,23.1,63650.0,12.0,3.7,85.2,13129,Gordon County,Georgia,0.6719694559338212,0.40550429525930637,0.3523703468024181,0.5526566974228444,0.6275851097677378,52.20171810372255,Medium opportunity for deeper review,Medium county
"Norfolk city, Virginia",233596.0,20.3,66109.0,16.5,5.7,88.8,51710,Norfolk city,Virginia,0.3078269169583201,0.7039452752147629,0.7531021317212854,0.4852052179446389,0.3598472796691059,52.19853643016226,Medium opportunity for deeper review,Medium county
"Cottonwood County, Minnesota",11458.0,25.2,72941.0,15.0,2.8,85.3,27033,Cottonwood County,Minnesota,0.8736875596563792,0.6194718421889914,0.18310531339484568,0.3102131721285396,0.6209035952911232,52.14762965319759,Medium opportunity for deeper review,Small county
"Madison County, Indiana",131900.0,21.4,63037.0,13.4,5.9,89.6,18095,Madison County,Indiana,0.44177537384664334,0.5159083678014635,0.7820553611199491,0.5704740693604836,0.2963728921412663,52.13172128539612,Medium opportunity for deeper review,Medium county
"Cass County, Iowa",13096.0,23.2,63013.0,14.3,1.4,83.9,19029,Cass County,Iowa,0.6870824053452116,0.5779510022271714,0.04899777282850779,0.5711104040725421,0.7214444797963728,52.13172128539612,Medium opportunity for deeper review,Small county
"Gates County, North Carolina",10376.0,19.2,66333.0,9.4,5.9,76.8,37073,Gates County,North Carolina,0.20235443843461662,0.21237671014953866,0.7820553611199491,0.4731148584155266,0.93445752465797,52.08717785555203,Medium opportunity for deeper review,Small county
"Grady County, Oklahoma",56606.0,23.2,75419.0,12.2,5.5,86.9,40051,Grady County,Oklahoma,0.6870824053452116,0.4212535793827553,0.7265351574928413,0.260260897231944,0.5082723512567611,52.06808781419026,Medium opportunity for deeper review,Medium county
"Dooly County, Georgia",10984.0,15.6,60987.0,15.7,3.6,76.6,13093,Dooly County,Georgia,0.043429844097995544,0.6590836780146357,0.32914412981228125,0.6341075405663379,0.9376391982182628,52.06808781419026,Medium opportunity for deeper review,Small county
"Atchison County, Kansas",16208.0,21.8,61112.0,13.0,4.6,87.6,20005,Atchison County,Kansas,0.4928412344893414,0.48536430162265354,0.5439070951320395,0.6293350302258989,0.45179764556156543,52.06490614062997,Medium opportunity for deeper review,Small county
"Accomack County, Virginia",33335.0,20.5,58993.0,13.9,3.4,83.5,51001,Accomack County,Virginia,0.32818962774419347,0.5509067769646834,0.28778237352847597,0.6901049952274896,0.7459433662106267,52.05854279350939,Medium opportunity for deeper review,Small county
"Hall County, Nebraska",62536.0,27.4,69251.0,14.1,4.0,89.9,31079,Hall County,Nebraska,0.9500477251034044,0.5663378937321031,0.41520839961819916,0.3986636971046771,0.2726694241170856,52.05854279350939,Medium opportunity for deeper review,Medium county
"Bannock County, Idaho",89454.0,25.1,66499.0,12.3,4.3,88.7,16005,Bannock County,Idaho,0.8657333757556475,0.4303213490295896,0.47216035634743875,0.4664333439389119,0.3678014635698378,52.04899777282851,Medium opportunity for deeper review,Medium county
"LaGrange County, Indiana",40805.0,31.7,84487.0,5.9,4.2,66.9,18087,LaGrange County,Indiana,0.9888641425389755,0.032453070314985684,0.4513203945275215,0.13903913458479156,0.9904549793191219,52.042634425707924,Medium opportunity for deeper review,Small county
"Toole County, Montana",5061.0,21.1,57731.0,12.6,4.9,88.1,30101,Toole County,Montana,0.3989818644607063,0.45147947820553613,0.6104040725421572,0.7266942411708559,0.4137766465160675,52.02672605790646,Medium opportunity for deeper review,Small county
"Yadkin County, North Carolina",37574.0,20.7,62932.0,14.0,5.3,87.9,37197,Yadkin County,North Carolina,0.35141584473433024,0.5591791282214444,0.6870824053452116,0.5733375755647471,0.4298440979955457,52.017181037225576,Medium opportunity for deeper review,Small county
"Cooke County, Texas",43046.0,23.2,73932.0,13.5,4.5,86.0,48097,Cooke County,Texas,0.6870824053452116,0.5227489659560929,0.5227489659560929,0.2927139675469297,0.5754056633789373,52.0139993636653,Medium opportunity for deeper review,Small county
"Harney County, Oregon",7499.0,18.5,55208.0,13.7,3.7,83.0,41025,Harney County,Oregon,0.15701559020044542,0.5359529112313076,0.3523703468024181,0.7841234489341393,0.7712376710149539,52.013999363665285,Medium opportunity for deeper review,Small county
"Edgefield County, South Carolina",27476.0,16.6,73029.0,17.8,4.8,80.3,45037,Edgefield County,South Carolina,0.06617881005408845,0.7694877505567929,0.5874960229080496,0.30862233534839323,0.8682787146038816,52.00127266942411,Medium opportunity for deeper review,Small county
"Mercer County, West Virginia",58563.0,20.8,53210.0,16.5,2.7,86.5,54055,Mercer County,West Virginia,0.3636652879414572,0.7039452752147629,0.17037861915367483,0.8215081132675788,0.5400890868596881,51.99172764874325,Medium opportunity for deeper review,Medium county
"San Juan County, Colorado",724.0,12.8,77824.0,21.3,9.4,86.7,8111,San Juan County,Colorado,0.010976773783009864,0.8845052497613745,0.9613426662424436,0.2166719694559338,0.5251352211263125,51.972637607381486,Medium opportunity for deeper review,Small county
"Morton County, Kansas",2611.0,24.4,66447.0,14.8,1.6,85.0,20129,Morton County,Kansas,0.8132357620108177,0.609608654152084,0.05997454661151766,0.46866051543111675,0.6449252306713331,51.928094177537375,Medium opportunity for deeper review,Small county
"Hansford County, Texas",5119.0,28.4,69441.0,8.6,6.2,90.0,48195,Hansford County,Texas,0.9626153356665607,0.15478841870824053,0.8153038498250079,0.39452752147629655,0.2653515749284123,51.851734012090354,Medium opportunity for deeper review,Small county
"Newport News city, Virginia",184216.0,23.2,69634.0,14.5,5.8,91.6,51700,Newport News city,Virginia,0.6870824053452116,0.5894050270442253,0.7664651606745148,0.38911867642379894,0.15987909640470888,51.83900731784918,Medium opportunity for deeper review,Medium county
"Scotts Bluff County, Nebraska",35843.0,24.2,63614.0,12.9,2.7,85.7,31157,Scotts Bluff County,Nebraska,0.7946229716831054,0.4769328666878778,0.17037861915367483,0.5539293668469615,0.5951320394527522,51.81991727648742,Medium opportunity for deeper review,Small county
"Osceola County, Iowa",6100.0,22.7,69239.0,16.0,3.4,85.5,19143,Osceola County,Iowa,0.6193127585109768,0.6748329621380846,0.28778237352847597,0.39961819917276487,0.6081769010499523,51.79446388800508,Medium opportunity for deeper review,Small county
"Bingham County, Idaho",49664.0,29.1,77878.0,11.7,5.4,89.4,16011,Bingham County,Idaho,0.9696150174992045,0.37941457206490614,0.7085587018771874,0.21539930003181673,0.31307667833280306,51.721285396118354,Medium opportunity for deeper review,Small county
"Huron County, Ohio",58319.0,23.6,67878.0,13.2,4.5,88.4,39077,Huron County,Ohio,0.7367165128857779,0.5020680878141902,0.5227489659560929,0.430162265351575,0.3916640152720331,51.667196945593375,Medium opportunity for deeper review,Medium county
"Stonewall County, Texas",1227.0,25.1,56875.0,14.9,3.6,94.7,48433,Stonewall County,Texas,0.8657333757556475,0.614858415526567,0.32914412981228125,0.7440343620744512,0.029430480432707573,51.66401527203309,Medium opportunity for deeper review,Small county
"Erie County, Pennsylvania",269052.0,20.7,63354.0,15.0,5.4,89.0,42049,Erie County,Pennsylvania,0.35141584473433024,0.6194718421889914,0.7085587018771874,0.5602927139675469,0.3433025771555839,51.6608335984728,Medium opportunity for deeper review,Large county
"Linn County, Kansas",9767.0,22.0,59069.0,8.4,4.4,83.7,20107,Linn County,Kansas,0.5224307986000636,0.1403118040089087,0.49713649379573654,0.6875596563792554,0.7336939230034998,51.622653515749285,Medium opportunity for deeper review,Small county
"Grays Harbor County, Washington",77053.0,19.7,64414.0,15.3,7.0,89.8,53027,Grays Harbor County,Washington,0.24896595609290487,0.6364937957365574,0.8806872414890232,0.5335666560610881,0.2809417753738467,51.61310849506842,Medium opportunity for deeper review,Medium county
"Jefferson County, Oregon",25203.0,22.7,76260.0,13.4,8.1,89.9,41031,Jefferson County,Oregon,0.6193127585109768,0.5159083678014635,0.9306395163856188,0.2421253579382755,0.2726694241170856,51.6131084950684,Medium opportunity for deeper review,Small county
"Wasco County, Oregon",26552.0,21.4,64175.0,11.6,7.7,89.4,41065,Wasco County,Oregon,0.44177537384664334,0.36971046770601335,0.9172764874323894,0.5380209990454979,0.31307667833280306,51.59720012726694,Medium opportunity for deeper review,Small county
"Latah County, Idaho",41049.0,18.9,65424.0,17.6,6.8,90.1,16057,Latah County,Idaho,0.18151447661469933,0.762010817690105,0.8685968819599109,0.5090677696468342,0.2575564747056952,51.5749284123449,Medium opportunity for deeper review,Small county
"Lynn County, Texas",5752.0,27.8,73679.0,15.2,3.7,89.0,48305,Lynn County,Texas,0.955456570155902,0.6293350302258989,0.3523703468024181,0.2981228125994273,0.3433025771555839,51.5717467387846,Medium opportunity for deeper review,Small county
"Adams County, North Dakota",2145.0,22.6,62500.0,14.8,2.2,84.7,38001,Adams County,North Dakota,0.6056315622017181,0.609608654152084,0.10610881323576202,0.5871778555520204,0.6699013681196309,51.568565065224305,Medium opportunity for deeper review,Small county
"McIntosh County, Georgia",11312.0,15.1,50273.0,23.0,3.2,87.1,13191,McIntosh County,Georgia,0.0334075723830735,0.9230034998409163,0.25071587655106586,0.8775055679287305,0.4926821508113267,51.54629335030225,Medium opportunity for deeper review,Small county
"Stanly County, North Carolina",64651.0,21.7,60704.0,15.2,4.1,88.4,37167,Stanly County,North Carolina,0.48106904231625836,0.6293350302258989,0.4322303531657652,0.642379891823099,0.3916640152720331,51.53356665606108,Medium opportunity for deeper review,Medium county
"Douglas County, Oregon",112072.0,19.1,61310.0,16.3,5.4,88.8,41019,Douglas County,Oregon,0.19455933821189947,0.6929685014317531,0.7085587018771874,0.6201081769010499,0.3598472796691059,51.52083996181991,Medium opportunity for deeper review,Medium county
"Sedgwick County, Kansas",528226.0,24.9,69365.0,13.9,5.0,91.9,20173,Sedgwick County,Kansas,0.8523703468024181,0.5509067769646834,0.6310849506840598,0.3967546929685014,0.14444797963728917,51.51129494113904,Medium opportunity for deeper review,Large county
"Elmore County, Idaho",29321.0,24.2,65359.0,10.5,6.0,91.2,16039,Elmore County,Idaho,0.7946229716831054,0.2865097041043589,0.7971683105313395,0.5116131084950684,0.1854915685650652,51.50811326757875,Medium opportunity for deeper review,Small county
"Madison County, Kentucky",95769.0,21.0,63351.0,15.1,5.1,88.9,21151,Madison County,Kentucky,0.38832325803372575,0.6239261851734013,0.6509704104358893,0.5606108813235762,0.3514158447343303,51.50493159401846,Medium opportunity for deeper review,Medium county
"Jefferson County, Alabama",667755.0,22.9,66388.0,15.7,4.7,90.4,1073,Jefferson County,Alabama,0.6455615653833917,0.6590836780146357,0.5641107222398982,0.47025135221126313,0.2351256761056315,51.4826598790964,Medium opportunity for deeper review,Large county
"Creek County, Oklahoma",72830.0,23.3,62338.0,14.5,3.3,88.0,40037,Creek County,Oklahoma,0.6998090995863825,0.5894050270442253,0.2696468342348075,0.5924276169265034,0.42141266306076997,51.454024817053764,Medium opportunity for deeper review,Medium county
"Randolph County, North Carolina",146348.0,22.2,61022.0,14.5,3.5,87.1,37151,Randolph County,North Carolina,0.5493159401845371,0.5894050270442253,0.3075087496022908,0.6328348711422208,0.4926821508113267,51.43493477569201,Medium opportunity for deeper review,Medium county
"Morgan County, Alabama",124471.0,23.4,68845.0,13.5,3.7,86.0,1103,Morgan County,Alabama,0.7114222080814508,0.5227489659560929,0.3523703468024181,0.40661788100540885,0.5754056633789373,51.37130130448616,Medium opportunity for deeper review,Medium county
"St. Clair County, Illinois",253694.0,23.0,73854.0,13.6,6.0,89.7,17163,St. Clair County,Illinois,0.657651924912504,0.5292713967546929,0.7971683105313395,0.29430480432707606,0.2893732103086223,51.355392936684694,Medium opportunity for deeper review,Large county
"Harper County, Oklahoma",3203.0,23.8,64053.0,13.1,2.6,85.3,40059,Harper County,Oklahoma,0.7573973910276806,0.4933184855233853,0.1551065860642698,0.5405663378937321,0.6209035952911232,51.34584791600382,Medium opportunity for deeper review,Small county
"Washington County, Florida",25529.0,20.0,58210.0,17.3,3.6,87.0,12133,Washington County,Florida,0.2748965956092905,0.7475342029907731,0.32914412981228125,0.7142857142857143,0.5009545020680879,51.33630289532294,Medium opportunity for deeper review,Small county
"Crawford County, Michigan",13369.0,17.5,60392.0,14.7,8.2,89.9,26039,Crawford County,Michigan,0.10244988864142539,0.6032453070314986,0.9342984409799554,0.6522430798600063,0.2726694241170856,51.29812281259942,Medium opportunity for deeper review,Small county
"Hancock County, Illinois",17281.0,21.0,65865.0,12.3,4.2,82.4,17067,Hancock County,Illinois,0.38832325803372575,0.4303213490295896,0.4513203945275215,0.4957047406936048,0.7979637289214127,51.272669424117076,Medium opportunity for deeper review,Small county
"McMinn County, Tennessee",54884.0,21.2,61470.0,13.0,4.9,87.8,47107,McMinn County,Tennessee,0.4139357301940821,0.48536430162265354,0.6104040725421572,0.6150174992045816,0.43811644925230675,51.256761056315625,Medium opportunity for deeper review,Medium county
"Furnas County, Nebraska",4568.0,21.7,61048.0,13.0,1.0,76.8,31065,Furnas County,Nebraska,0.48106904231625836,0.48536430162265354,0.030066815144766147,0.6317212853961184,0.93445752465797,51.25357938275533,Medium opportunity for deeper review,Small county
"Aitkin County, Minnesota",16056.0,15.6,60833.0,13.1,5.8,85.3,27001,Aitkin County,Minnesota,0.043429844097995544,0.4933184855233853,0.7664651606745148,0.6372892141266306,0.6209035952911232,51.228125994272986,Medium opportunity for deeper review,Small county
"Hampden County, Massachusetts",462815.0,20.9,71306.0,16.3,6.0,89.0,25013,Hampden County,Massachusetts,0.3773464842507159,0.6929685014317531,0.7971683105313395,0.34998409163219857,0.3433025771555839,51.21539930003182,Medium opportunity for deeper review,Large county
"Ashe County, North Carolina",26950.0,16.9,56866.0,13.5,4.8,85.2,37009,Ashe County,North Carolina,0.0757238307349666,0.5227489659560929,0.5874960229080496,0.744511613108495,0.6275851097677378,51.16131084950683,Medium opportunity for deeper review,Small county
"Williamson County, Illinois",66876.0,21.3,65604.0,13.8,5.0,87.6,17199,Williamson County,Illinois,0.42888959592745785,0.5431116767419663,0.6310849506840598,0.5030225898822781,0.45179764556156543,51.158129175946556,Medium opportunity for deeper review,Medium county
"Winkler County, Texas",7454.0,29.2,86900.0,16.2,3.6,87.6,48495,Winkler County,Texas,0.9707286032453071,0.6866051543111676,0.32914412981228125,0.11931275851097678,0.45179764556156543,51.151765828825965,Medium opportunity for deeper review,Small county
"Caldwell County, Missouri",8927.0,23.5,64806.0,10.3,2.9,81.3,29025,Caldwell County,Missouri,0.7239898186446071,0.27330575882914415,0.19551384027998728,0.5249761374482977,0.8393254852052179,51.14222080814509,Medium opportunity for deeper review,Small county
"Lawrence County, Pennsylvania",85024.0,20.0,61931.0,11.9,5.7,86.7,42073,Lawrence County,Pennsylvania,0.2748965956092905,0.3978682787146039,0.7531021317212854,0.6045179764556157,0.5251352211263125,51.110404072542146,Medium opportunity for deeper review,Medium county
"Lynchburg city, Virginia",79497.0,19.4,57947.0,18.6,5.3,92.4,51680,Lynchburg city,Virginia,0.2223989818644607,0.8040089086859689,0.6870824053452116,0.7193763919821826,0.12201718103722559,51.097677378300986,Medium opportunity for deeper review,Medium county
"Andrews County, Texas",18610.0,30.9,72242.0,15.6,3.3,89.3,48003,Andrews County,Texas,0.9839325485205218,0.6543111676741966,0.2696468342348075,0.3273942093541202,0.31944002545338845,51.09449570474068,Medium opportunity for deeper review,Small county
"Pueblo County, Colorado",169356.0,21.8,64010.0,14.6,4.8,89.1,8101,Pueblo County,Colorado,0.4928412344893414,0.5959274578428253,0.5874960229080496,0.5427935093859371,0.33487114222080816,51.07858733693923,Medium opportunity for deeper review,Medium county
"Tama County, Iowa",16868.0,23.7,70781.0,14.8,3.8,87.5,19171,Tama County,Iowa,0.7476932866687878,0.609608654152084,0.3752783964365256,0.3625517021953547,0.45863824371619477,51.07540566337894,Medium opportunity for deeper review,Small county
"Lancaster County, Virginia",10936.0,14.5,69713.0,10.3,9.5,78.5,51103,Lancaster County,Virginia,0.023067133312122175,0.27330575882914415,0.9634107540566338,0.38689150493159397,0.9069360483614382,51.072223989818646,Medium opportunity for deeper review,Small county
"Lee County, Iowa",32893.0,21.2,62382.0,13.1,4.5,86.6,19111,Lee County,Iowa,0.4139357301940821,0.4933184855233853,0.5227489659560929,0.5909958638243716,0.5324530703149857,51.06904231625835,Medium opportunity for deeper review,Small county
"Essex County, Virginia",10623.0,17.9,56520.0,12.3,3.9,81.2,51057,Essex County,Virginia,0.12583518930957685,0.4303213490295896,0.3970728603245307,0.7540566337893733,0.8426662424435253,50.9990454979319,Medium opportunity for deeper review,Small county
"Golden Valley County, Montana",899.0,18.2,58333.0,17.0,1.5,78.2,30037,Golden Valley County,Montana,0.14078905504295258,0.7300349984091632,0.054088450524976135,0.7114222080814508,0.9131403118040089,50.989500477251035,Medium opportunity for deeper review,Small county
"Delta County, Colorado",31598.0,19.1,57774.0,14.0,3.2,81.9,8029,Delta County,Colorado,0.19455933821189947,0.5591791282214444,0.25071587655106586,0.7247852370346802,0.8194400254533885,50.97359210944956,Medium opportunity for deeper review,Small county
"Deer Lodge County, Montana",9597.0,12.0,57527.0,16.3,3.4,81.6,30023,Deer Lodge County,Montana,0.0066815144766146995,0.6929685014317531,0.28778237352847597,0.7308304167992363,0.8300986318803691,50.967228762328986,Medium opportunity for deeper review,Small county
"Union County, Tennessee",20431.0,21.3,62727.0,13.8,2.6,81.3,47173,Union County,Tennessee,0.42888959592745785,0.5431116767419663,0.1551065860642698,0.5812917594654788,0.8393254852052179,50.95450206808781,Medium opportunity for deeper review,Small county
"Phelps County, Missouri",45194.0,21.1,58396.0,16.8,3.9,89.3,29161,Phelps County,Missouri,0.3989818644607063,0.720489977728285,0.3970728603245307,0.7098313713013045,0.31944002545338845,50.9163219853643,Medium opportunity for deeper review,Small county
"Fannin County, Texas",37326.0,21.1,72295.0,13.7,5.0,84.9,48147,Fannin County,Texas,0.3989818644607063,0.5359529112313076,0.6310849506840598,0.32612153993000315,0.652402163538021,50.890868596881965,Medium opportunity for deeper review,Small county
"Phillips County, Kansas",4813.0,22.5,62123.0,15.4,3.2,87.5,20147,Phillips County,Kansas,0.5911549475023863,0.6434934775692014,0.25071587655106586,0.6000636334712058,0.45863824371619477,50.88132357620109,Medium opportunity for deeper review,Small county
"Oswego County, New York",117953.0,20.6,69183.0,16.3,7.0,90.5,36075,Oswego County,New York,0.3398027362392618,0.6929685014317531,0.8806872414890232,0.40025453388482346,0.22923958001909006,50.85905186127903,Medium opportunity for deeper review,Medium county
"Cass County, Illinois",12784.0,24.4,68125.0,11.1,4.2,86.7,17017,Cass County,Illinois,0.8132357620108177,0.3285077951002227,0.4513203945275215,0.4228444161629017,0.5251352211263125,50.82087177855552,Medium opportunity for deeper review,Small county
"Forsyth County, North Carolina",389977.0,22.7,67165.0,14.5,5.0,90.2,37067,Forsyth County,North Carolina,0.6193127585109768,0.5894050270442253,0.6310849506840598,0.45084314349347754,0.24992045816099273,50.81132675787463,Medium opportunity for deeper review,Large county
"Montgomery County, Illinois",27942.0,20.1,63620.0,12.6,4.7,84.5,17135,Montgomery County,Illinois,0.2855552020362711,0.45147947820553613,0.5641107222398982,0.5536111994909323,0.6839007317849188,50.773146675151125,Medium opportunity for deeper review,Small county
"Prince Edward County, Virginia",21996.0,15.2,56315.0,20.9,1.5,82.0,51147,Prince Edward County,Virginia,0.034202990773146674,0.8752783964365256,0.054088450524976135,0.7601018135539294,0.8146675151129494,50.76678332803054,Medium opportunity for deeper review,Small county
"Orange County, Indiana",19767.0,22.9,65873.0,13.4,3.1,84.9,18117,Orange County,Indiana,0.6455615653833917,0.5159083678014635,0.2286032453070315,0.4945911549475024,0.652402163538021,50.74132993954821,Medium opportunity for deeper review,Small county
"Morgan County, Colorado",29520.0,25.0,73278.0,14.3,5.3,92.6,8087,Morgan County,Colorado,0.8584155265669742,0.5779510022271714,0.6870824053452116,0.3041679923639835,0.1086541520839962,50.72542157174673,Medium opportunity for deeper review,Small county
"Clarion County, Pennsylvania",37179.0,19.0,62649.0,13.1,5.1,85.3,42031,Clarion County,Pennsylvania,0.1872414890232262,0.4933184855233853,0.6509704104358893,0.583359847279669,0.6209035952911232,50.71587655106586,Medium opportunity for deeper review,Small county
"Bradley County, Tennessee",111065.0,21.9,66552.0,12.7,6.6,90.2,47011,Bradley County,Tennessee,0.5068405981546293,0.46006999681832644,0.8533248488705059,0.4651606745147948,0.24992045816099273,50.706331530384986,Medium opportunity for deeper review,Medium county
"Montgomery County, Iowa",10214.0,22.6,63666.0,15.3,2.6,85.9,19137,Montgomery County,Iowa,0.6056315622017181,0.6364937957365574,0.1551065860642698,0.5523385300668151,0.5828825962456252,50.64906140629971,Medium opportunity for deeper review,Small county
"Perkins County, South Dakota",3001.0,22.4,66908.0,13.7,4.9,88.9,46105,Perkins County,South Dakota,0.5760419980909959,0.5359529112313076,0.6104040725421572,0.4584791600381801,0.3514158447343303,50.64587973273942,Medium opportunity for deeper review,Small county
"Rush County, Indiana",16739.0,22.6,66473.0,11.9,4.3,85.8,18139,Rush County,Indiana,0.6056315622017181,0.3978682787146039,0.47216035634743875,0.46770601336302897,0.5887686923321667,50.64269805917914,Medium opportunity for deeper review,Small county
"Lee County, Texas",17971.0,21.3,76371.0,11.3,6.5,84.7,48287,Lee County,Texas,0.42888959592745785,0.34743875278396436,0.8450524976137448,0.24053452115812912,0.6699013681196309,50.63633471205854,Medium opportunity for deeper review,Small county
"Holmes County, Ohio",44418.0,30.3,76140.0,9.3,2.2,63.5,39075,Holmes County,Ohio,0.9793191218580973,0.20489977728285078,0.10610881323576202,0.2451479478205536,0.9958638243716195,50.62678969137766,Medium opportunity for deeper review,Small county
"Josephine County, Oregon",88179.0,19.2,60098.0,15.6,6.4,91.3,41033,Josephine County,Oregon,0.20235443843461662,0.6543111676741966,0.8361438116449252,0.6598790964047089,0.17849188673242122,50.623608017817375,Medium opportunity for deeper review,Medium county
"Arenac County, Michigan",15077.0,18.5,58811.0,11.7,6.0,87.0,26011,Arenac County,Michigan,0.15701559020044542,0.37941457206490614,0.7971683105313395,0.6964683423480751,0.5009545020680879,50.62042634425708,Medium opportunity for deeper review,Small county
"Beaufort County, North Carolina",44499.0,19.1,58357.0,17.8,3.9,87.5,37013,Beaufort County,North Carolina,0.19455933821189947,0.7694877505567929,0.3970728603245307,0.7104677060133631,0.45863824371619477,50.60451797645562,Medium opportunity for deeper review,Small county
"Iron County, Utah",62252.0,27.1,66247.0,13.8,3.9,91.5,49021,Iron County,Utah,0.9452752147629653,0.5431116767419663,0.3970728603245307,0.4775692013999364,0.16608335984727962,50.582246261533555,Medium opportunity for deeper review,Medium county
"Franklin County, Florida",12553.0,15.4,64105.0,16.5,8.5,89.5,12037,Franklin County,Florida,0.03865733375755648,0.7039452752147629,0.9411390391345847,0.5399300031816736,0.3051224944320713,50.57588291441297,Medium opportunity for deeper review,Small county
"Alachua County, Florida",285492.0,17.8,61949.0,21.2,4.4,88.0,12001,Alachua County,Florida,0.12042634425707922,0.8829144129812281,0.49713649379573654,0.6041998090995864,0.42141266306076997,50.521794463888,Medium opportunity for deeper review,Large county
"Livingston County, Missouri",14364.0,21.6,63627.0,11.9,2.7,76.7,29117,Livingston County,Missouri,0.4675469296850143,0.3978682787146039,0.17037861915367483,0.553293032134903,0.9362074451161311,50.50588609608655,Medium opportunity for deeper review,Small county
"Gregory County, South Dakota",4016.0,24.4,62917.0,9.5,2.3,82.3,46053,Gregory County,South Dakota,0.8132357620108177,0.21762647152402165,0.11756283805281578,0.5739739102768056,0.8028953229398663,50.50588609608655,Medium opportunity for deeper review,Small county
"Hutchinson County, Texas",20184.0,24.9,67228.0,13.3,3.6,88.5,48233,Hutchinson County,Texas,0.8523703468024181,0.5093859370028635,0.32914412981228125,0.4486159720012727,0.3835507476932867,50.461342666242444,Medium opportunity for deeper review,Small county
"Lafayette County, Wisconsin",16942.0,25.3,76462.0,11.9,2.9,82.2,55065,Lafayette County,Wisconsin,0.8813235762010818,0.3978682787146039,0.19551384027998728,0.23894368437798286,0.8076678332803054,50.42634425707922,Medium opportunity for deeper review,Small county
"Yates County, New York",24526.0,22.2,69701.0,12.7,3.1,79.1,36123,Yates County,New York,0.5493159401845371,0.46006999681832644,0.2286032453070315,0.38784600699968186,0.8946866051543112,50.410435889277764,Medium opportunity for deeper review,Small county
"Cloud County, Kansas",8898.0,23.2,58770.0,10.0,2.5,83.6,20029,Cloud County,Kansas,0.6870824053452116,0.25230671333121224,0.14110722239898185,0.6980591791282215,0.7400572701240853,50.37225580655426,Medium opportunity for deeper review,Small county
"Ingham County, Michigan",283913.0,19.6,65526.0,16.7,6.2,90.3,26065,Ingham County,Michigan,0.23989818644607064,0.7153993000318167,0.8153038498250079,0.5058860960865414,0.2421253579382755,50.37225580655424,Medium opportunity for deeper review,Large county
"Taney County, Missouri",56529.0,20.9,56497.0,15.6,3.9,89.1,29213,Taney County,Missouri,0.3773464842507159,0.6543111676741966,0.3970728603245307,0.7546929685014317,0.33487114222080816,50.36589245943366,Medium opportunity for deeper review,Medium county
"Stephenson County, Illinois",43768.0,21.2,64043.0,13.9,4.3,86.5,17177,Stephenson County,Illinois,0.4139357301940821,0.5509067769646834,0.47216035634743875,0.5408845052497614,0.5400890868596881,50.35952911231307,Medium opportunity for deeper review,Small county
"Huron County, Michigan",31113.0,19.0,58870.0,12.6,4.1,83.4,26063,Huron County,Michigan,0.1872414890232262,0.45147947820553613,0.4322303531657652,0.6942411708558702,0.7511931275851098,50.32771237671015,Medium opportunity for deeper review,Small county
"Sullivan County, New York",79721.0,21.4,72382.0,15.9,5.8,89.4,36105,Sullivan County,New York,0.44177537384664334,0.6691059497295577,0.7664651606745148,0.3238943684377983,0.31307667833280306,50.28635062042633,Medium opportunity for deeper review,Medium county
"Franklin County, New York",46696.0,19.9,65151.0,18.2,3.9,86.4,36033,Franklin County,New York,0.2653515749284123,0.7873051224944321,0.3970728603245307,0.5151129494113904,0.5485205217944639,50.26726057906459,Medium opportunity for deeper review,Small county
"Craven County, North Carolina",102612.0,21.3,65873.0,13.7,4.2,85.6,37049,Craven County,North Carolina,0.42888959592745785,0.5359529112313076,0.4513203945275215,0.4945911549475024,0.6016544702513522,50.24817053770283,Medium opportunity for deeper review,Medium county
"Preston County, West Virginia",34160.0,17.9,61880.0,13.8,5.3,86.4,54077,Preston County,West Virginia,0.12583518930957685,0.5431116767419663,0.6870824053452116,0.6059497295577474,0.5485205217944639,50.20999045497933,Medium opportunity for deeper review,Small county
"Jasper County, South Carolina",32166.0,18.3,65613.0,17.8,4.6,86.4,45053,Jasper County,South Carolina,0.1457206490614063,0.7694877505567929,0.5439070951320395,0.5023862551702195,0.5485205217944639,50.200445434298445,Medium opportunity for deeper review,Small county
"Chenango County, New York",46321.0,20.7,62948.0,11.8,6.4,88.8,36017,Chenango County,New York,0.35141584473433024,0.38927776010181353,0.8361438116449252,0.5730194082087178,0.3598472796691059,50.19408208717786,Medium opportunity for deeper review,Small county
"Carroll County, Mississippi",9686.0,17.3,59327.0,17.9,1.6,78.9,28015,Carroll County,Mississippi,0.09242761692650334,0.7741011772192173,0.05997454661151766,0.6821508113267578,0.8989818644607064,50.15272033089404,Medium opportunity for deeper review,Small county
"Richardson County, Nebraska",7751.0,21.7,60108.0,10.5,3.7,83.8,31147,Richardson County,Nebraska,0.48106904231625836,0.2865097041043589,0.3523703468024181,0.6595609290486796,0.727966910594973,50.14953865733376,Medium opportunity for deeper review,Small county
"Chambers County, Texas",51498.0,27.4,109804.0,11.9,7.3,90.5,48071,Chambers County,Texas,0.9500477251034044,0.3978682787146039,0.8978682787146038,0.03245307031498568,0.22923958001909006,50.14953865733375,Medium opportunity for deeper review,Medium county
"Elkhart County, Indiana",207132.0,27.4,68561.0,12.4,3.6,88.6,18039,Elkhart County,Indiana,0.9500477251034044,0.4379573655742921,0.32914412981228125,0.41202672605790647,0.37480114540248166,50.07954183900733,Medium opportunity for deeper review,Medium county
"Newton County, Indiana",13922.0,20.8,75481.0,14.0,6.5,87.3,18111,Newton County,Indiana,0.3636652879414572,0.5591791282214444,0.8450524976137448,0.25867006045179763,0.47709195036589247,50.07317849188673,Medium opportunity for deeper review,Small county
"Ontonagon County, Michigan",5850.0,11.4,54398.0,12.5,5.3,86.1,26131,Ontonagon County,Michigan,0.005090677696468342,0.44447979637289214,0.6870824053452116,0.798281896277442,0.5682468978682786,50.06363347120585,Medium opportunity for deeper review,Small county
"Noble County, Oklahoma",10897.0,22.6,66365.0,12.9,2.6,82.5,40103,Noble County,Oklahoma,0.6056315622017181,0.4769328666878778,0.1551065860642698,0.4715240216353802,0.793032134902959,50.044543429844104,Medium opportunity for deeper review,Small county
"Somerset County, Pennsylvania",72799.0,18.2,61446.0,11.0,4.9,82.0,42111,Somerset County,Pennsylvania,0.14078905504295258,0.31975819280941775,0.6104040725421572,0.6162901686286987,0.8146675151129494,50.03818008272351,Medium opportunity for deeper review,Medium county
"Morgan County, Illinois",33021.0,18.9,66306.0,13.4,5.4,85.3,17137,Morgan County,Illinois,0.18151447661469933,0.5159083678014635,0.7085587018771874,0.47470569519567296,0.6209035952911232,50.03181673560293,Medium opportunity for deeper review,Small county
"Alcona County, Michigan",10397.0,12.6,54993.0,12.3,4.5,83.4,26001,Alcona County,Michigan,0.010181355392936684,0.4303213490295896,0.5227489659560929,0.7865097041043589,0.7511931275851098,50.01909004136176,Medium opportunity for deeper review,Small county
"Millard County, Utah",13315.0,30.8,73639.0,7.7,5.5,88.4,49027,Millard County,Utah,0.9828189627744194,0.10054088450524976,0.7265351574928413,0.2990773146675151,0.3916640152720331,50.012726694241174,Medium opportunity for deeper review,Small county
"Dallam County, Texas",7298.0,32.8,71500.0,11.5,2.3,84.5,48111,Dallam County,Texas,0.9915685650652243,0.3615972001272669,0.11756283805281578,0.34521158129175944,0.6839007317849188,49.99681832643971,Medium opportunity for deeper review,Small county
"Day County, South Dakota",5437.0,22.4,66033.0,14.8,2.1,83.8,46037,Day County,South Dakota,0.5760419980909959,0.609608654152084,0.09720012726694241,0.48806872414890234,0.727966910594973,49.97772828507795,Medium opportunity for deeper review,Small county
"Houston County, Tennessee",8353.0,20.8,59576.0,11.1,3.9,83.7,47083,Houston County,Tennessee,0.3636652879414572,0.3285077951002227,0.3970728603245307,0.6732421253579383,0.7336939230034998,49.92363983455297,Medium opportunity for deeper review,Small county
"Jennings County, Indiana",27562.0,23.1,69322.0,12.6,4.6,87.9,18079,Jennings County,Indiana,0.6719694559338212,0.45147947820553613,0.5439070951320395,0.3977091950365892,0.4298440979955457,49.89818644607064,Medium opportunity for deeper review,Small county
"San Bernardino County, California",2197104.0,25.5,85478.0,13.3,7.1,93.3,6071,San Bernardino County,California,0.8950047725103404,0.5093859370028635,0.8864142538975501,0.130130448615972,0.07286032453070312,49.8759147311486,Medium opportunity for deeper review,Very large county
"Ashland County, Wisconsin",16080.0,20.7,62462.0,13.4,3.8,84.8,55003,Ashland County,Wisconsin,0.35141584473433024,0.5159083678014635,0.3752783964365256,0.5882914412981228,0.6605154311167674,49.82818962774419,Medium opportunity for deeper review,Small county
"Foard County, Texas",991.0,15.1,61563.0,5.6,6.3,65.7,48155,Foard County,Texas,0.0334075723830735,0.026726057906458798,0.8251670378619154,0.6132675787464206,0.9922048997772829,49.81546293350302,Medium opportunity for deeper review,Small county
"Copper River Census Area, Alaska",2626.0,26.3,79250.0,8.7,4.8,85.3,2066,Copper River Census Area,Alaska,0.9250715876551066,0.1613108495068406,0.5874960229080496,0.19503658924594336,0.6209035952911232,49.796372892141264,Medium opportunity for deeper review,Small county
"Silver Bow County, Montana",35785.0,20.2,61754.0,14.8,4.1,86.5,30093,Silver Bow County,Montana,0.2966910594972956,0.609608654152084,0.4322303531657652,0.6099268215081133,0.5400890868596881,49.770919503658924,Medium opportunity for deeper review,Small county
"Colorado County, Texas",21006.0,23.3,66377.0,10.7,2.9,81.9,48089,Colorado County,Texas,0.6998090995863825,0.30178173719376394,0.19551384027998728,0.4712058542793509,0.8194400254533885,49.755011135857465,Medium opportunity for deeper review,Small county
"Manistee County, Michigan",25350.0,16.6,63516.0,12.7,6.4,86.1,26101,Manistee County,Michigan,0.06617881005408845,0.46006999681832644,0.8361438116449252,0.5571110404072542,0.5682468978682786,49.755011135857465,Medium opportunity for deeper review,Small county
"Osage County, Oklahoma",45997.0,20.9,62847.0,13.1,5.3,88.9,40113,Osage County,Oklahoma,0.3773464842507159,0.4933184855233853,0.6870824053452116,0.5774737511931276,0.3514158447343303,49.73273942093541,Medium opportunity for deeper review,Small county
"Humboldt County, Nevada",17289.0,26.4,81073.0,10.6,5.8,89.2,32013,Humboldt County,Nevada,0.9282532612153993,0.29430480432707606,0.7664651606745148,0.17085587018771875,0.3265987909640471,49.72955774737512,Medium opportunity for deeper review,Small county
"Wood County, Texas",46961.0,18.6,60300.0,12.5,6.3,88.3,48499,Wood County,Texas,0.16321985364301622,0.44447979637289214,0.8251670378619154,0.6544702513522113,0.39882278078269173,49.72319440025454,Medium opportunity for deeper review,Small county
"Van Buren County, Tennessee",6437.0,20.2,54931.0,16.1,2.3,85.6,47175,Van Buren County,Tennessee,0.2966910594972956,0.6807190582246262,0.11756283805281578,0.7890550429525931,0.6016544702513522,49.71364937957367,Medium opportunity for deeper review,Small county
"Jackson County, Wisconsin",20981.0,21.1,68110.0,12.4,4.7,84.8,55053,Jackson County,Wisconsin,0.3989818644607063,0.4379573655742921,0.5641107222398982,0.4234807508749602,0.6605154311167674,49.700922685332486,Medium opportunity for deeper review,Small county
"Cumberland County, Tennessee",63553.0,16.7,60375.0,14.4,5.1,86.7,47035,Cumberland County,Tennessee,0.06967865097041044,0.583837098313713,0.6509704104358893,0.6531975819280942,0.5251352211263125,49.65637925548839,Medium opportunity for deeper review,Medium county
"Paulding County, Ohio",18791.0,23.6,67731.0,8.9,3.6,82.2,39125,Paulding County,Ohio,0.7367165128857779,0.17626471524021636,0.32914412981228125,0.4330257715558383,0.8076678332803054,49.65637925548839,Medium opportunity for deeper review,Small county
"Adams County, Wisconsin",21123.0,13.5,59442.0,14.1,4.5,84.2,55001,Adams County,Wisconsin,0.012726694241170856,0.5663378937321031,0.5227489659560929,0.6783328030544067,0.7015590200445434,49.63410754056633,Medium opportunity for deeper review,Small county
"Rowan County, Kentucky",24578.0,19.6,54321.0,24.2,4.1,93.4,21205,Rowan County,Kentucky,0.23989818644607064,0.9393891186764238,0.4322303531657652,0.8001909004136176,0.06792873051224946,49.592745784282535,Medium opportunity for deeper review,Small county
"Sedgwick County, Colorado",2304.0,22.1,52386.0,13.0,2.9,88.0,8115,Sedgwick County,Colorado,0.5359529112313076,0.48536430162265354,0.19551384027998728,0.8390073178491887,0.42141266306076997,49.545020680878146,Medium opportunity for deeper review,Small county
"Clinton County, Ohio",42012.0,22.7,70407.0,12.9,4.5,87.2,39027,Clinton County,Ohio,0.6193127585109768,0.4769328666878778,0.5227489659560929,0.371619471842189,0.48504613426662424,49.51320394527522,Medium opportunity for deeper review,Small county
"Schuyler County, Illinois",6787.0,17.0,65948.0,20.8,5.0,88.3,17169,Schuyler County,Illinois,0.0801781737193764,0.8728921412663061,0.6310849506840598,0.4925230671333122,0.39882278078269173,49.510022271714924,Medium opportunity for deeper review,Small county
"Adams County, Illinois",64754.0,22.5,66220.0,12.8,3.9,86.5,17001,Adams County,Illinois,0.5911549475023863,0.46818326439707286,0.3970728603245307,0.4788418708240535,0.5400890868596881,49.50684059815463,Medium opportunity for deeper review,Medium county
"Jefferson County, Nebraska",7161.0,22.7,59044.0,10.1,1.2,80.2,31095,Jefferson County,Nebraska,0.6193127585109768,0.258510976773783,0.0383391664015272,0.6889914094813872,0.8701877187400573,49.506840598154625,Medium opportunity for deeper review,Small county
"Lawrence County, Alabama",33276.0,21.8,66071.0,13.3,2.0,79.0,1079,Lawrence County,Alabama,0.4928412344893414,0.5093859370028635,0.08892777601018136,0.48743238943684375,0.8965956092904868,49.50365892459434,Medium opportunity for deeper review,Small county
"Cherokee County, North Carolina",29562.0,16.0,53628.0,12.4,4.1,83.6,37039,Cherokee County,North Carolina,0.05186127903277124,0.4379573655742921,0.4322303531657652,0.8116449252306713,0.7400572701240853,49.4750238625517,Medium opportunity for deeper review,Small county
"San Joaquin County, California",797334.0,26.2,92179.0,12.4,7.6,92.5,6077,San Joaquin County,California,0.9230034998409163,0.4379573655742921,0.9129812281259942,0.08367801463569835,0.11565383391664019,49.465478841870826,Medium opportunity for deeper review,Large county
"Citrus County, Florida",162472.0,14.7,56546.0,15.6,6.4,90.9,12017,Citrus County,Florida,0.025771555838370982,0.6543111676741966,0.8361438116449252,0.7531021317212854,0.20314985682468978,49.44957047406936,Medium opportunity for deeper review,Medium county
"Alexander County, North Carolina",36412.0,19.6,65354.0,12.6,5.0,85.1,37003,Alexander County,North Carolina,0.23989818644607064,0.45147947820553613,0.6310849506840598,0.5119312758510977,0.636652879414572,49.42093541202673,Medium opportunity for deeper review,Small county
"Roger Mills County, Oklahoma",3359.0,24.3,66094.0,14.7,3.2,89.2,40129,Roger Mills County,Oklahoma,0.8033725739739103,0.6032453070314986,0.25071587655106586,0.48679605472478527,0.3265987909640471,49.414572064906146,Medium opportunity for deeper review,Small county
"Gaston County, North Carolina",234881.0,22.4,67478.0,13.5,4.8,89.0,37071,Gaston County,North Carolina,0.5760419980909959,0.5227489659560929,0.5874960229080496,0.4403436207445116,0.3433025771555839,49.39866369710468,Medium opportunity for deeper review,Medium county
"Larue County, Kentucky",15107.0,22.5,67067.0,17.9,1.5,85.7,21123,Larue County,Kentucky,0.5911549475023863,0.7741011772192173,0.054088450524976135,0.4546611517658288,0.5951320394527522,49.382755329303215,Medium opportunity for deeper review,Small county
"Delaware County, New York",44487.0,15.9,63337.0,14.4,6.4,87.8,36025,Delaware County,New York,0.04931594018453707,0.583837098313713,0.8361438116449252,0.5615653833916641,0.43811644925230675,49.379573655742924,Medium opportunity for deeper review,Small county
"Sierra County, California",2746.0,14.5,63355.0,4.4,12.6,79.5,6091,Sierra County,California,0.023067133312122175,0.005886096086541521,0.9904549793191219,0.5599745466115176,0.8872096722876233,49.33184855233853,Medium opportunity for deeper review,Small county
"Alamance County, North Carolina",176893.0,22.2,65651.0,13.4,5.1,90.2,37001,Alamance County,North Carolina,0.5493159401845371,0.5159083678014635,0.6509704104358893,0.5004772510340438,0.24992045816099273,49.33184855233853,Medium opportunity for deeper review,Medium county
"Ross County, Ohio",76492.0,21.0,61303.0,15.7,3.8,88.0,39141,Ross County,Ohio,0.38832325803372575,0.6590836780146357,0.3752783964365256,0.6204263442570792,0.42141266306076997,49.29048679605472,Medium opportunity for deeper review,Medium county
"Lassen County, California",30356.0,18.5,67403.0,14.0,8.3,88.7,6035,Lassen County,California,0.15701559020044542,0.5591791282214444,0.9368437798281897,0.44352529430480436,0.3678014635698378,49.28730512249443,Medium opportunity for deeper review,Small county
"Jackson County, Indiana",46660.0,25.8,70262.0,12.3,2.6,85.7,18071,Jackson County,Indiana,0.9085268851415845,0.4303213490295896,0.1551065860642698,0.37511931275851096,0.5951320394527522,49.28412344893414,Medium opportunity for deeper review,Small county
"Red Willow County, Nebraska",10557.0,22.4,63697.0,14.0,1.4,83.8,31145,Red Willow County,Nebraska,0.5760419980909959,0.5591791282214444,0.04899777282850779,0.5504295259306395,0.727966910594973,49.252306713331215,Medium opportunity for deeper review,Small county
"Orange County, New York",406616.0,25.6,97178.0,12.6,5.5,89.3,36071,Orange County,New York,0.900413617562838,0.45147947820553613,0.7265351574928413,0.062360801781737196,0.31944002545338845,49.20458160992681,Medium opportunity for deeper review,Large county
"Kingman County, Kansas",7186.0,22.8,59842.0,10.3,2.2,82.8,20095,Kingman County,Kansas,0.6331530384982501,0.27330575882914415,0.10610881323576202,0.6668787782373529,0.7803054406617881,49.195036589245944,Medium opportunity for deeper review,Small county
"Lackawanna County, Pennsylvania",216146.0,20.5,66223.0,14.4,4.9,87.5,42069,Lackawanna County,Pennsylvania,0.32818962774419347,0.583837098313713,0.6104040725421572,0.4785237034680242,0.45863824371619477,49.19185491568566,Medium opportunity for deeper review,Medium county
"Clearwater County, Idaho",9012.0,14.9,60000.0,13.2,4.5,83.6,16035,Clearwater County,Idaho,0.030384982500795417,0.5020680878141902,0.5227489659560929,0.6621062678969138,0.7400572701240853,49.147311485841556,Medium opportunity for deeper review,Small county
"Wicomico County, Maryland",104914.0,22.5,76210.0,13.9,5.9,89.7,24045,Wicomico County,Maryland,0.5911549475023863,0.5509067769646834,0.7820553611199491,0.24371619471842187,0.2893732103086223,49.14412981228126,Medium opportunity for deeper review,Medium county
"Morgan County, Tennessee",21361.0,18.9,65954.0,15.1,5.1,86.9,47129,Morgan County,Tennessee,0.18151447661469933,0.6239261851734013,0.6509704104358893,0.4918867324212536,0.5082723512567611,49.13140311804008,Medium opportunity for deeper review,Small county
"Montezuma County, Colorado",26412.0,20.7,65244.0,13.3,3.9,84.5,8083,Montezuma County,Colorado,0.35141584473433024,0.5093859370028635,0.3970728603245307,0.5138402799872733,0.6839007317849188,49.11231307667833,Medium opportunity for deeper review,Small county
"Roscommon County, Michigan",23737.0,14.3,55246.0,15.5,4.7,87.8,26143,Roscommon County,Michigan,0.020839961819917277,0.6492204899777283,0.5641107222398982,0.7826916958320076,0.43811644925230675,49.09958638243716,Medium opportunity for deeper review,Small county
"Randolph County, Illinois",30058.0,20.2,68131.0,14.6,5.0,86.9,17157,Randolph County,Illinois,0.2966910594972956,0.5959274578428253,0.6310849506840598,0.4225262488068724,0.5082723512567611,49.090041361756285,Medium opportunity for deeper review,Small county
"Chattahoochee County, Georgia",8887.0,14.8,61042.0,13.9,9.1,89.7,13053,Chattahoochee County,Georgia,0.02783964365256125,0.5509067769646834,0.9540248170537703,0.6323576201081769,0.2893732103086223,49.090041361756285,Medium opportunity for deeper review,Small county
"Marshall County, Iowa",40114.0,25.4,73315.0,11.2,4.3,87.6,19127,Marshall County,Iowa,0.8884823417117403,0.33837098313713015,0.47216035634743875,0.3035316576519249,0.45179764556156543,49.086859688196,Medium opportunity for deeper review,Small county
"Allen County, Indiana",392378.0,25.4,70737.0,12.5,4.7,91.1,18003,Allen County,Indiana,0.8884823417117403,0.44447979637289214,0.5641107222398982,0.36366528794145725,0.19265033407572385,49.067769646834236,Medium opportunity for deeper review,Large county
"Grant County, Nebraska",626.0,23.6,70147.0,12.2,0.3,78.5,31075,Grant County,Nebraska,0.7367165128857779,0.4212535793827553,0.010499522748965956,0.37750556792873047,0.9069360483614382,49.058224626153354,Medium opportunity for deeper review,Small county
"Essex County, Vermont",5982.0,16.7,59294.0,13.8,4.8,86.1,50009,Essex County,Vermont,0.06967865097041044,0.5431116767419663,0.5874960229080496,0.6837416481069043,0.5682468978682786,49.04549793191219,Medium opportunity for deeper review,Small county
"Iroquois County, Illinois",26449.0,21.6,66255.0,12.5,4.5,86.5,17075,Iroquois County,Illinois,0.4675469296850143,0.44447979637289214,0.5227489659560929,0.4772510340439071,0.5400890868596881,49.04231625835189,Medium opportunity for deeper review,Small county
"Hooker County, Nebraska",647.0,19.0,49464.0,6.2,3.9,76.8,31091,Hooker County,Nebraska,0.1872414890232262,0.04024817053770283,0.3970728603245307,0.8902322621699014,0.93445752465797,48.985046134266625,Medium opportunity for deeper review,Small county
"Black Hawk County, Iowa",131049.0,21.9,66417.0,14.9,4.6,89.4,19013,Black Hawk County,Iowa,0.5068405981546293,0.614858415526567,0.5439070951320395,0.46993318485523383,0.31307667833280306,48.97231944002545,Medium opportunity for deeper review,Medium county
"LaSalle County, Illinois",108714.0,21.2,73045.0,13.9,5.4,87.4,17099,LaSalle County,Illinois,0.4139357301940821,0.5509067769646834,0.7085587018771874,0.30798600063633474,0.4667515112949412,48.96277441934457,Medium opportunity for deeper review,Medium county
"Walworth County, South Dakota",5271.0,23.7,65026.0,14.9,3.5,90.1,46129,Walworth County,South Dakota,0.7476932866687878,0.614858415526567,0.3075087496022908,0.5182946229716832,0.2575564747056952,48.91823098950048,Medium opportunity for deeper review,Small county
"Onslow County, North Carolina",207906.0,24.8,68148.0,11.6,5.4,92.8,37133,Onslow County,North Carolina,0.8461660833598473,0.36971046770601335,0.7085587018771874,0.4222080814508431,0.09863188036907411,48.90550429525932,Medium opportunity for deeper review,Medium county
"Coffey County, Kansas",8308.0,21.5,70346.0,10.7,6.4,87.3,20031,Coffey County,Kansas,0.4540248170537703,0.30178173719376394,0.8361438116449252,0.3738466433343939,0.47709195036589247,48.857779191854924,Medium opportunity for deeper review,Small county
"Venango County, Pennsylvania",49801.0,19.0,61522.0,13.2,5.6,88.3,42121,Venango County,Pennsylvania,0.1872414890232262,0.5020680878141902,0.7402163538020999,0.6140629971364938,0.39882278078269173,48.84823417117404,Medium opportunity for deeper review,Small county
"Schuyler County, New York",17562.0,18.8,67663.0,14.8,6.5,88.6,36097,Schuyler County,New York,0.17578746420617244,0.609608654152084,0.8450524976137448,0.4362074451161311,0.37480114540248166,48.829144129812285,Medium opportunity for deeper review,Small county
"Crawford County, Ohio",41711.0,21.7,58044.0,11.8,4.7,89.7,39033,Crawford County,Ohio,0.48106904231625836,0.38927776010181353,0.5641107222398982,0.7171492204899776,0.2893732103086223,48.8195991091314,Medium opportunity for deeper review,Small county
"Jackson County, Missouri",719976.0,23.3,68577.0,14.1,4.7,91.0,29095,Jackson County,Missouri,0.6998090995863825,0.5663378937321031,0.5641107222398982,0.41170855870187717,0.19837734648425076,48.80687241489024,Medium opportunity for deeper review,Large county
"Clarke County, Iowa",9662.0,25.6,71641.0,9.7,4.2,86.8,19039,Clarke County,Iowa,0.900413617562838,0.22923958001909003,0.4513203945275215,0.3417117403754375,0.5167037861915367,48.78778237352847,Medium opportunity for deeper review,Small county
"Macon County, Missouri",15163.0,23.1,62357.0,9.5,2.1,80.6,29121,Macon County,Missouri,0.6719694559338212,0.21762647152402165,0.09720012726694241,0.5921094495704741,0.8596881959910914,48.771874005727014,Medium opportunity for deeper review,Small county
"Decatur County, Kansas",2726.0,20.8,53870.0,12.7,4.1,88.6,20039,Decatur County,Kansas,0.3636652879414572,0.46006999681832644,0.4322303531657652,0.8078269169583201,0.37480114540248166,48.771874005727014,Medium opportunity for deeper review,Small county
"Stone County, Missouri",32048.0,16.7,63520.0,13.9,7.1,88.6,29209,Stone County,Missouri,0.06967865097041044,0.5509067769646834,0.8864142538975501,0.5564747056951957,0.37480114540248166,48.76551065860643,Medium opportunity for deeper review,Small county
"Pamlico County, North Carolina",12390.0,14.2,59717.0,15.2,5.1,87.4,37137,Pamlico County,North Carolina,0.019726376073814826,0.6293350302258989,0.6509704104358893,0.6703786191536749,0.4667515112949412,48.743238943684375,Medium opportunity for deeper review,Small county
"Newton County, Georgia",118152.0,25.3,77179.0,12.3,6.6,94.2,13217,Newton County,Georgia,0.8813235762010818,0.4303213490295896,0.8533248488705059,0.22876232898504612,0.043111676741966254,48.736875596563785,Medium opportunity for deeper review,Medium county
"Madison County, Texas",13648.0,22.3,74596.0,10.9,7.1,88.3,48313,Madison County,Texas,0.5628380528157811,0.31403118040089084,0.8864142538975501,0.274260260897232,0.39882278078269173,48.72733057588292,Medium opportunity for deeper review,Small county
"Redwood County, Minnesota",15350.0,24.7,67866.0,13.3,2.6,87.0,27127,Redwood County,Minnesota,0.8396436525612472,0.5093859370028635,0.1551065860642698,0.43111676741966276,0.5009545020680879,48.724148902322625,Medium opportunity for deeper review,Small county
"Plumas County, California",19423.0,17.2,66031.0,10.6,9.2,85.5,6063,Plumas County,California,0.08813235762010818,0.29430480432707606,0.9567292395800191,0.48838689150493164,0.6081769010499523,48.71460388164174,Medium opportunity for deeper review,Small county
"Fountain County, Indiana",16617.0,22.2,62542.0,12.4,4.7,89.6,18045,Fountain County,Indiana,0.5493159401845371,0.4379573655742921,0.5641107222398982,0.586064269805918,0.2963728921412663,48.67642379891823,Medium opportunity for deeper review,Small county
"McHenry County, North Dakota",5207.0,24.2,80733.0,9.7,4.1,82.3,38049,McHenry County,North Dakota,0.7946229716831054,0.22923958001909003,0.4322303531657652,0.17467387846007,0.8028953229398663,48.67324212535794,Medium opportunity for deeper review,Small county
"Mineral County, Montana",4959.0,20.7,63450.0,13.5,3.1,83.0,30061,Mineral County,Montana,0.35141584473433024,0.5227489659560929,0.2286032453070315,0.5583837098313713,0.7712376710149539,48.6477887368756,Medium opportunity for deeper review,Small county
"Bledsoe County, Tennessee",15032.0,15.3,54720.0,20.7,1.8,84.8,47007,Bledsoe County,Tennessee,0.035634743875278395,0.8695513840279987,0.07413299395482023,0.7922367165128857,0.6605154311167674,48.641425389755014,Medium opportunity for deeper review,Small county
"Greene County, Pennsylvania",34835.0,18.9,68041.0,13.5,5.6,86.2,42059,Greene County,Pennsylvania,0.18151447661469933,0.5227489659560929,0.7402163538020999,0.42538975501113585,0.5620426344257079,48.63824371619472,Medium opportunity for deeper review,Small county
"Kershaw County, South Carolina",68314.0,23.2,68231.0,13.2,4.7,90.1,45055,Kershaw County,South Carolina,0.6870824053452116,0.5020680878141902,0.5641107222398982,0.41934457524657975,0.2575564747056952,48.6032453070315,Medium opportunity for deeper review,Medium county
"Camden County, Georgia",56970.0,24.1,74378.0,12.9,5.4,91.3,13039,Camden County,Georgia,0.7858733693923003,0.4769328666878778,0.7085587018771874,0.2796691059497296,0.17849188673242122,48.590518612790326,Medium opportunity for deeper review,Medium county
"Dawson County, Nebraska",24202.0,27.8,69880.0,10.8,1.4,83.7,31047,Dawson County,Nebraska,0.955456570155902,0.308304167992364,0.04899777282850779,0.38275532930321354,0.7336939230034998,48.584155265669736,Medium opportunity for deeper review,Small county
"Mineral County, West Virginia",26854.0,20.1,69375.0,14.0,6.6,89.1,54057,Mineral County,West Virginia,0.2855552020362711,0.5591791282214444,0.8533248488705059,0.3959592745784283,0.33487114222080816,48.57779191854916,Medium opportunity for deeper review,Small county
"Dolores County, Colorado",2432.0,14.0,64907.0,21.6,2.5,80.9,8033,Dolores County,Colorado,0.017181037225580655,0.8926185173401209,0.14110722239898185,0.5217944638880051,0.8509385937002863,48.47279669105949,Medium opportunity for deeper review,Small county
"Hodgeman County, Kansas",1652.0,25.7,59955.0,6.3,0.6,82.5,20083,Hodgeman County,Kansas,0.904390709513204,0.043907095132039456,0.01813553929366847,0.6640152720330894,0.793032134902959,48.4696150174992,Medium opportunity for deeper review,Small county
"Lycoming County, Pennsylvania",113489.0,20.5,63917.0,12.8,5.1,87.9,42081,Lycoming County,Pennsylvania,0.32818962774419347,0.46818326439707286,0.6509704104358893,0.5456570155902005,0.4298440979955457,48.45688832325804,Medium opportunity for deeper review,Medium county
"Lane County, Kansas",1461.0,24.7,54526.0,7.0,0.4,84.1,20101,Lane County,Kansas,0.8396436525612472,0.06697422844416163,0.012885777919185491,0.7957365574292078,0.7071269487750557,48.44734330257715,Medium opportunity for deeper review,Small county
"Hamilton County, Iowa",14886.0,23.8,72432.0,7.4,4.8,84.7,19079,Hamilton County,Iowa,0.7573973910276806,0.08399618199172765,0.5874960229080496,0.323576201081769,0.6699013681196309,48.44734330257715,Medium opportunity for deeper review,Small county
"Floyd County, Iowa",15328.0,22.7,68557.0,11.6,3.3,83.4,19067,Floyd County,Iowa,0.6193127585109768,0.36971046770601335,0.2696468342348075,0.41234489341393576,0.7511931275851098,48.44416162901687,Medium opportunity for deeper review,Small county
"Clark County, Kentucky",37192.0,22.5,64348.0,14.6,4.4,90.9,21049,Clark County,Kentucky,0.5911549475023863,0.5959274578428253,0.49713649379573654,0.5348393254852053,0.20314985682468978,48.44416162901687,Medium opportunity for deeper review,Small county
"Davis County, Iowa",9157.0,29.9,77194.0,7.2,2.7,73.2,19051,Davis County,Iowa,0.9766146993318485,0.0762010817690105,0.17037861915367483,0.22812599427298763,0.9691377664651607,48.409163219853646,Medium opportunity for deeper review,Small county
"Richland County, Illinois",15598.0,23.0,62455.0,12.1,3.1,86.6,17159,Richland County,Illinois,0.657651924912504,0.41298122812599425,0.2286032453070315,0.5886096086541521,0.5324530703149857,48.405981546293354,Medium opportunity for deeper review,Small county
"Teton County, Montana",6353.0,25.0,70430.0,13.4,1.0,85.0,30099,Teton County,Montana,0.8584155265669742,0.5159083678014635,0.030066815144766147,0.3709831371301304,0.6449252306713331,48.405981546293354,Medium opportunity for deeper review,Small county
"Montgomery County, Missouri",11426.0,21.9,65500.0,13.9,3.0,85.0,29139,Montgomery County,Missouri,0.5068405981546293,0.5509067769646834,0.2098313713013045,0.5065224307986,0.6449252306713331,48.38052815781101,Medium opportunity for deeper review,Small county
"Bedford County, Pennsylvania",47513.0,19.4,59992.0,11.6,3.9,83.1,42009,Bedford County,Pennsylvania,0.2223989818644607,0.36971046770601335,0.3970728603245307,0.6627426026089723,0.7661469933184855,48.36143811644925,Medium opportunity for deeper review,Small county
"Bradford County, Florida",27885.0,20.5,63050.0,16.8,4.7,90.4,12007,Bradford County,Florida,0.32818962774419347,0.720489977728285,0.5641107222398982,0.5698377346484251,0.2351256761056315,48.355074769328674,Medium opportunity for deeper review,Small county
"Schuylkill County, Pennsylvania",143558.0,19.9,68313.0,12.8,5.6,86.7,42107,Schuylkill County,Pennsylvania,0.2653515749284123,0.46818326439707286,0.7402163538020999,0.41870824053452116,0.5251352211263125,48.351893095768375,Medium opportunity for deeper review,Medium county
"Dallas County, Texas",2621179.0,25.1,76547.0,13.9,5.0,92.2,48113,Dallas County,Texas,0.8657333757556475,0.5509067769646834,0.6310849506840598,0.23671651288577789,0.13124403436207444,48.31371301304486,Medium opportunity for deeper review,Very large county
"Golden Valley County, North Dakota",1653.0,22.4,68021.0,19.8,3.4,89.8,38033,Golden Valley County,North Dakota,0.5760419980909959,0.8437798281896277,0.28778237352847597,0.42602608972319445,0.2809417753738467,48.29144129812282,Medium opportunity for deeper review,Small county
"Stevens County, Washington",48067.0,21.1,69327.0,12.0,5.3,86.7,53065,Stevens County,Washington,0.3989818644607063,0.40550429525930637,0.6870824053452116,0.39739102768056,0.5251352211263125,48.28189627744194,Medium opportunity for deeper review,Small county
"Potter County, Pennsylvania",16188.0,20.0,59020.0,13.0,3.8,85.8,42105,Potter County,Pennsylvania,0.2748965956092905,0.48536430162265354,0.3752783964365256,0.6894686605154311,0.5887686923321667,48.27553293032135,Medium opportunity for deeper review,Small county
"DeKalb County, Illinois",100703.0,21.6,70724.0,14.8,6.8,92.7,17037,DeKalb County,Illinois,0.4675469296850143,0.609608654152084,0.8685968819599109,0.36430162265351573,0.10356347438752789,48.27235125676105,Medium opportunity for deeper review,Medium county
"Pend Oreille County, Washington",14050.0,19.3,67436.0,14.4,6.1,88.7,53051,Pend Oreille County,Washington,0.21158129175946547,0.583837098313713,0.8075087496022908,0.4422526248806873,0.3678014635698378,48.259624562519875,Medium opportunity for deeper review,Small county
"Van Buren County, Michigan",75795.0,22.9,68114.0,14.3,4.2,89.4,26159,Van Buren County,Michigan,0.6455615653833917,0.5779510022271714,0.4513203945275215,0.423162583518931,0.31307667833280306,48.221444479796375,Medium opportunity for deeper review,Medium county
"Alger County, Michigan",8762.0,14.7,61286.0,10.4,6.8,85.4,26003,Alger County,Michigan,0.025771555838370982,0.2801463569837735,0.8685968819599109,0.6213808463251671,0.6150174992045816,48.218262806236076,Medium opportunity for deeper review,Small county
"Hamilton County, Ohio",830774.0,23.0,72470.0,15.0,5.0,91.3,39061,Hamilton County,Ohio,0.657651924912504,0.6194718421889914,0.6310849506840598,0.3223035316576519,0.17849188673242122,48.18008272351257,Medium opportunity for deeper review,Large county
"Columbia County, Pennsylvania",65362.0,17.6,64644.0,13.7,6.0,87.8,42037,Columbia County,Pennsylvania,0.10865415208399619,0.5359529112313076,0.7971683105313395,0.5272033089405027,0.43811644925230675,48.141902640789056,Medium opportunity for deeper review,Medium county
"Aiken County, South Carolina",174160.0,21.5,70609.0,14.3,6.1,91.0,45003,Aiken County,South Carolina,0.4540248170537703,0.5779510022271714,0.8075087496022908,0.3674832962138085,0.19837734648425076,48.10690423162584,Medium opportunity for deeper review,Medium county
"Franklin County, Washington",98902.0,30.9,86714.0,13.1,5.4,92.8,53021,Franklin County,Washington,0.9839325485205218,0.4933184855233853,0.7085587018771874,0.12090359529112316,0.09863188036907411,48.10690423162584,Medium opportunity for deeper review,Medium county
"Jewell County, Kansas",2916.0,21.2,52634.0,10.6,1.3,81.9,20089,Jewell County,Kansas,0.4139357301940821,0.29430480432707606,0.043748011454024814,0.8339166401527203,0.8194400254533885,48.10690423162583,Medium opportunity for deeper review,Small county
"Jerome County, Idaho",25173.0,29.6,71724.0,12.6,3.6,89.4,16053,Jerome County,Idaho,0.9731148584155266,0.45147947820553613,0.32914412981228125,0.33853006681514475,0.31307667833280306,48.10690423162583,Medium opportunity for deeper review,Small county
"Polk County, Florida",790694.0,22.0,65978.0,14.5,4.8,90.7,12105,Polk County,Florida,0.5224307986000636,0.5894050270442253,0.5874960229080496,0.4906140629971365,0.21508113267578743,48.10054088450524,Medium opportunity for deeper review,Large county
"Monroe County, Wisconsin",46208.0,25.4,69467.0,11.7,3.2,87.1,55081,Monroe County,Wisconsin,0.8884823417117403,0.37941457206490614,0.25071587655106586,0.39325485205217947,0.4926821508113267,48.09099586382437,Medium opportunity for deeper review,Small county
"Calhoun County, Arkansas",4704.0,19.2,66809.0,10.2,5.6,83.7,5013,Calhoun County,Arkansas,0.20235443843461662,0.26582882596245627,0.7402163538020999,0.4613426662424436,0.7336939230034998,48.06872414890233,Medium opportunity for deeper review,Small county
"Northampton County, Virginia",12059.0,18.3,61632.0,17.7,3.3,85.5,51131,Northampton County,Virginia,0.1457206490614063,0.7659879096404709,0.2696468342348075,0.6118358256442888,0.6081769010499523,48.027362392618514,Medium opportunity for deeper review,Small county
"Converse County, Wyoming",13762.0,24.0,81558.0,10.6,4.2,84.0,56009,Converse County,Wyoming,0.7763283487114222,0.29430480432707606,0.4513203945275215,0.16544702513522114,0.7134902958956411,48.01781737193764,Medium opportunity for deeper review,Small county
"Lincoln County, Oregon",50964.0,15.5,63165.0,15.9,8.0,91.0,41041,Lincoln County,Oregon,0.04152083996181992,0.6691059497295577,0.9266624244352529,0.565065224307986,0.19837734648425076,48.01463569837735,Medium opportunity for deeper review,Medium county
"Washington County, Kansas",5533.0,24.2,65482.0,9.3,1.1,80.6,20201,Washington County,Kansas,0.7946229716831054,0.20489977728285078,0.03436207445116131,0.5068405981546293,0.8596881959910914,48.008272351256764,Medium opportunity for deeper review,Small county
"Waynesboro city, Virginia",22841.0,22.4,59994.0,11.2,5.1,91.4,51820,Waynesboro city,Virginia,0.5760419980909959,0.33837098313713015,0.6509704104358893,0.662424435252943,0.17181037225580653,47.99236398345529,Medium opportunity for deeper review,Small county
"Wahkiakum County, Washington",4658.0,17.5,62653.0,17.8,3.5,85.1,53069,Wahkiakum County,Washington,0.10244988864142539,0.7694877505567929,0.3075087496022908,0.5828825962456252,0.636652879414572,47.97963728921413,Medium opportunity for deeper review,Small county
"Adair County, Iowa",7460.0,22.9,68092.0,9.5,4.0,84.3,19001,Adair County,Iowa,0.6455615653833917,0.21762647152402165,0.41520839961819916,0.4239580019090041,0.6959910913140313,47.96691059497296,Medium opportunity for deeper review,Small county
"Owyhee County, Idaho",12503.0,24.4,64406.0,12.2,2.0,86.5,16073,Owyhee County,Idaho,0.8132357620108177,0.4212535793827553,0.08892777601018136,0.5342029907731467,0.5400890868596881,47.95418390073179,Medium opportunity for deeper review,Small county
"Ida County, Iowa",6911.0,24.3,63073.0,11.3,2.4,86.4,19093,Ida County,Iowa,0.8033725739739103,0.34743875278396436,0.12949411390391347,0.5688832325803372,0.5485205217944639,47.95418390073178,Medium opportunity for deeper review,Small county
"Holt County, Nebraska",10102.0,25.8,68513.0,11.7,0.9,84.7,31089,Holt County,Nebraska,0.9085268851415845,0.37941457206490614,0.026089723194400255,0.41298122812599425,0.6699013681196309,47.93827553293031,Medium opportunity for deeper review,Small county
"Staunton city, Virginia",25948.0,19.3,65581.0,12.4,5.3,86.3,51790,Staunton city,Virginia,0.21158129175946547,0.4379573655742921,0.6870824053452116,0.5039770919503659,0.5556792873051225,47.925548838689146,Medium opportunity for deeper review,Small county
"Walker County, Georgia",68762.0,21.2,59469.0,13.3,3.9,88.3,13295,Walker County,Georgia,0.4139357301940821,0.5093859370028635,0.3970728603245307,0.6761056315622017,0.39882278078269173,47.906458797327396,Medium opportunity for deeper review,Medium county
"Coos County, Oregon",64827.0,17.6,62143.0,16.1,6.0,90.8,41011,Coos County,Oregon,0.10865415208399619,0.6807190582246262,0.7971683105313395,0.5997454661151767,0.20903595291123134,47.906458797327396,Medium opportunity for deeper review,Medium county
"Jefferson County, Kentucky",783022.0,22.3,69866.0,14.3,5.2,90.9,21111,Jefferson County,Kentucky,0.5628380528157811,0.5779510022271714,0.6683105313394846,0.38307349665924273,0.20314985682468978,47.906458797327396,Medium opportunity for deeper review,Large county
"Mason County, Michigan",29207.0,19.6,64748.0,14.1,4.5,86.5,26105,Mason County,Michigan,0.23989818644607064,0.5663378937321031,0.5227489659560929,0.5256124721603563,0.5400890868596881,47.893732103086215,Medium opportunity for deeper review,Small county
"Washington County, Ohio",58978.0,19.8,63603.0,13.7,4.8,87.5,39167,Washington County,Ohio,0.256761056315622,0.5359529112313076,0.5874960229080496,0.5542475342029908,0.45863824371619477,47.8619153674833,Medium opportunity for deeper review,Medium county
"Marshall County, Indiana",46284.0,24.5,71808.0,11.7,2.6,84.3,18099,Marshall County,Indiana,0.8227807826916959,0.37941457206490614,0.1551065860642698,0.33757556474705697,0.6959910913140313,47.8173719376392,Medium opportunity for deeper review,Small county
"Whiteside County, Illinois",54947.0,22.0,67500.0,12.0,4.4,86.7,17195,Whiteside County,Illinois,0.5224307986000636,0.40550429525930637,0.49713649379573654,0.4395482023544385,0.5251352211263125,47.79510022271715,Medium opportunity for deeper review,Medium county
"Wayne County, Pennsylvania",51262.0,16.4,62381.0,12.1,6.0,86.7,42127,Wayne County,Pennsylvania,0.062360801781737196,0.41298122812599425,0.7971683105313395,0.5914731148584156,0.5251352211263125,47.78237352847598,Medium opportunity for deeper review,Medium county
"Coryell County, Texas",84748.0,22.5,71301.0,11.2,7.1,90.6,48099,Coryell County,Texas,0.5911549475023863,0.33837098313713015,0.8864142538975501,0.35030225898822775,0.22223989818644607,47.769646834234806,Medium opportunity for deeper review,Medium county
"Franklin County, Maine",30413.0,17.1,58675.0,12.2,4.6,85.1,23007,Franklin County,Maine,0.08415526566974228,0.4212535793827553,0.5439070951320395,0.7018771874005727,0.636652879414572,47.75692013999364,Medium opportunity for deeper review,Small county
"Webster County, Iowa",36886.0,21.4,68975.0,12.9,4.8,87.3,19187,Webster County,Iowa,0.44177537384664334,0.4769328666878778,0.5874960229080496,0.40327712376710145,0.47709195036589247,47.73146675151129,Medium opportunity for deeper review,Small county
"Childress County, Texas",6743.0,20.2,58654.0,15.3,0.5,83.7,48075,Childress County,Texas,0.2966910594972956,0.6364937957365574,0.015112949411390391,0.7028316894686606,0.7336939230034998,47.696468342348076,Medium opportunity for deeper review,Small county
"Pulaski County, Virginia",33687.0,17.8,62028.0,14.4,3.2,81.7,51155,Pulaski County,Virginia,0.12042634425707922,0.583837098313713,0.25071587655106586,0.6022908049634108,0.8275532930321349,47.696468342348076,Medium opportunity for deeper review,Small county
"Calhoun County, Texas",19868.0,22.7,79959.0,7.7,7.4,86.0,48057,Calhoun County,Texas,0.6193127585109768,0.10054088450524976,0.9029589564110723,0.186446070633153,0.5754056633789373,47.69328666878778,Medium opportunity for deeper review,Small county
"Steele County, North Dakota",1804.0,21.8,77500.0,12.9,3.3,77.7,38091,Steele County,North Dakota,0.4928412344893414,0.4769328666878778,0.2696468342348075,0.22144447979637294,0.9220489977728286,47.65828825962456,Medium opportunity for deeper review,Small county
"Gratiot County, Michigan",41385.0,19.5,63556.0,14.0,4.2,85.9,26057,Gratiot County,Michigan,0.23114858415526568,0.5591791282214444,0.4513203945275215,0.5552020362710786,0.5828825962456252,47.59465478841871,Medium opportunity for deeper review,Small county
"Saline County, Kansas",53668.0,22.7,65422.0,11.9,4.8,90.0,20169,Saline County,Kansas,0.6193127585109768,0.3978682787146039,0.5874960229080496,0.5093859370028635,0.2653515749284123,47.588291441298125,Medium opportunity for deeper review,Medium county
"Owen County, Indiana",21604.0,20.3,62464.0,12.3,3.0,81.2,18119,Owen County,Indiana,0.3078269169583201,0.4303213490295896,0.2098313713013045,0.5879732739420935,0.8426662424435253,47.57238307349666,Medium opportunity for deeper review,Small county
"Passaic County, New Jersey",521012.0,23.6,87522.0,13.0,8.0,92.5,34031,Passaic County,New Jersey,0.7367165128857779,0.48536430162265354,0.9266624244352529,0.11422208081450846,0.11565383391664019,47.57238307349666,Medium opportunity for deeper review,Large county
"Clinton County, Iowa",46268.0,22.9,66981.0,13.2,3.4,87.2,19045,Clinton County,Iowa,0.6455615653833917,0.5020680878141902,0.28778237352847597,0.45657015590200445,0.48504613426662424,47.54056633789373,Medium opportunity for deeper review,Small county
"Fayette County, Iowa",19288.0,21.4,60165.0,12.0,3.2,85.3,19065,Fayette County,Iowa,0.44177537384664334,0.40550429525930637,0.25071587655106586,0.6573337575564747,0.6209035952911232,47.52465797009228,Medium opportunity for deeper review,Small county
"Marquette County, Michigan",67112.0,17.5,65429.0,14.0,4.6,84.8,26103,Marquette County,Michigan,0.10244988864142539,0.5591791282214444,0.5439070951320395,0.5081132675787464,0.6605154311167674,47.483296213808465,Medium opportunity for deeper review,Medium county
"Monroe County, Indiana",140965.0,15.7,65868.0,19.7,5.5,90.0,18105,Monroe County,Indiana,0.045975182946229716,0.8410754056633789,0.7265351574928413,0.495227489659561,0.2653515749284123,47.483296213808465,Medium opportunity for deeper review,Medium county
"McKean County, Pennsylvania",39904.0,19.4,62905.0,13.7,4.9,87.9,42083,McKean County,Pennsylvania,0.2223989818644607,0.5359529112313076,0.6104040725421572,0.5742920776328349,0.4298440979955457,47.45784282532612,Medium opportunity for deeper review,Small county
"Oneida County, New York",229124.0,21.4,70154.0,15.5,4.6,88.8,36065,Oneida County,New York,0.44177537384664334,0.6492204899777283,0.5439070951320395,0.37702831689468663,0.3598472796691059,47.43557111040408,Medium opportunity for deeper review,Medium county
"Osceola County, Florida",427415.0,23.9,72637.0,12.8,5.4,92.6,12097,Osceola County,Florida,0.7671014953865734,0.46818326439707286,0.7085587018771874,0.31912185809735916,0.1086541520839962,47.43238943684378,Medium opportunity for deeper review,Large county
"Scott County, Missouri",37933.0,24.0,62782.0,12.8,2.9,88.9,29201,Scott County,Missouri,0.7763283487114222,0.46818326439707286,0.19551384027998728,0.5800190900413618,0.3514158447343303,47.42920776328348,Medium opportunity for deeper review,Small county
"Norman County, Minnesota",6367.0,23.3,72260.0,10.1,5.3,88.3,27107,Norman County,Minnesota,0.6998090995863825,0.258510976773783,0.6870824053452116,0.32675787464206174,0.39882278078269173,47.41966274260261,Medium opportunity for deeper review,Small county
"Eddy County, North Dakota",2307.0,20.9,50850.0,14.2,2.5,88.1,38027,Eddy County,North Dakota,0.3773464842507159,0.5723830734966593,0.14110722239898185,0.8660515431116768,0.4137766465160675,47.413299395482035,Medium opportunity for deeper review,Small county
"Menominee County, Michigan",23247.0,17.4,56435.0,12.2,4.2,85.0,26109,Menominee County,Michigan,0.09640470887686924,0.4212535793827553,0.4513203945275215,0.756761056315622,0.6449252306713331,47.41329939548202,Medium opportunity for deeper review,Small county
"Chippewa County, Michigan",36295.0,17.6,62217.0,14.0,5.2,87.8,26033,Chippewa County,Michigan,0.10865415208399619,0.5591791282214444,0.6683105313394846,0.5959274578428253,0.43811644925230675,47.403754374801146,Medium opportunity for deeper review,Small county
"Leon County, Florida",297542.0,18.5,66287.0,18.7,5.7,91.4,12073,Leon County,Florida,0.15701559020044542,0.8073496659242761,0.7531021317212854,0.4766146993318485,0.17181037225580653,47.317849188673236,Medium opportunity for deeper review,Large county
"Shenandoah County, Virginia",44925.0,21.1,67191.0,11.8,4.8,86.5,51171,Shenandoah County,Virginia,0.3989818644607063,0.38927776010181353,0.5874960229080496,0.44957047406936046,0.5400890868596881,47.30830416799236,Medium opportunity for deeper review,Small county
"Dickey County, North Dakota",4935.0,22.8,68654.0,11.8,4.1,87.0,38021,Dickey County,North Dakota,0.6331530384982501,0.38927776010181353,0.4322303531657652,0.4094813872096723,0.5009545020680879,47.30194082087178,Medium opportunity for deeper review,Small county
"Emery County, Utah",10046.0,27.9,74291.0,12.5,3.6,88.9,49015,Emery County,Utah,0.9570474069360484,0.44447979637289214,0.32914412981228125,0.2817371937639198,0.3514158447343303,47.27648743238944,Medium opportunity for deeper review,Small county
"Franklin County, Nebraska",2846.0,20.2,60195.0,12.3,2.7,82.2,31061,Franklin County,Nebraska,0.2966910594972956,0.4303213490295896,0.17037861915367483,0.6560610881323576,0.8076678332803054,47.22239898186446,Medium opportunity for deeper review,Small county
"Ray County, Missouri",23145.0,22.8,74573.0,12.6,3.4,84.0,29177,Ray County,Missouri,0.6331530384982501,0.45147947820553613,0.28778237352847597,0.2748965956092905,0.7134902958956411,47.21603563474387,Medium opportunity for deeper review,Small county
"Kankakee County, Illinois",106635.0,22.8,71281.0,12.2,4.9,89.0,17091,Kankakee County,Illinois,0.6331530384982501,0.4212535793827553,0.6104040725421572,0.35221126312440343,0.3433025771555839,47.20649061406299,Medium opportunity for deeper review,Medium county
"Cheboygan County, Michigan",25865.0,15.3,62875.0,12.4,6.1,87.0,26031,Cheboygan County,Michigan,0.035634743875278395,0.4379573655742921,0.8075087496022908,0.5755647470569519,0.5009545020680879,47.15240216353802,Medium opportunity for deeper review,Small county
"Becker County, Minnesota",35343.0,23.3,71388.0,12.9,4.3,88.8,27005,Becker County,Minnesota,0.6998090995863825,0.4769328666878778,0.47216035634743875,0.34791600381800825,0.3598472796691059,47.13331212217627,Medium opportunity for deeper review,Small county
"Beadle County, South Dakota",19309.0,28.0,67681.0,13.6,1.9,88.9,46005,Beadle County,South Dakota,0.9580019090041362,0.5292713967546929,0.08160992682150811,0.4352529430480433,0.3514158447343303,47.111040407254215,Medium opportunity for deeper review,Small county
"Antelope County, Nebraska",6305.0,24.8,66105.0,9.2,1.7,83.3,31003,Antelope County,Nebraska,0.8461660833598473,0.19583200763601655,0.06617881005408845,0.4855233853006682,0.7569201399936367,47.012408526885146,Medium opportunity for deeper review,Small county
"Vanderburgh County, Indiana",180117.0,21.7,61648.0,14.3,4.2,90.5,18163,Vanderburgh County,Indiana,0.48106904231625836,0.5779510022271714,0.4513203945275215,0.6108813235762011,0.22923958001909006,47.00922685332484,Medium opportunity for deeper review,Medium county
"Pleasants County, West Virginia",7521.0,19.5,60932.0,11.6,8.5,91.4,54073,Pleasants County,West Virginia,0.23114858415526568,0.36971046770601335,0.9411390391345847,0.6360165447025135,0.17181037225580653,46.99650015908367,Medium opportunity for deeper review,Small county
"Audubon County, Iowa",5599.0,21.6,58229.0,11.8,1.3,83.7,19009,Audubon County,Iowa,0.4675469296850143,0.38927776010181353,0.043748011454024814,0.7133312122176265,0.7336939230034998,46.95195672923958,Medium opportunity for deeper review,Small county
"Woodson County, Kansas",3109.0,20.5,50326.0,12.4,1.6,85.0,20207,Woodson County,Kansas,0.32818962774419347,0.4379573655742921,0.05997454661151766,0.8762328985046134,0.6449252306713331,46.94559338211899,Medium opportunity for deeper review,Small county
"Lincoln County, Kansas",2923.0,21.1,57500.0,11.3,2.4,83.6,20105,Lincoln County,Kansas,0.3989818644607063,0.34743875278396436,0.12949411390391347,0.7311485841552656,0.7400572701240853,46.942411708558694,Medium opportunity for deeper review,Small county
"Escambia County, Florida",325923.0,20.9,67500.0,14.7,5.9,91.9,12033,Escambia County,Florida,0.3773464842507159,0.6032453070314986,0.7820553611199491,0.4395482023544385,0.14444797963728917,46.93286668787782,Medium opportunity for deeper review,Large county
"Lee County, Alabama",181134.0,20.9,65824.0,18.9,3.5,88.9,1081,Lee County,Alabama,0.3773464842507159,0.8132357620108177,0.3075087496022908,0.4969774101177219,0.3514158447343303,46.929685014317535,Medium opportunity for deeper review,Medium county
"Sullivan County, Pennsylvania",5888.0,10.4,69764.0,11.6,5.8,81.9,42113,Sullivan County,Pennsylvania,0.0034998409163219855,0.36971046770601335,0.7664651606745148,0.3856188355074769,0.8194400254533885,46.894686605154305,Medium opportunity for deeper review,Small county
"Grant County, West Virginia",10983.0,19.6,62361.0,13.3,3.3,83.7,54023,Grant County,West Virginia,0.23989818644607064,0.5093859370028635,0.2696468342348075,0.5917912822144449,0.7336939230034998,46.88832325803373,Medium opportunity for deeper review,Small county
"Marshall County, Kentucky",31743.0,20.1,65831.0,12.3,4.5,85.5,21157,Marshall County,Kentucky,0.2855552020362711,0.4303213490295896,0.5227489659560929,0.4966592427616926,0.6081769010499523,46.869233216671965,Medium opportunity for deeper review,Small county
"Hancock County, Mississippi",46167.0,19.2,67708.0,13.8,5.0,86.6,28045,Hancock County,Mississippi,0.20235443843461662,0.5431116767419663,0.6310849506840598,0.4339802736239262,0.5324530703149857,46.8596881959911,Medium opportunity for deeper review,Small county
"Pickens County, South Carolina",134629.0,18.6,61064.0,17.2,3.6,87.3,45077,Pickens County,South Carolina,0.16321985364301622,0.7416481069042317,0.32914412981228125,0.6312440343620744,0.47709195036589247,46.846961501749924,Medium opportunity for deeper review,Medium county
"Blair County, Pennsylvania",121277.0,20.1,62382.0,12.0,4.4,86.2,42013,Blair County,Pennsylvania,0.2855552020362711,0.40550429525930637,0.49713649379573654,0.5909958638243716,0.5620426344257079,46.824689786827875,Medium opportunity for deeper review,Medium county
"Payette County, Idaho",26771.0,25.5,67673.0,10.2,3.2,87.1,16075,Payette County,Idaho,0.8950047725103404,0.26582882596245627,0.25071587655106586,0.4358892777601018,0.4926821508113267,46.80241807190582,Medium opportunity for deeper review,Small county
"Forest County, Pennsylvania",6715.0,3.7,52191.0,11.9,2.5,74.8,42053,Forest County,Pennsylvania,0.0009545020680878142,0.3978682787146039,0.14110722239898185,0.8425071587655106,0.9564110722239898,46.776964683423486,Medium opportunity for deeper review,Small county
"Polk County, North Carolina",19891.0,15.3,67758.0,14.0,5.1,84.8,37149,Polk County,North Carolina,0.035634743875278395,0.5591791282214444,0.6509704104358893,0.43207126948775054,0.6605154311167674,46.767419662742604,Medium opportunity for deeper review,Small county
"Lander County, Nevada",5770.0,27.6,89014.0,10.7,9.4,95.2,32015,Lander County,Nevada,0.9527521476296532,0.30178173719376394,0.9613426662424436,0.10372255806554243,0.017976455615653864,46.751511294941146,Medium opportunity for deeper review,Small county
"Forest County, Wisconsin",9369.0,19.3,61071.0,15.2,2.9,84.7,55041,Forest County,Wisconsin,0.21158129175946547,0.6293350302258989,0.19551384027998728,0.6309258670060451,0.6699013681196309,46.745147947820556,Medium opportunity for deeper review,Small county
"Northumberland County, Pennsylvania",90560.0,19.7,60583.0,12.6,3.7,85.1,42097,Northumberland County,Pennsylvania,0.24896595609290487,0.45147947820553613,0.3523703468024181,0.6468342348075087,0.636652879414572,46.7260579064588,Medium opportunity for deeper review,Medium county
"Boone County, Arkansas",38138.0,22.5,55143.0,11.7,2.5,87.8,5009,Boone County,Arkansas,0.5911549475023863,0.37941457206490614,0.14110722239898185,0.7849188673242126,0.43811644925230675,46.694241170855875,Medium opportunity for deeper review,Small county
"Green Lake County, Wisconsin",19263.0,21.7,68196.0,13.8,2.8,84.1,55047,Green Lake County,Wisconsin,0.48106904231625836,0.5431116767419663,0.18310531339484568,0.41998090995863824,0.7071269487750557,46.687877823735285,Medium opportunity for deeper review,Small county
"Mercer County, Kentucky",23028.0,21.8,64824.0,10.7,4.4,86.8,21167,Mercer County,Kentucky,0.4928412344893414,0.30178173719376394,0.49713649379573654,0.5243398027362393,0.5167037861915367,46.65606108813236,Medium opportunity for deeper review,Small county
"Shawnee County, Kansas",178025.0,23.1,67104.0,12.7,4.1,89.4,20177,Shawnee County,Kansas,0.6719694559338212,0.46006999681832644,0.4322303531657652,0.453706649697741,0.31307667833280306,46.62106267896913,Medium opportunity for deeper review,Medium county
"Gove County, Kansas",2799.0,25.2,66029.0,5.1,2.6,82.4,20063,Gove County,Kansas,0.8736875596563792,0.015431116767419662,0.1551065860642698,0.48870505886096083,0.7979637289214127,46.61788100540885,Medium opportunity for deeper review,Small county
"Marshall County, Kansas",9993.0,24.2,68419.0,11.3,2.0,84.5,20117,Marshall County,Kansas,0.7946229716831054,0.34743875278396436,0.08892777601018136,0.4155265669742284,0.6839007317849188,46.608335984727965,Medium opportunity for deeper review,Small county
"Pope County, Illinois",3739.0,14.4,60050.0,13.3,2.8,74.9,17151,Pope County,Illinois,0.021635380209990455,0.5093859370028635,0.18310531339484568,0.6605154311167674,0.9552974864778874,46.59879096404708,Medium opportunity for deeper review,Small county
"Salem County, New Jersey",65275.0,21.9,79960.0,12.7,7.4,89.9,34033,Salem County,New Jersey,0.5068405981546293,0.46006999681832644,0.9029589564110723,0.1861279032771238,0.2726694241170856,46.57333757556475,Medium opportunity for deeper review,Medium county
"Martin County, Indiana",9830.0,21.8,68594.0,16.3,2.4,85.6,18101,Martin County,Indiana,0.4928412344893414,0.6929685014317531,0.12949411390391347,0.4110722239898187,0.6016544702513522,46.560610881323576,Medium opportunity for deeper review,Small county
"Cassia County, Idaho",25483.0,30.9,70830.0,12.4,2.4,88.1,16031,Cassia County,Idaho,0.9839325485205218,0.4379573655742921,0.12949411390391347,0.3614381164492523,0.4137766465160675,46.53197581928094,Medium opportunity for deeper review,Small county
"Carbon County, Pennsylvania",65382.0,18.9,67554.0,12.3,7.5,88.7,42025,Carbon County,Pennsylvania,0.18151447661469933,0.4303213490295896,0.9080496341075406,0.43875278396436523,0.3678014635698378,46.52879414572065,Medium opportunity for deeper review,Medium county
"Seneca County, New York",32920.0,20.3,68089.0,13.5,4.5,86.4,36099,Seneca County,New York,0.3078269169583201,0.5227489659560929,0.5227489659560929,0.42443525294304807,0.5485205217944639,46.525612472160354,Medium opportunity for deeper review,Small county
"Clark County, Idaho",849.0,28.5,55208.0,11.7,2.1,92.8,16033,Clark County,Idaho,0.9637289214126631,0.37941457206490614,0.09720012726694241,0.7841234489341393,0.09863188036907411,46.46197900095451,Medium opportunity for deeper review,Small county
"Warren County, Pennsylvania",37920.0,19.6,60480.0,10.8,4.4,85.2,42123,Warren County,Pennsylvania,0.23989818644607064,0.308304167992364,0.49713649379573654,0.6500159083678014,0.6275851097677378,46.45879732739421,Medium opportunity for deeper review,Small county
"Delta County, Michigan",36813.0,19.1,57809.0,12.7,4.2,87.1,26041,Delta County,Michigan,0.19455933821189947,0.46006999681832644,0.4513203945275215,0.7228762328985046,0.4926821508113267,46.43016226535157,Medium opportunity for deeper review,Small county
"Cass County, Minnesota",30992.0,20.0,68874.0,12.8,6.6,89.3,27021,Cass County,Minnesota,0.2748965956092905,0.46818326439707286,0.8533248488705059,0.4056633789373211,0.31944002545338845,46.43016226535157,Medium opportunity for deeper review,Small county
"Greene County, Missouri",303375.0,20.8,61479.0,13.6,3.4,86.7,29077,Greene County,Missouri,0.3636652879414572,0.5292713967546929,0.28778237352847597,0.6146993318485523,0.5251352211263125,46.41107222398982,Medium opportunity for deeper review,Large county
"Panola County, Texas",22726.0,23.1,64894.0,11.2,2.5,85.0,48365,Panola County,Texas,0.6719694559338212,0.33837098313713015,0.14110722239898185,0.5227489659560929,0.6449252306713331,46.38243716194719,Medium opportunity for deeper review,Small county
"Lawrence County, Indiana",45102.0,21.2,66468.0,12.2,3.5,84.1,18093,Lawrence County,Indiana,0.4139357301940821,0.4212535793827553,0.3075087496022908,0.46834234807508746,0.7071269487750557,46.36334712058542,Medium opportunity for deeper review,Small county
"Young County, Texas",18029.0,23.0,68010.0,16.5,3.5,90.6,48503,Young County,Texas,0.657651924912504,0.7039452752147629,0.3075087496022908,0.42666242443525293,0.22223989818644607,46.36016544702514,Medium opportunity for deeper review,Small county
"Burnett County, Wisconsin",16916.0,15.7,62819.0,12.8,4.9,85.4,55013,Burnett County,Wisconsin,0.045975182946229716,0.46818326439707286,0.6104040725421572,0.5781100859051862,0.6150174992045816,46.35380209990455,Medium opportunity for deeper review,Small county
"Del Norte County, California",27107.0,20.9,67058.0,12.9,6.4,91.4,6015,Del Norte County,California,0.3773464842507159,0.4769328666878778,0.8361438116449252,0.45529748647788737,0.17181037225580653,46.35062042634425,Medium opportunity for deeper review,Small county
"Ocean County, New Jersey",654362.0,25.0,89863.0,10.5,5.4,88.7,34029,Ocean County,New Jersey,0.8584155265669742,0.2865097041043589,0.7085587018771874,0.09608654152083995,0.3678014635698378,46.34743875278396,Medium opportunity for deeper review,Large county
"Edgar County, Illinois",16535.0,19.8,59941.0,12.0,4.4,87.1,17045,Edgar County,Illinois,0.256761056315622,0.40550429525930637,0.49713649379573654,0.664651606745148,0.4926821508113267,46.33471205854279,Medium opportunity for deeper review,Small county
"Caroline County, Virginia",32098.0,22.7,87407.0,11.2,5.3,86.3,51033,Caroline County,Virginia,0.6193127585109768,0.33837098313713015,0.6870824053452116,0.11549475023862554,0.5556792873051225,46.318803690741326,Medium opportunity for deeper review,Small county
"Van Zandt County, Texas",62649.0,23.0,69475.0,11.1,3.5,85.2,48467,Van Zandt County,Texas,0.657651924912504,0.3285077951002227,0.3075087496022908,0.3926185173401209,0.6275851097677378,46.27744193445753,Medium opportunity for deeper review,Medium county
"Davidson County, North Carolina",172954.0,21.7,64172.0,12.8,4.1,88.4,37057,Davidson County,North Carolina,0.48106904231625836,0.46818326439707286,0.4322303531657652,0.5383391664015271,0.3916640152720331,46.22971683105314,Medium opportunity for deeper review,Medium county
"Mower County, Minnesota",40343.0,25.5,73074.0,10.4,3.9,87.9,27099,Mower County,Minnesota,0.8950047725103404,0.2801463569837735,0.3970728603245307,0.30703149856824685,0.4298440979955457,46.18199172764874,Medium opportunity for deeper review,Small county
"Marshall County, Tennessee",36049.0,23.4,71049.0,11.8,3.9,87.6,47117,Marshall County,Tennessee,0.7114222080814508,0.38927776010181353,0.3970728603245307,0.35793827553293034,0.45179764556156543,46.15017499204582,Medium opportunity for deeper review,Small county
"Brule County, South Dakota",5283.0,24.3,73720.0,10.7,1.5,80.9,46015,Brule County,South Dakota,0.8033725739739103,0.30178173719376394,0.054088450524976135,0.2971683105313395,0.8509385937002863,46.14699331848553,Medium opportunity for deeper review,Small county
"Cumberland County, Virginia",9818.0,19.5,55325.0,8.5,3.3,79.9,51049,Cumberland County,Virginia,0.23114858415526568,0.1479478205536112,0.2696468342348075,0.7804645243398027,0.8775055679287305,46.13426662424435,Medium opportunity for deeper review,Small county
"Curry County, Oregon",23381.0,14.1,62244.0,15.2,5.8,89.6,41015,Curry County,Oregon,0.01845370664969774,0.6293350302258989,0.7664651606745148,0.5946547884187082,0.2963728921412663,46.10563156220172,Medium opportunity for deeper review,Small county
"Washington County, Tennessee",136261.0,18.7,62809.0,15.5,4.7,89.0,47179,Washington County,Tennessee,0.16958320076360164,0.6492204899777283,0.5641107222398982,0.5784282532612154,0.3433025771555839,46.09290486796055,Medium opportunity for deeper review,Medium county
"Tom Green County, Texas",119577.0,23.7,68370.0,11.1,3.7,87.5,48451,Tom Green County,Texas,0.7476932866687878,0.3285077951002227,0.3523703468024181,0.4171174037543748,0.45863824371619477,46.08654152083996,Medium opportunity for deeper review,Medium county
"Kidder County, North Dakota",2377.0,22.0,65610.0,10.2,1.5,74.6,38043,Kidder County,North Dakota,0.5224307986000636,0.26582882596245627,0.054088450524976135,0.5027044225262488,0.9583200763601655,46.06745147947821,Medium opportunity for deeper review,Small county
"Coos County, New Hampshire",31271.0,16.0,57677.0,13.2,4.3,86.4,33007,Coos County,New Hampshire,0.05186127903277124,0.5020680878141902,0.47216035634743875,0.7282850779510022,0.5485205217944639,46.057906458797326,Medium opportunity for deeper review,Small county
"Moultrie County, Illinois",14424.0,25.2,71784.0,9.2,2.2,82.6,17139,Moultrie County,Illinois,0.8736875596563792,0.19583200763601655,0.10610881323576202,0.33789373210308626,0.7885777919185492,46.04199809099586,Medium opportunity for deeper review,Small county
"Clark County, Nevada",2329548.0,22.2,76472.0,13.0,7.6,92.5,32003,Clark County,Nevada,0.5493159401845371,0.48536430162265354,0.9129812281259942,0.23862551702195356,0.11565383391664019,46.03881641743558,Medium opportunity for deeper review,Very large county
"Somerset County, Maine",50959.0,18.4,58179.0,14.2,3.5,86.3,23025,Somerset County,Maine,0.15112949411390392,0.5723830734966593,0.3075087496022908,0.7152402163538021,0.5556792873051225,46.03881641743558,Medium opportunity for deeper review,Medium county
"Alfalfa County, Oklahoma",5696.0,18.3,64615.0,16.5,4.3,87.6,40003,Alfalfa County,Oklahoma,0.1457206490614063,0.7039452752147629,0.47216035634743875,0.5281578110085905,0.45179764556156543,46.03563474387528,Medium opportunity for deeper review,Small county
"Stafford County, Kansas",3978.0,24.3,64226.0,10.5,2.5,86.6,20185,Stafford County,Kansas,0.8033725739739103,0.2865097041043589,0.14110722239898185,0.5370664969774102,0.5324530703149857,46.01018135539293,Medium opportunity for deeper review,Small county
"Shasta County, California",181436.0,21.6,72636.0,13.3,6.3,91.3,6089,Shasta County,California,0.4675469296850143,0.5093859370028635,0.8251670378619154,0.31944002545338845,0.17849188673242122,46.00063633471205,Medium opportunity for deeper review,Medium county
"Effingham County, Georgia",69143.0,26.4,88438.0,6.8,5.5,87.3,13103,Effingham County,Georgia,0.9282532612153993,0.05949729557747375,0.7265351574928413,0.10817690104995226,0.47709195036589247,45.99109131403118,Medium opportunity for deeper review,Medium county
"Pipestone County, Minnesota",9284.0,26.9,69628.0,10.5,3.2,87.9,27117,Pipestone County,Minnesota,0.9408208717785556,0.2865097041043589,0.25071587655106586,0.3897550111358574,0.4298440979955457,45.952911231307674,Medium opportunity for deeper review,Small county
"Des Moines County, Iowa",38487.0,22.2,62928.0,12.8,3.1,87.3,19057,Des Moines County,Iowa,0.5493159401845371,0.46818326439707286,0.2286032453070315,0.5736557429207763,0.47709195036589247,45.9370028635062,Medium opportunity for deeper review,Small county
"Ralls County, Missouri",10428.0,21.2,65388.0,11.4,4.8,87.9,29173,Ralls County,Missouri,0.4139357301940821,0.3550747693286669,0.5874960229080496,0.5103404390709514,0.4298440979955457,45.93382118994591,Medium opportunity for deeper review,Small county
"Lauderdale County, Alabama",95830.0,19.4,62649.0,12.2,4.1,85.1,1077,Lauderdale County,Alabama,0.2223989818644607,0.4212535793827553,0.4322303531657652,0.583359847279669,0.636652879414572,45.917912822144444,Medium opportunity for deeper review,Medium county
"Pottawattamie County, Iowa",93424.0,22.9,73602.0,12.1,3.8,86.2,19155,Pottawattamie County,Iowa,0.6455615653833917,0.41298122812599425,0.3752783964365256,0.2993954820235444,0.5620426344257079,45.90518612790328,Medium opportunity for deeper review,Medium county
"Morrison County, Minnesota",34249.0,23.0,69446.0,11.0,4.0,86.9,27097,Morrison County,Minnesota,0.657651924912504,0.31975819280941775,0.41520839961819916,0.39420935412026725,0.5082723512567611,45.902004454342986,Medium opportunity for deeper review,Small county
"Granville County, North Carolina",60877.0,20.7,71111.0,15.2,4.6,88.1,37077,Granville County,North Carolina,0.35141584473433024,0.6293350302258989,0.5439070951320395,0.35634743875278396,0.4137766465160675,45.895641107222396,Medium opportunity for deeper review,Medium county
"Itasca County, Minnesota",45275.0,20.2,68603.0,12.2,5.9,88.5,27061,Itasca County,Minnesota,0.2966910594972956,0.4212535793827553,0.7820553611199491,0.4107540566337894,0.3835507476932867,45.88609608654153,Medium opportunity for deeper review,Small county
"Carbon County, Wyoming",14463.0,22.4,70511.0,12.2,5.0,89.6,56007,Carbon County,Wyoming,0.5760419980909959,0.4212535793827553,0.6310849506840598,0.36907413299395486,0.2963728921412663,45.876551065860646,Medium opportunity for deeper review,Small county
"Barber County, Kansas",4069.0,22.9,61926.0,11.8,1.2,85.4,20007,Barber County,Kansas,0.6455615653833917,0.38927776010181353,0.0383391664015272,0.604836143811645,0.6150174992045816,45.86064269805918,Medium opportunity for deeper review,Small county
"Hardeman County, Texas",3501.0,21.3,63333.0,10.7,2.4,80.2,48197,Hardeman County,Texas,0.42888959592745785,0.30178173719376394,0.12949411390391347,0.5618835507476934,0.8701877187400573,45.84473433025772,Medium opportunity for deeper review,Small county
"Kenai Peninsula Borough, Alaska",60413.0,22.0,80538.0,11.8,7.0,89.3,2122,Kenai Peninsula Borough,Alaska,0.5224307986000636,0.38927776010181353,0.8806872414890232,0.17944638880050912,0.31944002545338845,45.82564428889596,Medium opportunity for deeper review,Medium county
"Mariposa County, California",17082.0,17.2,68412.0,14.0,6.0,87.9,6043,Mariposa County,California,0.08813235762010818,0.5591791282214444,0.7971683105313395,0.416162901686287,0.4298440979955457,45.8097359210945,Medium opportunity for deeper review,Small county
"Jackson County, Iowa",19390.0,22.2,74186.0,9.7,5.1,86.0,19097,Jackson County,Iowa,0.5493159401845371,0.22923958001909003,0.6509704104358893,0.2850779510022272,0.5754056633789373,45.80019090041362,Medium opportunity for deeper review,Small county
"Scotland County, Missouri",4686.0,29.9,68913.0,7.3,0.2,81.9,29199,Scotland County,Missouri,0.9766146993318485,0.08001909004136176,0.008908685968819599,0.4047088768692332,0.8194400254533885,45.793827553293035,Medium opportunity for deeper review,Small county
"Darke County, Ohio",51594.0,23.6,64486.0,11.0,2.8,86.8,39037,Darke County,Ohio,0.7367165128857779,0.31975819280941775,0.18310531339484568,0.531021317212854,0.5167037861915367,45.746102449888646,Medium opportunity for deeper review,Medium county
"Crawford County, Wisconsin",16042.0,19.2,64094.0,13.8,3.1,83.0,55023,Crawford County,Wisconsin,0.20235443843461662,0.5431116767419663,0.2286032453070315,0.5402481705377029,0.7712376710149539,45.711104040725424,Medium opportunity for deeper review,Small county
"Langlade County, Wisconsin",19490.0,19.1,55878.0,13.5,3.5,87.1,55067,Langlade County,Wisconsin,0.19455933821189947,0.5227489659560929,0.3075087496022908,0.766783328030544,0.4926821508113267,45.68565065224308,Medium opportunity for deeper review,Small county
"Bernalillo County, New Mexico",673930.0,20.3,69473.0,15.2,5.3,90.0,35001,Bernalillo County,New Mexico,0.3078269169583201,0.6293350302258989,0.6870824053452116,0.3929366846961502,0.2653515749284123,45.65065224307986,Medium opportunity for deeper review,Large county
"Sevier County, Tennessee",99652.0,20.8,62581.0,13.5,3.3,86.5,47155,Sevier County,Tennessee,0.3636652879414572,0.5227489659560929,0.2696468342348075,0.5851097677378301,0.5400890868596881,45.625198854597514,Medium opportunity for deeper review,Medium county
"Marion County, Oregon",349244.0,23.5,77351.0,13.0,5.3,91.6,41047,Marion County,Oregon,0.7239898186446071,0.48536430162265354,0.6870824053452116,0.22462615335666558,0.15987909640470888,45.61883550747694,Medium opportunity for deeper review,Large county
"Aurora County, South Dakota",2642.0,25.5,72885.0,10.6,1.2,83.6,46003,Aurora County,South Dakota,0.8950047725103404,0.29430480432707606,0.0383391664015272,0.3114858415526567,0.7400572701240853,45.583837098313715,Medium opportunity for deeper review,Small county
"Shackelford County, Texas",3175.0,20.7,73047.0,9.5,7.5,87.1,48417,Shackelford County,Texas,0.35141584473433024,0.21762647152402165,0.9080496341075406,0.30766783328030545,0.4926821508113267,45.54883868915049,Medium opportunity for deeper review,Small county
"Lewis County, Washington",85154.0,21.6,74796.0,12.2,5.3,87.9,53041,Lewis County,Washington,0.4675469296850143,0.4212535793827553,0.6870824053452116,0.2717149220489977,0.4298440979955457,45.54883868915049,Medium opportunity for deeper review,Medium county
"Wells County, North Dakota",3890.0,23.4,66114.0,9.1,2.0,82.3,38103,Wells County,North Dakota,0.7114222080814508,0.18851415844734332,0.08892777601018136,0.48472796691059494,0.8028953229398663,45.52974864778873,Medium opportunity for deeper review,Small county
"Oldham County, Texas",2249.0,38.6,79900.0,20.7,1.7,91.7,48359,Oldham County,Texas,0.9987273305758829,0.8695513840279987,0.06617881005408845,0.18771874005727007,0.15367483296213813,45.51702195354756,Medium opportunity for deeper review,Small county
"Defiance County, Ohio",38343.0,22.5,73064.0,10.5,5.2,88.0,39039,Defiance County,Ohio,0.5911549475023863,0.2865097041043589,0.6683105313394846,0.30734966592427615,0.42141266306076997,45.49475023862552,Medium opportunity for deeper review,Small county
"Custer County, Nebraska",10518.0,24.3,67906.0,7.1,2.6,82.0,31041,Custer County,Nebraska,0.8033725739739103,0.0717467387846007,0.1551065860642698,0.4295259306395164,0.8146675151129494,45.48838689150493,Medium opportunity for deeper review,Small county
"Roberts County, Texas",832.0,27.2,67868.0,5.6,0.5,80.8,48393,Roberts County,Texas,0.9468660515431117,0.026726057906458798,0.015112949411390391,0.43079860006363346,0.8536430162265352,45.46293350302258,Medium opportunity for deeper review,Small county
"Moore County, Tennessee",6674.0,19.6,66469.0,8.0,4.5,77.4,47127,Moore County,Tennessee,0.23989818644607064,0.11517658288259625,0.5227489659560929,0.46802418071905827,0.926185173401209,45.44066178810054,Medium opportunity for deeper review,Small county
"Brown County, Nebraska",2869.0,20.1,54676.0,13.4,1.7,85.5,31017,Brown County,Nebraska,0.2855552020362711,0.5159083678014635,0.06617881005408845,0.7931912185809735,0.6081769010499523,45.38020999045497,Medium opportunity for deeper review,Small county
"Plaquemines Parish, Louisiana",22803.0,24.6,86315.0,12.9,4.2,88.5,22075,Plaquemines Parish,Louisiana,0.8321667196945594,0.4769328666878778,0.4513203945275215,0.12472160356347439,0.3835507476932867,45.37384664333439,Medium opportunity for deeper review,Small county
"Champaign County, Illinois",208741.0,19.1,63683.0,19.1,4.3,90.5,17019,Champaign County,Illinois,0.19455933821189947,0.8208717785555202,0.47216035634743875,0.5517021953547566,0.22923958001909006,45.3706649697741,Medium opportunity for deeper review,Medium county
"Clinton County, Missouri",21414.0,23.2,70627.0,12.3,3.0,86.0,29049,Clinton County,Missouri,0.6870824053452116,0.4303213490295896,0.2098313713013045,0.3658924594336621,0.5754056633789373,45.3706649697741,Medium opportunity for deeper review,Small county
"Bland County, Virginia",6199.0,13.8,61216.0,13.6,2.3,70.5,51021,Bland County,Virginia,0.01479478205536112,0.5292713967546929,0.11756283805281578,0.6242443525294306,0.9817053770283168,45.35157492841234,Medium opportunity for deeper review,Small county
"Beaver County, Oklahoma",5028.0,24.6,64276.0,13.3,2.6,90.4,40007,Beaver County,Oklahoma,0.8321667196945594,0.5093859370028635,0.1551065860642698,0.535793827553293,0.2351256761056315,45.35157492841233,Medium opportunity for deeper review,Small county
"Howard County, Missouri",10147.0,21.2,65938.0,12.0,3.7,85.6,29089,Howard County,Missouri,0.4139357301940821,0.40550429525930637,0.3523703468024181,0.49315940184537066,0.6016544702513522,45.33248488705059,Medium opportunity for deeper review,Small county
"Mitchell County, Kansas",5779.0,22.9,64246.0,12.2,0.1,84.9,20123,Mitchell County,Kansas,0.6455615653833917,0.4212535793827553,0.0077951002227171495,0.5361119949093223,0.652402163538021,45.26248806872415,Medium opportunity for deeper review,Small county
"Knox County, Indiana",36007.0,21.6,61237.0,13.7,3.1,88.2,18083,Knox County,Indiana,0.4675469296850143,0.5359529112313076,0.2286032453070315,0.6239261851734013,0.4070951320394528,45.26248806872415,Medium opportunity for deeper review,Small county
"Orleans County, New York",39608.0,18.8,65969.0,12.7,5.1,87.2,36073,Orleans County,New York,0.17578746420617244,0.46006999681832644,0.6509704104358893,0.4909322303531658,0.48504613426662424,45.25612472160357,Medium opportunity for deeper review,Small county
"Hart County, Georgia",26939.0,20.3,59385.0,11.9,3.4,85.8,13147,Hart County,Georgia,0.3078269169583201,0.3978682787146039,0.28778237352847597,0.679923639834553,0.5887686923321667,45.243398027362396,Medium opportunity for deeper review,Small county
"Kiowa County, Colorado",1376.0,21.7,58618.0,11.8,0.1,84.6,8061,Kiowa County,Colorado,0.48106904231625836,0.38927776010181353,0.0077951002227171495,0.7044225262488069,0.6780146356983774,45.21158129175946,Medium opportunity for deeper review,Small county
"Harvey County, Kansas",33756.0,23.5,74368.0,8.2,4.8,86.5,20079,Harvey County,Kansas,0.7239898186446071,0.12726694241170855,0.5874960229080496,0.2799872733057588,0.5400890868596881,45.17658288259625,Medium opportunity for deeper review,Small county
"Bowman County, North Dakota",2906.0,24.7,72109.0,13.4,3.1,89.0,38011,Bowman County,North Dakota,0.8396436525612472,0.5159083678014635,0.2286032453070315,0.330575882914413,0.3433025771555839,45.160674514794785,Medium opportunity for deeper review,Small county
"Guilford County, North Carolina",547940.0,22.0,68642.0,14.6,4.6,91.2,37081,Guilford County,North Carolina,0.5224307986000636,0.5959274578428253,0.5439070951320395,0.4097995545657016,0.1854915685650652,45.1511294941139,Medium opportunity for deeper review,Large county
"Logan County, North Dakota",1819.0,20.9,62750.0,12.4,1.7,82.5,38047,Logan County,North Dakota,0.3773464842507159,0.4379573655742921,0.06617881005408845,0.5809735921094495,0.793032134902959,45.109767737830104,Medium opportunity for deeper review,Small county
"St. Charles Parish, Louisiana",51396.0,24.1,80897.0,11.7,6.7,93.8,22089,St. Charles Parish,Louisiana,0.7858733693923003,0.37941457206490614,0.861119949093223,0.1727648743238943,0.054565701559020074,45.074769328666875,Medium opportunity for deeper review,Medium county
"Montgomery County, Tennessee",234153.0,26.8,75613.0,11.3,5.1,93.6,47125,Montgomery County,Tennessee,0.9389118676423799,0.34743875278396436,0.6509704104358893,0.2551702195354757,0.06061088132357617,45.062042634425715,Medium opportunity for deeper review,Medium county
"Henderson County, Kentucky",44280.0,22.6,58851.0,14.6,2.5,90.7,21101,Henderson County,Kentucky,0.6056315622017181,0.5959274578428253,0.14110722239898185,0.6950365892459434,0.21508113267578743,45.055679287305125,Medium opportunity for deeper review,Small county
"Irion County, Texas",1409.0,23.4,70357.0,10.8,0.4,81.1,48235,Irion County,Texas,0.7114222080814508,0.308304167992364,0.012885777919185491,0.3735284759783646,0.845847916003818,45.03977091950367,Medium opportunity for deeper review,Small county
"Clinton County, Indiana",32944.0,26.9,65019.0,9.8,2.6,88.3,18023,Clinton County,Indiana,0.9408208717785556,0.23814826598790964,0.1551065860642698,0.5189309576837416,0.39882278078269173,45.03658924594337,Medium opportunity for deeper review,Small county
"Taylor County, Iowa",5868.0,22.7,67740.0,11.0,2.9,84.5,19173,Taylor County,Iowa,0.6193127585109768,0.31975819280941775,0.19551384027998728,0.43270760419980914,0.6839007317849188,45.0238625517022,Medium opportunity for deeper review,Small county
"Freeborn County, Minnesota",30623.0,21.8,71023.0,10.6,4.6,86.3,27047,Freeborn County,Minnesota,0.4928412344893414,0.29430480432707606,0.5439070951320395,0.3585746102449888,0.5556792873051225,44.90614062997136,Medium opportunity for deeper review,Small county
"Stutsman County, North Dakota",21549.0,20.1,61856.0,12.6,4.0,87.2,38093,Stutsman County,North Dakota,0.2855552020362711,0.45147947820553613,0.41520839961819916,0.6070633153038498,0.48504613426662424,44.88705058860961,Medium opportunity for deeper review,Small county
"Linn County, Oregon",130706.0,22.0,76329.0,13.0,6.0,91.0,41043,Linn County,Oregon,0.5224307986000636,0.48536430162265354,0.7971683105313395,0.24085268851415842,0.19837734648425076,44.88386891504931,Medium opportunity for deeper review,Medium county
"Morris County, Kansas",5340.0,20.7,58686.0,12.1,2.5,85.1,20127,Morris County,Kansas,0.35141584473433024,0.41298122812599425,0.14110722239898185,0.7007636016544703,0.636652879414572,44.85841552656697,Medium opportunity for deeper review,Small county
"McCracken County, Kentucky",67564.0,21.8,64373.0,15.2,3.2,89.1,21145,McCracken County,Kentucky,0.4928412344893414,0.6293350302258989,0.25071587655106586,0.534521158129176,0.33487114222080816,44.8456888323258,Medium opportunity for deeper review,Medium county
"Buena Vista County, Iowa",20753.0,26.6,71719.0,7.8,5.5,92.1,19021,Buena Vista County,Iowa,0.9339802736239262,0.10626789691377665,0.7265351574928413,0.33916640152720334,0.1361756283805282,44.84250715876551,Medium opportunity for deeper review,Small county
"Juneau County, Wisconsin",26689.0,19.3,67270.0,13.0,3.8,83.9,55057,Juneau County,Wisconsin,0.21158129175946547,0.48536430162265354,0.3752783964365256,0.4473433025771556,0.7214444797963728,44.82023544384345,Medium opportunity for deeper review,Small county
"Niagara County, New York",210721.0,19.9,69633.0,13.5,5.9,89.8,36063,Niagara County,New York,0.2653515749284123,0.5227489659560929,0.7820553611199491,0.38943684377982823,0.2809417753738467,44.81069042316258,Medium opportunity for deeper review,Medium county
"Cooper County, Missouri",16824.0,22.3,70625.0,11.7,4.3,87.5,29053,Cooper County,Missouri,0.5628380528157811,0.37941457206490614,0.47216035634743875,0.3665287941457207,0.45863824371619477,44.79160038180083,Medium opportunity for deeper review,Small county
"Amherst County, Virginia",31485.0,20.0,68724.0,10.8,4.7,84.5,51009,Amherst County,Virginia,0.2748965956092905,0.308304167992364,0.5641107222398982,0.40820871778555523,0.6839007317849188,44.78841870824054,Medium opportunity for deeper review,Small county
"Oxford County, Maine",59255.0,17.6,60173.0,13.8,4.3,87.5,23017,Oxford County,Maine,0.10865415208399619,0.5431116767419663,0.47216035634743875,0.6566974228444162,0.45863824371619477,44.78523703468024,Medium opportunity for deeper review,Medium county
"Sheridan County, Nebraska",5014.0,21.3,60121.0,11.3,2.0,84.0,31161,Sheridan County,Nebraska,0.42888959592745785,0.34743875278396436,0.08892777601018136,0.6592427616926504,0.7134902958956411,44.759783646197896,Medium opportunity for deeper review,Small county
"Hardin County, Illinois",3605.0,14.8,54271.0,11.0,2.8,78.6,17069,Hardin County,Illinois,0.02783964365256125,0.31975819280941775,0.18310531339484568,0.8011454024817054,0.9051861279032771,44.740693604836146,Medium opportunity for deeper review,Small county
"Ashland County, Ohio",52256.0,22.5,69860.0,13.3,3.6,88.0,39005,Ashland County,Ohio,0.5911549475023863,0.5093859370028635,0.32914412981228125,0.383391664015272,0.42141266306076997,44.68978682787146,Medium opportunity for deeper review,Medium county
"Barnes County, North Dakota",10773.0,19.7,68038.0,12.1,3.8,83.0,38003,Barnes County,North Dakota,0.24896595609290487,0.41298122812599425,0.3752783964365256,0.42570792236716515,0.7712376710149539,44.683423480750875,Medium opportunity for deeper review,Small county
"Lincoln County, Nebraska",33802.0,22.9,65148.0,12.4,3.6,89.5,31111,Lincoln County,Nebraska,0.6455615653833917,0.4379573655742921,0.32914412981228125,0.5154311167674197,0.3051224944320713,44.664333439389125,Medium opportunity for deeper review,Small county
"Clay County, Minnesota",66059.0,24.7,81172.0,13.3,4.1,89.8,27027,Clay County,Minnesota,0.8396436525612472,0.5093859370028635,0.4322303531657652,0.17021953547566016,0.2809417753738467,44.64842507158765,Medium opportunity for deeper review,Medium county
"St. James Parish, Louisiana",19528.0,22.1,65531.0,11.1,4.1,87.9,22093,St. James Parish,Louisiana,0.5359529112313076,0.3285077951002227,0.4322303531657652,0.5055679287305123,0.4298440979955457,44.64206172446706,Medium opportunity for deeper review,Small county
"Kanabec County, Minnesota",16390.0,21.3,71460.0,10.0,4.6,84.8,27065,Kanabec County,Minnesota,0.42888959592745785,0.25230671333121224,0.5439070951320395,0.34616608335984733,0.6605154311167674,44.635698377346486,Medium opportunity for deeper review,Small county
"Jeff Davis County, Texas",1865.0,18.0,59286.0,23.9,0.0,87.3,48243,Jeff Davis County,Texas,0.13140311804008908,0.9354120267260579,0.003658924594336621,0.6840598154629335,0.47709195036589247,44.63251670378619,Medium opportunity for deeper review,Small county
"Platte County, Wyoming",8612.0,20.2,67718.0,7.7,4.6,80.7,56031,Platte County,Wyoming,0.2966910594972956,0.10054088450524976,0.5439070951320395,0.4336621062678969,0.8566656061088133,44.6293350302259,Medium opportunity for deeper review,Small county
"Patrick County, Virginia",17512.0,17.4,53038.0,11.7,2.5,82.6,51141,Patrick County,Virginia,0.09640470887686924,0.37941457206490614,0.14110722239898185,0.82532612153993,0.7885777919185492,44.61660833598473,Medium opportunity for deeper review,Small county
"Jefferson County, Indiana",32998.0,19.9,64577.0,12.3,4.4,86.9,18077,Jefferson County,Indiana,0.2653515749284123,0.4303213490295896,0.49713649379573654,0.5297486477887369,0.5082723512567611,44.61660833598472,Medium opportunity for deeper review,Small county
"Fremont County, Colorado",49634.0,16.0,62664.0,13.3,4.3,85.4,8043,Fremont County,Colorado,0.05186127903277124,0.5093859370028635,0.47216035634743875,0.5822462615335666,0.6150174992045816,44.61342666242444,Medium opportunity for deeper review,Small county
"Bay County, Michigan",103008.0,19.6,61763.0,13.2,4.3,88.2,26017,Bay County,Michigan,0.23989818644607064,0.5020680878141902,0.47216035634743875,0.6092904867960547,0.4070951320394528,44.61024498886414,Medium opportunity for deeper review,Medium county
"Cowlitz County, Washington",112360.0,22.5,76531.0,12.2,5.9,91.0,53015,Cowlitz County,Washington,0.5911549475023863,0.4212535793827553,0.7820553611199491,0.23719376391982183,0.19837734648425076,44.600699968183264,Medium opportunity for deeper review,Medium county
"Boone County, Illinois",53230.0,23.8,84571.0,9.9,7.4,91.2,17007,Boone County,Illinois,0.7573973910276806,0.24610244988864144,0.9029589564110723,0.1374482978046453,0.1854915685650652,44.5879732739421,Medium opportunity for deeper review,Medium county
"Asotin County, Washington",22467.0,19.6,72283.0,14.2,5.0,87.5,53003,Asotin County,Washington,0.23989818644607064,0.5723830734966593,0.6310849506840598,0.32643970728603244,0.45863824371619477,44.56888323258033,Medium opportunity for deeper review,Small county
"Hutchinson County, South Dakota",7404.0,26.4,73977.0,12.2,1.6,86.7,46067,Hutchinson County,South Dakota,0.9282532612153993,0.4212535793827553,0.05997454661151766,0.2920776328348711,0.5251352211263125,44.53388482341712,Medium opportunity for deeper review,Small county
"Lyon County, Kansas",32186.0,22.2,59912.0,14.6,2.0,89.2,20111,Lyon County,Kansas,0.5493159401845371,0.5959274578428253,0.08892777601018136,0.6656061088132358,0.3265987909640471,44.52752147629653,Medium opportunity for deeper review,Small county
"Burt County, Nebraska",6740.0,22.4,63685.0,13.2,1.1,86.2,31021,Burt County,Nebraska,0.5760419980909959,0.5020680878141902,0.03436207445116131,0.5513840279987273,0.5620426344257079,44.517976455615646,Medium opportunity for deeper review,Small county
"Hot Springs County, Wyoming",4620.0,22.6,61250.0,14.7,2.9,91.0,56017,Hot Springs County,Wyoming,0.6056315622017181,0.6032453070314986,0.19551384027998728,0.623130766783328,0.19837734648425076,44.517976455615646,Medium opportunity for deeper review,Small county
"DeKalb County, Georgia",765351.0,22.7,80644.0,13.7,6.4,93.7,13089,DeKalb County,Georgia,0.6193127585109768,0.5359529112313076,0.8361438116449252,0.17690104995227485,0.05742920776328353,44.514794782055354,Medium opportunity for deeper review,Large county
"Tippecanoe County, Indiana",189071.0,20.3,60636.0,19.2,3.3,91.3,18157,Tippecanoe County,Indiana,0.3078269169583201,0.8250079541839007,0.2696468342348075,0.6446070633153038,0.17849188673242122,44.51161310849507,Medium opportunity for deeper review,Medium county
"Faribault County, Minnesota",13914.0,22.1,66815.0,10.4,3.4,84.8,27043,Faribault County,Minnesota,0.5359529112313076,0.2801463569837735,0.28778237352847597,0.4610244988864143,0.6605154311167674,44.50843143493478,Medium opportunity for deeper review,Small county
"Rock County, Nebraska",1319.0,19.9,58125.0,10.8,1.2,79.0,31149,Rock County,Nebraska,0.2653515749284123,0.308304167992364,0.0383391664015272,0.7165128857779192,0.8965956092904868,44.50206808781418,Medium opportunity for deeper review,Small county
"Craig County, Virginia",4856.0,23.1,69057.0,13.7,2.2,86.9,51045,Craig County,Virginia,0.6719694559338212,0.5359529112313076,0.10610881323576202,0.4024817053770283,0.5082723512567611,44.49570474069361,Medium opportunity for deeper review,Small county
"Nodaway County, Missouri",20774.0,17.0,59315.0,17.1,2.4,85.7,29147,Nodaway County,Missouri,0.0801781737193764,0.7357620108176901,0.12949411390391347,0.683423480750875,0.5951320394527522,44.479796372892146,Medium opportunity for deeper review,Small county
"Motley County, Texas",1183.0,12.4,61154.0,16.1,0.9,79.8,48345,Motley County,Texas,0.008908685968819599,0.6807190582246262,0.026089723194400255,0.6274260260897232,0.8792554883868915,44.44797963728922,Medium opportunity for deeper review,Small county
"Monongalia County, West Virginia",107163.0,16.1,65346.0,19.7,4.7,90.2,54061,Monongalia County,West Virginia,0.05504295259306395,0.8410754056633789,0.5641107222398982,0.512249443207127,0.24992045816099273,44.44797963728922,Medium opportunity for deeper review,Medium county
"Stewart County, Tennessee",14027.0,20.8,63114.0,16.4,2.7,88.0,47161,Stewart County,Tennessee,0.3636652879414572,0.6982182628062361,0.17037861915367483,0.5676105631562202,0.42141266306076997,44.42570792236717,Medium opportunity for deeper review,Small county
"Hickman County, Kentucky",4439.0,19.3,60867.0,20.5,3.1,89.8,21105,Hickman County,Kentucky,0.21158129175946547,0.862869869551384,0.2286032453070315,0.6369710467706013,0.2809417753738467,44.419344575246576,Medium opportunity for deeper review,Small county
"DeKalb County, Indiana",43807.0,24.1,74331.0,9.5,4.5,88.1,18033,DeKalb County,Indiana,0.7858733693923003,0.21762647152402165,0.5227489659560929,0.2806236080178174,0.4137766465160675,44.41298122812599,Medium opportunity for deeper review,Small county
"Schenectady County, New York",160369.0,21.5,79623.0,13.3,5.8,89.6,36093,Schenectady County,New York,0.4540248170537703,0.5093859370028635,0.7664651606745148,0.19121858097359212,0.2963728921412663,44.34934775692014,Medium opportunity for deeper review,Medium county
"Hampton city, Virginia",137557.0,21.5,69621.0,12.7,6.3,93.0,51650,Hampton city,Virginia,0.4540248170537703,0.46006999681832644,0.8251670378619154,0.3900731784918867,0.08701877187400575,44.32707604199809,Medium opportunity for deeper review,Medium county
"Sherman County, Nebraska",2967.0,21.2,63578.0,8.6,3.0,79.7,31163,Sherman County,Nebraska,0.4139357301940821,0.15478841870824053,0.2098313713013045,0.55456570155902,0.8819599109131403,44.30162265351575,Medium opportunity for deeper review,Small county
"Duchesne County, Utah",20185.0,32.2,78445.0,11.8,4.3,91.7,49013,Duchesne County,Utah,0.9899777282850779,0.38927776010181353,0.47216035634743875,0.20649061406299718,0.15367483296213813,44.231625835189305,Medium opportunity for deeper review,Small county
"Atlantic County, New Jersey",276270.0,20.8,78050.0,13.2,8.8,91.2,34001,Atlantic County,New Jersey,0.3636652879414572,0.5020680878141902,0.9470251352211263,0.21317212853961187,0.1854915685650652,44.228444161629014,Medium opportunity for deeper review,Large county
"Duval County, Florida",1023153.0,22.4,71277.0,14.1,4.5,91.1,12031,Duval County,Florida,0.5760419980909959,0.5663378937321031,0.5227489659560929,0.3525294304804327,0.19265033407572385,44.20617244670697,Medium opportunity for deeper review,Very large county
"Crawford County, Georgia",12225.0,20.8,67116.0,11.6,2.4,79.1,13079,Crawford County,Georgia,0.3636652879414572,0.36971046770601335,0.12949411390391347,0.4524339802736239,0.8946866051543112,44.19980909958638,Medium opportunity for deeper review,Small county
"Noble County, Ohio",14282.0,19.0,56098.0,10.6,1.4,78.2,39121,Noble County,Ohio,0.1872414890232262,0.29430480432707606,0.04899777282850779,0.7636016544702513,0.9131403118040089,44.1457206490614,Medium opportunity for deeper review,Small county
"Clark County, Kansas",1974.0,25.3,63043.0,9.9,2.8,89.2,20025,Clark County,Kansas,0.8813235762010818,0.24610244988864144,0.18310531339484568,0.5701559020044543,0.3265987909640471,44.1457206490614,Medium opportunity for deeper review,Small county
"Finney County, Kansas",38084.0,29.9,73009.0,11.1,4.1,91.6,20055,Finney County,Kansas,0.9766146993318485,0.3285077951002227,0.4322303531657652,0.3095768374164811,0.15987909640470888,44.13617562838053,Medium opportunity for deeper review,Small county
"Brown County, South Dakota",37877.0,23.6,70898.0,11.7,3.3,87.5,46013,Brown County,South Dakota,0.7367165128857779,0.37941457206490614,0.2696468342348075,0.3601654470251352,0.45863824371619477,44.09163219853644,Medium opportunity for deeper review,Small county
"Howard County, Iowa",9445.0,25.8,67446.0,8.9,1.9,85.7,19089,Howard County,Iowa,0.9085268851415845,0.17626471524021636,0.08160992682150811,0.4416162901686287,0.5951320394527522,44.06299713649379,Medium opportunity for deeper review,Small county
"Lonoke County, Arkansas",75272.0,24.7,72828.0,10.4,4.4,89.9,5085,Lonoke County,Arkansas,0.8396436525612472,0.2801463569837735,0.49713649379573654,0.31307667833280306,0.2726694241170856,44.05345211581292,Medium opportunity for deeper review,Medium county
"Carter County, Montana",1308.0,17.7,54167.0,15.4,2.8,87.5,30011,Carter County,Montana,0.11422208081450844,0.6434934775692014,0.18310531339484568,0.8024180719058225,0.45863824371619477,44.03754374801146,Medium opportunity for deeper review,Small county
"Otsego County, New York",60108.0,14.9,68885.0,12.5,6.4,87.2,36077,Otsego County,New York,0.030384982500795417,0.44447979637289214,0.8361438116449252,0.4053452115812918,0.48504613426662424,44.027998727330576,Medium opportunity for deeper review,Medium county
"Putnam County, Georgia",22855.0,19.4,72096.0,17.6,3.7,86.6,13237,Putnam County,Georgia,0.2223989818644607,0.762010817690105,0.3523703468024181,0.3312122176264716,0.5324530703149857,44.00890868596882,Medium opportunity for deeper review,Small county
"Chatham County, Georgia",300879.0,20.7,71097.0,14.3,5.9,92.2,13051,Chatham County,Georgia,0.35141584473433024,0.5779510022271714,0.7820553611199491,0.35698377346484256,0.13124403436207444,43.99300031816736,Medium opportunity for deeper review,Large county
"Cuming County, Nebraska",8975.0,25.1,71104.0,6.7,2.2,82.0,31039,Cuming County,Nebraska,0.8657333757556475,0.05583837098313713,0.10610881323576202,0.35666560610881326,0.8146675151129494,43.98027362392618,Medium opportunity for deeper review,Small county
"Kaufman County, Texas",172604.0,28.8,89485.0,9.7,5.3,90.7,48257,Kaufman County,Texas,0.9665924276169265,0.22923958001909003,0.6870824053452116,0.09990454979319119,0.21508113267578743,43.95800190900413,Medium opportunity for deeper review,Medium county
"Madison County, North Carolina",21867.0,17.3,58531.0,12.1,3.1,83.3,37115,Madison County,North Carolina,0.09242761692650334,0.41298122812599425,0.2286032453070315,0.7066496977410117,0.7569201399936367,43.95163856188355,Medium opportunity for deeper review,Small county
"Borden County, Texas",713.0,35.2,65625.0,7.4,0.3,85.6,48033,Borden County,Texas,0.9968183264397072,0.08399618199172765,0.010499522748965956,0.5015908367801464,0.6016544702513522,43.891186764237986,Medium opportunity for deeper review,Small county
"Sangamon County, Illinois",194947.0,21.9,75357.0,13.1,5.4,90.6,17167,Sangamon County,Illinois,0.5068405981546293,0.4933184855233853,0.7085587018771874,0.2608972319440025,0.22223989818644607,43.83709831371302,Medium opportunity for deeper review,Medium county
"Albany County, Wyoming",38249.0,15.4,61917.0,20.9,3.7,89.3,56001,Albany County,Wyoming,0.03865733375755648,0.8752783964365256,0.3523703468024181,0.6051543111676743,0.31944002545338845,43.81800827235125,Medium opportunity for deeper review,Small county
"Stark County, Ohio",373713.0,21.5,67934.0,12.5,3.9,87.4,39151,Stark County,Ohio,0.4540248170537703,0.44447979637289214,0.3970728603245307,0.4272987591473115,0.4667515112949412,43.792554883868924,Medium opportunity for deeper review,Large county
"Santa Barbara County, California",443701.0,22.4,98161.0,14.7,6.4,92.5,6083,Santa Barbara County,California,0.5760419980909959,0.6032453070314986,0.8361438116449252,0.05727012408526888,0.11565383391664019,43.76710149538658,Medium opportunity for deeper review,Large county
"Douglas County, Georgia",147888.0,25.3,82984.0,10.9,6.2,94.9,13097,Douglas County,Georgia,0.8813235762010818,0.31403118040089084,0.8153038498250079,0.15367483296213813,0.023385300668151476,43.7543748011454,Medium opportunity for deeper review,Medium county
"Alleghany County, Virginia",14859.0,18.5,56188.0,11.6,2.3,82.8,51005,Alleghany County,Virginia,0.15701559020044542,0.36971046770601335,0.11756283805281578,0.7626471524021635,0.7803054406617881,43.74482978046452,Medium opportunity for deeper review,Small county
"Walla Walla County, Washington",62161.0,20.6,74202.0,12.1,6.2,89.1,53071,Walla Walla County,Washington,0.3398027362392618,0.41298122812599425,0.8153038498250079,0.2841234489341393,0.33487114222080816,43.74164810690423,Medium opportunity for deeper review,Medium county
"Gaines County, Texas",22232.0,35.8,74132.0,6.8,2.4,84.0,48165,Gaines County,Texas,0.9977728285077951,0.05949729557747375,0.12949411390391347,0.2863506204263443,0.7134902958956411,43.73210308622335,Medium opportunity for deeper review,Small county
"Hopkins County, Texas",37784.0,24.3,70888.0,11.9,4.0,90.8,48223,Hopkins County,Texas,0.8033725739739103,0.3978682787146039,0.41520839961819916,0.3608017817371938,0.20903595291123134,43.72573973910277,Medium opportunity for deeper review,Small county
"Clay County, North Carolina",11610.0,16.1,56971.0,12.9,2.6,83.3,37043,Clay County,North Carolina,0.05504295259306395,0.4769328666878778,0.1551065860642698,0.7413299395482024,0.7569201399936367,43.70664969774102,Medium opportunity for deeper review,Small county
"Muscatine County, Iowa",42559.0,23.9,69396.0,13.7,3.2,90.4,19139,Muscatine County,Iowa,0.7671014953865734,0.5359529112313076,0.25071587655106586,0.39484568883232585,0.2351256761056315,43.67483296213809,Medium opportunity for deeper review,Small county
"Gasconade County, Missouri",14746.0,20.2,64232.0,12.6,3.3,85.2,29073,Gasconade County,Missouri,0.2966910594972956,0.45147947820553613,0.2696468342348075,0.5367483296213809,0.6275851097677378,43.64301622653516,Medium opportunity for deeper review,Small county
"Pine County, Minnesota",29640.0,19.1,71146.0,11.1,5.6,86.2,27115,Pine County,Minnesota,0.19455933821189947,0.3285077951002227,0.7402163538020999,0.35602927139675467,0.5620426344257079,43.6271078587337,Medium opportunity for deeper review,Small county
"Sevier County, Utah",22085.0,27.8,74884.0,9.7,4.4,90.5,49041,Sevier County,Utah,0.955456570155902,0.22923958001909003,0.49713649379573654,0.27012408526885145,0.22923958001909006,43.6239261851734,Medium opportunity for deeper review,Small county
"Wayne County, Ohio",116588.0,24.0,73574.0,9.4,3.3,85.3,39169,Wayne County,Ohio,0.7763283487114222,0.21237671014953866,0.2696468342348075,0.300031816735603,0.6209035952911232,43.58574610244988,Medium opportunity for deeper review,Medium county
"Wichita County, Kansas",2091.0,30.4,79063.0,16.5,0.8,89.9,20203,Wichita County,Kansas,0.9804327076041998,0.7039452752147629,0.023544384346166083,0.19694559338211903,0.2726694241170856,43.55074769328667,Medium opportunity for deeper review,Small county
"Clay County, Iowa",16461.0,23.3,65428.0,11.4,3.5,89.5,19041,Clay County,Iowa,0.6998090995863825,0.3550747693286669,0.3075087496022908,0.5084314349347757,0.3051224944320713,43.51893095768374,Medium opportunity for deeper review,Small county
"Marion County, Florida",400078.0,18.8,61010.0,14.4,4.8,91.1,12083,Marion County,Florida,0.17578746420617244,0.583837098313713,0.5874960229080496,0.6334712058542793,0.19265033407572385,43.46484250715876,Medium opportunity for deeper review,Large county
"Cook County, Illinois",5182090.0,21.1,83498.0,13.5,7.0,90.6,17031,Cook County,Illinois,0.3989818644607063,0.5227489659560929,0.8806872414890232,0.14826598790964052,0.22223989818644607,43.45847916003819,Medium opportunity for deeper review,Very large county
"Morrow County, Oregon",12300.0,27.2,75448.0,13.2,2.4,89.1,41049,Morrow County,Oregon,0.9468660515431117,0.5020680878141902,0.12949411390391347,0.25898822780782693,0.33487114222080816,43.44575246579701,Medium opportunity for deeper review,Small county
"Washington County, Arkansas",256765.0,23.5,70639.0,14.6,3.4,91.0,5143,Washington County,Arkansas,0.7239898186446071,0.5959274578428253,0.28778237352847597,0.3655742920776328,0.19837734648425076,43.43302577155583,Medium opportunity for deeper review,Large county
"Walton County, Georgia",103313.0,23.9,84945.0,11.9,5.3,91.2,13297,Walton County,Georgia,0.7671014953865734,0.3978682787146039,0.6870824053452116,0.13394845688832324,0.1854915685650652,43.42984409799555,Medium opportunity for deeper review,Medium county
"Camden County, New Jersey",527257.0,22.7,88755.0,12.4,6.9,92.2,34007,Camden County,New Jersey,0.6193127585109768,0.4379573655742921,0.875119312758511,0.1062678969137767,0.13124403436207444,43.398027362392625,Medium opportunity for deeper review,Large county
"Taylor County, Texas",145863.0,24.5,67139.0,14.7,2.6,92.1,48441,Taylor County,Texas,0.8227807826916959,0.6032453070314986,0.1551065860642698,0.45195672923957997,0.1361756283805282,43.38530066815145,Medium opportunity for deeper review,Medium county
"Keweenaw County, Michigan",2133.0,14.9,52583.0,15.2,2.2,86.1,26083,Keweenaw County,Michigan,0.030384982500795417,0.6293350302258989,0.10610881323576202,0.8348711422208082,0.5682468978682786,43.37893732103087,Medium opportunity for deeper review,Small county
"Smith County, Texas",241740.0,24.2,74192.0,11.6,4.4,90.6,48423,Smith County,Texas,0.7946229716831054,0.36971046770601335,0.49713649379573654,0.2847597836461979,0.22223989818644607,43.369392300349986,Medium opportunity for deeper review,Medium county
"Taylor County, Wisconsin",20024.0,23.1,69350.0,9.6,2.6,83.9,55119,Taylor County,Wisconsin,0.6719694559338212,0.2223989818644607,0.1551065860642698,0.3970728603245307,0.7214444797963728,43.359847279669104,Medium opportunity for deeper review,Small county
"Johnson County, Missouri",54732.0,22.1,67272.0,11.8,4.7,90.5,29101,Johnson County,Missouri,0.5359529112313076,0.38927776010181353,0.5641107222398982,0.4470251352211263,0.22923958001909006,43.31212217626471,Medium opportunity for deeper review,Medium county
"Lehigh County, Pennsylvania",378792.0,22.3,80079.0,11.6,5.9,90.0,42077,Lehigh County,Pennsylvania,0.5628380528157811,0.36971046770601335,0.7820553611199491,0.18517340120903591,0.2653515749284123,43.30257715558384,Medium opportunity for deeper review,Large county
"Gilchrist County, Florida",19040.0,21.2,63523.0,11.5,3.5,86.7,12041,Gilchrist County,Florida,0.4139357301940821,0.3615972001272669,0.3075087496022908,0.5561565383391665,0.5251352211263125,43.286668787782375,Medium opportunity for deeper review,Small county
"Kent County, Delaware",187604.0,22.8,74477.0,10.6,5.8,91.1,10001,Kent County,Delaware,0.6331530384982501,0.29430480432707606,0.7664651606745148,0.27728285077951,0.19265033407572385,43.27712376710149,Medium opportunity for deeper review,Medium county
"Frontier County, Nebraska",2569.0,20.6,70132.0,11.4,2.6,76.8,31063,Frontier County,Nebraska,0.3398027362392618,0.3550747693286669,0.1551065860642698,0.378619153674833,0.93445752465797,43.261215399300035,Medium opportunity for deeper review,Small county
"Tioga County, Pennsylvania",40945.0,19.6,64899.0,11.7,4.6,87.3,42117,Tioga County,Pennsylvania,0.23989818644607064,0.37941457206490614,0.5439070951320395,0.5224307986000636,0.47709195036589247,43.254852052179444,Medium opportunity for deeper review,Small county
"Allamakee County, Iowa",14092.0,24.5,70694.0,10.1,2.5,86.0,19005,Allamakee County,Iowa,0.8227807826916959,0.258510976773783,0.14110722239898185,0.36461979000954503,0.5754056633789373,43.248488705058854,Medium opportunity for deeper review,Small county
"Pasquotank County, North Carolina",40834.0,21.4,66589.0,11.0,5.9,91.7,37139,Pasquotank County,North Carolina,0.44177537384664334,0.31975819280941775,0.7820553611199491,0.46388800509067774,0.15367483296213813,43.22303531657652,Medium opportunity for deeper review,Small county
"Kalamazoo County, Michigan",262375.0,21.3,72532.0,12.7,5.5,90.6,26077,Kalamazoo County,Michigan,0.42888959592745785,0.46006999681832644,0.7265351574928413,0.3216671969455934,0.22223989818644607,43.1880369074133,Medium opportunity for deeper review,Large county
"Mineral County, Colorado",729.0,11.8,56250.0,10.0,9.1,91.2,8079,Mineral County,Colorado,0.006045179764556157,0.25230671333121224,0.9540248170537703,0.7613744829780464,0.1854915685650652,43.184855233853,Medium opportunity for deeper review,Small county
"Saline County, Nebraska",14650.0,26.1,79910.0,8.9,2.9,84.6,31151,Saline County,Nebraska,0.9206172446706968,0.17626471524021636,0.19551384027998728,0.1867642379891823,0.6780146356983774,43.1434934775692,Medium opportunity for deeper review,Small county
"Franklin County, Ohio",1333048.0,23.3,75176.0,14.7,4.6,94.1,39049,Franklin County,Ohio,0.6998090995863825,0.6032453070314986,0.5439070951320395,0.26376073814826595,0.046452433980273655,43.1434934775692,Medium opportunity for deeper review,Very large county
"Cheyenne County, Nebraska",9533.0,21.8,60348.0,14.3,3.4,91.9,31033,Cheyenne County,Nebraska,0.4928412344893414,0.5779510022271714,0.28778237352847597,0.6535157492841235,0.14444797963728917,43.13076678332802,Medium opportunity for deeper review,Small county
"Windham County, Vermont",45923.0,16.8,72217.0,11.6,4.8,82.4,50025,Windham County,Vermont,0.07286032453070315,0.36971046770601335,0.5874960229080496,0.3280305440661788,0.7979637289214127,43.12122176264715,Medium opportunity for deeper review,Small county
"Garrett County, Maryland",28615.0,17.7,67688.0,11.2,4.4,83.0,24023,Garrett County,Maryland,0.11422208081450844,0.33837098313713015,0.49713649379573654,0.434934775692014,0.7712376710149539,43.118040089086854,Medium opportunity for deeper review,Small county
"Mahaska County, Iowa",22021.0,23.7,70940.0,12.6,3.5,89.7,19123,Mahaska County,Iowa,0.7476932866687878,0.45147947820553613,0.3075087496022908,0.3595291123130767,0.2893732103086223,43.11167674196628,Medium opportunity for deeper review,Small county
"Greater Bridgeport Planning Region, Connecticut",329259.0,22.1,89667.0,12.4,7.3,91.2,9120,Greater Bridgeport Planning Region,Connecticut,0.5359529112313076,0.4379573655742921,0.8978682787146038,0.09799554565701563,0.1854915685650652,43.10531339484569,Medium opportunity for deeper review,Large county
"Benton County, Washington",212905.0,26.1,89874.0,11.0,5.3,92.2,53005,Benton County,Washington,0.9206172446706968,0.31975819280941775,0.6870824053452116,0.09545020680878147,0.13124403436207444,43.083041679923646,Medium opportunity for deeper review,Medium county
"McIntosh County, North Dakota",2497.0,18.6,64419.0,12.2,3.1,82.2,38051,McIntosh County,North Dakota,0.16321985364301622,0.4212535793827553,0.2286032453070315,0.5332484887050588,0.8076678332803054,43.07986000636334,Medium opportunity for deeper review,Small county
"Phelps County, Nebraska",9009.0,24.3,68919.0,12.2,1.2,87.2,31137,Phelps County,Nebraska,0.8033725739739103,0.4212535793827553,0.0383391664015272,0.4040725421571747,0.48504613426662424,43.04167992363983,Medium opportunity for deeper review,Small county
"Pike County, Indiana",12154.0,22.0,71334.0,10.7,3.2,83.8,18125,Pike County,Indiana,0.5224307986000636,0.30178173719376394,0.25071587655106586,0.34887050588609614,0.727966910594973,43.03531657651924,Medium opportunity for deeper review,Small county
"Mille Lacs County, Minnesota",27125.0,23.1,72729.0,10.4,4.0,87.4,27095,Mille Lacs County,Minnesota,0.6719694559338212,0.2801463569837735,0.41520839961819916,0.3168946866051543,0.4667515112949412,43.019408208717785,Medium opportunity for deeper review,Small county
"Mountrail County, North Dakota",9507.0,29.0,80717.0,14.5,1.1,88.5,38061,Mountrail County,North Dakota,0.9685014317531021,0.5894050270442253,0.03436207445116131,0.17499204581609928,0.3835507476932867,43.01622653515748,Medium opportunity for deeper review,Small county
"Monterey County, California",437613.0,25.7,97230.0,12.7,5.2,93.8,6053,Monterey County,California,0.904390709513204,0.46006999681832644,0.6683105313394846,0.0620426344257079,0.054565701559020074,42.98759147311485,Medium opportunity for deeper review,Large county
"Holt County, Missouri",4240.0,20.8,61187.0,10.2,1.8,81.9,29087,Holt County,Missouri,0.3636652879414572,0.26582882596245627,0.07413299395482023,0.6255170219535475,0.8194400254533885,42.971683105313396,Medium opportunity for deeper review,Small county
"Hawaii County, Hawaii",205769.0,20.6,78639.0,14.9,6.0,91.1,15001,Hawaii County,Hawaii,0.3398027362392618,0.614858415526567,0.7971683105313395,0.2039452752147629,0.19265033407572385,42.96850143175311,Medium opportunity for deeper review,Medium county
"Blue Earth County, Minnesota",69871.0,19.7,74477.0,15.7,4.9,88.9,27013,Blue Earth County,Minnesota,0.24896595609290487,0.6590836780146357,0.6104040725421572,0.27728285077951,0.3514158447343303,42.943048043270764,Medium opportunity for deeper review,Medium county
"Sac County, Iowa",9689.0,21.7,73838.0,9.2,4.4,84.6,19161,Sac County,Iowa,0.48106904231625836,0.19583200763601655,0.49713649379573654,0.29494113903913455,0.6780146356983774,42.939866369710465,Medium opportunity for deeper review,Small county
"Ste. Genevieve County, Missouri",18571.0,21.4,66339.0,8.2,4.2,84.9,29186,Ste. Genevieve County,Missouri,0.44177537384664334,0.12726694241170855,0.4513203945275215,0.4727966910594973,0.652402163538021,42.91123130766783,Medium opportunity for deeper review,Small county
"Adams County, Iowa",3622.0,22.3,71875.0,9.1,3.9,84.8,19003,Adams County,Iowa,0.5628380528157811,0.18851415844734332,0.3970728603245307,0.3363028953229399,0.6605154311167674,42.90486796054725,Medium opportunity for deeper review,Small county
"Elk County, Kansas",2453.0,23.1,64609.0,10.4,2.0,86.0,20049,Elk County,Kansas,0.6719694559338212,0.2801463569837735,0.08892777601018136,0.5284759783646198,0.5754056633789373,42.89850461342667,Medium opportunity for deeper review,Small county
"Noble County, Indiana",47495.0,24.3,71723.0,9.2,3.2,86.3,18113,Noble County,Indiana,0.8033725739739103,0.19583200763601655,0.25071587655106586,0.33884823417117405,0.5556792873051225,42.88895959274578,Medium opportunity for deeper review,Small county
"Hayes County, Nebraska",843.0,21.5,69250.0,12.7,0.0,81.7,31085,Hayes County,Nebraska,0.4540248170537703,0.46006999681832644,0.003658924594336621,0.3989818644607064,0.8275532930321349,42.8857779191855,Medium opportunity for deeper review,Small county
"Cedar County, Nebraska",8315.0,25.5,73578.0,7.1,1.7,82.1,31027,Cedar County,Nebraska,0.8950047725103404,0.0717467387846007,0.06617881005408845,0.2997136493795737,0.8114858415526567,42.8825962456252,Medium opportunity for deeper review,Small county
"Oneida County, Idaho",4768.0,27.0,74954.0,10.8,1.4,86.0,16071,Oneida County,Idaho,0.9433662106267897,0.308304167992364,0.04899777282850779,0.2678969137766465,0.5754056633789373,42.8794145720649,Medium opportunity for deeper review,Small county
"Sanborn County, South Dakota",2384.0,25.9,78750.0,8.5,0.6,80.5,46111,Sanborn County,South Dakota,0.9128221444479796,0.1479478205536112,0.01813553929366847,0.20203627107858735,0.8622335348393255,42.86350620426344,Medium opportunity for deeper review,Small county
"Davison County, South Dakota",19952.0,23.6,66208.0,11.2,0.9,86.2,46035,Davison County,South Dakota,0.7367165128857779,0.33837098313713015,0.026089723194400255,0.4799554565701559,0.5620426344257079,42.86350620426344,Medium opportunity for deeper review,Small county
"Livingston Parish, Louisiana",148115.0,25.8,80122.0,12.9,4.2,92.4,22063,Livingston Parish,Louisiana,0.9085268851415845,0.4769328666878778,0.4513203945275215,0.18390073178491884,0.12201718103722559,42.85396118358257,Medium opportunity for deeper review,Medium county
"Rockdale County, Georgia",95281.0,23.7,77247.0,10.8,5.9,93.2,13247,Rockdale County,Georgia,0.7476932866687878,0.308304167992364,0.7820553611199491,0.22685332484887055,0.07731466751511296,42.84441616290168,Medium opportunity for deeper review,Medium county
"Keya Paha County, Nebraska",822.0,24.6,64000.0,7.2,1.0,84.8,31103,Keya Paha County,Nebraska,0.8321667196945594,0.0762010817690105,0.030066815144766147,0.5431116767419663,0.6605154311167674,42.84123448934139,Medium opportunity for deeper review,Small county
"Grant County, Wisconsin",51770.0,21.1,66858.0,13.0,3.1,86.1,55043,Grant County,Wisconsin,0.3989818644607063,0.48536430162265354,0.2286032453070315,0.460706331530385,0.5682468978682786,42.83805281578109,Medium opportunity for deeper review,Medium county
"Glynn County, Georgia",85447.0,20.8,69799.0,16.1,3.7,88.8,13127,Glynn County,Georgia,0.3636652879414572,0.6807190582246262,0.3523703468024181,0.3843461660833598,0.3598472796691059,42.81896277441934,Medium opportunity for deeper review,Medium county
"Lee County, Illinois",33869.0,19.6,70292.0,11.8,5.2,87.4,17103,Lee County,Illinois,0.23989818644607064,0.38927776010181353,0.6683105313394846,0.37480114540248166,0.4667515112949412,42.78078269169583,Medium opportunity for deeper review,Small county
"Baker County, Florida",28430.0,24.3,79836.0,11.8,4.5,90.4,12003,Baker County,Florida,0.8033725739739103,0.38927776010181353,0.5227489659560929,0.18803690741329937,0.2351256761056315,42.77123767101495,Medium opportunity for deeper review,Small county
"LaPorte County, Indiana",111917.0,21.2,71055.0,13.6,4.8,90.2,18091,LaPorte County,Indiana,0.4139357301940821,0.5292713967546929,0.5874960229080496,0.35762010817690104,0.24992045816099273,42.76487432389436,Medium opportunity for deeper review,Medium county
"Scott County, Illinois",4937.0,20.9,66705.0,11.5,2.7,83.1,17171,Scott County,Illinois,0.3773464842507159,0.3615972001272669,0.17037861915367483,0.46229716831053136,0.7661469933184855,42.75532930321349,Medium opportunity for deeper review,Small county
"Berks County, Pennsylvania",433015.0,22.0,79777.0,12.2,5.4,89.6,42011,Berks County,Pennsylvania,0.5224307986000636,0.4212535793827553,0.7085587018771874,0.18899140948138726,0.2963728921412663,42.752147629653194,Medium opportunity for deeper review,Large county
"Rice County, Kansas",9350.0,23.4,63925.0,7.7,4.4,89.8,20159,Rice County,Kansas,0.7114222080814508,0.10054088450524976,0.49713649379573654,0.5453388482341712,0.2809417753738467,42.7076041998091,Medium opportunity for deeper review,Small county
"Dawes County, Nebraska",8140.0,18.2,56280.0,13.1,1.6,84.6,31045,Dawes County,Nebraska,0.14078905504295258,0.4933184855233853,0.05997454661151766,0.7610563156220171,0.6780146356983774,42.663060769965,Medium opportunity for deeper review,Small county
"Franklin County, Tennessee",43990.0,19.6,63494.0,12.0,2.8,83.5,47051,Franklin County,Tennessee,0.23989818644607064,0.40550429525930637,0.18310531339484568,0.558065542475342,0.7459433662106267,42.650334075723826,Medium opportunity for deeper review,Small county
"Elko County, Nevada",54047.0,26.4,86487.0,9.8,4.5,89.3,32007,Elko County,Nevada,0.9282532612153993,0.23814826598790964,0.5227489659560929,0.12376710149538661,0.31944002545338845,42.64715240216354,Medium opportunity for deeper review,Medium county
"Twin Falls County, Idaho",93734.0,26.3,67409.0,11.5,3.0,91.1,16083,Twin Falls County,Idaho,0.9250715876551066,0.3615972001272669,0.2098313713013045,0.44288895959274577,0.19265033407572385,42.64078905504295,Medium opportunity for deeper review,Medium county
"Houston County, Georgia",169649.0,25.5,80698.0,11.1,5.1,93.1,13153,Houston County,Georgia,0.8950047725103404,0.3285077951002227,0.6509704104358893,0.17531021317212858,0.08192809417753744,42.63442570792237,Medium opportunity for deeper review,Medium county
"Carroll County, Indiana",20535.0,21.8,65645.0,8.8,3.1,83.6,18015,Carroll County,Indiana,0.4928412344893414,0.1689468660515431,0.2286032453070315,0.5007954183900731,0.7400572701240853,42.62488068724149,Medium opportunity for deeper review,Small county
"Androscoggin County, Maine",113423.0,20.8,67873.0,14.4,4.3,89.8,23001,Androscoggin County,Maine,0.3636652879414572,0.583837098313713,0.47216035634743875,0.43048043270760417,0.2809417753738467,42.621699013681194,Medium opportunity for deeper review,Medium county
"Douglas County, Illinois",19751.0,24.6,77320.0,8.5,2.5,82.8,17041,Douglas County,Illinois,0.8321667196945594,0.1479478205536112,0.14110722239898185,0.22589882278078266,0.7803054406617881,42.548520521794465,Medium opportunity for deeper review,Small county
"Jackson County, Michigan",160060.0,20.9,66073.0,11.6,5.5,91.5,26075,Jackson County,Michigan,0.3773464842507159,0.36971046770601335,0.7265351574928413,0.48711422208081456,0.16608335984727962,42.53579382755329,Medium opportunity for deeper review,Medium county
"Erie County, Ohio",74581.0,19.4,71993.0,13.0,5.3,88.3,39043,Erie County,Ohio,0.2223989818644607,0.48536430162265354,0.6870824053452116,0.33280305440661784,0.39882278078269173,42.52943048043271,Medium opportunity for deeper review,Medium county
"Haywood County, North Carolina",62662.0,17.6,61912.0,13.1,3.1,84.4,37087,Haywood County,North Carolina,0.10865415208399619,0.4933184855233853,0.2286032453070315,0.6054724785237035,0.6902640789055043,42.52624880687242,Medium opportunity for deeper review,Medium county
"Carroll County, Illinois",15576.0,17.7,60758.0,14.2,3.1,86.1,17015,Carroll County,Illinois,0.11422208081450844,0.5723830734966593,0.2286032453070315,0.6403118040089086,0.5682468978682786,42.47534202990772,Medium opportunity for deeper review,Small county
"Fayette County, Kentucky",323725.0,21.0,69479.0,14.9,4.9,92.5,21067,Fayette County,Kentucky,0.38832325803372575,0.614858415526567,0.6104040725421572,0.3923003499840916,0.11565383391664019,42.43079860006363,Medium opportunity for deeper review,Large county
"Dorchester County, South Carolina",167201.0,24.1,78198.0,11.4,4.9,91.6,45035,Dorchester County,South Carolina,0.7858733693923003,0.3550747693286669,0.6104040725421572,0.21030862233534842,0.15987909640470888,42.43079860006363,Medium opportunity for deeper review,Medium county
"Bartow County, Georgia",113113.0,23.2,82243.0,10.3,4.7,87.8,13015,Bartow County,Georgia,0.6870824053452116,0.27330575882914415,0.5641107222398982,0.15844734330257715,0.43811644925230675,42.421253579382764,Medium opportunity for deeper review,Medium county
"Avery County, North Carolina",17680.0,14.4,61428.0,10.2,4.8,85.2,37011,Avery County,North Carolina,0.021635380209990455,0.26582882596245627,0.5874960229080496,0.616608335984728,0.6275851097677378,42.38307349665924,Medium opportunity for deeper review,Small county
"Susquehanna County, Pennsylvania",38219.0,18.8,68487.0,11.4,5.9,88.4,42115,Susquehanna County,Pennsylvania,0.17578746420617244,0.3550747693286669,0.7820553611199491,0.41393573019408214,0.3916640152720331,42.37034680241808,Medium opportunity for deeper review,Small county
"Herkimer County, New York",59757.0,20.4,68515.0,13.4,4.3,88.3,36043,Herkimer County,New York,0.3181673560292714,0.5159083678014635,0.47216035634743875,0.41266306076996495,0.39882278078269173,42.354438434616604,Medium opportunity for deeper review,Medium county
"Hickman County, Tennessee",25436.0,21.1,68247.0,10.6,2.4,80.0,47081,Hickman County,Tennessee,0.3989818644607063,0.29430480432707606,0.12949411390391347,0.41902640789055046,0.8748011454024818,42.332166719694555,Medium opportunity for deeper review,Small county
"Stark County, Illinois",5308.0,21.6,62878.0,11.1,2.3,85.2,17175,Stark County,Illinois,0.4675469296850143,0.3285077951002227,0.11756283805281578,0.5749284123448934,0.6275851097677378,42.32262169901368,Medium opportunity for deeper review,Small county
"Renville County, Minnesota",14558.0,23.3,70625.0,11.0,2.5,85.8,27129,Renville County,Minnesota,0.6998090995863825,0.31975819280941775,0.14110722239898185,0.3665287941457207,0.5887686923321667,42.31944002545339,Medium opportunity for deeper review,Small county
"Howard County, Nebraska",6534.0,25.2,76767.0,4.8,3.8,85.3,31093,Howard County,Nebraska,0.8736875596563792,0.010658606426980593,0.3752783964365256,0.23417117403754373,0.6209035952911232,42.29398663697105,Medium opportunity for deeper review,Small county
"Bosque County, Texas",18687.0,20.8,68914.0,9.3,3.6,82.1,48035,Bosque County,Texas,0.3636652879414572,0.20489977728285078,0.32914412981228125,0.404390709513204,0.8114858415526567,42.27171492204899,Medium opportunity for deeper review,Small county
"Macon County, North Carolina",37941.0,17.7,59061.0,11.6,2.8,83.3,37113,Macon County,North Carolina,0.11422208081450844,0.36971046770601335,0.18310531339484568,0.688195991091314,0.7569201399936367,42.24307986000636,Medium opportunity for deeper review,Small county
"Henry County, Indiana",48970.0,20.2,63150.0,13.6,3.7,88.7,18065,Henry County,Indiana,0.2966910594972956,0.5292713967546929,0.3523703468024181,0.5653833916640152,0.3678014635698378,42.23035316576519,Medium opportunity for deeper review,Small county
"Union County, Kentucky",13260.0,18.8,60327.0,18.4,2.7,89.4,21225,Union County,Kentucky,0.17578746420617244,0.7981228125994273,0.17037861915367483,0.6538339166401528,0.31307667833280306,42.22398981864461,Medium opportunity for deeper review,Small county
"Tioga County, New York",47864.0,20.3,72739.0,13.4,5.5,90.3,36107,Tioga County,New York,0.3078269169583201,0.5159083678014635,0.7265351574928413,0.3162583518930958,0.2421253579382755,42.17308304167993,Medium opportunity for deeper review,Small county
"Valley County, Nebraska",4066.0,22.0,61852.0,9.3,0.2,83.2,31175,Valley County,Nebraska,0.5224307986000636,0.20489977728285078,0.008908685968819599,0.6073814826598791,0.7618517340120904,42.10944957047407,Medium opportunity for deeper review,Small county
"Caldwell County, Texas",48669.0,23.2,69758.0,13.2,3.4,90.3,48055,Caldwell County,Texas,0.6870824053452116,0.5020680878141902,0.28778237352847597,0.3859370028635062,0.2421253579382755,42.099904549793195,Medium opportunity for deeper review,Small county
"Hamilton County, Kansas",2471.0,33.8,70250.0,7.0,3.1,87.8,20075,Hamilton County,Kansas,0.9945911549475024,0.06697422844416163,0.2286032453070315,0.3759147311485842,0.43811644925230675,42.08399618199173,Medium opportunity for deeper review,Small county
"Jefferson County, Tennessee",56864.0,19.2,66114.0,11.4,4.6,86.8,47089,Jefferson County,Tennessee,0.20235443843461662,0.3550747693286669,0.5439070951320395,0.48472796691059494,0.5167037861915367,42.0553611199491,Medium opportunity for deeper review,Medium county
"Clay County, Indiana",26409.0,22.9,70010.0,11.7,3.2,87.7,18021,Clay County,Indiana,0.6455615653833917,0.37941457206490614,0.25071587655106586,0.38116449252306717,0.4452752147629653,42.042634425707924,Medium opportunity for deeper review,Small county
"Stearns County, Minnesota",160865.0,23.6,77066.0,12.9,4.1,90.6,27145,Stearns County,Minnesota,0.7367165128857779,0.4769328666878778,0.4322303531657652,0.2297168310531339,0.22223989818644607,41.956729239580014,Medium opportunity for deeper review,Medium county
"Catawba County, North Carolina",163573.0,21.6,67864.0,12.7,3.7,88.5,37035,Catawba County,North Carolina,0.4675469296850143,0.46006999681832644,0.3523703468024181,0.43143493477569206,0.3835507476932867,41.89945911549475,Medium opportunity for deeper review,Medium county
"Steuben County, Indiana",34726.0,19.7,74911.0,9.3,7.2,87.3,18151,Steuben County,Indiana,0.24896595609290487,0.20489977728285078,0.8919821826280624,0.26916958320076356,0.47709195036589247,41.84218899140948,Medium opportunity for deeper review,Small county
"Henry County, Illinois",48643.0,21.6,71911.0,8.9,4.8,86.7,17073,Henry County,Illinois,0.4675469296850143,0.17626471524021636,0.5874960229080496,0.3353483932548521,0.5251352211263125,41.835825644288896,Medium opportunity for deeper review,Small county
"Polk County, Minnesota",30705.0,24.5,73107.0,11.9,3.6,90.4,27119,Polk County,Minnesota,0.8227807826916959,0.3978682787146039,0.32914412981228125,0.3057588291441298,0.2351256761056315,41.81355392936684,Medium opportunity for deeper review,Small county
"Phillips County, Montana",4221.0,23.4,53417.0,10.5,1.8,91.0,30071,Phillips County,Montana,0.7114222080814508,0.2865097041043589,0.07413299395482023,0.8167356029271396,0.19837734648425076,41.74355711104041,Medium opportunity for deeper review,Small county
"Cascade County, Montana",84606.0,22.3,67690.0,13.1,3.3,89.2,30013,Cascade County,Montana,0.5628380528157811,0.4933184855233853,0.2696468342348075,0.4346166083359847,0.3265987909640471,41.74037543748012,Medium opportunity for deeper review,Medium county
"Surry County, Virginia",6549.0,17.0,78041.0,10.5,5.0,80.0,51181,Surry County,Virginia,0.0801781737193764,0.2865097041043589,0.6310849506840598,0.21349029589564106,0.8748011454024818,41.721285396118354,Medium opportunity for deeper review,Small county
"Bureau County, Illinois",32866.0,20.7,69257.0,10.8,4.3,86.3,17011,Bureau County,Illinois,0.35141584473433024,0.308304167992364,0.47216035634743875,0.3980273623926185,0.5556792873051225,41.711740375437486,Medium opportunity for deeper review,Small county
"Providence County, Rhode Island",664854.0,20.1,78787.0,13.4,6.6,90.5,44007,Providence County,Rhode Island,0.2855552020362711,0.5159083678014635,0.8533248488705059,0.20108176901049957,0.22923958001909006,41.7021953547566,Medium opportunity for deeper review,Large county
"Sacramento County, California",1594006.0,22.9,92175.0,12.5,6.7,94.0,6067,Sacramento County,California,0.6455615653833917,0.44447979637289214,0.861119949093223,0.08399618199172765,0.049952274896595594,41.7021953547566,Medium opportunity for deeper review,Very large county
"Marion County, West Virginia",55909.0,19.9,67370.0,13.6,4.8,90.1,54049,Marion County,West Virginia,0.2653515749284123,0.5292713967546929,0.5874960229080496,0.44479796372892144,0.2575564747056952,41.68946866051543,Medium opportunity for deeper review,Medium county
"Towns County, Georgia",12913.0,12.5,59135.0,13.3,4.6,89.1,13281,Towns County,Georgia,0.009385937002863507,0.5093859370028635,0.5439070951320395,0.6867642379891823,0.33487114222080816,41.68628698695514,Medium opportunity for deeper review,Small county
"Moody County, South Dakota",6397.0,26.3,78427.0,11.6,2.8,88.3,46101,Moody County,South Dakota,0.9250715876551066,0.36971046770601335,0.18310531339484568,0.20712694877505566,0.39882278078269173,41.676741966274264,Medium opportunity for deeper review,Small county
"Chariton County, Missouri",7390.0,23.2,71520.0,8.8,3.5,86.0,29041,Chariton County,Missouri,0.6870824053452116,0.1689468660515431,0.3075087496022908,0.34457524657970096,0.5754056633789373,41.67037861915368,Medium opportunity for deeper review,Small county
"Wheeler County, Oregon",1485.0,11.8,55284.0,10.8,2.6,81.5,41069,Wheeler County,Oregon,0.006045179764556157,0.308304167992364,0.1551065860642698,0.7814190264078905,0.8324848870505887,41.66719694559339,Medium opportunity for deeper review,Small county
"Hettinger County, North Dakota",2432.0,18.5,73026.0,11.0,5.4,85.8,38041,Hettinger County,North Dakota,0.15701559020044542,0.31975819280941775,0.7085587018771874,0.3089405027044225,0.5887686923321667,41.6608335984728,Medium opportunity for deeper review,Small county
"Adams County, Nebraska",31052.0,24.2,68365.0,12.7,2.4,89.8,31001,Adams County,Nebraska,0.7946229716831054,0.46006999681832644,0.12949411390391347,0.4174355711104041,0.2809417753738467,41.65128857779192,Medium opportunity for deeper review,Small county
"Georgetown County, South Carolina",64811.0,17.0,68713.0,15.0,4.4,87.3,45043,Georgetown County,South Carolina,0.0801781737193764,0.6194718421889914,0.49713649379573654,0.40852688514158453,0.47709195036589247,41.648106904231625,Medium opportunity for deeper review,Medium county
"Roseau County, Minnesota",15302.0,23.8,74474.0,12.2,3.7,89.9,27135,Roseau County,Minnesota,0.7573973910276806,0.4212535793827553,0.3523703468024181,0.2780782691695832,0.2726694241170856,41.63538020999045,Medium opportunity for deeper review,Small county
"Walsh County, North Dakota",10396.0,23.4,71944.0,11.2,2.0,85.5,38099,Walsh County,North Dakota,0.7114222080814508,0.33837098313713015,0.08892777601018136,0.3343938911867642,0.6081769010499523,41.625835189309576,Medium opportunity for deeper review,Small county
"Centre County, Pennsylvania",158576.0,14.7,74291.0,16.3,4.3,85.5,42027,Centre County,Pennsylvania,0.025771555838370982,0.6929685014317531,0.47216035634743875,0.2817371937639198,0.6081769010499523,41.6162901686287,Medium opportunity for deeper review,Medium county
"Armstrong County, Pennsylvania",64622.0,18.9,65008.0,11.8,4.3,86.8,42005,Armstrong County,Pennsylvania,0.18151447661469933,0.38927776010181353,0.47216035634743875,0.5192491250397709,0.5167037861915367,41.57811008590519,Medium opportunity for deeper review,Medium county
"Grant County, Arkansas",18242.0,21.1,71549.0,13.1,4.5,89.3,5053,Grant County,Arkansas,0.3989818644607063,0.4933184855233853,0.5227489659560929,0.34362074451161306,0.31944002545338845,41.562201718103715,Medium opportunity for deeper review,Small county
"Kimball County, Nebraska",3248.0,19.6,56712.0,12.2,0.7,85.0,31105,Kimball County,Nebraska,0.23989818644607064,0.4212535793827553,0.021317212853961185,0.7502386255170219,0.6449252306713331,41.55265669742285,Medium opportunity for deeper review,Small county
"Stanton County, Nebraska",5796.0,25.0,80687.0,9.4,0.7,82.2,31167,Stanton County,Nebraska,0.8584155265669742,0.21237671014953866,0.021317212853961185,0.17594654788418707,0.8076678332803054,41.51447661469933,Medium opportunity for deeper review,Small county
"Matanuska-Susitna Borough, Alaska",112988.0,25.7,94031.0,10.0,5.8,93.2,2170,Matanuska-Susitna Borough,Alaska,0.904390709513204,0.25230671333121224,0.7664651606745148,0.0747693286668788,0.07731466751511296,41.50493159401846,Medium opportunity for deeper review,Medium county
"White County, Indiana",24717.0,23.1,67303.0,10.2,3.5,88.5,18181,White County,Indiana,0.6719694559338212,0.26582882596245627,0.3075087496022908,0.4463888005090678,0.3835507476932867,41.50493159401846,Medium opportunity for deeper review,Small county
"Williamsburg city, Virginia",15798.0,10.5,75604.0,18.8,6.8,92.1,51830,Williamsburg city,Virginia,0.003977091950365892,0.8106904231625836,0.8685968819599109,0.2558065542475342,0.1361756283805282,41.50493159401846,Medium opportunity for deeper review,Small county
"Klickitat County, Washington",23411.0,18.2,71042.0,12.9,5.2,87.9,53039,Klickitat County,Washington,0.14078905504295258,0.4769328666878778,0.6683105313394846,0.35825644288895964,0.4298440979955457,41.4826598790964,Medium opportunity for deeper review,Small county
"Galveston County, Texas",358990.0,23.6,86105.0,11.7,5.7,93.2,48167,Galveston County,Texas,0.7367165128857779,0.37941457206490614,0.7531021317212854,0.12694877505567925,0.07731466751511296,41.469933184855236,Medium opportunity for deeper review,Large county
"Boone County, Nebraska",5356.0,24.5,74947.0,9.6,1.2,83.9,31011,Boone County,Nebraska,0.8227807826916959,0.2223989818644607,0.0383391664015272,0.2682150811326758,0.7214444797963728,41.463569837734646,Medium opportunity for deeper review,Small county
"Preble County, Ohio",40765.0,22.2,69223.0,12.6,3.2,88.0,39135,Preble County,Ohio,0.5493159401845371,0.45147947820553613,0.25071587655106586,0.39993636652879416,0.42141266306076997,41.45720649061408,Medium opportunity for deeper review,Small county
"Seneca County, Ohio",54770.0,21.4,66025.0,11.9,3.6,88.1,39147,Seneca County,Ohio,0.44177537384664334,0.3978682787146039,0.32914412981228125,0.4893413935730194,0.4137766465160675,41.43811644925231,Medium opportunity for deeper review,Medium county
"Cass County, Michigan",51520.0,20.2,70443.0,11.9,5.0,88.6,26027,Cass County,Michigan,0.2966910594972956,0.3978682787146039,0.6310849506840598,0.3706649697741011,0.37480114540248166,41.42220808145084,Medium opportunity for deeper review,Medium county
"Dundy County, Nebraska",1736.0,20.3,58922.0,14.0,0.3,87.0,31057,Dundy County,Nebraska,0.3078269169583201,0.5591791282214444,0.010499522748965956,0.6923321667196946,0.5009545020680879,41.41584473433026,Medium opportunity for deeper review,Small county
"Richland County, Montana",11235.0,24.9,73084.0,6.6,3.3,85.8,30083,Richland County,Montana,0.8523703468024181,0.052338530066815145,0.2696468342348075,0.30671333121221767,0.5887686923321667,41.39675469296851,Medium opportunity for deeper review,Small county
"Henry County, Georgia",249960.0,25.1,83146.0,9.2,6.2,94.3,13151,Henry County,Georgia,0.8657333757556475,0.19583200763601655,0.8153038498250079,0.15240216353802105,0.04008908685968815,41.387209672287625,Medium opportunity for deeper review,Medium county
"Shelby County, Indiana",45265.0,22.5,72190.0,13.0,3.6,89.1,18145,Shelby County,Indiana,0.5911549475023863,0.48536430162265354,0.32914412981228125,0.3283487114222081,0.33487114222080816,41.37766465160676,Medium opportunity for deeper review,Small county
"Logan County, Ohio",46089.0,22.7,71551.0,11.1,4.1,89.0,39091,Logan County,Ohio,0.6193127585109768,0.3285077951002227,0.4322303531657652,0.3433025771555839,0.3433025771555839,41.333121221762646,Medium opportunity for deeper review,Small county
"Daggett County, Utah",783.0,21.1,66000.0,9.0,6.6,92.0,49009,Daggett County,Utah,0.3989818644607063,0.18262806236080179,0.8533248488705059,0.4902958956411072,0.14031180400890864,41.31084950684059,Medium opportunity for deeper review,Small county
"Riverside County, California",2478600.0,24.1,93074.0,10.6,6.5,93.6,6065,Riverside County,California,0.7858733693923003,0.29430480432707606,0.8450524976137448,0.07954183900731782,0.06061088132357617,41.30766783328029,Medium opportunity for deeper review,Very large county
"Northumberland County, Virginia",12188.0,13.8,66480.0,11.5,3.8,81.1,51133,Northumberland County,Virginia,0.01479478205536112,0.3615972001272669,0.3752783964365256,0.4667515112949412,0.845847916003818,41.28539611835825,Medium opportunity for deeper review,Small county
"Pima County, Arizona",1060490.0,19.6,70315.0,14.3,5.5,91.9,4019,Pima County,Arizona,0.23989818644607064,0.5779510022271714,0.7265351574928413,0.3744829780464525,0.14444797963728917,41.2663060769965,Medium opportunity for deeper review,Very large county
"Grant County, South Dakota",7563.0,22.2,75028.0,11.6,2.7,84.1,46051,Grant County,South Dakota,0.5493159401845371,0.36971046770601335,0.17037861915367483,0.2666242443525294,0.7071269487750557,41.26312440343621,Medium opportunity for deeper review,Small county
"Clayton County, Iowa",17013.0,21.6,67242.0,10.9,2.5,84.4,19043,Clayton County,Iowa,0.4675469296850143,0.31403118040089084,0.14110722239898185,0.4479796372892141,0.6902640789055043,41.21858097359211,Medium opportunity for deeper review,Small county
"Ochiltree County, Texas",9786.0,30.2,70183.0,11.8,0.3,89.5,48357,Ochiltree County,Texas,0.9782055361119949,0.38927776010181353,0.010499522748965956,0.37671014953865734,0.3051224944320713,41.19630925867006,Medium opportunity for deeper review,Small county
"Oglethorpe County, Georgia",15509.0,21.5,75034.0,11.6,3.1,83.6,13221,Oglethorpe County,Georgia,0.4540248170537703,0.36971046770601335,0.2286032453070315,0.26614699331848557,0.7400572701240853,41.17085587018773,Medium opportunity for deeper review,Small county
"Stark County, North Dakota",33302.0,27.6,84449.0,12.1,3.0,89.0,38089,Stark County,North Dakota,0.9527521476296532,0.41298122812599425,0.2098313713013045,0.13935730194082085,0.3433025771555839,41.16449252306714,Medium opportunity for deeper review,Small county
"Juniata County, Pennsylvania",23379.0,22.1,66318.0,9.7,2.1,83.9,42067,Juniata County,Pennsylvania,0.5359529112313076,0.22923958001909003,0.09720012726694241,0.47438752783964366,0.7214444797963728,41.16449252306714,Medium opportunity for deeper review,Small county
"McPherson County, South Dakota",2145.0,19.3,66906.0,12.9,1.1,80.0,46089,McPherson County,South Dakota,0.21158129175946547,0.4769328666878778,0.03436207445116131,0.4587973273942093,0.8748011454024818,41.12949411390392,Medium opportunity for deeper review,Small county
"Lamar County, Georgia",19571.0,20.4,67062.0,9.6,4.1,85.2,13171,Lamar County,Georgia,0.3181673560292714,0.2223989818644607,0.4322303531657652,0.4549793191218581,0.6275851097677378,41.10722239898187,Medium opportunity for deeper review,Small county
"Lane County, Oregon",384207.0,17.5,71544.0,15.3,6.4,92.1,41039,Lane County,Oregon,0.10244988864142539,0.6364937957365574,0.8361438116449252,0.34393891186764236,0.1361756283805282,41.10404072542157,Medium opportunity for deeper review,Large county
"Riley County, Kansas",71946.0,16.1,61098.0,19.9,3.8,91.9,20161,Riley County,Kansas,0.05504295259306395,0.8469615017499205,0.3752783964365256,0.6299713649379574,0.14444797963728917,41.03404390709513,Medium opportunity for deeper review,Medium county
"Christian County, Illinois",33538.0,19.3,62611.0,10.2,4.6,87.7,17021,Christian County,Illinois,0.21158129175946547,0.26582882596245627,0.5439070951320395,0.5847916003818008,0.4452752147629653,41.02768055997455,Medium opportunity for deeper review,Small county
"Bandera County, Texas",22021.0,16.6,75813.0,13.5,8.7,90.0,48019,Bandera County,Texas,0.06617881005408845,0.5227489659560929,0.9452752147629653,0.25007954183900727,0.2653515749284123,40.992682150811326,Medium opportunity for deeper review,Small county
"Miami-Dade County, Florida",2738356.0,20.0,71753.0,14.7,4.6,89.7,12086,Miami-Dade County,Florida,0.2748965956092905,0.6032453070314986,0.5439070951320395,0.33821189945911545,0.2893732103086223,40.992682150811326,Medium opportunity for deeper review,Very large county
"Moffat County, Colorado",13207.0,24.2,73849.0,8.4,4.5,89.6,8081,Moffat County,Colorado,0.7946229716831054,0.1403118040089087,0.5227489659560929,0.29462297168310536,0.2963728921412663,40.97359210944956,Medium opportunity for deeper review,Small county
"Butler County, Ohio",392876.0,23.4,81590.0,11.8,5.1,92.2,39017,Butler County,Ohio,0.7114222080814508,0.38927776010181353,0.6509704104358893,0.16481069042316254,0.13124403436207444,40.95450206808781,Medium opportunity for deeper review,Large county
"Dauphin County, Pennsylvania",289593.0,22.3,76242.0,12.9,4.5,90.3,42043,Dauphin County,Pennsylvania,0.5628380528157811,0.4769328666878778,0.5227489659560929,0.2430798600063634,0.2421253579382755,40.95450206808781,Medium opportunity for deeper review,Large county
"Kit Carson County, Colorado",7023.0,26.1,70259.0,9.8,2.4,88.5,8063,Kit Carson County,Colorado,0.9206172446706968,0.23814826598790964,0.12949411390391347,0.37543748011454026,0.3835507476932867,40.944957047406945,Medium opportunity for deeper review,Small county
"Bonneville County, Idaho",129523.0,29.8,79068.0,9.8,4.6,92.9,16019,Bonneville County,Idaho,0.9748647788736876,0.23814826598790964,0.5439070951320395,0.19630925867006044,0.09258670060451801,40.916321985364306,Medium opportunity for deeper review,Medium county
"Box Butte County, Nebraska",10714.0,25.2,68892.0,10.8,1.6,88.3,31013,Box Butte County,Nebraska,0.8736875596563792,0.308304167992364,0.05997454661151766,0.4050270442252625,0.39882278078269173,40.916321985364306,Medium opportunity for deeper review,Small county
"Price County, Wisconsin",14092.0,17.5,60546.0,11.9,2.9,84.2,55099,Price County,Wisconsin,0.10244988864142539,0.3978682787146039,0.19551384027998728,0.6477887368755966,0.7015590200445434,40.90359529112313,Medium opportunity for deeper review,Small county
"Garfield County, Montana",1094.0,24.9,69583.0,13.4,0.0,89.8,30033,Garfield County,Montana,0.8523703468024181,0.5159083678014635,0.003658924594336621,0.39118676423798915,0.2809417753738467,40.881323576201076,Medium opportunity for deeper review,Small county
"Sabine County, Texas",10023.0,17.8,66585.0,11.0,4.7,86.0,48403,Sabine County,Texas,0.12042634425707922,0.31975819280941775,0.5641107222398982,0.4642061724467069,0.5754056633789373,40.87814190264078,Medium opportunity for deeper review,Small county
"Dodge County, Nebraska",37351.0,25.2,74329.0,11.0,3.4,89.8,31053,Dodge County,Nebraska,0.8736875596563792,0.31975819280941775,0.28778237352847597,0.2809417753738467,0.2809417753738467,40.86223353483932,Medium opportunity for deeper review,Small county
"Boundary County, Idaho",13172.0,23.3,67237.0,13.6,2.6,90.8,16021,Boundary County,Idaho,0.6998090995863825,0.5292713967546929,0.1551065860642698,0.4482978046452434,0.20903595291123134,40.830416799236396,Medium opportunity for deeper review,Small county
"Barron County, Wisconsin",46797.0,21.1,65933.0,11.0,2.8,85.0,55005,Barron County,Wisconsin,0.3989818644607063,0.31975819280941775,0.18310531339484568,0.49347756920139996,0.6449252306713331,40.80496341075406,Medium opportunity for deeper review,Small county
"Huntingdon County, Pennsylvania",43653.0,17.7,65557.0,10.6,4.6,85.9,42061,Huntingdon County,Pennsylvania,0.11422208081450844,0.29430480432707606,0.5439070951320395,0.5049315940184538,0.5828825962456252,40.80496341075406,Medium opportunity for deeper review,Small county
"Carlton County, Minnesota",36518.0,21.5,80573.0,11.9,4.8,88.0,27017,Carlton County,Minnesota,0.4540248170537703,0.3978682787146039,0.5874960229080496,0.17817371937639204,0.42141266306076997,40.77951002227171,Medium opportunity for deeper review,Small county
"Piscataquis County, Maine",17263.0,15.5,61345.0,15.5,3.6,88.3,23021,Piscataquis County,Maine,0.04152083996181992,0.6492204899777283,0.32914412981228125,0.6197900095450206,0.39882278078269173,40.76996500159083,Medium opportunity for deeper review,Small county
"Dubois County, Indiana",43614.0,24.3,75979.0,11.0,2.3,86.4,18037,Dubois County,Indiana,0.8033725739739103,0.31975819280941775,0.11756283805281578,0.2478523703468024,0.5485205217944639,40.7413299395482,Medium opportunity for deeper review,Small county
"Gage County, Nebraska",21629.0,22.6,67247.0,12.6,1.5,87.3,31067,Gage County,Nebraska,0.6056315622017181,0.45147947820553613,0.054088450524976135,0.4476614699331849,0.47709195036589247,40.71905822462615,Medium opportunity for deeper review,Small county
"Lyon County, Minnesota",25503.0,26.0,75303.0,12.2,3.2,91.2,27083,Lyon County,Minnesota,0.9167992363983455,0.4212535793827553,0.25071587655106586,0.2615335666560611,0.1854915685650652,40.71587655106586,Medium opportunity for deeper review,Small county
"Jasper County, Illinois",9180.0,22.5,74755.0,11.1,4.2,88.4,17079,Jasper County,Illinois,0.5911549475023863,0.3285077951002227,0.4513203945275215,0.2729875914731149,0.3916640152720331,40.71269487750556,Medium opportunity for deeper review,Small county
"Trempealeau County, Wisconsin",30839.0,26.7,76313.0,9.9,2.3,87.1,55121,Trempealeau County,Wisconsin,0.9370028635062042,0.24610244988864144,0.11756283805281578,0.24117085587018772,0.4926821508113267,40.690423162583514,Medium opportunity for deeper review,Small county
"Shelby County, Ohio",47929.0,24.5,73978.0,11.6,4.1,92.5,39149,Shelby County,Ohio,0.8227807826916959,0.36971046770601335,0.4322303531657652,0.2917594654788419,0.11565383391664019,40.64269805917913,Medium opportunity for deeper review,Small county
"Wells County, Indiana",28420.0,24.7,71957.0,7.2,2.6,85.2,18179,Wells County,Indiana,0.8396436525612472,0.0762010817690105,0.1551065860642698,0.33343938911867643,0.6275851097677378,40.63951638561883,Medium opportunity for deeper review,Small county
"Monona County, Iowa",8557.0,22.6,68377.0,10.6,1.6,84.9,19133,Monona County,Iowa,0.6056315622017181,0.29430480432707606,0.05997454661151766,0.4167992363983455,0.652402163538021,40.58224626153357,Medium opportunity for deeper review,Small county
"Anderson County, Tennessee",79153.0,21.3,66183.0,13.4,3.7,90.2,47001,Anderson County,Tennessee,0.42888959592745785,0.5159083678014635,0.3523703468024181,0.48138720967228765,0.24992045816099273,40.569519567292396,Medium opportunity for deeper review,Medium county
"O'Brien County, Iowa",14126.0,24.4,68356.0,13.3,1.0,90.1,19141,O'Brien County,Iowa,0.8132357620108177,0.5093859370028635,0.030066815144766147,0.4177537384664334,0.2575564747056952,40.55997454661152,Medium opportunity for deeper review,Small county
"Cameron Parish, Louisiana",5015.0,24.3,75278.0,7.4,2.1,82.8,22023,Cameron Parish,Louisiana,0.8033725739739103,0.08399618199172765,0.09720012726694241,0.2621699013681197,0.7803054406617881,40.540884505249764,Medium opportunity for deeper review,Small county
"Daniels County, Montana",1494.0,17.9,55625.0,12.9,0.5,85.1,30019,Daniels County,Montana,0.12583518930957685,0.4769328666878778,0.015112949411390391,0.772510340439071,0.636652879414572,40.54088450524976,Medium opportunity for deeper review,Small county
"Wayne County, Nebraska",9844.0,20.3,66215.0,13.2,4.3,90.0,31179,Wayne County,Nebraska,0.3078269169583201,0.5020680878141902,0.47216035634743875,0.4791600381800827,0.2653515749284123,40.53133948456888,Medium opportunity for deeper review,Small county
"Benton County, Oregon",96303.0,15.7,77702.0,18.2,7.0,92.9,41003,Benton County,Oregon,0.045975182946229716,0.7873051224944321,0.8806872414890232,0.2182628062360802,0.09258670060451801,40.49634107540566,Medium opportunity for deeper review,Medium county
"Valley County, Montana",7519.0,22.3,71695.0,10.1,3.0,84.9,30105,Valley County,Montana,0.5628380528157811,0.258510976773783,0.2098313713013045,0.3401209035952911,0.652402163538021,40.47406936048361,Medium opportunity for deeper review,Small county
"Marion County, Kansas",11754.0,21.1,64695.0,9.2,3.4,85.4,20115,Marion County,Kansas,0.3989818644607063,0.19583200763601655,0.28778237352847597,0.5259306395163856,0.6150174992045816,40.47088768692332,Medium opportunity for deeper review,Small county
"Atchison County, Missouri",5187.0,20.9,58750.0,11.6,2.3,87.5,29005,Atchison County,Missouri,0.3773464842507159,0.36971046770601335,0.11756283805281578,0.6988545975182946,0.45863824371619477,40.44225262488069,Medium opportunity for deeper review,Small county
"Faulkner County, Arkansas",127717.0,22.6,67289.0,14.5,3.4,92.9,5045,Faulkner County,Arkansas,0.6056315622017181,0.5894050270442253,0.28778237352847597,0.446706967865097,0.09258670060451801,40.44225262488069,Medium opportunity for deeper review,Medium county
"Yolo County, California",220564.0,20.1,91752.0,16.7,6.1,92.3,6113,Yolo County,California,0.2855552020362711,0.7153993000318167,0.8075087496022908,0.0865415208399618,0.12663060769965007,40.432707604199805,Medium opportunity for deeper review,Medium county
"Southampton County, Virginia",17964.0,18.6,70795.0,8.7,5.5,85.5,51175,Southampton County,Virginia,0.16321985364301622,0.1613108495068406,0.7265351574928413,0.3620744511613109,0.6081769010499523,40.42634425707923,Medium opportunity for deeper review,Small county
"Franklin County, Texas",10632.0,22.3,72360.0,11.7,4.4,90.1,48159,Franklin County,Texas,0.5628380528157811,0.37941457206490614,0.49713649379573654,0.3242125357938276,0.2575564747056952,40.42316258351894,Medium opportunity for deeper review,Small county
"Hardin County, Iowa",16639.0,19.0,65069.0,9.7,4.3,85.4,19083,Hardin County,Iowa,0.1872414890232262,0.22923958001909003,0.47216035634743875,0.5173401209035953,0.6150174992045816,40.41998090995864,Medium opportunity for deeper review,Small county
"Johnson County, Nebraska",5261.0,19.7,57632.0,9.7,3.4,86.7,31097,Johnson County,Nebraska,0.24896595609290487,0.22923958001909003,0.28778237352847597,0.7292395800190901,0.5251352211263125,40.407254215717465,Medium opportunity for deeper review,Small county
"Fannin County, Georgia",25742.0,15.5,57073.0,13.7,3.7,88.9,13111,Fannin County,Georgia,0.04152083996181992,0.5359529112313076,0.3523703468024181,0.7387846006999682,0.3514158447343303,40.40089086859688,Medium opportunity for deeper review,Small county
"Wyoming County, Pennsylvania",25967.0,19.2,72460.0,11.5,5.0,87.0,42131,Wyoming County,Pennsylvania,0.20235443843461662,0.3615972001272669,0.6310849506840598,0.3226216990136812,0.5009545020680879,40.37225580655425,Medium opportunity for deeper review,Small county
"Elk County, Pennsylvania",30506.0,19.0,66380.0,8.7,5.7,87.7,42047,Elk County,Pennsylvania,0.1872414890232262,0.1613108495068406,0.7531021317212854,0.4708876869233216,0.4452752147629653,40.35634743875278,Medium opportunity for deeper review,Small county
"Camden County, Missouri",43667.0,17.2,66387.0,12.6,4.3,86.6,29029,Camden County,Missouri,0.08813235762010818,0.45147947820553613,0.47216035634743875,0.4705695195672924,0.5324530703149857,40.29589564110722,Medium opportunity for deeper review,Small county
"Kingfisher County, Oklahoma",15430.0,26.7,71975.0,12.8,2.1,91.3,40073,Kingfisher County,Oklahoma,0.9370028635062042,0.46818326439707286,0.09720012726694241,0.33312122176264714,0.17849188673242122,40.279987273305764,Medium opportunity for deeper review,Small county
"Broadwater County, Montana",7668.0,19.9,70374.0,12.7,3.5,85.5,30007,Broadwater County,Montana,0.2653515749284123,0.46006999681832644,0.3075087496022908,0.3728921412663061,0.6081769010499523,40.27998727330576,Medium opportunity for deeper review,Small county
"Wise County, Texas",75005.0,24.5,93421.0,8.9,5.3,90.2,48497,Wise County,Texas,0.8227807826916959,0.17626471524021636,0.6870824053452116,0.07731466751511296,0.24992045816099273,40.26726057906458,Medium opportunity for deeper review,Medium county
"De Witt County, Illinois",15373.0,21.3,71678.0,10.0,4.0,86.0,17039,De Witt County,Illinois,0.42888959592745785,0.25230671333121224,0.41520839961819916,0.3404390709513204,0.5754056633789373,40.244988864142535,Medium opportunity for deeper review,Small county
"Orleans County, Vermont",27606.0,19.4,70103.0,11.7,5.3,89.0,50019,Orleans County,Vermont,0.2223989818644607,0.37941457206490614,0.6870824053452116,0.3789373210308622,0.3433025771555839,40.22271714922049,Medium opportunity for deeper review,Small county
"Meade County, Kansas",3903.0,26.0,71852.0,11.0,1.5,88.5,20119,Meade County,Kansas,0.9167992363983455,0.31975819280941775,0.054088450524976135,0.3366210626789692,0.3835507476932867,40.2163538020999,Medium opportunity for deeper review,Small county
"Bastrop County, Texas",106582.0,26.0,86226.0,10.2,4.3,90.5,48021,Bastrop County,Texas,0.9167992363983455,0.26582882596245627,0.47216035634743875,0.12599427298759147,0.22923958001909006,40.20044543429844,Medium opportunity for deeper review,Medium county
"Custer County, Colorado",5247.0,13.7,72674.0,12.7,3.7,80.4,8027,Custer County,Colorado,0.01368119630925867,0.46006999681832644,0.3523703468024181,0.3181673560292714,0.8655742920776328,40.19726376073815,Medium opportunity for deeper review,Small county
"Erie County, New York",950622.0,20.1,72839.0,13.9,4.9,90.2,36029,Erie County,New York,0.2855552020362711,0.5509067769646834,0.6104040725421572,0.31244034362074447,0.24992045816099273,40.18453706649697,Medium opportunity for deeper review,Large county
"Dickson County, Tennessee",55983.0,22.5,75003.0,10.9,3.4,86.4,47043,Dickson County,Tennessee,0.5911549475023863,0.31403118040089084,0.28778237352847597,0.2669424117085587,0.5485205217944639,40.168628698695514,Medium opportunity for deeper review,Medium county
"Bennington County, Vermont",37269.0,18.7,73325.0,11.3,4.4,84.4,50003,Bennington County,Vermont,0.16958320076360164,0.34743875278396436,0.49713649379573654,0.3032134902958956,0.6902640789055043,40.15272033089404,Medium opportunity for deeper review,Small county
"Towner County, North Dakota",2079.0,24.9,67350.0,8.5,0.7,86.5,38095,Towner County,North Dakota,0.8523703468024181,0.1479478205536112,0.021317212853961185,0.44511613108495074,0.5400890868596881,40.13681196309259,Medium opportunity for deeper review,Small county
"Floyd County, Virginia",15593.0,18.7,62191.0,9.8,3.6,84.7,51063,Floyd County,Virginia,0.16958320076360164,0.23814826598790964,0.32914412981228125,0.5972001272669425,0.6699013681196309,40.07954183900731,Medium opportunity for deeper review,Small county
"Osborne County, Kansas",3452.0,22.1,63011.0,8.4,1.6,84.3,20141,Osborne County,Kansas,0.5359529112313076,0.1403118040089087,0.05997454661151766,0.5714285714285714,0.6959910913140313,40.073178491886736,Medium opportunity for deeper review,Small county
"Ripley County, Indiana",29095.0,23.6,70573.0,10.1,3.0,87.9,18137,Ripley County,Indiana,0.7367165128857779,0.258510976773783,0.2098313713013045,0.36843779828189627,0.4298440979955457,40.066815144766146,Medium opportunity for deeper review,Small county
"Monroe County, Iowa",7513.0,23.0,70996.0,9.2,3.1,86.2,19135,Monroe County,Iowa,0.657651924912504,0.19583200763601655,0.2286032453070315,0.3588927776010181,0.5620426344257079,40.06045179764556,Medium opportunity for deeper review,Small county
"Otter Tail County, Minnesota",60475.0,21.7,72255.0,8.7,4.8,87.7,27111,Otter Tail County,Minnesota,0.48106904231625836,0.1613108495068406,0.5874960229080496,0.32707604199809104,0.4452752147629653,40.0445434298441,Medium opportunity for deeper review,Medium county
"Washington County, Texas",36647.0,21.2,77825.0,13.4,3.0,85.0,48477,Washington County,Texas,0.4139357301940821,0.5159083678014635,0.2098313713013045,0.2163538020999045,0.6449252306713331,40.01909004136176,Medium opportunity for deeper review,Small county
"Ramsey County, Minnesota",542945.0,23.1,81568.0,12.3,4.9,92.4,27123,Ramsey County,Minnesota,0.6719694559338212,0.4303213490295896,0.6104040725421572,0.16512885777919184,0.12201718103722559,39.996818326439715,Medium opportunity for deeper review,Large county
"Florence County, Wisconsin",4646.0,15.5,61086.0,7.3,4.8,84.8,55037,Florence County,Wisconsin,0.04152083996181992,0.08001909004136176,0.5874960229080496,0.6302895322939867,0.6605154311167674,39.9968183264397,Medium opportunity for deeper review,Small county
"Tarrant County, Texas",2167390.0,25.4,84207.0,11.1,4.7,93.2,48439,Tarrant County,Texas,0.8884823417117403,0.3285077951002227,0.5641107222398982,0.14094813872096723,0.07731466751511296,39.98727330575883,Medium opportunity for deeper review,Very large county
"Shiawassee County, Michigan",67991.0,20.7,67404.0,12.0,4.0,88.5,26155,Shiawassee County,Michigan,0.35141584473433024,0.40550429525930637,0.41520839961819916,0.44320712694877507,0.3835507476932867,39.977728285077944,Medium opportunity for deeper review,Medium county
"Benton County, Minnesota",41593.0,25.3,74410.0,9.9,3.9,91.1,27009,Benton County,Minnesota,0.8813235762010818,0.24610244988864144,0.3970728603245307,0.2793509385937003,0.19265033407572385,39.930003181673555,Medium opportunity for deeper review,Small county
"Kittitas County, Washington",47172.0,16.7,73804.0,14.4,6.3,90.6,53037,Kittitas County,Washington,0.06967865097041044,0.583837098313713,0.8251670378619154,0.29525930639516385,0.22223989818644607,39.92363983455298,Medium opportunity for deeper review,Small county
"Jasper County, Iowa",37954.0,22.0,71311.0,8.3,5.7,90.4,19099,Jasper County,Iowa,0.5224307986000636,0.13378937321030862,0.7531021317212854,0.34966592427616927,0.2351256761056315,39.88227807826917,Medium opportunity for deeper review,Small county
"Marshall County, Illinois",11647.0,20.4,71585.0,11.4,3.8,85.6,17123,Marshall County,Illinois,0.3181673560292714,0.3550747693286669,0.3752783964365256,0.3426662424435253,0.6016544702513522,39.856824689786826,Medium opportunity for deeper review,Small county
"Lorain County, Ohio",317129.0,21.5,73347.0,12.1,4.3,88.9,39093,Lorain County,Ohio,0.4540248170537703,0.41298122812599425,0.47216035634743875,0.30225898822780783,0.3514158447343303,39.856824689786826,Medium opportunity for deeper review,Large county
"Polk County, Oregon",89662.0,21.6,85118.0,12.7,5.7,91.3,41053,Polk County,Oregon,0.4675469296850143,0.46006999681832644,0.7531021317212854,0.13267578746420616,0.17849188673242122,39.83773464842507,Medium opportunity for deeper review,Medium county
"Crockett County, Texas",2822.0,26.4,81022.0,9.3,3.0,87.3,48105,Crockett County,Texas,0.9282532612153993,0.20489977728285078,0.2098313713013045,0.17149220489977723,0.47709195036589247,39.83137130130448,Medium opportunity for deeper review,Small county
"Franklin County, North Carolina",74386.0,21.8,74240.0,11.1,4.6,89.0,37069,Franklin County,North Carolina,0.4928412344893414,0.3285077951002227,0.5439070951320395,0.28285077951002224,0.3433025771555839,39.828189627744194,Medium opportunity for deeper review,Medium county
"Ellis County, Kansas",28920.0,20.1,63084.0,18.3,3.2,92.9,20051,Ellis County,Kansas,0.2855552020362711,0.793032134902959,0.25071587655106586,0.5685650652243079,0.09258670060451801,39.80909958638244,Medium opportunity for deeper review,Small county
"Habersham County, Georgia",47793.0,21.8,67309.0,14.1,2.7,89.4,13137,Habersham County,Georgia,0.4928412344893414,0.5663378937321031,0.17037861915367483,0.4460706331530385,0.31307667833280306,39.774101177219215,Medium opportunity for deeper review,Small county
"Yellow Medicine County, Minnesota",9451.0,22.8,74000.0,8.6,3.5,85.6,27173,Yellow Medicine County,Minnesota,0.6331530384982501,0.15478841870824053,0.3075087496022908,0.2900095450206809,0.6016544702513522,39.742284441616285,Medium opportunity for deeper review,Small county
"Griggs County, North Dakota",2245.0,20.6,61711.0,11.7,1.4,85.5,38039,Griggs County,North Dakota,0.3398027362392618,0.37941457206490614,0.04899777282850779,0.6105631562201719,0.6081769010499523,39.739102768056,Medium opportunity for deeper review,Small county
"Johnston County, North Carolina",234263.0,24.9,83384.0,10.6,3.8,89.4,37101,Johnston County,North Carolina,0.8523703468024181,0.29430480432707606,0.3752783964365256,0.14985682468978678,0.31307667833280306,39.69774101177219,Medium opportunity for deeper review,Medium county
"Jones County, Georgia",28673.0,22.8,75500.0,12.1,3.8,89.5,13169,Jones County,Georgia,0.6331530384982501,0.41298122812599425,0.3752783964365256,0.25803372573973915,0.3051224944320713,39.691377664651604,Medium opportunity for deeper review,Small county
"Russell County, Kansas",6679.0,21.9,62392.0,14.7,1.8,90.8,20167,Russell County,Kansas,0.5068405981546293,0.6032453070314986,0.07413299395482023,0.5902004454342984,0.20903595291123134,39.66910594972956,Medium opportunity for deeper review,Small county
"Washington County, Maryland",155709.0,21.8,77747.0,12.4,4.2,88.5,24043,Washington County,Maryland,0.4928412344893414,0.4379573655742921,0.4513203945275215,0.2173083041679924,0.3835507476932867,39.65956092904868,Medium opportunity for deeper review,Medium county
"Bond County, Illinois",16716.0,17.7,65959.0,10.9,4.5,86.5,17005,Bond County,Illinois,0.11422208081450844,0.31403118040089084,0.5227489659560929,0.4915685650652243,0.5400890868596881,39.6531975819281,Medium opportunity for deeper review,Small county
"Clay County, Kansas",8048.0,23.0,66176.0,13.4,1.0,89.6,20027,Clay County,Kansas,0.657651924912504,0.5159083678014635,0.030066815144766147,0.4821826280623608,0.2963728921412663,39.64365256124721,Medium opportunity for deeper review,Small county
"Wabaunsee County, Kansas",7009.0,22.7,76908.0,8.5,4.4,87.2,20197,Wabaunsee County,Kansas,0.6193127585109768,0.1479478205536112,0.49713649379573654,0.23226216990136817,0.48504613426662424,39.63410754056634,Medium opportunity for deeper review,Small county
"Onondaga County, New York",471129.0,20.9,76945.0,13.8,5.2,91.6,36067,Onondaga County,New York,0.3773464842507159,0.5431116767419663,0.6683105313394846,0.23162583518930957,0.15987909640470888,39.605472478523694,Medium opportunity for deeper review,Large county
"Pike County, Georgia",19903.0,23.2,86719.0,9.3,3.4,84.6,13231,Pike County,Georgia,0.6870824053452116,0.20489977728285078,0.28778237352847597,0.12058542793509386,0.6780146356983774,39.567292395800195,Medium opportunity for deeper review,Small county
"Dixon County, Nebraska",5545.0,25.3,72454.0,7.3,2.4,86.2,31051,Dixon County,Nebraska,0.8813235762010818,0.08001909004136176,0.12949411390391347,0.3229398663697105,0.5620426344257079,39.51638561883551,Medium opportunity for deeper review,Small county
"Lebanon County, Pennsylvania",144186.0,22.5,78425.0,10.1,4.3,87.7,42075,Lebanon County,Pennsylvania,0.5911549475023863,0.258510976773783,0.47216035634743875,0.20776328348711426,0.4452752147629653,39.49729557747375,Medium opportunity for deeper review,Medium county
"Shawano County, Wisconsin",41039.0,21.2,66479.0,11.1,2.6,85.5,55115,Shawano County,Wisconsin,0.4139357301940821,0.3285077951002227,0.1551065860642698,0.4670696786509704,0.6081769010499523,39.455933821189944,Medium opportunity for deeper review,Small county
"Summit County, Ohio",537864.0,20.7,71622.0,12.8,5.1,91.6,39153,Summit County,Ohio,0.35141584473433024,0.46818326439707286,0.6509704104358893,0.3420299077314668,0.15987909640470888,39.44957047406937,Medium opportunity for deeper review,Large county
"Platte County, Nebraska",34716.0,26.6,71552.0,9.8,2.0,88.7,31141,Platte County,Nebraska,0.9339802736239262,0.23814826598790964,0.08892777601018136,0.3429844097995546,0.3678014635698378,39.436843779828195,Medium opportunity for deeper review,Small county
"Sussex County, Virginia",10765.0,15.7,63530.0,11.6,4.1,86.1,51183,Sussex County,Virginia,0.045975182946229716,0.36971046770601335,0.4322303531657652,0.5555202036271079,0.5682468978682786,39.433662106267896,Medium opportunity for deeper review,Small county
"Franklin County, Indiana",23020.0,22.0,78074.0,6.9,3.9,83.0,18047,Franklin County,Indiana,0.5224307986000636,0.06299713649379574,0.3970728603245307,0.21269487750556793,0.7712376710149539,39.32866687877824,Medium opportunity for deeper review,Small county
"Decatur County, Indiana",26422.0,23.5,69783.0,10.2,2.7,88.0,18031,Decatur County,Indiana,0.7239898186446071,0.26582882596245627,0.17037861915367483,0.3846643334393891,0.42141266306076997,39.325485205217944,Medium opportunity for deeper review,Small county
"Washburn County, Wisconsin",16854.0,18.0,63441.0,11.5,3.9,86.8,55129,Washburn County,Wisconsin,0.13140311804008908,0.3615972001272669,0.3970728603245307,0.5587018771874006,0.5167037861915367,39.30957683741648,Medium opportunity for deeper review,Small county
"St. Clair County, Michigan",160221.0,20.3,71270.0,11.3,5.7,90.9,26147,St. Clair County,Michigan,0.3078269169583201,0.34743875278396436,0.7531021317212854,0.35300668151447656,0.20314985682468978,39.29048679605472,Medium opportunity for deeper review,Medium county
"Judith Basin County, Montana",2071.0,22.5,59000.0,13.3,0.1,91.5,30045,Judith Basin County,Montana,0.5911549475023863,0.5093859370028635,0.0077951002227171495,0.6897868278714604,0.16608335984727962,39.28412344893414,Medium opportunity for deeper review,Small county
"St. Louis County, Minnesota",200123.0,18.6,70069.0,13.2,4.6,88.6,27137,St. Louis County,Minnesota,0.16321985364301622,0.5020680878141902,0.5439070951320395,0.3798918230989501,0.37480114540248166,39.277760101813556,Medium opportunity for deeper review,Medium county
"Huntington County, Indiana",36798.0,21.6,66301.0,9.9,3.5,87.4,18069,Huntington County,Indiana,0.4675469296850143,0.24610244988864144,0.3075087496022908,0.47566019726376074,0.4667515112949412,39.27139675469297,Medium opportunity for deeper review,Small county
"Gibson County, Indiana",33000.0,23.7,67573.0,10.8,2.3,88.9,18051,Gibson County,Indiana,0.7476932866687878,0.308304167992364,0.11756283805281578,0.43811644925230675,0.3514158447343303,39.26185173401209,Medium opportunity for deeper review,Small county
"Meade County, Kentucky",30158.0,21.9,74355.0,12.2,4.8,91.5,21163,Meade County,Kentucky,0.5068405981546293,0.4212535793827553,0.5874960229080496,0.2803054406617881,0.16608335984727962,39.239580019090035,Medium opportunity for deeper review,Small county
"Kalkaska County, Michigan",18239.0,20.1,68578.0,12.2,3.8,87.4,26079,Kalkaska County,Michigan,0.2855552020362711,0.4212535793827553,0.3752783964365256,0.4113903913458479,0.4667515112949412,39.20458160992683,Medium opportunity for deeper review,Small county
"Terrell County, Texas",835.0,17.2,44886.0,7.7,0.0,81.8,48443,Terrell County,Texas,0.08813235762010818,0.10054088450524976,0.003658924594336621,0.9433662106267897,0.8243716194718422,39.201399936366535,Medium opportunity for deeper review,Small county
"Kandiyohi County, Minnesota",44079.0,24.5,76592.0,9.1,3.6,88.5,27067,Kandiyohi County,Minnesota,0.8227807826916959,0.18851415844734332,0.32914412981228125,0.2360801781737194,0.3835507476932867,39.20139993636653,Medium opportunity for deeper review,Small county
"Douglas County, Nebraska",590736.0,25.3,80391.0,11.8,3.8,92.2,31055,Douglas County,Nebraska,0.8813235762010818,0.38927776010181353,0.3752783964365256,0.18135539293668468,0.13124403436207444,39.169583200763604,Medium opportunity for deeper review,Large county
"Robertson County, Tennessee",75539.0,24.1,83047.0,10.4,3.3,87.4,47147,Robertson County,Tennessee,0.7858733693923003,0.2801463569837735,0.2696468342348075,0.15335666560610883,0.4667515112949412,39.115494750238625,Medium opportunity for deeper review,Medium county
"Louisa County, Virginia",39980.0,20.0,86689.0,10.0,5.8,86.5,51109,Louisa County,Virginia,0.2748965956092905,0.25230671333121224,0.7664651606745148,0.12153993000318164,0.5400890868596881,39.10594972955774,Medium opportunity for deeper review,Small county
"Tompkins County, New York",104537.0,14.1,74024.0,16.4,5.5,90.6,36109,Tompkins County,New York,0.01845370664969774,0.6982182628062361,0.7265351574928413,0.28889595927457845,0.22223989818644607,39.08685968819599,Medium opportunity for deeper review,Medium county
"Los Angeles County, California",9808667.0,20.6,90112.0,13.7,7.3,93.0,6037,Los Angeles County,California,0.3398027362392618,0.5359529112313076,0.8978682787146038,0.0932230353165765,0.08701877187400575,39.077314667515104,Medium opportunity for deeper review,Very large county
"Major County, Oklahoma",7628.0,25.3,71266.0,11.0,2.6,90.3,40093,Major County,Oklahoma,0.8813235762010818,0.31975819280941775,0.1551065860642698,0.3538020999045498,0.2421253579382755,39.042316258351896,Medium opportunity for deeper review,Small county
"Brewster County, Texas",9503.0,16.7,56212.0,8.9,3.0,83.7,48043,Brewster County,Texas,0.06967865097041044,0.17626471524021636,0.2098313713013045,0.7616926503340757,0.7336939230034998,39.02322621699014,Medium opportunity for deeper review,Small county
"Cherokee County, Iowa",11600.0,22.2,71269.0,12.1,2.5,87.1,19035,Cherokee County,Iowa,0.5493159401845371,0.41298122812599425,0.14110722239898185,0.3534839325485205,0.4926821508113267,38.991409481387215,Medium opportunity for deeper review,Small county
"Pender County, North Carolina",65550.0,22.4,80396.0,9.7,4.8,88.6,37141,Pender County,North Carolina,0.5760419980909959,0.22923958001909003,0.5874960229080496,0.18103722558065538,0.37480114540248166,38.97231944002545,Medium opportunity for deeper review,Medium county
"Washington County, New York",60522.0,18.4,73495.0,10.7,5.0,86.2,36115,Washington County,New York,0.15112949411390392,0.30178173719376394,0.6310849506840598,0.30098631880369076,0.5620426344257079,38.94050270442253,Medium opportunity for deeper review,Medium county
"Lincoln County, Minnesota",5603.0,22.5,69694.0,11.9,2.7,88.3,27081,Lincoln County,Minnesota,0.5911549475023863,0.3978682787146039,0.17037861915367483,0.38816417435571116,0.39882278078269173,38.92777601018136,Medium opportunity for deeper review,Small county
"Grayson County, Texas",143337.0,24.0,72182.0,11.2,3.1,89.9,48181,Grayson County,Texas,0.7763283487114222,0.33837098313713015,0.2286032453070315,0.3286668787782373,0.2726694241170856,38.89277760101814,Medium opportunity for deeper review,Medium county
"Cherry County, Nebraska",5498.0,23.4,66270.0,8.3,0.4,85.5,31031,Cherry County,Nebraska,0.7114222080814508,0.13378937321030862,0.012885777919185491,0.4769328666878778,0.6081769010499523,38.8641425389755,Medium opportunity for deeper review,Small county
"St. Lucie County, Florida",360500.0,19.7,71457.0,12.3,6.1,92.6,12111,St. Lucie County,Florida,0.24896595609290487,0.4303213490295896,0.8075087496022908,0.3468024180719058,0.1086541520839962,38.84505249761374,Medium opportunity for deeper review,Large county
"Campbell County, Virginia",55312.0,19.4,66165.0,10.8,3.7,86.0,51031,Campbell County,Virginia,0.2223989818644607,0.308304167992364,0.3523703468024181,0.48265987909640473,0.5754056633789373,38.822780782691694,Medium opportunity for deeper review,Medium county
"Cortland County, New York",46246.0,18.5,70418.0,12.8,4.6,88.3,36023,Cortland County,New York,0.15701559020044542,0.46818326439707286,0.5439070951320395,0.3713013044861597,0.39882278078269173,38.78460069996819,Medium opportunity for deeper review,Small county
"Jackson County, Oregon",222645.0,20.3,73999.0,12.4,5.4,91.1,41029,Jackson County,Oregon,0.3078269169583201,0.4379573655742921,0.7085587018771874,0.2904867960547248,0.19265033407572385,38.749602290804965,Medium opportunity for deeper review,Medium county
"Donley County, Texas",3257.0,17.6,58750.0,7.9,1.7,75.2,48129,Donley County,Texas,0.10865415208399619,0.1100859051861279,0.06617881005408845,0.6988545975182946,0.9525930639516386,38.72733057588292,Medium opportunity for deeper review,Small county
"Emmons County, North Dakota",3254.0,20.2,66538.0,9.1,2.3,80.4,38029,Emmons County,North Dakota,0.2966910594972956,0.18851415844734332,0.11756283805281578,0.4657970092268533,0.8655742920776328,38.68278714603882,Medium opportunity for deeper review,Small county
"Fall River County, South Dakota",7258.0,16.2,67917.0,16.6,2.5,85.7,46047,Fall River County,South Dakota,0.05806554247534203,0.7103086223353484,0.14110722239898185,0.4285714285714286,0.5951320394527522,38.66369710467706,Medium opportunity for deeper review,Small county
"Parmer County, Texas",9731.0,27.7,69735.0,10.2,2.6,91.4,48369,Parmer County,Texas,0.9538657333757556,0.26582882596245627,0.1551065860642698,0.3865733375755648,0.17181037225580653,38.663697104677055,Medium opportunity for deeper review,Small county
"Van Wert County, Ohio",28826.0,23.0,67917.0,9.0,3.4,88.6,39161,Van Wert County,Ohio,0.657651924912504,0.18262806236080179,0.28778237352847597,0.4285714285714286,0.37480114540248166,38.62869869551383,Medium opportunity for deeper review,Small county
"Ascension Parish, Louisiana",130314.0,26.4,91549.0,10.3,4.4,91.9,22005,Ascension Parish,Louisiana,0.9282532612153993,0.27330575882914415,0.49713649379573654,0.0871778555520204,0.14444797963728917,38.60642698059179,Medium opportunity for deeper review,Medium county
"Marshall County, Minnesota",8909.0,23.3,72543.0,8.3,3.5,87.4,27089,Marshall County,Minnesota,0.6998090995863825,0.13378937321030862,0.3075087496022908,0.32134902958956413,0.4667515112949412,38.58415526566974,Medium opportunity for deeper review,Small county
"Buchanan County, Iowa",20694.0,25.4,78236.0,8.6,2.8,87.1,19019,Buchanan County,Iowa,0.8884823417117403,0.15478841870824053,0.18310531339484568,0.20967228762328982,0.4926821508113267,38.57461024498886,Medium opportunity for deeper review,Small county
"Smith County, Tennessee",20389.0,22.4,66293.0,10.0,2.7,87.6,47159,Smith County,Tennessee,0.5760419980909959,0.25230671333121224,0.17037861915367483,0.4762965319758192,0.45179764556156543,38.536430162265354,Medium opportunity for deeper review,Small county
"Monroe County, New York",753753.0,20.3,76382.0,13.6,4.9,90.4,36055,Monroe County,New York,0.3078269169583201,0.5292713967546929,0.6104040725421572,0.23989818644607064,0.2351256761056315,38.450524976137444,Medium opportunity for deeper review,Large county
"Macoupin County, Illinois",44350.0,20.6,70805.0,13.1,3.7,88.6,17117,Macoupin County,Illinois,0.3398027362392618,0.4933184855233853,0.3523703468024181,0.3617562838052816,0.37480114540248166,38.44097995545657,Medium opportunity for deeper review,Small county
"Pierce County, Nebraska",7325.0,25.2,72357.0,7.6,2.1,86.6,31139,Pierce County,Nebraska,0.8736875596563792,0.0940184537066497,0.09720012726694241,0.32453070314985677,0.5324530703149857,38.43779828189627,Medium opportunity for deeper review,Small county
"Wallowa County, Oregon",7553.0,20.1,67112.0,7.8,3.8,84.2,41063,Wallowa County,Oregon,0.2855552020362711,0.10626789691377665,0.3752783964365256,0.4527521476296532,0.7015590200445434,38.4282532612154,Medium opportunity for deeper review,Small county
"Hudson County, New Jersey",718323.0,19.8,91795.0,14.9,6.0,91.5,34017,Hudson County,New Jersey,0.256761056315622,0.614858415526567,0.7971683105313395,0.08590518612790332,0.16608335984727962,38.41552656697423,Medium opportunity for deeper review,Large county
"Johnson County, Iowa",156639.0,19.3,74935.0,17.1,3.8,89.2,19103,Johnson County,Iowa,0.21158129175946547,0.7357620108176901,0.3752783964365256,0.2685332484887051,0.3265987909640471,38.35507476932867,Medium opportunity for deeper review,Medium county
"Fulton County, Pennsylvania",14531.0,19.7,65836.0,11.2,2.9,85.1,42057,Fulton County,Pennsylvania,0.24896595609290487,0.33837098313713015,0.19551384027998728,0.4963410754056634,0.636652879414572,38.31689468660516,Medium opportunity for deeper review,Small county
"Montrose County, Colorado",43807.0,20.0,72120.0,11.5,4.4,87.6,8085,Montrose County,Colorado,0.2748965956092905,0.3615972001272669,0.49713649379573654,0.3302577155583837,0.45179764556156543,38.31371301304486,Medium opportunity for deeper review,Small county
"Schoharie County, New York",30049.0,17.2,70133.0,11.7,5.0,87.8,36095,Schoharie County,New York,0.08813235762010818,0.37941457206490614,0.6310849506840598,0.3783009863188037,0.43811644925230675,38.300986318803695,Medium opportunity for deeper review,Small county
"Waushara County, Wisconsin",24868.0,17.7,67107.0,10.9,3.9,85.1,55137,Waushara County,Wisconsin,0.11422208081450844,0.31403118040089084,0.3970728603245307,0.4530703149856825,0.636652879414572,38.30098631880369,Medium opportunity for deeper review,Small county
"Churchill County, Nevada",25805.0,22.7,79163.0,8.1,5.3,89.7,32001,Churchill County,Nevada,0.6193127585109768,0.1207445116131085,0.6870824053452116,0.19535475660197266,0.2893732103086223,38.23735284759784,Medium opportunity for deeper review,Small county
"Suffolk city, Virginia",98796.0,23.6,92666.0,9.4,5.0,90.2,51800,Suffolk city,Virginia,0.7367165128857779,0.21237671014953866,0.6310849506840598,0.08176901049952279,0.24992045816099273,38.23735284759784,Medium opportunity for deeper review,Medium county
"Cimarron County, Oklahoma",2218.0,20.6,62188.0,7.4,0.4,79.9,40025,Cimarron County,Oklahoma,0.3398027362392618,0.08399618199172765,0.012885777919185491,0.5976773783009863,0.8775055679287305,38.23735284759783,Medium opportunity for deeper review,Small county
"Gilliam County, Oregon",1971.0,19.0,66917.0,15.3,2.8,87.7,41021,Gilliam County,Oregon,0.1872414890232262,0.6364937957365574,0.18310531339484568,0.4581609926821508,0.4452752147629653,38.20553611199491,Medium opportunity for deeper review,Small county
"Chase County, Kansas",2561.0,20.4,56484.0,8.4,0.9,84.7,20017,Chase County,Kansas,0.3181673560292714,0.1403118040089087,0.026089723194400255,0.755011135857461,0.6699013681196309,38.189627744193444,Medium opportunity for deeper review,Small county
"Pepin County, Wisconsin",7431.0,22.3,75256.0,10.2,3.1,85.8,55091,Pepin County,Wisconsin,0.5628380528157811,0.26582882596245627,0.2286032453070315,0.26280623608017817,0.5887686923321667,38.17690104995227,Medium opportunity for deeper review,Small county
"Callaway County, Missouri",44741.0,20.7,74176.0,11.6,5.1,90.2,29027,Callaway County,Missouri,0.35141584473433024,0.36971046770601335,0.6509704104358893,0.286032453070315,0.24992045816099273,38.160992682150805,Medium opportunity for deeper review,Small county
"Wallace County, Kansas",1417.0,23.0,63207.0,12.3,1.3,90.8,20199,Wallace County,Kansas,0.657651924912504,0.4303213490295896,0.043748011454024814,0.5642698059179128,0.20903595291123134,38.10054088450524,Medium opportunity for deeper review,Small county
"Franklin County, Virginia",55130.0,18.5,68849.0,12.7,2.4,83.4,51067,Franklin County,Virginia,0.15701559020044542,0.46006999681832644,0.12949411390391347,0.40629971364937956,0.7511931275851098,38.08145084314349,Medium opportunity for deeper review,Medium county
"Snyder County, Pennsylvania",39668.0,20.5,66876.0,9.4,2.4,83.0,42109,Snyder County,Pennsylvania,0.32818962774419347,0.21237671014953866,0.12949411390391347,0.4600699968183264,0.7712376710149539,38.027362392618514,Medium opportunity for deeper review,Small county
"Grant County, Minnesota",6127.0,23.2,73917.0,11.6,2.8,88.7,27051,Grant County,Minnesota,0.6870824053452116,0.36971046770601335,0.18310531339484568,0.2933503022589883,0.3678014635698378,38.02099904549793,Medium opportunity for deeper review,Small county
"Natrona County, Wyoming",79977.0,23.6,72156.0,9.6,4.1,91.3,56025,Natrona County,Wyoming,0.7367165128857779,0.2223989818644607,0.4322303531657652,0.3296213808463252,0.17849188673242122,37.989182309895,Medium opportunity for deeper review,Medium county
"Osage County, Kansas",15744.0,23.0,74467.0,9.7,1.9,84.9,20139,Osage County,Kansas,0.657651924912504,0.22923958001909003,0.08160992682150811,0.2783964365256125,0.652402163538021,37.986000636334715,Medium opportunity for deeper review,Small county
"Washington County, Virginia",53926.0,17.5,64552.0,11.1,3.0,83.8,51191,Washington County,Virginia,0.10244988864142539,0.3285077951002227,0.2098313713013045,0.5303849825007954,0.727966910594973,37.98281896277442,Medium opportunity for deeper review,Medium county
"Kosciusko County, Indiana",80442.0,23.5,75317.0,9.8,2.8,87.1,18085,Kosciusko County,Indiana,0.7239898186446071,0.23814826598790964,0.18310531339484568,0.2612153993000318,0.4926821508113267,37.98281896277442,Medium opportunity for deeper review,Medium county
"Washington County, Colorado",4831.0,22.2,67167.0,8.1,3.1,86.4,8121,Washington County,Colorado,0.5493159401845371,0.1207445116131085,0.2286032453070315,0.45052497613744835,0.5485205217944639,37.954183900731785,Medium opportunity for deeper review,Small county
"Logan County, Illinois",27713.0,19.3,66358.0,13.1,4.0,89.5,17107,Logan County,Illinois,0.21158129175946547,0.4933184855233853,0.41520839961819916,0.4718421889914095,0.3051224944320713,37.94145720649061,Medium opportunity for deeper review,Small county
"Washakie County, Wyoming",7703.0,21.0,65714.0,8.8,2.7,84.7,56043,Washakie County,Wyoming,0.38832325803372575,0.1689468660515431,0.17037861915367483,0.49920458160992687,0.6699013681196309,37.93509385937003,Medium opportunity for deeper review,Small county
"Ottawa County, Kansas",5819.0,23.5,74018.0,10.4,2.9,88.2,20143,Ottawa County,Kansas,0.7239898186446071,0.2801463569837735,0.19551384027998728,0.28921412663060775,0.4070951320394528,37.91918549156857,Medium opportunity for deeper review,Small county
"St. Tammany Parish, Louisiana",272421.0,23.6,81202.0,11.4,4.8,94.1,22103,St. Tammany Parish,Louisiana,0.7367165128857779,0.3550747693286669,0.5874960229080496,0.16990136811963097,0.046452433980273655,37.912822144447986,Medium opportunity for deeper review,Large county
"Calaveras County, California",46248.0,16.9,78647.0,13.0,4.5,85.5,6009,Calaveras County,California,0.0757238307349666,0.48536430162265354,0.5227489659560929,0.20362710785873372,0.6081769010499523,37.912822144447986,Medium opportunity for deeper review,Small county
"Orange County, Florida",1471937.0,21.4,79719.0,13.0,5.5,93.9,12095,Orange County,Florida,0.44177537384664334,0.48536430162265354,0.7265351574928413,0.18962774419344575,0.052179446388800454,37.90964047088769,Medium opportunity for deeper review,Very large county
"Douglas County, South Dakota",2828.0,25.5,86442.0,11.0,0.5,86.5,46043,Douglas County,South Dakota,0.8950047725103404,0.31975819280941775,0.015112949411390391,0.1244034362074451,0.5400890868596881,37.88736875596564,Medium opportunity for deeper review,Small county
"Crow Wing County, Minnesota",67686.0,20.5,72589.0,9.9,5.5,89.9,27035,Crow Wing County,Minnesota,0.32818962774419347,0.24610244988864144,0.7265351574928413,0.3202354438434617,0.2726694241170856,37.87464206172447,Medium opportunity for deeper review,Medium county
"Chase County, Nebraska",3671.0,24.5,68173.0,7.5,1.9,87.3,31029,Chase County,Nebraska,0.8227807826916959,0.08892777601018136,0.08160992682150811,0.4215717467387846,0.47709195036589247,37.83964365256125,Medium opportunity for deeper review,Small county
"Red Lake County, Minnesota",3915.0,24.2,77188.0,7.2,1.1,83.3,27125,Red Lake County,Minnesota,0.7946229716831054,0.0762010817690105,0.03436207445116131,0.22844416162901682,0.7569201399936367,37.81100859051861,Medium opportunity for deeper review,Small county
"King County, Texas",211.0,14.7,46645.0,23.7,0.0,100.0,48269,King County,Texas,0.025771555838370982,0.933184855233853,0.003658924594336621,0.9265033407572383,0.0,37.78237352847598,Medium opportunity for deeper review,Small county
"Niobrara County, Wyoming",2368.0,10.5,64113.0,12.0,2.5,82.4,56027,Niobrara County,Wyoming,0.003977091950365892,0.40550429525930637,0.14110722239898185,0.5396118358256443,0.7979637289214127,37.76328348711422,Medium opportunity for deeper review,Small county
"Henry County, Ohio",27567.0,23.3,80099.0,8.7,3.9,87.7,39069,Henry County,Ohio,0.6998090995863825,0.1613108495068406,0.3970728603245307,0.18453706649697743,0.4452752147629653,37.76010181355393,Medium opportunity for deeper review,Small county
"Wilson County, Texas",52781.0,23.5,94565.0,11.3,3.6,88.1,48493,Wilson County,Texas,0.7239898186446071,0.34743875278396436,0.32914412981228125,0.07317849188673242,0.4137766465160675,37.750556792873056,Medium opportunity for deeper review,Medium county
"Gem County, Idaho",20614.0,21.9,64605.0,12.0,2.9,90.2,16045,Gem County,Idaho,0.5068405981546293,0.40550429525930637,0.19551384027998728,0.5287941457206491,0.24992045816099273,37.73146675151129,Medium opportunity for deeper review,Small county
"Williams County, North Dakota",39555.0,30.2,85595.0,8.6,4.4,92.3,38105,Williams County,North Dakota,0.9782055361119949,0.15478841870824053,0.49713649379573654,0.1294941139039134,0.12663060769965007,37.725103404390715,Medium opportunity for deeper review,Small county
"Campbell County, South Dakota",1593.0,20.8,68929.0,7.7,3.1,82.6,46021,Campbell County,South Dakota,0.3636652879414572,0.10054088450524976,0.2286032453070315,0.4037543748011454,0.7885777919185492,37.70283168946865,Medium opportunity for deeper review,Small county
"Gray County, Kansas",5701.0,28.5,79122.0,8.5,2.7,88.2,20069,Gray County,Kansas,0.9637289214126631,0.1479478205536112,0.17037861915367483,0.19567292395800195,0.4070951320394528,37.69646834234808,Medium opportunity for deeper review,Small county
"Grant County, Kansas",7229.0,30.6,66476.0,9.3,0.7,90.8,20067,Grant County,Kansas,0.981705377028317,0.20489977728285078,0.021317212853961185,0.4673878460069997,0.20903595291123134,37.6869233216672,Medium opportunity for deeper review,Small county
"Union County, New Jersey",579290.0,23.5,103202.0,9.2,6.5,93.3,34039,Union County,New Jersey,0.7239898186446071,0.19583200763601655,0.8450524976137448,0.04486159720012728,0.07286032453070312,37.65192491250397,Medium opportunity for deeper review,Large county
"Canyon County, Idaho",250790.0,26.7,76488.0,10.5,3.7,93.4,16027,Canyon County,Idaho,0.9370028635062042,0.2865097041043589,0.3523703468024181,0.23830734966592426,0.06792873051224946,37.6423798918231,Medium opportunity for deeper review,Large county
"Tuolumne County, California",54498.0,17.1,77404.0,10.4,8.2,88.8,6109,Tuolumne County,California,0.08415526566974228,0.2801463569837735,0.9342984409799554,0.2233534839325485,0.3598472796691059,37.636016544702514,Medium opportunity for deeper review,Medium county
"Kenton County, Kentucky",171288.0,23.3,80548.0,11.8,4.3,92.0,21117,Kenton County,Kentucky,0.6998090995863825,0.38927776010181353,0.47216035634743875,0.17912822144447982,0.14031180400890864,37.613744829780465,Medium opportunity for deeper review,Medium county
"Grand Forks County, North Dakota",72923.0,21.2,68075.0,13.2,2.3,88.0,38035,Grand Forks County,North Dakota,0.4139357301940821,0.5020680878141902,0.11756283805281578,0.42507158765510655,0.42141266306076997,37.60101813553929,Medium opportunity for deeper review,Medium county
"Ballard County, Kentucky",7654.0,19.9,66164.0,15.0,1.6,87.6,21007,Ballard County,Kentucky,0.2653515749284123,0.6194718421889914,0.05997454661151766,0.48297804645243403,0.45179764556156543,37.59147311485842,Medium opportunity for deeper review,Small county
"Clark County, Illinois",15266.0,22.4,72927.0,9.1,3.7,87.6,17023,Clark County,Illinois,0.5760419980909959,0.18851415844734332,0.3523703468024181,0.3108495068405982,0.45179764556156543,37.59147311485842,Medium opportunity for deeper review,Small county
"Idaho County, Idaho",17432.0,19.8,66325.0,11.1,3.7,87.4,16049,Idaho County,Idaho,0.256761056315622,0.3285077951002227,0.3523703468024181,0.4734330257715559,0.4667515112949412,37.556474705695194,Medium opportunity for deeper review,Small county
"Pinal County, Arizona",469006.0,21.5,80266.0,11.1,6.0,92.5,4021,Pinal County,Arizona,0.4540248170537703,0.3285077951002227,0.7971683105313395,0.18230989500477246,0.11565383391664019,37.5532930321349,Medium opportunity for deeper review,Large county
"Miner County, South Dakota",2300.0,21.9,76140.0,11.2,0.3,82.9,46097,Miner County,South Dakota,0.5068405981546293,0.33837098313713015,0.010499522748965956,0.2451479478205536,0.7758510976773783,37.534202990773146,Medium opportunity for deeper review,Small county
"Fulton County, New York",52487.0,20.0,66533.0,13.1,3.5,89.1,36035,Fulton County,New York,0.2748965956092905,0.4933184855233853,0.3075087496022908,0.4661151765828826,0.33487114222080816,37.534202990773146,Medium opportunity for deeper review,Medium county
"Wyoming County, New York",39753.0,18.5,69110.0,11.1,3.6,84.8,36121,Wyoming County,New York,0.15701559020044542,0.3285077951002227,0.32914412981228125,0.40152720330894054,0.6605154311167674,37.534202990773146,Medium opportunity for deeper review,Small county
"Clinton County, New York",78493.0,18.0,71224.0,13.7,4.1,88.0,36019,Clinton County,New York,0.13140311804008908,0.5359529112313076,0.4322303531657652,0.3544384346166083,0.42141266306076997,37.508749602290806,Medium opportunity for deeper review,Medium county
"Polk County, Iowa",503175.0,24.4,83576.0,10.3,4.4,91.9,19153,Polk County,Iowa,0.8132357620108177,0.27330575882914415,0.49713649379573654,0.14731148584155263,0.14444797963728917,37.5087496022908,Medium opportunity for deeper review,Large county
"Fulton County, Ohio",42240.0,23.1,72864.0,9.4,3.9,89.8,39051,Fulton County,Ohio,0.6719694559338212,0.21237671014953866,0.3970728603245307,0.3121221762647153,0.2809417753738467,37.489659560929056,Medium opportunity for deeper review,Small county
"Cayuga County, New York",75102.0,19.3,67904.0,13.5,3.8,89.1,36011,Cayuga County,New York,0.21158129175946547,0.5227489659560929,0.3752783964365256,0.4298440979955457,0.33487114222080816,37.48647788736876,Medium opportunity for deeper review,Medium county
"Wood County, Wisconsin",74004.0,21.4,67989.0,10.8,4.0,89.8,55141,Wood County,Wisconsin,0.44177537384664334,0.308304167992364,0.41520839961819916,0.4269805917912822,0.2809417753738467,37.464206172446715,Medium opportunity for deeper review,Medium county
"Ogle County, Illinois",51495.0,22.2,82132.0,8.4,5.0,88.4,17141,Ogle County,Illinois,0.5493159401845371,0.1403118040089087,0.6310849506840598,0.16003818008272352,0.3916640152720331,37.44829780464524,Medium opportunity for deeper review,Medium county
"Weld County, Colorado",350396.0,25.5,97097.0,9.6,4.8,92.7,8123,Weld County,Colorado,0.8950047725103404,0.2223989818644607,0.5874960229080496,0.06299713649379579,0.10356347438752789,37.429207763283486,Medium opportunity for deeper review,Large county
"Rock County, Minnesota",9621.0,24.4,71295.0,10.6,2.6,90.1,27133,Rock County,Minnesota,0.8132357620108177,0.29430480432707606,0.1551065860642698,0.35093859370028635,0.2575564747056952,37.422844416162896,Medium opportunity for deeper review,Small county
"Berkeley County, West Virginia",129514.0,23.1,80815.0,11.1,4.7,92.2,54003,Berkeley County,West Virginia,0.6719694559338212,0.3285077951002227,0.5641107222398982,0.1734012090359529,0.13124403436207444,37.38466433343939,Medium opportunity for deeper review,Medium county
"Colonial Heights city, Virginia",18352.0,24.6,76505.0,7.9,3.6,88.8,51570,Colonial Heights city,Virginia,0.8321667196945594,0.1100859051861279,0.32914412981228125,0.23798918230989496,0.3598472796691059,37.38466433343939,Medium opportunity for deeper review,Small county
"Kittson County, Minnesota",4084.0,21.6,76100.0,9.1,5.0,89.1,27069,Kittson County,Minnesota,0.4675469296850143,0.18851415844734332,0.6310849506840598,0.24657970092268533,0.33487114222080816,37.37193763919822,Medium opportunity for deeper review,Small county
"Columbia County, Washington",4014.0,18.0,71810.0,9.3,3.9,82.4,53013,Columbia County,Washington,0.13140311804008908,0.20489977728285078,0.3970728603245307,0.33725739739102767,0.7979637289214127,37.37193763919822,Medium opportunity for deeper review,Small county
"Lenawee County, Michigan",98415.0,20.5,70518.0,10.7,4.7,89.5,26091,Lenawee County,Michigan,0.32818962774419347,0.30178173719376394,0.5641107222398982,0.36875596563792556,0.3051224944320713,37.35921094495705,Medium opportunity for deeper review,Medium county
"Monroe County, Michigan",155505.0,20.9,77335.0,10.5,5.1,89.2,26115,Monroe County,Michigan,0.3773464842507159,0.2865097041043589,0.6509704104358893,0.22526248806872418,0.3265987909640471,37.33375755647471,Medium opportunity for deeper review,Medium county
"Catoosa County, Georgia",68634.0,21.9,74639.0,9.9,4.3,88.7,13047,Catoosa County,Georgia,0.5068405981546293,0.24610244988864144,0.47216035634743875,0.2736239261851734,0.3678014635698378,37.33057588291442,Medium opportunity for deeper review,Medium county
"Treasure County, Montana",732.0,17.5,67917.0,12.3,1.0,80.0,30103,Treasure County,Montana,0.10244988864142539,0.4303213490295896,0.030066815144766147,0.4285714285714286,0.8748011454024818,37.324212535793826,Medium opportunity for deeper review,Small county
"Franklin County, Kansas",26106.0,23.1,77207.0,8.7,3.0,85.7,20059,Franklin County,Kansas,0.6719694559338212,0.1613108495068406,0.2098313713013045,0.22780782691695833,0.5951320394527522,37.32103086223354,Medium opportunity for deeper review,Small county
"Spokane County, Washington",549056.0,21.5,78582.0,11.7,5.3,92.0,53063,Spokane County,Washington,0.4540248170537703,0.37941457206490614,0.6870824053452116,0.2045816099268215,0.14031180400890864,37.30830416799237,Medium opportunity for deeper review,Large county
"Boone County, Missouri",188043.0,20.1,72758.0,16.6,3.8,91.3,29019,Boone County,Missouri,0.2855552020362711,0.7103086223353484,0.3752783964365256,0.31466751511294944,0.17849188673242122,37.28603245307032,Medium opportunity for deeper review,Medium county
"St. Clair County, Alabama",94166.0,22.2,77463.0,11.4,4.6,91.1,1115,St. Clair County,Alabama,0.5493159401845371,0.3550747693286669,0.5439070951320395,0.22208081450843142,0.19265033407572385,37.26057906458798,Medium opportunity for deeper review,Medium county
"Thayer County, Nebraska",4901.0,22.7,66213.0,9.0,2.0,87.1,31169,Thayer County,Nebraska,0.6193127585109768,0.18262806236080179,0.08892777601018136,0.479478205536112,0.4926821508113267,37.260579064587965,Medium opportunity for deeper review,Small county
"Nemaha County, Kansas",10160.0,26.9,77348.0,9.3,1.5,87.8,20131,Nemaha County,Kansas,0.9408208717785556,0.20489977728285078,0.054088450524976135,0.22494432071269488,0.43811644925230675,37.25739739102768,Medium opportunity for deeper review,Small county
"Lincoln County, Wyoming",20486.0,25.2,89330.0,7.5,2.0,84.1,56023,Lincoln County,Wyoming,0.8736875596563792,0.08892777601018136,0.08892777601018136,0.10022271714922049,0.7071269487750557,37.17785555202037,Medium opportunity for deeper review,Small county
"Lexington County, South Carolina",304887.0,23.0,77408.0,11.1,4.5,92.3,45063,Lexington County,South Carolina,0.657651924912504,0.3285077951002227,0.5227489659560929,0.2230353165765192,0.12663060769965007,37.17149220489978,Medium opportunity for deeper review,Large county
"Hubbard County, Minnesota",21831.0,20.7,71995.0,10.8,4.4,88.7,27057,Hubbard County,Minnesota,0.35141584473433024,0.308304167992364,0.49713649379573654,0.33248488705058865,0.3678014635698378,37.142857142857146,Medium opportunity for deeper review,Small county
"Dickinson County, Michigan",25954.0,20.0,65156.0,10.5,3.6,87.6,26043,Dickinson County,Michigan,0.2748965956092905,0.2865097041043589,0.32914412981228125,0.5147947820553611,0.45179764556156543,37.142857142857146,Medium opportunity for deeper review,Small county
"Beaver County, Pennsylvania",166324.0,19.4,71089.0,9.9,5.3,89.0,42007,Beaver County,Pennsylvania,0.2223989818644607,0.24610244988864144,0.6870824053452116,0.35730194082087174,0.3433025771555839,37.12376710149539,Medium opportunity for deeper review,Medium county
"Hernando County, Florida",207018.0,18.5,66058.0,11.7,5.3,91.9,12053,Hernando County,Florida,0.15701559020044542,0.37941457206490614,0.6870824053452116,0.48775055679287305,0.14444797963728917,37.11422208081451,Medium opportunity for deeper review,Medium county
"District of Columbia, District of Columbia",681294.0,18.7,109870.0,15.4,6.3,91.2,11001,District of Columbia,District of Columbia,0.16958320076360164,0.6434934775692014,0.8251670378619154,0.03181673560292719,0.1854915685650652,37.11104040725421,Medium opportunity for deeper review,Large county
"Champaign County, Ohio",38804.0,22.1,75556.0,8.0,4.8,88.8,39021,Champaign County,Ohio,0.5359529112313076,0.11517658288259625,0.5874960229080496,0.25676105631562207,0.3598472796691059,37.104677060133625,Medium opportunity for deeper review,Small county
"Bryan County, Georgia",48263.0,29.1,103408.0,6.7,5.3,92.8,13029,Bryan County,Georgia,0.9696150174992045,0.05583837098313713,0.6870824053452116,0.0435889277760102,0.09863188036907411,37.09513203945275,Medium opportunity for deeper review,Small county
"Wrangell City and Borough, Alaska",2088.0,19.7,63750.0,12.1,4.3,91.4,2275,Wrangell City and Borough,Alaska,0.24896595609290487,0.41298122812599425,0.47216035634743875,0.5485205217944639,0.17181037225580653,37.08876869233217,Medium opportunity for deeper review,Small county
"Queens County, New York",2323052.0,19.5,86136.0,12.9,7.2,92.3,36081,Queens County,New York,0.23114858415526568,0.4769328666878778,0.8919821826280624,0.12663060769965007,0.12663060769965007,37.066496977410125,Medium opportunity for deeper review,Very large county
"Callahan County, Texas",14241.0,21.8,72436.0,9.6,4.7,90.2,48059,Callahan County,Texas,0.4928412344893414,0.2223989818644607,0.5641107222398982,0.3232580337257397,0.24992045816099273,37.05058860960865,Medium opportunity for deeper review,Small county
"Turner County, South Dakota",8882.0,25.3,75771.0,9.3,2.2,88.2,46125,Turner County,South Dakota,0.8813235762010818,0.20489977728285078,0.10610881323576202,0.25135221126312446,0.4070951320394528,37.01559020044544,Medium opportunity for deeper review,Small county
"Ringgold County, Iowa",4645.0,22.4,73346.0,8.8,3.3,86.6,19159,Ringgold County,Iowa,0.5760419980909959,0.1689468660515431,0.2696468342348075,0.30257715558383713,0.5324530703149857,36.99331848552339,Medium opportunity for deeper review,Small county
"Nelson County, Kentucky",47606.0,23.0,69562.0,10.8,3.3,90.6,21179,Nelson County,Kentucky,0.657651924912504,0.308304167992364,0.2696468342348075,0.3916640152720331,0.22223989818644607,36.9901368119631,Medium opportunity for deeper review,Small county
"Charles City County, Virginia",6627.0,14.2,75417.0,9.4,3.9,74.5,51036,Charles City County,Virginia,0.019726376073814826,0.21237671014953866,0.3970728603245307,0.2605790645879733,0.9594336621062679,36.98377346484251,Medium opportunity for deeper review,Small county
"Broward County, Florida",1977129.0,20.8,77633.0,12.2,5.4,92.1,12011,Broward County,Florida,0.3636652879414572,0.4212535793827553,0.7085587018771874,0.21921730830416797,0.1361756283805282,36.977410117721924,Medium opportunity for deeper review,Very large county
"Roane County, Tennessee",55208.0,18.7,71885.0,12.0,4.9,89.2,47145,Roane County,Tennessee,0.16958320076360164,0.40550429525930637,0.6104040725421572,0.3359847279669106,0.3265987909640471,36.96150174992046,Medium opportunity for deeper review,Medium county
"McKenzie County, North Dakota",14321.0,31.1,93404.0,12.0,1.3,89.1,38053,McKenzie County,North Dakota,0.986000636334712,0.40550429525930637,0.043748011454024814,0.07795100222717144,0.33487114222080816,36.96150174992046,Medium opportunity for deeper review,Small county
"Bonner County, Idaho",51049.0,19.6,66979.0,11.1,4.8,90.4,16017,Bonner County,Idaho,0.23989818644607064,0.3285077951002227,0.5874960229080496,0.45688832325803375,0.2351256761056315,36.95832007636016,Medium opportunity for deeper review,Medium county
"Cecil County, Maryland",104960.0,22.2,92007.0,10.8,5.5,91.3,24015,Cecil County,Maryland,0.5493159401845371,0.308304167992364,0.7265351574928413,0.08463251670378624,0.17849188673242122,36.94559338211899,Medium opportunity for deeper review,Medium county
"McClain County, Oklahoma",45273.0,25.1,84552.0,8.5,4.7,92.2,40087,McClain County,Oklahoma,0.8657333757556475,0.1479478205536112,0.5641107222398982,0.13776646516067448,0.13124403436207444,36.93604836143812,Medium opportunity for deeper review,Small county
"Calhoun County, Iowa",9803.0,21.7,64964.0,9.3,2.6,87.2,19025,Calhoun County,Iowa,0.48106904231625836,0.20489977728285078,0.1551065860642698,0.5198854597518294,0.48504613426662424,36.920139993636646,Medium opportunity for deeper review,Small county
"Fillmore County, Minnesota",21414.0,24.4,77512.0,8.4,2.7,87.0,27045,Fillmore County,Minnesota,0.8132357620108177,0.1403118040089087,0.17037861915367483,0.22080814508431434,0.5009545020680879,36.91377664651607,Medium opportunity for deeper review,Small county
"Mercer County, New Jersey",385864.0,22.0,100645.0,10.3,6.3,91.4,34021,Mercer County,New Jersey,0.5224307986000636,0.27330575882914415,0.8251670378619154,0.05249761374482975,0.17181037225580653,36.90423162583518,Medium opportunity for deeper review,Large county
"Scott County, Kentucky",59536.0,24.3,85158.0,10.6,4.3,92.0,21209,Scott County,Kentucky,0.8033725739739103,0.29430480432707606,0.47216035634743875,0.13235762010817687,0.14031180400890864,36.850143175310215,Medium opportunity for deeper review,Medium county
"Deuel County, South Dakota",4328.0,24.2,83112.0,8.8,2.1,85.2,46039,Deuel County,South Dakota,0.7946229716831054,0.1689468660515431,0.09720012726694241,0.15272033089405024,0.6275851097677378,36.821508113267576,Medium opportunity for deeper review,Small county
"Harrison County, Indiana",39859.0,22.2,74475.0,7.2,3.5,85.2,18061,Harrison County,Indiana,0.5493159401845371,0.0762010817690105,0.3075087496022908,0.27776010181355393,0.6275851097677378,36.767419662742604,Medium opportunity for deeper review,Small county
"Butler County, Iowa",14268.0,22.4,73715.0,9.2,3.1,86.5,19023,Butler County,Iowa,0.5760419980909959,0.19583200763601655,0.2286032453070315,0.2974864778873687,0.5400890868596881,36.761056315622014,Medium opportunity for deeper review,Small county
"Rush County, Kansas",2947.0,20.0,59970.0,11.1,3.6,90.3,20165,Rush County,Kansas,0.2748965956092905,0.3285077951002227,0.32914412981228125,0.6633789373210308,0.2421253579382755,36.761056315622014,Medium opportunity for deeper review,Small county
"Amelia County, Virginia",13462.0,20.2,76717.0,9.7,3.8,84.2,51007,Amelia County,Virginia,0.2966910594972956,0.22923958001909003,0.3752783964365256,0.23480750874960232,0.7015590200445434,36.75151129494114,Medium opportunity for deeper review,Small county
"Granite County, Montana",3462.0,14.7,59265.0,10.2,3.7,86.9,30039,Granite County,Montana,0.025771555838370982,0.26582882596245627,0.3523703468024181,0.6843779828189628,0.5082723512567611,36.73242125357938,Medium opportunity for deeper review,Small county
"Meeker County, Minnesota",23468.0,23.5,75446.0,9.1,3.2,88.1,27093,Meeker County,Minnesota,0.7239898186446071,0.18851415844734332,0.25071587655106586,0.25930639516385623,0.4137766465160675,36.7260579064588,Medium opportunity for deeper review,Small county
"Penobscot County, Maine",154710.0,17.6,66356.0,14.1,3.6,88.8,23019,Penobscot County,Maine,0.10865415208399619,0.5663378937321031,0.32914412981228125,0.4721603563474388,0.3598472796691059,36.72287623289851,Medium opportunity for deeper review,Medium county
"Crook County, Oregon",26277.0,19.5,81965.0,11.3,5.9,89.4,41013,Crook County,Oregon,0.23114858415526568,0.34743875278396436,0.7820553611199491,0.1616290168628699,0.31307667833280306,36.70696786509704,Medium opportunity for deeper review,Small county
"Delaware County, Pennsylvania",579222.0,22.0,89546.0,10.2,6.9,93.3,42045,Delaware County,Pennsylvania,0.5224307986000636,0.26582882596245627,0.875119312758511,0.09895004772510341,0.07286032453070312,36.70378619153675,Medium opportunity for deeper review,Large county
"Rogers County, Oklahoma",98610.0,23.2,80067.0,8.9,4.7,90.6,40131,Rogers County,Oklahoma,0.6870824053452116,0.17626471524021636,0.5641107222398982,0.1854915685650652,0.22223989818644607,36.70378619153675,Medium opportunity for deeper review,Medium county
"Midland County, Texas",174801.0,29.1,92874.0,11.3,3.4,91.8,48329,Midland County,Texas,0.9696150174992045,0.34743875278396436,0.28778237352847597,0.0808145084314349,0.14906140629971365,36.69424117085587,Medium opportunity for deeper review,Medium county
"Beaver County, Utah",7273.0,29.4,79360.0,6.6,1.7,86.4,49001,Beaver County,Utah,0.9718421889914095,0.052338530066815145,0.06617881005408845,0.19408208717785558,0.5485205217944639,36.65924276169265,Medium opportunity for deeper review,Small county
"Harris County, Georgia",36086.0,21.5,97302.0,9.0,5.9,88.9,13145,Harris County,Georgia,0.4540248170537703,0.18262806236080179,0.7820553611199491,0.0617244670696786,0.3514158447343303,36.636971046770604,Medium opportunity for deeper review,Small county
"Pulaski County, Indiana",12441.0,22.1,62792.0,12.1,1.8,90.5,18131,Pulaski County,Indiana,0.5359529112313076,0.41298122812599425,0.07413299395482023,0.5793827553293032,0.22923958001909006,36.633789373210305,Medium opportunity for deeper review,Small county
"Barry County, Michigan",63409.0,21.7,77500.0,8.4,4.3,86.8,26015,Barry County,Michigan,0.48106904231625836,0.1403118040089087,0.47216035634743875,0.22144447979637294,0.5167037861915367,36.633789373210305,Medium opportunity for deeper review,Medium county
"Poweshiek County, Iowa",18545.0,19.4,67391.0,10.7,3.6,86.6,19157,Poweshiek County,Iowa,0.2223989818644607,0.30178173719376394,0.32914412981228125,0.44416162901686285,0.5324530703149857,36.59879096404709,Medium opportunity for deeper review,Small county
"Kiowa County, Kansas",2422.0,23.2,75539.0,5.9,2.2,83.5,20097,Kiowa County,Kansas,0.6870824053452116,0.032453070314985684,0.10610881323576202,0.25771555838370985,0.7459433662106267,36.58606426980592,Medium opportunity for deeper review,Small county
"Rutland County, Vermont",60425.0,17.4,68616.0,11.8,4.1,87.0,50021,Rutland County,Vermont,0.09640470887686924,0.38927776010181353,0.4322303531657652,0.41027680559974544,0.5009545020680879,36.582882596245625,Medium opportunity for deeper review,Medium county
"Stokes County, North Carolina",45139.0,18.6,62969.0,11.2,3.1,86.7,37169,Stokes County,North Carolina,0.16321985364301622,0.33837098313713015,0.2286032453070315,0.5723830734966593,0.5251352211263125,36.55424753420299,Medium opportunity for deeper review,Small county
"Jasper County, Indiana",33234.0,23.0,77314.0,8.4,4.9,91.1,18073,Jasper County,Indiana,0.657651924912504,0.1403118040089087,0.6104040725421572,0.22621699013681196,0.19265033407572385,36.54470251352212,Medium opportunity for deeper review,Small county
"Jones County, Iowa",20896.0,20.2,73531.0,12.0,3.6,87.1,19105,Jones County,Iowa,0.2966910594972956,0.40550429525930637,0.32914412981228125,0.30066815144766146,0.4926821508113267,36.49379573655743,Medium opportunity for deeper review,Small county
"Giles County, Virginia",16557.0,19.8,65691.0,9.3,2.1,83.1,51071,Giles County,Virginia,0.256761056315622,0.20489977728285078,0.09720012726694241,0.49952274896595605,0.7661469933184855,36.49061406299713,Medium opportunity for deeper review,Small county
"Scott County, Iowa",174608.0,23.1,78277.0,11.5,3.7,90.5,19163,Scott County,Iowa,0.6719694559338212,0.3615972001272669,0.3523703468024181,0.20839961819917274,0.22923958001909006,36.471524021635375,Medium opportunity for deeper review,Medium county
"Madison County, Virginia",14044.0,20.0,84323.0,10.8,4.3,85.2,51113,Madison County,Virginia,0.2748965956092905,0.308304167992364,0.47216035634743875,0.14031180400890864,0.6275851097677378,36.4651606745148,Medium opportunity for deeper review,Small county
"Fremont County, Idaho",13943.0,24.0,72683.0,10.1,3.9,93.3,16043,Fremont County,Idaho,0.7763283487114222,0.258510976773783,0.3970728603245307,0.3178491886732421,0.07286032453070312,36.45243398027363,Medium opportunity for deeper review,Small county
"Mathews County, Virginia",8540.0,14.4,75880.0,7.8,4.4,75.5,51115,Mathews County,Virginia,0.021635380209990455,0.10626789691377665,0.49713649379573654,0.2491250397709195,0.9482978046452434,36.44925230671333,Medium opportunity for deeper review,Small county
"Gwinnett County, Georgia",979864.0,26.0,87890.0,10.8,4.2,94.6,13135,Gwinnett County,Georgia,0.9167992363983455,0.308304167992364,0.4513203945275215,0.1116767419662743,0.03245307031498568,36.41107222398981,Medium opportunity for deeper review,Large county
"Greenville County, South Carolina",548166.0,22.9,76932.0,10.8,4.4,92.1,45045,Greenville County,South Carolina,0.6455615653833917,0.308304167992364,0.49713649379573654,0.23194400254533887,0.1361756283805282,36.38243716194719,Medium opportunity for deeper review,Large county
"Brookings County, South Dakota",35353.0,21.1,70064.0,13.2,3.7,91.2,46011,Brookings County,South Dakota,0.3989818644607063,0.5020680878141902,0.3523703468024181,0.3802099904549793,0.1854915685650652,36.38243716194718,Medium opportunity for deeper review,Small county
"Lemhi County, Idaho",8249.0,17.0,53202.0,12.8,2.0,88.8,16059,Lemhi County,Idaho,0.0801781737193764,0.46818326439707286,0.08892777601018136,0.8218262806236081,0.3598472796691059,36.37925548838689,Medium opportunity for deeper review,Small county
"Richmond County, New York",494956.0,21.6,98333.0,11.5,5.6,91.1,36085,Richmond County,New York,0.4675469296850143,0.3615972001272669,0.7402163538020999,0.05695195672923958,0.19265033407572385,36.37925548838689,Medium opportunity for deeper review,Large county
"Haakon County, South Dakota",1722.0,20.3,65625.0,7.7,0.0,78.6,46055,Haakon County,South Dakota,0.3078269169583201,0.10054088450524976,0.003658924594336621,0.5015908367801464,0.9051861279032771,36.376073814826604,Medium opportunity for deeper review,Small county
"Montgomery County, Indiana",38312.0,23.0,71479.0,10.5,3.3,90.1,18107,Montgomery County,Indiana,0.657651924912504,0.2865097041043589,0.2696468342348075,0.34584791600381803,0.2575564747056952,36.344257079223674,Medium opportunity for deeper review,Small county
"Cape Girardeau County, Missouri",82735.0,21.3,68464.0,13.9,2.3,89.5,29031,Cape Girardeau County,Missouri,0.42888959592745785,0.5509067769646834,0.11756283805281578,0.4145720649061406,0.3051224944320713,36.341075405663375,Medium opportunity for deeper review,Medium county
"Sterling County, Texas",1468.0,34.7,64954.0,4.3,2.1,91.0,48431,Sterling County,Texas,0.9958638243716195,0.004613426662424435,0.09720012726694241,0.5202036271078587,0.19837734648425076,36.32516703786192,Medium opportunity for deeper review,Small county
"Rooks County, Kansas",4813.0,20.8,62500.0,5.5,2.0,83.4,20163,Rooks County,Kansas,0.3636652879414572,0.02433980273623926,0.08892777601018136,0.5871778555520204,0.7511931275851098,36.30607699650016,Medium opportunity for deeper review,Small county
"Morgan County, West Virginia",17426.0,17.0,72179.0,11.2,3.9,84.7,54065,Morgan County,West Virginia,0.0801781737193764,0.33837098313713015,0.3970728603245307,0.3289850461342666,0.6699013681196309,36.290168628698694,Medium opportunity for deeper review,Small county
"Cabarrus County, North Carolina",236133.0,25.2,89005.0,9.3,4.6,93.0,37025,Cabarrus County,North Carolina,0.8736875596563792,0.20489977728285078,0.5439070951320395,0.10404072542157172,0.08701877187400575,36.27107858733694,Medium opportunity for deeper review,Medium county
"Eureka County, Nevada",1585.0,19.6,70473.0,24.9,0.0,90.2,32011,Eureka County,Nevada,0.23989818644607064,0.9500477251034044,0.003658924594336621,0.37002863506204264,0.24992045816099273,36.27107858733694,Medium opportunity for deeper review,Small county
"Wabash County, Indiana",30844.0,21.1,66806.0,11.1,3.4,89.1,18169,Wabash County,Indiana,0.3989818644607063,0.3285077951002227,0.28778237352847597,0.46166083359847276,0.33487114222080816,36.236080178173715,Medium opportunity for deeper review,Small county
"Steele County, Minnesota",37439.0,24.3,84196.0,8.3,3.4,87.7,27147,Steele County,Minnesota,0.8033725739739103,0.13378937321030862,0.28778237352847597,0.14126630607699653,0.4452752147629653,36.22971683105313,Medium opportunity for deeper review,Small county
"Mason County, Washington",67982.0,19.5,83270.0,12.3,6.6,91.9,53045,Mason County,Washington,0.23114858415526568,0.4303213490295896,0.8533248488705059,0.15112949411390386,0.14444797963728917,36.20744511613109,Medium opportunity for deeper review,Medium county
"Spencer County, Indiana",19955.0,21.6,74506.0,7.5,3.3,84.1,18147,Spencer County,Indiana,0.4675469296850143,0.08892777601018136,0.2696468342348075,0.2760101813553929,0.7071269487750557,36.185173401209035,Medium opportunity for deeper review,Small county
"Lancaster County, South Carolina",104475.0,21.6,78869.0,11.4,4.3,89.4,45057,Lancaster County,South Carolina,0.4675469296850143,0.3550747693286669,0.47216035634743875,0.20012726694241167,0.31307667833280306,36.159720012726694,Medium opportunity for deeper review,Medium county
"Logan County, Nebraska",773.0,27.9,74271.0,5.6,0.2,86.6,31113,Logan County,Nebraska,0.9570474069360484,0.026726057906458798,0.008908685968819599,0.28253261215399295,0.5324530703149857,36.153356665606104,Medium opportunity for deeper review,Small county
"King William County, Virginia",18593.0,22.7,86056.0,5.9,2.3,78.4,51101,King William County,Virginia,0.6193127585109768,0.032453070314985684,0.11756283805281578,0.12838052815781098,0.9090041361756284,36.13426662424435,Medium opportunity for deeper review,Small county
"Morrow County, Ohio",35404.0,21.7,75283.0,12.8,2.9,88.3,39117,Morrow County,Ohio,0.48106904231625836,0.46818326439707286,0.19551384027998728,0.2618517340120904,0.39882278078269173,36.108813235762014,Medium opportunity for deeper review,Small county
"Andrew County, Missouri",18065.0,22.4,75625.0,6.2,3.6,85.6,29003,Andrew County,Missouri,0.5760419980909959,0.04024817053770283,0.32914412981228125,0.2548520521794464,0.6016544702513522,36.03881641743557,Medium opportunity for deeper review,Small county
"Butler County, Nebraska",8424.0,24.0,79268.0,9.7,1.2,86.2,31023,Butler County,Nebraska,0.7763283487114222,0.22923958001909003,0.0383391664015272,0.19471842188991406,0.5620426344257079,36.01336302895323,Medium opportunity for deeper review,Small county
"Adams County, Colorado",530225.0,24.9,94571.0,9.8,4.6,92.9,8001,Adams County,Colorado,0.8523703468024181,0.23814826598790964,0.5439070951320395,0.07286032453070312,0.09258670060451801,35.99745466115177,Medium opportunity for deeper review,Large county
"Hamilton County, Tennessee",376192.0,21.1,76183.0,13.1,4.4,91.5,47065,Hamilton County,Tennessee,0.3989818644607063,0.4933184855233853,0.49713649379573654,0.24403436207445117,0.16608335984727962,35.99109131403118,Medium opportunity for deeper review,Large county
"Livingston County, New York",61498.0,17.8,74001.0,11.1,5.2,88.4,36051,Livingston County,New York,0.12042634425707922,0.3285077951002227,0.6683105313394846,0.28953229398663693,0.3916640152720331,35.96881959910913,Medium opportunity for deeper review,Medium county
"Saline County, Arkansas",127479.0,23.3,79046.0,8.8,3.9,89.1,5125,Saline County,Arkansas,0.6998090995863825,0.1689468660515431,0.3970728603245307,0.19726376073814822,0.33487114222080816,35.95927457842825,Medium opportunity for deeper review,Medium county
"New York County, New York",1629477.0,13.9,103931.0,16.5,7.6,92.4,36061,New York County,New York,0.01590836780146357,0.7039452752147629,0.9129812281259942,0.041998090995863824,0.12201718103722559,35.93700286350621,Medium opportunity for deeper review,Very large county
"Chesapeake city, Virginia",252583.0,24.2,95373.0,9.4,4.9,92.6,51550,Chesapeake city,Virginia,0.7946229716831054,0.21237671014953866,0.6104040725421572,0.06936048361438119,0.1086541520839962,35.90836780146357,Medium opportunity for deeper review,Large county
"Racine County, Wisconsin",197532.0,22.7,78096.0,10.3,4.4,91.1,55101,Racine County,Wisconsin,0.6193127585109768,0.27330575882914415,0.49713649379573654,0.2118994591154948,0.19265033407572385,35.88609608654152,Medium opportunity for deeper review,Medium county
"Arthur County, Nebraska",484.0,28.3,76250.0,7.2,0.4,87.0,31005,Arthur County,Nebraska,0.9611835825644289,0.0762010817690105,0.012885777919185491,0.24260260897231944,0.5009545020680879,35.876551065860646,Medium opportunity for deeper review,Small county
"Jessamine County, Kentucky",54588.0,23.8,74576.0,11.3,3.1,91.2,21113,Jessamine County,Kentucky,0.7573973910276806,0.34743875278396436,0.2286032453070315,0.2745784282532612,0.1854915685650652,35.870187718740056,Medium opportunity for deeper review,Medium county
"Suffolk County, Massachusetts",785121.0,16.0,95631.0,16.2,6.3,91.6,25025,Suffolk County,Massachusetts,0.05186127903277124,0.6866051543111676,0.8251670378619154,0.06745147947820551,0.15987909640470888,35.819280941775375,Medium opportunity for deeper review,Large county
"Custer County, Idaho",4470.0,13.9,67574.0,15.8,2.0,85.9,16037,Custer County,Idaho,0.01590836780146357,0.6640152720330894,0.08892777601018136,0.43779828189627745,0.5828825962456252,35.79064587973274,Medium opportunity for deeper review,Small county
"Sibley County, Minnesota",15005.0,22.6,77634.0,9.0,3.8,88.2,27143,Sibley County,Minnesota,0.6056315622017181,0.18262806236080179,0.3752783964365256,0.21889914094813867,0.4070951320394528,35.79064587973274,Medium opportunity for deeper review,Small county
"Dinwiddie County, Virginia",28191.0,20.0,83704.0,11.7,4.6,87.7,51053,Dinwiddie County,Virginia,0.2748965956092905,0.37941457206490614,0.5439070951320395,0.14572064906140625,0.4452752147629653,35.78428253261215,Medium opportunity for deeper review,Small county
"Osage County, Missouri",13402.0,22.7,76681.0,8.6,1.7,84.0,29151,Osage County,Missouri,0.6193127585109768,0.15478841870824053,0.06617881005408845,0.2351256761056315,0.7134902958956411,35.77791918549157,Medium opportunity for deeper review,Small county
"Lincoln County, Colorado",5550.0,17.4,62861.0,9.8,1.4,81.7,8073,Lincoln County,Colorado,0.09640470887686924,0.23814826598790964,0.04899777282850779,0.5765192491250397,0.8275532930321349,35.75246579700922,Medium opportunity for deeper review,Small county
"Fredericksburg city, Virginia",28873.0,21.2,86071.0,13.2,5.1,92.9,51630,Fredericksburg city,Virginia,0.4139357301940821,0.5020680878141902,0.6509704104358893,0.12790327712376715,0.09258670060451801,35.74928412344894,Medium opportunity for deeper review,Small county
"Rockbridge County, Virginia",22531.0,17.0,65469.0,7.5,3.9,84.0,51163,Rockbridge County,Virginia,0.0801781737193764,0.08892777601018136,0.3970728603245307,0.5074769328666879,0.7134902958956411,35.742920776328354,Medium opportunity for deeper review,Small county
"Carroll County, Iowa",20594.0,24.4,72930.0,7.9,1.8,87.3,19027,Carroll County,Iowa,0.8132357620108177,0.1100859051861279,0.07413299395482023,0.3105313394845689,0.47709195036589247,35.701559020044535,Medium opportunity for deeper review,Small county
"Bartholomew County, Indiana",83536.0,24.1,79901.0,10.5,4.1,92.9,18005,Bartholomew County,Indiana,0.7858733693923003,0.2865097041043589,0.4322303531657652,0.1874005727012409,0.09258670060451801,35.69201399936367,Medium opportunity for deeper review,Medium county
"Anderson County, Kentucky",24353.0,23.1,74488.0,11.5,2.2,88.7,21005,Anderson County,Kentucky,0.6719694559338212,0.3615972001272669,0.10610881323576202,0.27680559974546615,0.3678014635698378,35.68565065224308,Medium opportunity for deeper review,Small county
"Prince George's County, Maryland",959754.0,22.1,101798.0,10.8,6.4,93.8,24033,Prince George's County,Maryland,0.5359529112313076,0.308304167992364,0.8361438116449252,0.04931594018453711,0.054565701559020074,35.68565065224308,Medium opportunity for deeper review,Large county
"Perquimans County, North Carolina",13244.0,18.4,67917.0,9.8,3.6,85.1,37143,Perquimans County,North Carolina,0.15112949411390392,0.23814826598790964,0.32914412981228125,0.4285714285714286,0.636652879414572,35.67292395800191,Medium opportunity for deeper review,Small county
"Pasco County, Florida",611444.0,20.2,70492.0,11.1,4.9,91.3,12101,Pasco County,Florida,0.2966910594972956,0.3285077951002227,0.6104040725421572,0.36939230034998405,0.17849188673242122,35.66974228444161,Medium opportunity for deeper review,Large county
"Blaine County, Nebraska",422.0,19.4,69583.0,9.0,1.3,76.1,31009,Blaine County,Nebraska,0.2223989818644607,0.18262806236080179,0.043748011454024814,0.39118676423798915,0.9433662106267897,35.66656061088133,Medium opportunity for deeper review,Small county
"Nelson County, Virginia",14732.0,17.4,72589.0,12.5,3.3,84.9,51125,Nelson County,Virginia,0.09640470887686924,0.44447979637289214,0.2696468342348075,0.3202354438434617,0.652402163538021,35.663378937321035,Medium opportunity for deeper review,Small county
"Cache County, Utah",140046.0,29.2,81665.0,12.0,2.6,93.0,49005,Cache County,Utah,0.9707286032453071,0.40550429525930637,0.1551065860642698,0.16353802099904546,0.08701877187400575,35.63792554883869,Medium opportunity for deeper review,Medium county
"Sandoval County, New Mexico",153604.0,21.7,86636.0,10.0,5.2,90.1,35043,Sandoval County,New Mexico,0.48106904231625836,0.25230671333121224,0.6683105313394846,0.12217626471524023,0.2575564747056952,35.62838052815781,Medium opportunity for deeper review,Medium county
"Bristol County, Massachusetts",582270.0,20.5,85625.0,11.3,5.5,90.2,25005,Bristol County,Massachusetts,0.32818962774419347,0.34743875278396436,0.7265351574928413,0.12917594654788422,0.24992045816099273,35.625198854597514,Medium opportunity for deeper review,Large county
"Murray County, Minnesota",8097.0,21.7,74033.0,9.3,2.7,85.1,27101,Murray County,Minnesota,0.48106904231625836,0.20489977728285078,0.17037861915367483,0.28825962456251986,0.636652879414572,35.625198854597514,Medium opportunity for deeper review,Small county
"Hand County, South Dakota",3140.0,25.3,74635.0,5.2,0.8,85.9,46059,Hand County,South Dakota,0.8813235762010818,0.01893095768374165,0.023544384346166083,0.2739420935412027,0.5828825962456252,35.612472160356354,Medium opportunity for deeper review,Small county
"Koochiching County, Minnesota",11833.0,17.5,66940.0,10.9,4.8,89.3,27071,Koochiching County,Minnesota,0.10244988864142539,0.31403118040089084,0.5874960229080496,0.45720649061406304,0.31944002545338845,35.61247216035635,Medium opportunity for deeper review,Small county
"Livingston County, Illinois",35565.0,21.9,73790.0,10.5,3.5,88.5,17105,Livingston County,Illinois,0.5068405981546293,0.2865097041043589,0.3075087496022908,0.29557747375119314,0.3835507476932867,35.59974546611518,Medium opportunity for deeper review,Small county
"Lapeer County, Michigan",88837.0,19.9,77306.0,9.7,5.1,88.2,26087,Lapeer County,Michigan,0.2653515749284123,0.22923958001909003,0.6509704104358893,0.22653515749284125,0.4070951320394528,35.583837098313715,Medium opportunity for deeper review,Medium county
"Naugatuck Valley Planning Region, Connecticut",454969.0,20.3,86191.0,11.2,6.0,90.8,9140,Naugatuck Valley Planning Region,Connecticut,0.3078269169583201,0.33837098313713015,0.7971683105313395,0.12631244034362077,0.20903595291123134,35.57429207763284,Medium opportunity for deeper review,Large county
"Kent County, Texas",734.0,12.1,72889.0,9.9,8.5,89.9,48263,Kent County,Texas,0.007476932866687878,0.24610244988864144,0.9411390391345847,0.3111676741966274,0.2726694241170856,35.57111040407254,Medium opportunity for deeper review,Small county
"Scott County, Kansas",5027.0,24.5,68839.0,6.5,2.7,89.2,20171,Scott County,Kansas,0.8227807826916959,0.04931594018453707,0.17037861915367483,0.40693604836143815,0.3265987909640471,35.52020362710786,Medium opportunity for deeper review,Small county
"Lumpkin County, Georgia",34505.0,17.0,77448.0,14.1,5.7,91.7,13187,Lumpkin County,Georgia,0.0801781737193764,0.5663378937321031,0.7531021317212854,0.22271714922049002,0.15367483296213813,35.520203627107854,Medium opportunity for deeper review,Small county
"Ionia County, Michigan",66574.0,20.9,75611.0,10.6,3.9,87.6,26067,Ionia County,Michigan,0.3773464842507159,0.29430480432707606,0.3970728603245307,0.2554883868915049,0.45179764556156543,35.520203627107854,Medium opportunity for deeper review,Medium county
"Sully County, South Dakota",1526.0,22.0,72578.0,6.3,0.0,79.6,46119,Sully County,South Dakota,0.5224307986000636,0.043907095132039456,0.003658924594336621,0.32071269487750553,0.885141584473433,35.51702195354757,Medium opportunity for deeper review,Small county
"Polk County, Nebraska",5225.0,22.3,69768.0,7.9,1.3,84.7,31143,Polk County,Nebraska,0.5628380528157811,0.1100859051861279,0.043748011454024814,0.38514158447343305,0.6699013681196309,35.43429844097996,Medium opportunity for deeper review,Small county
"Miami County, Kansas",34938.0,23.6,89000.0,7.9,3.7,87.4,20121,Miami County,Kansas,0.7367165128857779,0.1100859051861279,0.3523703468024181,0.10435889277760102,0.4667515112949412,35.40566337893733,Medium opportunity for deeper review,Small county
"Camas County, Idaho",1124.0,26.4,57955.0,5.9,0.0,93.0,16025,Camas County,Idaho,0.9282532612153993,0.032453070314985684,0.003658924594336621,0.7187400572701241,0.08701877187400575,35.40248170537703,Medium opportunity for deeper review,Small county
"Kodiak Island Borough, Alaska",12771.0,23.7,86250.0,8.7,5.0,92.7,2150,Kodiak Island Borough,Alaska,0.7476932866687878,0.1613108495068406,0.6310849506840598,0.12567610563156217,0.10356347438752789,35.38657333757557,Medium opportunity for deeper review,Small county
"Jackson County, Kansas",13341.0,24.8,75215.0,6.1,1.8,86.4,20085,Jackson County,Kansas,0.8461660833598473,0.03690741329939548,0.07413299395482023,0.26344257079223676,0.5485205217944639,35.38339166401528,Medium opportunity for deeper review,Small county
"Horry County, South Carolina",383016.0,17.0,66880.0,13.2,4.9,92.5,45051,Horry County,South Carolina,0.0801781737193764,0.5020680878141902,0.6104040725421572,0.4597518294622972,0.11565383391664019,35.36111994909323,Medium opportunity for deeper review,Large county
"Llano County, Texas",22424.0,15.4,67530.0,12.0,4.4,88.5,48299,Llano County,Texas,0.03865733375755648,0.40550429525930637,0.49713649379573654,0.43907095132039453,0.3835507476932867,35.27839643652561,Medium opportunity for deeper review,Small county
"Brown County, Minnesota",25800.0,21.9,69378.0,8.5,2.9,86.8,27015,Brown County,Minnesota,0.5068405981546293,0.1479478205536112,0.19551384027998728,0.39548202354438433,0.5167037861915367,35.24976137448298,Medium opportunity for deeper review,Small county
"Johnson County, Texas",195597.0,25.7,84859.0,10.0,3.6,92.0,48251,Johnson County,Texas,0.904390709513204,0.25230671333121224,0.32914412981228125,0.13522112631244032,0.14031180400890864,35.22748965956093,Low opportunity based on selected indicators,Medium county
"Charlottesville city, Virginia",45437.0,16.5,74824.0,19.6,3.7,90.4,51540,Charlottesville city,Virginia,0.06395163856188354,0.8385300668151447,0.3523703468024181,0.2712376710149539,0.2351256761056315,35.22430798600064,Low opportunity based on selected indicators,Small county
"Floyd County, Indiana",80918.0,22.4,79704.0,10.3,4.1,89.7,18043,Floyd County,Indiana,0.5760419980909959,0.27330575882914415,0.4322303531657652,0.1901049952274897,0.2893732103086223,35.22112631244035,Low opportunity based on selected indicators,Medium county
"Kingsbury County, South Dakota",5244.0,25.1,74000.0,10.6,1.0,89.8,46077,Kingsbury County,South Dakota,0.8657333757556475,0.29430480432707606,0.030066815144766147,0.2900095450206809,0.2809417753738467,35.22112631244035,Low opportunity based on selected indicators,Small county
"Sherman County, Kansas",5858.0,23.0,61750.0,10.2,0.6,90.8,20181,Sherman County,Kansas,0.657651924912504,0.26582882596245627,0.01813553929366847,0.6102449888641426,0.20903595291123134,35.21794463888005,Low opportunity based on selected indicators,Small county
"Winnebago County, Iowa",10583.0,21.1,67642.0,11.2,3.0,88.6,19189,Winnebago County,Iowa,0.3989818644607063,0.33837098313713015,0.2098313713013045,0.43716194718421886,0.37480114540248166,35.18294622971683,Low opportunity based on selected indicators,Small county
"Ransom County, North Dakota",5643.0,21.6,75736.0,10.4,2.9,86.2,38073,Ransom County,North Dakota,0.4675469296850143,0.2801463569837735,0.19551384027998728,0.25230671333121224,0.5620426344257079,35.15112949411391,Low opportunity based on selected indicators,Small county
"Knox County, Ohio",63142.0,22.8,73878.0,11.6,2.5,89.3,39083,Knox County,Ohio,0.6331530384982501,0.36971046770601335,0.14110722239898185,0.29398663697104677,0.31944002545338845,35.14794782055361,Low opportunity based on selected indicators,Medium county
"Carson City, Nevada",58384.0,19.9,72355.0,10.3,5.5,91.5,32510,Carson City,Nevada,0.2653515749284123,0.27330575882914415,0.7265351574928413,0.32484887050588607,0.16608335984727962,35.122494432071264,Low opportunity based on selected indicators,Medium county
"Douglas County, Washington",44366.0,24.4,80363.0,8.3,3.9,90.5,53017,Douglas County,Washington,0.8132357620108177,0.13378937321030862,0.3970728603245307,0.18167356029271398,0.22923958001909006,35.10022271714922,Low opportunity based on selected indicators,Small county
"Montgomery County, Texas",684432.0,25.9,97701.0,9.4,4.6,94.8,48339,Montgomery County,Texas,0.9128221444479796,0.21237671014953866,0.5439070951320395,0.05886096086541526,0.026089723194400283,35.081132675787465,Low opportunity based on selected indicators,Large county
"San Saba County, Texas",5696.0,19.1,55819.0,10.7,3.1,90.1,48411,San Saba County,Texas,0.19455933821189947,0.30178173719376394,0.2286032453070315,0.7686923321667197,0.2575564747056952,35.023862551702194,Low opportunity based on selected indicators,Small county
"Lafayette County, Missouri",33115.0,23.0,80612.0,9.3,3.0,87.0,29107,Lafayette County,Missouri,0.657651924912504,0.20489977728285078,0.2098313713013045,0.17753738466433344,0.5009545020680879,35.01749920458161,Low opportunity based on selected indicators,Small county
"Warren County, Virginia",41531.0,21.6,84682.0,11.6,4.9,91.5,51187,Warren County,Virginia,0.4675469296850143,0.36971046770601335,0.6104040725421572,0.137130130448616,0.16608335984727962,35.017499204581604,Low opportunity based on selected indicators,Small county
"Columbia County, Georgia",162434.0,24.8,95592.0,7.5,4.8,91.6,13073,Columbia County,Georgia,0.8461660833598473,0.08892777601018136,0.5874960229080496,0.0680878141902641,0.15987909640470888,35.01113585746102,Low opportunity based on selected indicators,Medium county
"Madison County, Illinois",264238.0,21.3,75793.0,11.1,4.6,91.0,17119,Madison County,Illinois,0.42888959592745785,0.3285077951002227,0.5439070951320395,0.25071587655106586,0.19837734648425076,35.007954183900736,Low opportunity based on selected indicators,Large county
"Davidson County, Tennessee",715388.0,20.7,77853.0,13.9,4.5,92.6,47037,Davidson County,Tennessee,0.35141584473433024,0.5509067769646834,0.5227489659560929,0.21571746738784603,0.1086541520839962,34.98886414253898,Low opportunity based on selected indicators,Large county
"Lyon County, Nevada",61680.0,20.1,80812.0,11.7,6.5,93.5,32019,Lyon County,Nevada,0.2855552020362711,0.37941457206490614,0.8450524976137448,0.1737193763919822,0.06395163856188357,34.95386573337576,Low opportunity based on selected indicators,Medium county
"Traill County, North Dakota",7970.0,22.8,87004.0,9.1,2.2,84.2,38097,Traill County,North Dakota,0.6331530384982501,0.18851415844734332,0.10610881323576202,0.1177219217308304,0.7015590200445434,34.94113903913458,Low opportunity based on selected indicators,Small county
"Fairbanks North Star Borough, Alaska",95460.0,23.7,88267.0,6.1,5.3,91.5,2090,Fairbanks North Star Borough,Alaska,0.7476932866687878,0.03690741329939548,0.6870824053452116,0.10881323576201085,0.16608335984727962,34.9315940184537,Low opportunity based on selected indicators,Medium county
"Madison County, Mississippi",111647.0,24.3,83441.0,11.2,3.7,92.7,28089,Madison County,Mississippi,0.8033725739739103,0.33837098313713015,0.3523703468024181,0.148902322621699,0.10356347438752789,34.9315940184537,Low opportunity based on selected indicators,Medium county
"Franklin County, Missouri",105950.0,22.4,73165.0,8.2,4.3,90.0,29071,Franklin County,Missouri,0.5760419980909959,0.12726694241170855,0.47216035634743875,0.304804327076042,0.2653515749284123,34.91250397709195,Low opportunity based on selected indicators,Medium county
"Aransas County, Texas",24876.0,16.6,69466.0,14.2,4.1,89.8,48007,Aransas County,Texas,0.06617881005408845,0.5723830734966593,0.4322303531657652,0.39357301940820877,0.2809417753738467,34.906140629971375,Low opportunity based on selected indicators,Small county
"Delaware County, Iowa",17558.0,23.3,74989.0,7.8,2.0,85.9,19055,Delaware County,Iowa,0.6998090995863825,0.10626789691377665,0.08892777601018136,0.267260579064588,0.5828825962456252,34.90295895641108,Low opportunity based on selected indicators,Small county
"Palo Alto County, Iowa",8863.0,23.1,72781.0,11.6,2.2,89.8,19147,Palo Alto County,Iowa,0.6719694559338212,0.36971046770601335,0.10610881323576202,0.31403118040089084,0.2809417753738467,34.85523385300668,Low opportunity based on selected indicators,Small county
"Yankton County, South Dakota",23414.0,21.2,72821.0,11.9,1.4,86.1,46135,Yankton County,South Dakota,0.4139357301940821,0.3978682787146039,0.04899777282850779,0.31339484568883236,0.5682468978682786,34.84887050588609,Low opportunity based on selected indicators,Small county
"Gosper County, Nebraska",2040.0,20.7,77500.0,10.3,2.4,83.1,31073,Gosper County,Nebraska,0.35141584473433024,0.27330575882914415,0.12949411390391347,0.22144447979637294,0.7661469933184855,34.836143811644924,Low opportunity based on selected indicators,Small county
"Portage County, Ohio",161956.0,18.2,75766.0,11.7,5.3,89.8,39133,Portage County,Ohio,0.14078905504295258,0.37941457206490614,0.6870824053452116,0.25167037861915365,0.2809417753738467,34.79796372892142,Low opportunity based on selected indicators,Medium county
"Mesa County, Colorado",158601.0,20.4,73658.0,10.7,5.4,92.6,8077,Mesa County,Colorado,0.3181673560292714,0.30178173719376394,0.7085587018771874,0.29860006363347125,0.1086541520839962,34.715240216353806,Low opportunity based on selected indicators,Medium county
"Pierce County, North Dakota",3928.0,20.9,59365.0,10.8,1.1,89.1,38069,Pierce County,North Dakota,0.3773464842507159,0.308304167992364,0.03436207445116131,0.6805599745466115,0.33487114222080816,34.708876869233215,Low opportunity based on selected indicators,Small county
"Fallon County, Montana",2760.0,23.7,76250.0,11.4,0.0,88.5,30025,Fallon County,Montana,0.7476932866687878,0.3550747693286669,0.003658924594336621,0.24260260897231944,0.3835507476932867,34.651606745147944,Low opportunity based on selected indicators,Small county
"Marinette County, Wisconsin",42046.0,18.9,63809.0,9.8,3.4,87.3,55075,Marinette County,Wisconsin,0.18151447661469933,0.23814826598790964,0.28778237352847597,0.5472478523703468,0.47709195036589247,34.635698377346486,Low opportunity based on selected indicators,Small county
"Bear Lake County, Idaho",6650.0,27.4,75260.0,7.0,2.6,89.6,16007,Bear Lake County,Idaho,0.9500477251034044,0.06697422844416163,0.1551065860642698,0.26248806872414887,0.2963728921412663,34.619790009545014,Low opportunity based on selected indicators,Small county
"Grand County, Utah",9754.0,19.3,67106.0,13.3,1.6,87.1,49019,Grand County,Utah,0.21158129175946547,0.5093859370028635,0.05997454661151766,0.4533884823417117,0.4926821508113267,34.5402481705377,Low opportunity based on selected indicators,Small county
"Genesee County, New York",57787.0,20.4,73314.0,10.6,4.6,90.0,36037,Genesee County,New York,0.3181673560292714,0.29430480432707606,0.5439070951320395,0.3038498250079542,0.2653515749284123,34.51161310849507,Low opportunity based on selected indicators,Medium county
"Tillamook County, Oregon",27496.0,18.1,69105.0,12.7,4.5,90.9,41057,Tillamook County,Oregon,0.13649379573655743,0.46006999681832644,0.5227489659560929,0.4018453706649697,0.20314985682468978,34.48615972001273,Low opportunity based on selected indicators,Small county
"Pacific County, Washington",23994.0,15.0,67081.0,10.4,5.2,89.7,53049,Pacific County,Washington,0.032453070314985684,0.2801463569837735,0.6683105313394846,0.4540248170537703,0.2893732103086223,34.48615972001273,Low opportunity based on selected indicators,Small county
"Bon Homme County, South Dakota",7044.0,18.6,64435.0,10.6,2.2,85.2,46009,Bon Homme County,South Dakota,0.16321985364301622,0.29430480432707606,0.10610881323576202,0.532771237671015,0.6275851097677378,34.479796372892146,Low opportunity based on selected indicators,Small county
"Kent County, Michigan",663150.0,23.5,82631.0,10.1,4.2,92.2,26081,Kent County,Michigan,0.7239898186446071,0.258510976773783,0.4513203945275215,0.155902004454343,0.13124403436207444,34.419344575246576,Low opportunity based on selected indicators,Large county
"Transylvania County, North Carolina",33691.0,15.7,66184.0,13.2,2.8,86.9,37175,Transylvania County,North Carolina,0.045975182946229716,0.5020680878141902,0.18310531339484568,0.48106904231625836,0.5082723512567611,34.4097995545657,Low opportunity based on selected indicators,Small county
"Dickinson County, Kansas",18445.0,23.2,68417.0,8.1,2.8,89.4,20041,Dickinson County,Kansas,0.6870824053452116,0.1207445116131085,0.18310531339484568,0.4158447343302577,0.31307667833280306,34.39707286032453,Low opportunity based on selected indicators,Small county
"Logan County, Kansas",2707.0,23.2,75662.0,15.0,1.8,93.1,20109,Logan County,Kansas,0.6870824053452116,0.6194718421889914,0.07413299395482023,0.2538975501113586,0.08192809417753744,34.33025771555839,Low opportunity based on selected indicators,Small county
"Fort Bend County, Texas",893767.0,26.6,114041.0,7.6,5.1,95.5,48157,Fort Bend County,Texas,0.9339802736239262,0.0940184537066497,0.6509704104358893,0.023226216990136828,0.013044861597200086,34.30480432707604,Low opportunity based on selected indicators,Large county
"Guadalupe County, Texas",183642.0,24.1,92375.0,9.3,4.8,93.9,48187,Guadalupe County,Texas,0.7858733693923003,0.20489977728285078,0.5874960229080496,0.08272351256761057,0.052179446388800454,34.26344257079223,Low opportunity based on selected indicators,Medium county
"Crook County, Wyoming",7455.0,24.6,79637.0,6.0,0.6,85.1,56011,Crook County,Wyoming,0.8321667196945594,0.03483932548520522,0.01813553929366847,0.19090041361756283,0.636652879414572,34.253897550111354,Low opportunity based on selected indicators,Small county
"Campbell County, Wyoming",47240.0,26.7,89869.0,9.4,3.5,91.6,56005,Campbell County,Wyoming,0.9370028635062042,0.21237671014953866,0.3075087496022908,0.09576837416481065,0.15987909640470888,34.250715876551055,Low opportunity based on selected indicators,Small county
"Canadian County, Oklahoma",168985.0,25.6,87751.0,8.0,4.5,93.6,40017,Canadian County,Oklahoma,0.900413617562838,0.11517658288259625,0.5227489659560929,0.11294941139039139,0.06061088132357617,34.23798918230989,Low opportunity based on selected indicators,Medium county
"Solano County, California",451918.0,21.9,100401.0,10.0,6.5,93.8,6095,Solano County,California,0.5068405981546293,0.25230671333121224,0.8450524976137448,0.05281578110085905,0.054565701559020074,34.231625835189305,Low opportunity based on selected indicators,Large county
"Walton County, Florida",82948.0,20.9,81986.0,12.5,4.9,92.5,12131,Walton County,Florida,0.3773464842507159,0.44447979637289214,0.6104040725421572,0.1613108495068406,0.11565383391664019,34.183900731784924,Low opportunity based on selected indicators,Medium county
"Henry County, Iowa",20004.0,20.9,67436.0,12.0,1.5,87.9,19087,Henry County,Iowa,0.3773464842507159,0.40550429525930637,0.054088450524976135,0.4422526248806873,0.4298440979955457,34.18071905822463,Low opportunity based on selected indicators,Small county
"Johnson County, Wyoming",8686.0,19.3,64871.0,9.1,3.1,86.3,56019,Johnson County,Wyoming,0.21158129175946547,0.18851415844734332,0.2286032453070315,0.5233853006681515,0.5556792873051225,34.155265669742285,Low opportunity based on selected indicators,Small county
"Lincoln County, Missouri",63057.0,25.1,89278.0,10.2,3.7,92.4,29113,Lincoln County,Missouri,0.8657333757556475,0.26582882596245627,0.3523703468024181,0.10085905186127908,0.12201718103722559,34.13617562838053,Low opportunity based on selected indicators,Medium county
"Shelby County, Iowa",11778.0,22.9,72738.0,7.6,3.2,88.3,19165,Shelby County,Iowa,0.6455615653833917,0.0940184537066497,0.25071587655106586,0.316576519249125,0.39882278078269173,34.11390391345848,Low opportunity based on selected indicators,Small county
"Pickaway County, Ohio",60131.0,21.6,74040.0,11.5,3.5,89.8,39129,Pickaway County,Ohio,0.4675469296850143,0.3615972001272669,0.3075087496022908,0.28794145720649056,0.2809417753738467,34.11072223989818,Low opportunity based on selected indicators,Medium county
"Warren County, Indiana",8464.0,21.7,82425.0,11.0,4.4,90.2,18171,Warren County,Indiana,0.48106904231625836,0.31975819280941775,0.49713649379573654,0.15717467387846007,0.24992045816099273,34.10117721921731,Low opportunity based on selected indicators,Small county
"Jerauld County, South Dakota",1772.0,22.8,73750.0,8.3,1.7,86.0,46073,Jerauld County,South Dakota,0.6331530384982501,0.13378937321030862,0.06617881005408845,0.2962138084632516,0.5754056633789373,34.09481387209672,Low opportunity based on selected indicators,Small county
"DeKalb County, Missouri",10876.0,19.8,69826.0,8.7,2.3,82.7,29063,DeKalb County,Missouri,0.256761056315622,0.1613108495068406,0.11756283805281578,0.3837098313713013,0.7846006999681833,34.07890550429526,Low opportunity based on selected indicators,Small county
"Greenlee County, Arizona",9409.0,25.5,71164.0,8.2,2.3,90.8,4011,Greenlee County,Arizona,0.8950047725103404,0.12726694241170855,0.11756283805281578,0.3550747693286669,0.20903595291123134,34.07890550429526,Low opportunity based on selected indicators,Small county
"Banner County, Nebraska",742.0,20.5,78839.0,7.7,3.7,83.9,31007,Banner County,Nebraska,0.32818962774419347,0.10054088450524976,0.3523703468024181,0.20076360165447027,0.7214444797963728,34.06617881005409,Low opportunity based on selected indicators,Small county
"White County, Georgia",28810.0,19.3,70666.0,12.4,3.8,89.4,13311,White County,Georgia,0.21158129175946547,0.4379573655742921,0.3752783964365256,0.36493795736557433,0.31307667833280306,34.056633789373215,Low opportunity based on selected indicators,Small county
"Ward County, North Dakota",68973.0,24.1,78238.0,8.6,3.6,90.6,38101,Ward County,North Dakota,0.7858733693923003,0.15478841870824053,0.32914412981228125,0.20903595291123134,0.22223989818644607,34.02163538020999,Low opportunity based on selected indicators,Medium county
"Midland County, Michigan",83757.0,20.9,77705.0,10.7,4.4,89.5,26111,Midland County,Michigan,0.3773464842507159,0.30178173719376394,0.49713649379573654,0.2179446388800509,0.3051224944320713,33.98663697104677,Low opportunity based on selected indicators,Medium county
"Iowa County, Iowa",16507.0,23.3,71223.0,8.9,1.9,88.5,19095,Iowa County,Iowa,0.6998090995863825,0.17626471524021636,0.08160992682150811,0.3547566019726376,0.3835507476932867,33.919821826280625,Low opportunity based on selected indicators,Small county
"Big Stone County, Minnesota",5127.0,22.0,70400.0,12.9,1.8,90.2,27011,Big Stone County,Minnesota,0.5224307986000636,0.4769328666878778,0.07413299395482023,0.3719376391982183,0.24992045816099273,33.90709513203946,Low opportunity based on selected indicators,Small county
"Hillsborough County, Florida",1522748.0,21.6,79540.0,12.7,4.5,93.9,12057,Hillsborough County,Florida,0.4675469296850143,0.46006999681832644,0.5227489659560929,0.1921730830416799,0.052179446388800454,33.894368437798285,Low opportunity based on selected indicators,Very large county
"Knox County, Tennessee",494148.0,20.9,74222.0,12.2,3.5,89.5,47093,Knox County,Tennessee,0.3773464842507159,0.4212535793827553,0.3075087496022908,0.28316894686605154,0.3051224944320713,33.888005090677694,Low opportunity based on selected indicators,Large county
"Concho County, Texas",3328.0,11.7,65795.0,11.4,1.5,82.8,48095,Concho County,Texas,0.005408845052497614,0.3550747693286669,0.054088450524976135,0.4972955774737512,0.7803054406617881,33.8434616608336,Low opportunity based on selected indicators,Small county
"Marquette County, Wisconsin",15746.0,18.8,65681.0,13.1,2.7,88.9,55077,Marquette County,Wisconsin,0.17578746420617244,0.4933184855233853,0.17037861915367483,0.49984091632198535,0.3514158447343303,33.814826598790965,Low opportunity based on selected indicators,Small county
"Rappahannock County, Virginia",7427.0,17.2,83380.0,10.3,9.2,90.6,51157,Rappahannock County,Virginia,0.08813235762010818,0.27330575882914415,0.9567292395800191,0.15017499204581608,0.22223989818644607,33.81164492523068,Low opportunity based on selected indicators,Small county
"Clark County, Indiana",124354.0,22.0,74214.0,10.2,4.0,90.9,18019,Clark County,Indiana,0.5224307986000636,0.26582882596245627,0.41520839961819916,0.28380528157811014,0.20314985682468978,33.808463251670375,Low opportunity based on selected indicators,Medium county
"Keith County, Nebraska",8219.0,20.6,60645.0,10.4,2.0,89.1,31101,Keith County,Nebraska,0.3398027362392618,0.2801463569837735,0.08892777601018136,0.64412981228126,0.33487114222080816,33.757556474705694,Low opportunity based on selected indicators,Small county
"Hall County, Georgia",212705.0,23.8,80901.0,11.8,3.5,93.6,13139,Hall County,Georgia,0.7573973910276806,0.38927776010181353,0.3075087496022908,0.17244670696786513,0.06061088132357617,33.74482978046453,Low opportunity based on selected indicators,Medium county
"San Benito County, California",67290.0,25.3,114394.0,6.7,5.4,95.2,6069,San Benito County,California,0.8813235762010818,0.05583837098313713,0.7085587018771874,0.022589882278078233,0.017976455615653864,33.725739739102764,Low opportunity based on selected indicators,Medium county
"Cleveland County, Oklahoma",300047.0,20.4,77068.0,12.9,4.8,93.3,40027,Cleveland County,Oklahoma,0.3181673560292714,0.4769328666878778,0.5874960229080496,0.2293986636971047,0.07286032453070312,33.69710467706013,Low opportunity based on selected indicators,Large county
"Ellis County, Texas",213160.0,26.4,99595.0,6.9,4.5,92.5,48139,Ellis County,Texas,0.9282532612153993,0.06299713649379574,0.5227489659560929,0.05408845052497613,0.11565383391664019,33.67483296213808,Low opportunity based on selected indicators,Medium county
"Douglas County, Kansas",120302.0,17.5,69746.0,14.7,4.2,92.0,20045,Douglas County,Kansas,0.10244988864142539,0.6032453070314986,0.4513203945275215,0.3862551702195355,0.14031180400890864,33.67165128857779,Low opportunity based on selected indicators,Medium county
"Sutton County, Texas",3277.0,23.5,78906.0,4.5,1.9,84.7,48435,Sutton County,Texas,0.7239898186446071,0.007158765510658607,0.08160992682150811,0.1998090995863825,0.6699013681196309,33.64937957365574,Low opportunity based on selected indicators,Small county
"Hays County, Texas",268638.0,22.4,89097.0,12.1,4.4,92.9,48209,Hays County,Texas,0.5760419980909959,0.41298122812599425,0.49713649379573654,0.10308622335348394,0.09258670060451801,33.63665287941457,Low opportunity based on selected indicators,Large county
"Rio Blanco County, Colorado",6544.0,24.3,65473.0,8.5,2.4,92.9,8103,Rio Blanco County,Colorado,0.8033725739739103,0.1479478205536112,0.12949411390391347,0.5071587655106586,0.09258670060451801,33.61119949093223,Low opportunity based on selected indicators,Small county
"Inyo County, California",18739.0,20.2,73991.0,10.9,2.5,85.1,6027,Inyo County,California,0.2966910594972956,0.31403118040089084,0.14110722239898185,0.2914412981228126,0.636652879414572,33.598472796691055,Low opportunity based on selected indicators,Small county
"Washington County, Iowa",22561.0,24.5,75647.0,8.2,2.2,88.7,19183,Washington County,Iowa,0.8227807826916959,0.12726694241170855,0.10610881323576202,0.2545338848234171,0.3678014635698378,33.56983773464843,Low opportunity based on selected indicators,Small county
"Fayette County, Texas",25042.0,20.2,75854.0,8.6,2.3,80.6,48149,Fayette County,Texas,0.2966910594972956,0.15478841870824053,0.11756283805281578,0.24944320712694878,0.8596881959910914,33.56347438752783,Low opportunity based on selected indicators,Small county
"Codington County, South Dakota",28767.0,23.0,72727.0,8.8,1.9,87.6,46029,Codington County,South Dakota,0.657651924912504,0.1689468660515431,0.08160992682150811,0.3172128539611836,0.45179764556156543,33.54438434616608,Low opportunity based on selected indicators,Small county
"Chickasaw County, Iowa",11807.0,23.2,75675.0,8.8,1.6,86.9,19037,Chickasaw County,Iowa,0.6870824053452116,0.1689468660515431,0.05997454661151766,0.2529430480432707,0.5082723512567611,33.544384346166076,Low opportunity based on selected indicators,Small county
"Butts County, Georgia",26496.0,20.6,69241.0,10.4,3.2,88.2,13035,Butts County,Georgia,0.3398027362392618,0.2801463569837735,0.25071587655106586,0.39930003181673557,0.4070951320394528,33.54120267260579,Low opportunity based on selected indicators,Small county
"Greene County, Iowa",8688.0,21.7,63409.0,9.8,2.3,89.8,19073,Greene County,Iowa,0.48106904231625836,0.23814826598790964,0.11756283805281578,0.5590200445434299,0.2809417753738467,33.53483932548521,Low opportunity based on selected indicators,Small county
"Uinta County, Wyoming",20644.0,27.3,82980.0,9.2,3.2,92.3,56041,Uinta County,Wyoming,0.9486159720012727,0.19583200763601655,0.25071587655106586,0.15399300031816732,0.12663060769965007,33.515749284123444,Low opportunity based on selected indicators,Small county
"Woodford County, Illinois",38312.0,23.9,91483.0,7.0,3.5,87.7,17203,Woodford County,Illinois,0.7671014953865734,0.06697422844416163,0.3075087496022908,0.08781419026407888,0.4452752147629653,33.493477569201396,Low opportunity based on selected indicators,Small county
"Butler County, Kansas",68287.0,24.6,81610.0,8.5,3.4,90.3,20015,Butler County,Kansas,0.8321667196945594,0.1479478205536112,0.28778237352847597,0.16449252306713336,0.2421253579382755,33.49029589564111,Low opportunity based on selected indicators,Medium county
"Caribou County, Idaho",7162.0,26.4,68782.0,9.2,1.9,93.6,16029,Caribou County,Idaho,0.9282532612153993,0.19583200763601655,0.08160992682150811,0.40789055042952593,0.06061088132357617,33.48393254852052,Low opportunity based on selected indicators,Small county
"Westmoreland County, Pennsylvania",352500.0,18.2,74109.0,10.3,4.8,88.5,42129,Westmoreland County,Pennsylvania,0.14078905504295258,0.27330575882914415,0.5874960229080496,0.2869869551384028,0.3835507476932867,33.442570792236715,Low opportunity based on selected indicators,Large county
"Smith County, Kansas",3552.0,20.0,59135.0,7.3,0.6,85.5,20183,Smith County,Kansas,0.2748965956092905,0.08001909004136176,0.01813553929366847,0.6867642379891823,0.6081769010499523,33.35984727966911,Low opportunity based on selected indicators,Small county
"Archer County, Texas",8867.0,22.2,72159.0,9.2,3.0,88.5,48009,Archer County,Texas,0.5493159401845371,0.19583200763601655,0.2098313713013045,0.3293032134902959,0.3835507476932867,33.35666560610881,Low opportunity based on selected indicators,Small county
"Macomb County, Michigan",879853.0,20.6,77837.0,10.4,5.7,93.2,26099,Macomb County,Michigan,0.3398027362392618,0.2801463569837735,0.7531021317212854,0.21603563474387533,0.07731466751511296,33.32803054406618,Low opportunity based on selected indicators,Large county
"Whitley County, Indiana",34618.0,22.8,78083.0,9.9,3.3,89.5,18183,Whitley County,Indiana,0.6331530384982501,0.24610244988864144,0.2696468342348075,0.21221762647152398,0.3051224944320713,33.32484887050589,Low opportunity based on selected indicators,Small county
"Garfield County, Nebraska",1718.0,20.4,62804.0,8.8,2.7,87.9,31071,Garfield County,Nebraska,0.3181673560292714,0.1689468660515431,0.17037861915367483,0.5787464206172447,0.4298440979955457,33.32166719694559,Low opportunity based on selected indicators,Small county
"Carson County, Texas",5801.0,23.2,85231.0,7.4,1.2,83.9,48065,Carson County,Texas,0.6870824053452116,0.08399618199172765,0.0383391664015272,0.13203945275214768,0.7214444797963728,33.258033725739736,Low opportunity based on selected indicators,Small county
"Barrow County, Georgia",89886.0,25.1,80653.0,9.6,3.7,94.2,13013,Barrow County,Georgia,0.8657333757556475,0.2223989818644607,0.3523703468024181,0.17658288259624566,0.043111676741966254,33.20394527521476,Low opportunity based on selected indicators,Medium county
"Moore County, North Carolina",104876.0,21.7,86080.0,10.1,4.8,90.9,37125,Moore County,North Carolina,0.48106904231625836,0.258510976773783,0.5874960229080496,0.12758510976773785,0.20314985682468978,33.156220171810375,Low opportunity based on selected indicators,Medium county
"Dubuque County, Iowa",99030.0,22.5,77630.0,9.7,3.7,90.0,19061,Dubuque County,Iowa,0.5911549475023863,0.22923958001909003,0.3523703468024181,0.21953547566019727,0.2653515749284123,33.15303849825008,Low opportunity based on selected indicators,Medium county
"Nelson County, North Dakota",3016.0,20.7,67193.0,7.2,1.1,83.5,38063,Nelson County,North Dakota,0.35141584473433024,0.0762010817690105,0.03436207445116131,0.44925230671333116,0.7459433662106267,33.143493477569194,Low opportunity based on selected indicators,Small county
"Wagoner County, Oklahoma",86609.0,23.6,81207.0,9.2,4.2,92.7,40145,Wagoner County,Oklahoma,0.7367165128857779,0.19583200763601655,0.4513203945275215,0.16958320076360167,0.10356347438752789,33.1403118040089,Low opportunity based on selected indicators,Medium county
"Wyandot County, Ohio",21598.0,22.4,69768.0,8.8,1.9,87.7,39175,Wyandot County,Ohio,0.5760419980909959,0.1689468660515431,0.08160992682150811,0.38514158447343305,0.4452752147629653,33.1403118040089,Low opportunity based on selected indicators,Small county
"Dunn County, North Dakota",4040.0,26.1,97689.0,7.4,3.4,89.5,38025,Dunn County,North Dakota,0.9206172446706968,0.08399618199172765,0.28778237352847597,0.059179128221444444,0.3051224944320713,33.13394845688833,Low opportunity based on selected indicators,Small county
"Brazoria County, Texas",391255.0,25.6,97993.0,7.4,4.7,94.0,48039,Brazoria County,Texas,0.900413617562838,0.08399618199172765,0.5641107222398982,0.057906458797327365,0.049952274896595594,33.12758510976773,Low opportunity based on selected indicators,Large county
"Montgomery County, Virginia",99101.0,15.3,72715.0,23.9,2.9,91.4,51121,Montgomery County,Virginia,0.035634743875278395,0.9354120267260579,0.19551384027998728,0.3175310213172129,0.17181037225580653,33.11804008908686,Low opportunity based on selected indicators,Medium county
"Berkeley County, South Carolina",246802.0,23.6,84358.0,9.9,3.2,89.8,45015,Berkeley County,South Carolina,0.7367165128857779,0.24610244988864144,0.25071587655106586,0.13999363665287945,0.2809417753738467,33.08940502704423,Low opportunity based on selected indicators,Medium county
"Rock County, Wisconsin",164350.0,22.4,75673.0,9.3,3.8,90.3,55105,Rock County,Wisconsin,0.5760419980909959,0.20489977728285078,0.3752783964365256,0.2532612153993,0.2421253579382755,33.03213490295896,Low opportunity based on selected indicators,Medium county
"Custer County, Montana",11961.0,19.8,70605.0,11.3,3.4,88.4,30017,Custer County,Montana,0.256761056315622,0.34743875278396436,0.28778237352847597,0.3678014635698378,0.3916640152720331,33.02895322939866,Low opportunity based on selected indicators,Small county
"Franklin County, Pennsylvania",157379.0,22.0,77003.0,8.5,4.0,89.1,42055,Franklin County,Pennsylvania,0.5224307986000636,0.1479478205536112,0.41520839961819916,0.2306713331212218,0.33487114222080816,33.022589882278076,Low opportunity based on selected indicators,Medium county
"Hancock County, Iowa",10671.0,21.0,70601.0,12.2,1.9,88.4,19081,Hancock County,Iowa,0.38832325803372575,0.4212535793827553,0.08160992682150811,0.36811963092586697,0.3916640152720331,33.019408208717785,Low opportunity based on selected indicators,Small county
"Auglaize County, Ohio",46125.0,23.9,78660.0,7.1,2.7,87.8,39011,Auglaize County,Ohio,0.7671014953865734,0.0717467387846007,0.17037861915367483,0.20330894050270443,0.43811644925230675,33.01304486159721,Low opportunity based on selected indicators,Small county
"Fulton County, Georgia",1076561.0,20.9,95292.0,12.3,5.4,93.5,13121,Fulton County,Georgia,0.3773464842507159,0.4303213490295896,0.7085587018771874,0.06999681832643967,0.06395163856188357,33.00349984091632,Low opportunity based on selected indicators,Very large county
"Lincoln County, Wisconsin",28426.0,17.8,68164.0,10.6,3.2,86.2,55069,Lincoln County,Wisconsin,0.12042634425707922,0.29430480432707606,0.25071587655106586,0.4218899140948139,0.5620426344257079,32.98759147311486,Low opportunity based on selected indicators,Small county
"Thomas County, Kansas",7885.0,24.6,71325.0,6.5,0.6,88.3,20193,Thomas County,Kansas,0.8321667196945594,0.04931594018453707,0.01813553929366847,0.34934775692014,0.39882278078269173,32.95577473751193,Low opportunity based on selected indicators,Small county
"Elmore County, Alabama",89526.0,21.6,78243.0,10.3,4.6,91.7,1051,Elmore County,Alabama,0.4675469296850143,0.27330575882914415,0.5439070951320395,0.20871778555520204,0.15367483296213813,32.943048043270764,Low opportunity based on selected indicators,Medium county
"El Paso County, Colorado",742999.0,23.1,90363.0,8.5,5.4,94.8,8041,El Paso County,Colorado,0.6719694559338212,0.1479478205536112,0.7085587018771874,0.09258670060451801,0.026089723194400283,32.943048043270764,Low opportunity based on selected indicators,Large county
"Vilas County, Wisconsin",23647.0,16.2,68431.0,11.1,4.0,87.9,55125,Vilas County,Wisconsin,0.05806554247534203,0.3285077951002227,0.41520839961819916,0.4152083996181992,0.4298440979955457,32.936684696150174,Low opportunity based on selected indicators,Small county
"Utah County, Utah",705400.0,31.6,100671.0,8.7,3.8,93.4,49049,Utah County,Utah,0.9883868915049316,0.1613108495068406,0.3752783964365256,0.052179446388800454,0.06792873051224946,32.90168628698695,Low opportunity based on selected indicators,Large county
"Worth County, Iowa",7350.0,20.7,78008.0,8.2,3.5,85.0,19195,Worth County,Iowa,0.35141584473433024,0.12726694241170855,0.3075087496022908,0.21380846325167036,0.6449252306713331,32.89850461342666,Low opportunity based on selected indicators,Small county
"Crawford County, Illinois",18511.0,20.2,71674.0,12.1,3.0,88.5,17033,Crawford County,Illinois,0.2966910594972956,0.41298122812599425,0.2098313713013045,0.3407572383073497,0.3835507476932867,32.87623289850462,Low opportunity based on selected indicators,Small county
"Rankin County, Mississippi",158854.0,22.4,79357.0,9.8,4.4,92.1,28121,Rankin County,Mississippi,0.5760419980909959,0.23814826598790964,0.49713649379573654,0.19440025453388488,0.1361756283805282,32.838052815781104,Low opportunity based on selected indicators,Medium county
"McPherson County, Nebraska",475.0,21.1,58684.0,12.2,0.0,92.5,31117,McPherson County,Nebraska,0.3989818644607063,0.4212535793827553,0.003658924594336621,0.7012408526885141,0.11565383391664019,32.81578110085905,Low opportunity based on selected indicators,Small county
"Dade County, Georgia",16165.0,19.9,64568.0,8.2,3.2,87.4,13083,Dade County,Georgia,0.2653515749284123,0.12726694241170855,0.25071587655106586,0.5300668151447662,0.4667515112949412,32.80305440661788,Low opportunity based on selected indicators,Small county
"Washington County, Utah",196431.0,24.4,80632.0,9.8,3.6,93.1,49053,Washington County,Utah,0.8132357620108177,0.23814826598790964,0.32914412981228125,0.17721921730830414,0.08192809417753744,32.793509385937,Low opportunity based on selected indicators,Medium county
"Lafayette County, Mississippi",58327.0,18.1,67185.0,18.5,2.1,91.7,28071,Lafayette County,Mississippi,0.13649379573655743,0.8016226535157492,0.09720012726694241,0.45020680878141905,0.15367483296213813,32.78396436525613,Low opportunity based on selected indicators,Medium county
"Limestone County, Alabama",111233.0,22.2,83629.0,10.0,3.3,88.0,1083,Limestone County,Alabama,0.5493159401845371,0.25230671333121224,0.2696468342348075,0.14603881641743555,0.42141266306076997,32.77441934457524,Low opportunity based on selected indicators,Medium county
"Wheeler County, Nebraska",847.0,19.0,70250.0,5.2,2.3,76.6,31183,Wheeler County,Nebraska,0.1872414890232262,0.01893095768374165,0.11756283805281578,0.3759147311485842,0.9376391982182628,32.74578428253261,Low opportunity based on selected indicators,Small county
"Rockingham County, Virginia",85600.0,22.1,80693.0,9.8,2.7,86.8,51165,Rockingham County,Virginia,0.5359529112313076,0.23814826598790964,0.17037861915367483,0.17562838052815777,0.5167037861915367,32.73623926185173,Low opportunity based on selected indicators,Medium county
"Banks County, Georgia",19264.0,21.4,77063.0,11.3,2.9,88.0,13011,Banks County,Georgia,0.44177537384664334,0.34743875278396436,0.19551384027998728,0.2300349984091632,0.42141266306076997,32.72351256761056,Low opportunity based on selected indicators,Small county
"Ulster County, New York",182601.0,17.1,86271.0,14.6,5.4,92.4,36111,Ulster County,New York,0.08415526566974228,0.5959274578428253,0.7085587018771874,0.12535793827553288,0.12201718103722559,32.72033089405027,Low opportunity based on selected indicators,Medium county
"Franklin County, Massachusetts",70944.0,16.6,74907.0,12.1,5.4,91.3,25011,Franklin County,Massachusetts,0.06617881005408845,0.41298122812599425,0.7085587018771874,0.26980591791282216,0.17849188673242122,32.720330894050264,Low opportunity based on selected indicators,Medium county
"Mitchell County, Iowa",10575.0,23.8,71365.0,9.5,1.2,89.9,19131,Mitchell County,Iowa,0.7573973910276806,0.21762647152402165,0.0383391664015272,0.3483932548520522,0.2726694241170856,32.68851415844735,Low opportunity based on selected indicators,Small county
"Spencer County, Kentucky",20193.0,22.5,102618.0,9.8,5.0,92.3,21215,Spencer County,Kentucky,0.5911549475023863,0.23814826598790964,0.6310849506840598,0.04740693604836144,0.12663060769965007,32.68851415844735,Low opportunity based on selected indicators,Small county
"Louisa County, Iowa",10678.0,22.0,77354.0,9.8,3.0,87.8,19115,Louisa County,Iowa,0.5224307986000636,0.23814826598790964,0.2098313713013045,0.22430798600063628,0.43811644925230675,32.65669742284442,Low opportunity based on selected indicators,Small county
"Cass County, North Dakota",193400.0,22.2,75555.0,11.0,3.0,89.6,38017,Cass County,North Dakota,0.5493159401845371,0.31975819280941775,0.2098313713013045,0.25707922367165126,0.2963728921412663,32.647152402163535,Low opportunity based on selected indicators,Medium county
"Harrison County, Iowa",14632.0,23.1,79535.0,7.1,2.3,86.0,19085,Harrison County,Iowa,0.6719694559338212,0.0717467387846007,0.11756283805281578,0.1924912503977092,0.5754056633789373,32.58351893095768,Low opportunity based on selected indicators,Small county
"Comanche County, Kansas",1729.0,19.3,54545.0,9.2,1.7,88.8,20033,Comanche County,Kansas,0.21158129175946547,0.19583200763601655,0.06617881005408845,0.7954183900731785,0.3598472796691059,32.5771555838371,Low opportunity based on selected indicators,Small county
"Morgan County, Indiana",72659.0,22.1,79429.0,9.3,4.2,90.3,18109,Morgan County,Indiana,0.5359529112313076,0.20489977728285078,0.4513203945275215,0.19344575246579698,0.2421253579382755,32.554883868915056,Low opportunity based on selected indicators,Medium county
"Madison County, Iowa",16926.0,25.2,90855.0,7.0,3.5,89.7,19121,Madison County,Iowa,0.8736875596563792,0.06697422844416163,0.3075087496022908,0.09004136175628386,0.2893732103086223,32.55170219535476,Low opportunity based on selected indicators,Small county
"Columbia County, New York",61100.0,15.9,81528.0,12.1,5.4,89.7,36021,Columbia County,New York,0.04931594018453707,0.41298122812599425,0.7085587018771874,0.16592427616926508,0.2893732103086223,32.523067133312125,Low opportunity based on selected indicators,Medium county
"South Central Connecticut Planning Region, Connecticut",570598.0,19.6,88197.0,11.4,6.0,92.4,9170,South Central Connecticut Planning Region,Connecticut,0.23989818644607064,0.3550747693286669,0.7971683105313395,0.10976773783009863,0.12201718103722559,32.478523703468035,Low opportunity based on selected indicators,Large county
"Maui County, Hawaii",164522.0,21.0,97161.0,9.2,5.5,90.2,15009,Maui County,Hawaii,0.38832325803372575,0.19583200763601655,0.7265351574928413,0.0626789691377665,0.24992045816099273,32.46579700922686,Low opportunity based on selected indicators,Medium county
"Nez Perce County, Idaho",42697.0,21.2,72599.0,12.2,2.6,89.4,16069,Nez Perce County,Idaho,0.4139357301940821,0.4212535793827553,0.1551065860642698,0.31975819280941775,0.31307667833280306,32.46261533566656,Low opportunity based on selected indicators,Small county
"Wood County, Ohio",132064.0,20.2,74216.0,12.2,4.5,92.8,39173,Wood County,Ohio,0.2966910594972956,0.4212535793827553,0.5227489659560929,0.28348711422208084,0.09863188036907411,32.45625198854597,Low opportunity based on selected indicators,Medium county
"Lancaster County, Pennsylvania",557931.0,23.1,86959.0,8.2,3.4,88.1,42071,Lancaster County,Pennsylvania,0.6719694559338212,0.12726694241170855,0.28778237352847597,0.11867642379891818,0.4137766465160675,32.389436843779826,Low opportunity based on selected indicators,Large county
"Monroe County, Pennsylvania",167515.0,19.1,83565.0,10.7,6.9,92.8,42089,Monroe County,Pennsylvania,0.19455933821189947,0.30178173719376394,0.875119312758511,0.14762965319758192,0.09863188036907411,32.35443843461662,Low opportunity based on selected indicators,Medium county
"Kossuth County, Iowa",14516.0,22.0,67697.0,8.2,1.9,87.6,19109,Kossuth County,Iowa,0.5224307986000636,0.12726694241170855,0.08160992682150811,0.4342984409799554,0.45179764556156543,32.34807508749603,Low opportunity based on selected indicators,Small county
"Cumberland County, Illinois",10334.0,22.4,73327.0,9.1,1.4,87.0,17035,Cumberland County,Illinois,0.5760419980909959,0.18851415844734332,0.04899777282850779,0.3028953229398663,0.5009545020680879,32.34807508749603,Low opportunity based on selected indicators,Small county
"Maricopa County, Arizona",4559748.0,22.5,89300.0,11.0,4.5,93.1,4013,Maricopa County,Arizona,0.5911549475023863,0.31975819280941775,0.5227489659560929,0.10054088450524978,0.08192809417753744,32.32262169901368,Low opportunity based on selected indicators,Very large county
"Grundy County, Illinois",53219.0,24.3,92235.0,6.0,4.6,91.8,17063,Grundy County,Illinois,0.8033725739739103,0.03483932548520522,0.5439070951320395,0.08335984727966905,0.14906140629971365,32.29080496341076,Low opportunity based on selected indicators,Medium county
"Baltimore County, Maryland",850796.0,21.9,91768.0,9.8,4.9,91.4,24005,Baltimore County,Maryland,0.5068405981546293,0.23814826598790964,0.6104040725421572,0.08622335348393251,0.17181037225580653,32.26853324848871,Low opportunity based on selected indicators,Large county
"Butte County, South Dakota",10676.0,24.8,75652.0,8.6,1.8,89.8,46019,Butte County,South Dakota,0.8461660833598473,0.15478841870824053,0.07413299395482023,0.2542157174673878,0.2809417753738467,32.20489977728286,Low opportunity based on selected indicators,Small county
"Harlan County, Nebraska",2847.0,21.9,70625.0,6.7,1.3,85.1,31083,Harlan County,Nebraska,0.5068405981546293,0.05583837098313713,0.043748011454024814,0.3665287941457207,0.636652879414572,32.19217308304169,Low opportunity based on selected indicators,Small county
"Pennington County, South Dakota",113512.0,22.0,74517.0,11.2,3.2,90.6,46103,Pennington County,South Dakota,0.5224307986000636,0.33837098313713015,0.25071587655106586,0.27553293032134907,0.22223989818644607,32.1858097359211,Low opportunity based on selected indicators,Medium county
"Albany County, New York",317018.0,18.0,85333.0,13.0,5.0,90.5,36001,Albany County,New York,0.13140311804008908,0.48536430162265354,0.6310849506840598,0.13140311804008908,0.22923958001909006,32.16990136811963,Low opportunity based on selected indicators,Large county
"Putnam County, West Virginia",57177.0,21.5,79527.0,10.6,3.1,87.8,54079,Putnam County,West Virginia,0.4540248170537703,0.29430480432707606,0.2286032453070315,0.1928094177537385,0.43811644925230675,32.157174673878465,Low opportunity based on selected indicators,Medium county
"Washoe County, Nevada",497200.0,20.7,88096.0,10.7,5.1,91.1,32031,Washoe County,Nevada,0.35141584473433024,0.30178173719376394,0.6509704104358893,0.11040407254215723,0.19265033407572385,32.14444797963729,Low opportunity based on selected indicators,Large county
"Camden County, North Carolina",10927.0,23.1,91078.0,6.1,5.5,93.1,37029,Camden County,North Carolina,0.6719694559338212,0.03690741329939548,0.7265351574928413,0.08908685968819596,0.08192809417753744,32.128539611835826,Low opportunity based on selected indicators,Small county
"DeSoto County, Mississippi",191301.0,25.0,85297.0,9.7,3.2,92.1,28033,DeSoto County,Mississippi,0.8584155265669742,0.22923958001909003,0.25071587655106586,0.13172128539611838,0.1361756283805282,32.12535793827554,Low opportunity based on selected indicators,Medium county
"Berkshire County, Massachusetts",129430.0,16.0,76013.0,11.4,5.4,90.3,25003,Berkshire County,Massachusetts,0.05186127903277124,0.3550747693286669,0.7085587018771874,0.2475342029907731,0.2421253579382755,32.103086223353486,Low opportunity based on selected indicators,Medium county
"Clay County, Nebraska",6095.0,24.6,78986.0,6.9,1.9,87.9,31035,Clay County,Nebraska,0.8321667196945594,0.06299713649379574,0.08160992682150811,0.1985364301622653,0.4298440979955457,32.103086223353486,Low opportunity based on selected indicators,Small county
"Sheridan County, Montana",3669.0,21.9,70147.0,10.4,2.1,89.0,30091,Sheridan County,Montana,0.5068405981546293,0.2801463569837735,0.09720012726694241,0.37750556792873047,0.3433025771555839,32.09990454979319,Low opportunity based on selected indicators,Small county
"Rawlins County, Kansas",2516.0,21.9,67742.0,6.8,1.3,86.2,20153,Rawlins County,Kansas,0.5068405981546293,0.05949729557747375,0.043748011454024814,0.43238943684377984,0.5620426344257079,32.09035952911231,Low opportunity based on selected indicators,Small county
"Pembina County, North Dakota",6727.0,21.1,68393.0,9.2,3.4,89.5,38067,Pembina County,North Dakota,0.3989818644607063,0.19583200763601655,0.28778237352847597,0.4164810690423163,0.3051224944320713,32.08399618199172,Low opportunity based on selected indicators,Small county
"Brown County, Illinois",6322.0,16.8,67917.0,9.2,3.1,84.6,17009,Brown County,Illinois,0.07286032453070315,0.19583200763601655,0.2286032453070315,0.4285714285714286,0.6780146356983774,32.077632834871146,Low opportunity based on selected indicators,Small county
"Washington County, Illinois",13627.0,20.8,78224.0,7.5,4.3,87.4,17189,Washington County,Illinois,0.3636652879414572,0.08892777601018136,0.47216035634743875,0.20999045497931912,0.4667515112949412,32.02990773146675,Low opportunity based on selected indicators,Small county
"Santa Fe County, New Mexico",156105.0,16.1,79071.0,12.0,5.3,90.1,35049,Santa Fe County,New Mexico,0.05504295259306395,0.40550429525930637,0.6870824053452116,0.19599109131403114,0.2575564747056952,32.02354438434617,Low opportunity based on selected indicators,Medium county
"Powder River County, Montana",1815.0,20.1,67045.0,8.1,0.7,84.0,30075,Powder River County,Montana,0.2855552020362711,0.1207445116131085,0.021317212853961185,0.4557747375119313,0.7134902958956411,31.937639198218264,Low opportunity based on selected indicators,Small county
"Lancaster County, Nebraska",326696.0,22.4,74793.0,11.9,3.2,92.8,31109,Lancaster County,Nebraska,0.5760419980909959,0.3978682787146039,0.25071587655106586,0.2723512567610563,0.09863188036907411,31.912185809735927,Low opportunity based on selected indicators,Large county
"Putnam County, Illinois",5601.0,19.7,75590.0,8.1,4.2,86.8,17155,Putnam County,Illinois,0.24896595609290487,0.1207445116131085,0.4513203945275215,0.2564428889595928,0.5167037861915367,31.883550747693285,Low opportunity based on selected indicators,Small county
"Bay County, Florida",186393.0,21.1,73533.0,11.9,3.9,92.8,12005,Bay County,Florida,0.3989818644607063,0.3978682787146039,0.3970728603245307,0.30034998409163216,0.09863188036907411,31.858097359210944,Low opportunity based on selected indicators,Medium county
"Christian County, Missouri",92915.0,25.1,83437.0,8.2,3.4,91.6,29043,Christian County,Missouri,0.8657333757556475,0.12726694241170855,0.28778237352847597,0.1492204899777283,0.15987909640470888,31.79764556156538,Low opportunity based on selected indicators,Medium county
"Jefferson County, Washington",33577.0,11.2,74048.0,11.1,6.6,92.5,53031,Jefferson County,Washington,0.004613426662424435,0.3285077951002227,0.8533248488705059,0.28762328985046137,0.11565383391664019,31.794463888005094,Low opportunity based on selected indicators,Small county
"Colfax County, Nebraska",10641.0,30.6,82530.0,6.9,1.3,89.0,31037,Colfax County,Nebraska,0.981705377028317,0.06299713649379574,0.043748011454024814,0.15653833916640147,0.3433025771555839,31.765828825962455,Low opportunity based on selected indicators,Small county
"Autauga County, Alabama",59947.0,23.4,72481.0,11.3,2.4,93.2,1001,Autauga County,Alabama,0.7114222080814508,0.34743875278396436,0.12949411390391347,0.3219853643016226,0.07731466751511296,31.753102131721285,Low opportunity based on selected indicators,Medium county
"Wayne County, New York",90929.0,21.0,74506.0,11.4,3.3,89.6,36117,Wayne County,New York,0.38832325803372575,0.3550747693286669,0.2696468342348075,0.2760101813553929,0.2963728921412663,31.70855870187718,Low opportunity based on selected indicators,Medium county
"Lac qui Parle County, Minnesota",6682.0,21.7,74432.0,8.1,2.0,85.4,27073,Lac qui Parle County,Minnesota,0.48106904231625836,0.1207445116131085,0.08892777601018136,0.279032771237671,0.6150174992045816,31.695832007636014,Low opportunity based on selected indicators,Small county
"Lyon County, Iowa",12162.0,28.2,76746.0,5.3,2.3,90.2,19119,Lyon County,Iowa,0.9594336621062679,0.021635380209990455,0.11756283805281578,0.23448934139357303,0.24992045816099273,31.66083359847279,Low opportunity based on selected indicators,Small county
"Kane County, Illinois",517255.0,23.9,103163.0,7.9,4.8,93.3,17089,Kane County,Illinois,0.7671014953865734,0.1100859051861279,0.5874960229080496,0.045179764556156576,0.07286032453070312,31.654470251352212,Low opportunity based on selected indicators,Large county
"Pierce County, Washington",930319.0,23.0,99564.0,8.8,5.2,94.6,53053,Pierce County,Washington,0.657651924912504,0.1689468660515431,0.6683105313394846,0.054406617881005426,0.03245307031498568,31.635380209990455,Low opportunity based on selected indicators,Large county
"Kimble County, Texas",4389.0,17.0,69455.0,11.7,1.3,84.5,48267,Kimble County,Texas,0.0801781737193764,0.37941457206490614,0.043748011454024814,0.39389118676423795,0.6839007317849188,31.62265351574928,Low opportunity based on selected indicators,Small county
"Waupaca County, Wisconsin",51569.0,20.1,72830.0,10.4,2.8,86.8,55135,Waupaca County,Wisconsin,0.2855552020362711,0.2801463569837735,0.18310531339484568,0.31275851097677376,0.5167037861915367,31.565383391664014,Low opportunity based on selected indicators,Medium county
"Spotsylvania County, Virginia",146603.0,24.4,112738.0,7.1,5.1,95.5,51177,Spotsylvania County,Virginia,0.8132357620108177,0.0717467387846007,0.6509704104358893,0.024817053770283204,0.013044861597200086,31.476296531975823,Low opportunity based on selected indicators,Medium county
"Davie County, North Carolina",44122.0,20.9,75057.0,9.4,4.7,91.7,37059,Davie County,North Carolina,0.3773464842507159,0.21237671014953866,0.5641107222398982,0.2653515749284123,0.15367483296213813,31.457206490614066,Low opportunity based on selected indicators,Small county
"Medina County, Texas",53547.0,22.4,78074.0,9.6,3.0,88.9,48325,Medina County,Texas,0.5760419980909959,0.2223989818644607,0.2098313713013045,0.21269487750556793,0.3514158447343303,31.447661469933188,Low opportunity based on selected indicators,Medium county
"Lake County, Illinois",714223.0,23.3,110416.0,8.3,5.2,94.3,17097,Lake County,Illinois,0.6998090995863825,0.13378937321030862,0.6683105313394846,0.02990773146675152,0.04008908685968815,31.438116449252306,Low opportunity based on selected indicators,Large county
"McLean County, Illinois",171556.0,21.2,79905.0,12.9,3.1,90.0,17113,McLean County,Illinois,0.4139357301940821,0.4769328666878778,0.2286032453070315,0.1870824053452116,0.2653515749284123,31.438116449252306,Low opportunity based on selected indicators,Medium county
"Box Elder County, Utah",61246.0,30.5,84550.0,8.4,3.2,93.6,49003,Box Elder County,Utah,0.9810690423162584,0.1403118040089087,0.25071587655106586,0.13808463251670378,0.06061088132357617,31.41584473433026,Low opportunity based on selected indicators,Medium county
"Allegheny County, Pennsylvania",1238177.0,18.6,78548.0,11.5,5.0,90.8,42003,Allegheny County,Pennsylvania,0.16321985364301622,0.3615972001272669,0.6310849506840598,0.2048997772828508,0.20903595291123134,31.3967546929685,Low opportunity based on selected indicators,Very large county
"Prince William County, Virginia",488880.0,26.4,131402.0,6.2,4.8,96.4,51153,Prince William County,Virginia,0.9282532612153993,0.04024817053770283,0.5874960229080496,0.008272351256761068,0.004931594018453667,31.384027998727326,Low opportunity based on selected indicators,Large county
"Palm Beach County, Florida",1533806.0,18.8,83581.0,11.3,5.5,91.4,12099,Palm Beach County,Florida,0.17578746420617244,0.34743875278396436,0.7265351574928413,0.14699331848552344,0.17181037225580653,31.371301304486167,Low opportunity based on selected indicators,Very large county
"Caledonia County, Vermont",30475.0,18.4,69970.0,11.7,2.2,86.4,50005,Caledonia County,Vermont,0.15112949411390392,0.37941457206490614,0.10610881323576202,0.38211899459115495,0.5485205217944639,31.345847916003823,Low opportunity based on selected indicators,Small county
"Manassas Park city, Virginia",16798.0,23.1,103250.0,5.1,5.5,92.6,51685,Manassas Park city,Virginia,0.6719694559338212,0.015431116767419662,0.7265351574928413,0.04454342984409798,0.1086541520839962,31.342666242443524,Low opportunity based on selected indicators,Small county
"Leavenworth County, Kansas",83123.0,23.6,89218.0,8.8,4.1,92.3,20103,Leavenworth County,Kansas,0.7367165128857779,0.1689468660515431,0.4322303531657652,0.10149538657333756,0.12663060769965007,31.32039452752148,Low opportunity based on selected indicators,Medium county
"Emmet County, Iowa",9262.0,19.1,63730.0,9.9,1.7,86.9,19063,Emmet County,Iowa,0.19455933821189947,0.24610244988864144,0.06617881005408845,0.5489977728285078,0.5082723512567611,31.28221444479796,Low opportunity based on selected indicators,Small county
"Isle of Wight County, Virginia",39974.0,21.3,95241.0,6.8,3.9,85.5,51093,Isle of Wight County,Virginia,0.42888959592745785,0.05949729557747375,0.3970728603245307,0.07047406936048362,0.6081769010499523,31.28221444479796,Low opportunity based on selected indicators,Small county
"Clatsop County, Oregon",41363.0,17.9,71822.0,12.3,4.7,92.7,41007,Clatsop County,Oregon,0.12583518930957685,0.4303213490295896,0.5641107222398982,0.33693923003499837,0.10356347438752789,31.215399300031816,Low opportunity based on selected indicators,Small county
"Cerro Gordo County, Iowa",42632.0,20.8,68189.0,10.6,2.6,89.2,19033,Cerro Gordo County,Iowa,0.3636652879414572,0.29430480432707606,0.1551065860642698,0.42029907731466754,0.3265987909640471,31.19949093223035,Low opportunity based on selected indicators,Small county
"Pershing County, Nevada",6487.0,15.8,66902.0,11.8,3.9,90.0,32027,Pershing County,Nevada,0.04804327076041998,0.38927776010181353,0.3970728603245307,0.4591154947502386,0.2653515749284123,31.177219217308306,Low opportunity based on selected indicators,Small county
"Franklin County, Idaho",15056.0,30.5,71950.0,7.9,2.4,96.5,16041,Franklin County,Idaho,0.9810690423162584,0.1100859051861279,0.12949411390391347,0.33375755647470573,0.004295259306395183,31.174037543748014,Low opportunity based on selected indicators,Small county
"Rutherford County, Tennessee",360646.0,24.7,85470.0,9.3,3.6,93.8,47149,Rutherford County,Tennessee,0.8396436525612472,0.20489977728285078,0.32914412981228125,0.1304486159720013,0.054565701559020074,31.174037543748014,Low opportunity based on selected indicators,Large county
"Juab County, Utah",12586.0,33.5,101786.0,6.9,2.2,89.0,49023,Juab County,Utah,0.9934775692014,0.06299713649379574,0.10610881323576202,0.0496341075405663,0.3433025771555839,31.110404072542153,Low opportunity based on selected indicators,Small county
"Kenosha County, Wisconsin",168438.0,21.7,81239.0,10.5,4.4,92.4,55059,Kenosha County,Wisconsin,0.48106904231625836,0.2865097041043589,0.49713649379573654,0.1686286986955139,0.12201718103722559,31.107222398981865,Low opportunity based on selected indicators,Medium county
"Dunn County, Wisconsin",45527.0,19.3,74824.0,10.7,4.4,89.9,55033,Dunn County,Wisconsin,0.21158129175946547,0.30178173719376394,0.49713649379573654,0.2712376710149539,0.2726694241170856,31.0881323576201,Low opportunity based on selected indicators,Small county
"Sheridan County, Kansas",2426.0,25.3,73750.0,8.9,0.7,91.3,20179,Sheridan County,Kansas,0.8813235762010818,0.17626471524021636,0.021317212853961185,0.2962138084632516,0.17849188673242122,31.072223989818642,Low opportunity based on selected indicators,Small county
"Le Sueur County, Minnesota",29113.0,23.0,94968.0,6.4,4.2,89.2,27079,Le Sueur County,Minnesota,0.657651924912504,0.04661151765828826,0.4513203945275215,0.07111040407254221,0.3265987909640471,31.065860642698063,Low opportunity based on selected indicators,Small county
"Rice County, Minnesota",67917.0,21.4,83181.0,10.2,4.6,91.8,27131,Rice County,Minnesota,0.44177537384664334,0.26582882596245627,0.5439070951320395,0.15208399618199175,0.14906140629971365,31.05313394845689,Low opportunity based on selected indicators,Medium county
"Pike County, Pennsylvania",60621.0,17.2,81323.0,9.8,7.5,91.8,42103,Pike County,Pennsylvania,0.08813235762010818,0.23814826598790964,0.9080496341075406,0.167674196627426,0.14906140629971365,31.021317212853962,Low opportunity based on selected indicators,Medium county
"Logan County, Oklahoma",51938.0,22.0,83899.0,11.6,3.6,91.2,40083,Logan County,Oklahoma,0.5224307986000636,0.36971046770601335,0.32914412981228125,0.14381164492523069,0.1854915685650652,31.011772192173083,Low opportunity based on selected indicators,Medium county
"Mercer County, North Dakota",8337.0,23.4,80946.0,9.7,2.5,89.6,38057,Mercer County,North Dakota,0.7114222080814508,0.22923958001909003,0.14110722239898185,0.17181037225580653,0.2963728921412663,30.999045497931917,Low opportunity based on selected indicators,Small county
"Yellowstone County, Montana",168957.0,23.0,76570.0,9.2,3.4,91.4,30111,Yellowstone County,Montana,0.657651924912504,0.19583200763601655,0.28778237352847597,0.2363983455297487,0.17181037225580653,30.98950047725103,Low opportunity based on selected indicators,Medium county
"Mecklenburg County, North Carolina",1154681.0,22.8,87005.0,10.4,4.3,94.1,37119,Mecklenburg County,North Carolina,0.6331530384982501,0.2801463569837735,0.47216035634743875,0.1174037543748011,0.046452433980273655,30.986318803690743,Low opportunity based on selected indicators,Very large county
"Putnam County, Ohio",34314.0,25.5,84928.0,5.5,1.8,88.0,39137,Putnam County,Ohio,0.8950047725103404,0.02433980273623926,0.07413299395482023,0.13426662424435254,0.42141266306076997,30.983137130130444,Low opportunity based on selected indicators,Small county
"York County, Pennsylvania",462924.0,21.9,84829.0,8.4,4.5,90.3,42133,York County,Pennsylvania,0.5068405981546293,0.1403118040089087,0.5227489659560929,0.13553929366846962,0.2421253579382755,30.951320394527514,Low opportunity based on selected indicators,Large county
"McCook County, South Dakota",5751.0,28.5,83852.0,6.8,1.8,89.5,46087,McCook County,South Dakota,0.9637289214126631,0.05949729557747375,0.07413299395482023,0.14444797963728917,0.3051224944320713,30.938593700286354,Low opportunity based on selected indicators,Small county
"Shelby County, Kentucky",49096.0,22.2,82604.0,9.7,4.2,91.6,21211,Shelby County,Kentucky,0.5493159401845371,0.22923958001909003,0.4513203945275215,0.1562201718103723,0.15987909640470888,30.91950365892459,Low opportunity based on selected indicators,Small county
"Union County, North Carolina",250958.0,25.6,102900.0,7.7,4.2,94.1,37179,Union County,North Carolina,0.900413617562838,0.10054088450524976,0.4513203945275215,0.04613426662424436,0.046452433980273655,30.897231944002545,Low opportunity based on selected indicators,Large county
"Dawson County, Montana",8827.0,21.4,71334.0,8.7,2.7,88.0,30021,Dawson County,Montana,0.44177537384664334,0.1613108495068406,0.17037861915367483,0.34887050588609614,0.42141266306076997,30.874960229080493,Low opportunity based on selected indicators,Small county
"Rensselaer County, New York",160332.0,19.1,87915.0,11.8,5.3,91.6,36083,Rensselaer County,New York,0.19455933821189947,0.38927776010181353,0.6870824053452116,0.11135857461024501,0.15987909640470888,30.84314349347757,Low opportunity based on selected indicators,Medium county
"Shelby County, Illinois",20720.0,21.3,72095.0,9.2,3.0,88.6,17173,Shelby County,Illinois,0.42888959592745785,0.19583200763601655,0.2098313713013045,0.33153038498250076,0.37480114540248166,30.817690104995226,Low opportunity based on selected indicators,Small county
"Clay County, Missouri",258122.0,23.5,88468.0,8.5,3.8,91.2,29047,Clay County,Missouri,0.7239898186446071,0.1479478205536112,0.3752783964365256,0.10754056633789377,0.1854915685650652,30.804963410754056,Low opportunity based on selected indicators,Large county
"Minnehaha County, South Dakota",203289.0,25.4,76880.0,8.8,2.5,92.6,46099,Minnehaha County,South Dakota,0.8884823417117403,0.1689468660515431,0.14110722239898185,0.23258033725739735,0.1086541520839962,30.795418390073177,Low opportunity based on selected indicators,Medium county
"Worcester County, Maryland",53700.0,17.1,81745.0,9.9,6.7,91.2,24047,Worcester County,Maryland,0.08415526566974228,0.24610244988864144,0.861119949093223,0.16290168628698698,0.1854915685650652,30.795418390073177,Low opportunity based on selected indicators,Medium county
"Morgan County, Georgia",21078.0,22.1,78111.0,8.8,2.4,87.1,13211,Morgan County,Georgia,0.5359529112313076,0.1689468660515431,0.12949411390391347,0.2115812917594655,0.4926821508113267,30.773146675151132,Low opportunity based on selected indicators,Small county
"Isanti County, Minnesota",42596.0,23.2,87440.0,7.5,4.1,90.7,27059,Isanti County,Minnesota,0.6870824053452116,0.08892777601018136,0.4322303531657652,0.11517658288259625,0.21508113267578743,30.769965001590833,Low opportunity based on selected indicators,Small county
"Paulding County, Georgia",178909.0,25.5,98031.0,6.6,4.5,95.7,13223,Paulding County,Georgia,0.8950047725103404,0.052338530066815145,0.5227489659560929,0.05758829144129807,0.01018135539293663,30.75723830734966,Low opportunity based on selected indicators,Medium county
"Middlesex County, New Jersey",871290.0,21.5,111549.0,8.6,6.7,94.3,34023,Middlesex County,New Jersey,0.4540248170537703,0.15478841870824053,0.861119949093223,0.026726057906458767,0.04008908685968815,30.734966592427615,Low opportunity based on selected indicators,Large county
"Jefferson County, Idaho",33154.0,32.3,86679.0,9.7,2.7,95.0,16051,Jefferson County,Idaho,0.9906140629971365,0.22923958001909003,0.17037861915367483,0.12185809735921094,0.021317212853961154,30.668151447661472,Low opportunity based on selected indicators,Small county
"Kinney County, Texas",3157.0,7.3,70000.0,8.4,0.9,70.2,48271,Kinney County,Texas,0.0023862551702195354,0.1403118040089087,0.026089723194400255,0.381641743557111,0.9826598790964047,30.66178810054089,Low opportunity based on selected indicators,Small county
"Henderson County, North Carolina",118484.0,18.7,68187.0,11.6,3.5,90.0,37089,Henderson County,North Carolina,0.16958320076360164,0.36971046770601335,0.3075087496022908,0.42061724467069683,0.2653515749284123,30.655424753420302,Low opportunity based on selected indicators,Medium county
"Kennebec County, Maine",126808.0,18.7,69077.0,11.6,3.9,91.1,23011,Kennebec County,Maine,0.16958320076360164,0.36971046770601335,0.3970728603245307,0.402163538020999,0.19265033407572385,30.62360801781737,Low opportunity based on selected indicators,Medium county
"Contra Costa County, California",1165012.0,22.0,127229.0,8.4,6.5,95.6,6013,Contra Costa County,California,0.5224307986000636,0.1403118040089087,0.8450524976137448,0.011135857461024523,0.011931275851097656,30.617244670696785,Low opportunity based on selected indicators,Very large county
"Merrick County, Nebraska",7724.0,22.6,68354.0,7.9,0.4,88.5,31121,Merrick County,Nebraska,0.6056315622017181,0.1100859051861279,0.012885777919185491,0.41807190582246256,0.3835507476932867,30.604517976455615,Low opportunity based on selected indicators,Small county
"Billings County, North Dakota",1024.0,18.4,86806.0,10.8,2.1,80.8,38007,Billings County,North Dakota,0.15112949411390392,0.308304167992364,0.09720012726694241,0.11994909322303526,0.8536430162265352,30.604517976455615,Low opportunity based on selected indicators,Small county
"Chippewa County, Wisconsin",66799.0,21.4,74680.0,10.2,3.1,89.3,55017,Chippewa County,Wisconsin,0.44177537384664334,0.26582882596245627,0.2286032453070315,0.2733057588291441,0.31944002545338845,30.57906458797327,Low opportunity based on selected indicators,Medium county
"Ventura County, California",837469.0,21.8,109797.0,9.3,5.7,94.2,6111,Ventura County,California,0.4928412344893414,0.20489977728285078,0.7531021317212854,0.032771237671014974,0.043111676741966254,30.534521158129174,Low opportunity based on selected indicators,Large county
"Effingham County, Illinois",34522.0,23.9,80404.0,10.1,2.1,90.6,17049,Effingham County,Illinois,0.7671014953865734,0.258510976773783,0.09720012726694241,0.1804008908685969,0.22223989818644607,30.50906776964684,Low opportunity based on selected indicators,Small county
"Anchorage Municipality, Alaska",288976.0,23.5,103284.0,8.9,4.6,94.5,2020,Anchorage Municipality,Alaska,0.7239898186446071,0.17626471524021636,0.5439070951320395,0.044225262488068684,0.034839325485205186,30.464524339802736,Low opportunity based on selected indicators,Large county
"Washington County, Pennsylvania",210042.0,19.6,78958.0,9.6,4.8,89.9,42125,Washington County,Pennsylvania,0.23989818644607064,0.2223989818644607,0.5874960229080496,0.1988545975182946,0.2726694241170856,30.42634425707922,Low opportunity based on selected indicators,Medium county
"San Diego County, California",3288774.0,20.9,106268.0,10.3,6.1,94.9,6073,San Diego County,California,0.3773464842507159,0.27330575882914415,0.8075087496022908,0.03690741329939551,0.023385300668151476,30.369074132993955,Low opportunity based on selected indicators,Very large county
"Lee County, Georgia",33626.0,25.6,89168.0,5.7,3.3,90.7,13177,Lee County,Georgia,0.900413617562838,0.029430480432707604,0.2696468342348075,0.10244988864142535,0.21508113267578743,30.34043907095132,Low opportunity based on selected indicators,Small county
"Clark County, Washington",516959.0,22.7,97536.0,8.0,5.3,94.5,53011,Clark County,Washington,0.6193127585109768,0.11517658288259625,0.6870824053452116,0.06045179764556152,0.034839325485205186,30.33725739739103,Low opportunity based on selected indicators,Large county
"Union County, Indiana",6985.0,20.7,76424.0,8.5,4.3,89.5,18161,Union County,Indiana,0.35141584473433024,0.1479478205536112,0.47216035634743875,0.23926185173401204,0.3051224944320713,30.318167356029267,Low opportunity based on selected indicators,Small county
"Skagit County, Washington",131328.0,20.9,89263.0,11.6,4.9,93.8,53057,Skagit County,Washington,0.3773464842507159,0.36971046770601335,0.6104040725421572,0.10117721921730827,0.054565701559020074,30.264078905504288,Low opportunity based on selected indicators,Medium county
"Waseca County, Minnesota",18885.0,22.7,76261.0,7.5,2.5,88.0,27161,Waseca County,Minnesota,0.6193127585109768,0.08892777601018136,0.14110722239898185,0.2418071905822463,0.42141266306076997,30.25135221126313,Low opportunity based on selected indicators,Small county
"Petroleum County, Montana",447.0,14.8,60208.0,8.1,0.0,84.2,30069,Petroleum County,Montana,0.02783964365256125,0.1207445116131085,0.003658924594336621,0.6552656697422845,0.7015590200445434,30.18135539293668,Low opportunity based on selected indicators,Small county
"Greene County, Virginia",21155.0,22.9,89808.0,13.7,1.8,91.7,51079,Greene County,Virginia,0.6455615653833917,0.5359529112313076,0.07413299395482023,0.09735921094495703,0.15367483296213813,30.13363028953229,Low opportunity based on selected indicators,Small county
"McLeod County, Minnesota",36798.0,21.9,80084.0,8.7,3.3,88.5,27085,McLeod County,Minnesota,0.5068405981546293,0.1613108495068406,0.2696468342348075,0.18485523385300673,0.3835507476932867,30.12408526885142,Low opportunity based on selected indicators,Small county
"Sublette County, Wyoming",8838.0,21.1,83597.0,6.9,2.3,82.8,56035,Sublette County,Wyoming,0.3989818644607063,0.06299713649379574,0.11756283805281578,0.14635698377346484,0.7803054406617881,30.124085268851413,Low opportunity based on selected indicators,Small county
"Meagher County, Montana",2007.0,12.3,71932.0,12.4,0.3,84.0,30059,Meagher County,Montana,0.008590518612790327,0.4379573655742921,0.010499522748965956,0.3350302258988228,0.7134902958956411,30.111358574610243,Low opportunity based on selected indicators,Small county
"Greene County, New York",47409.0,16.2,77945.0,9.9,3.9,85.8,36039,Greene County,New York,0.05806554247534203,0.24610244988864144,0.3970728603245307,0.21476296531975825,0.5887686923321667,30.09545020680878,Low opportunity based on selected indicators,Small county
"Will County, Illinois",701462.0,23.6,109984.0,7.3,4.9,94.1,17197,Will County,Illinois,0.7367165128857779,0.08001909004136176,0.6104040725421572,0.0308622335348393,0.046452433980273655,30.089086859688198,Low opportunity based on selected indicators,Large county
"Buncombe County, North Carolina",274360.0,17.8,74436.0,11.8,4.3,90.3,37021,Buncombe County,North Carolina,0.12042634425707922,0.38927776010181353,0.47216035634743875,0.2787146038816417,0.2421253579382755,30.054088450524972,Low opportunity based on selected indicators,Large county
"Slope County, North Dakota",766.0,15.9,71250.0,5.0,2.7,78.1,38087,Slope County,North Dakota,0.04931594018453707,0.012885777919185491,0.17037861915367483,0.3541202672605791,0.9155265669742284,30.044543429844094,Low opportunity based on selected indicators,Small county
"Burke County, North Dakota",2156.0,27.0,91591.0,5.9,3.7,93.0,38013,Burke County,North Dakota,0.9433662106267897,0.032453070314985684,0.3523703468024181,0.0868596881959911,0.08701877187400575,30.041361756283813,Low opportunity based on selected indicators,Small county
"Charles County, Maryland",170527.0,23.9,122816.0,6.9,4.8,93.4,24017,Charles County,Maryland,0.7671014953865734,0.06299713649379574,0.5874960229080496,0.01495386573337576,0.06792873051224946,30.009545020680882,Low opportunity based on selected indicators,Medium county
"Marion County, Iowa",33642.0,23.1,78680.0,8.2,2.2,88.4,19125,Marion County,Iowa,0.6719694559338212,0.12726694241170855,0.10610881323576202,0.20299077314667513,0.3916640152720331,30.0,Low opportunity based on selected indicators,Small county
"Cavalier County, North Dakota",3633.0,21.9,69531.0,8.5,1.0,88.0,38019,Cavalier County,North Dakota,0.5068405981546293,0.1479478205536112,0.030066815144766147,0.3919821826280624,0.42141266306076997,29.96500159083678,Low opportunity based on selected indicators,Small county
"York County, South Carolina",293673.0,23.6,89095.0,8.4,4.1,93.1,45091,York County,South Carolina,0.7367165128857779,0.1403118040089087,0.4322303531657652,0.10340439070951324,0.08192809417753744,29.891823098950056,Low opportunity based on selected indicators,Large county
"Westchester County, New York",999677.0,21.3,118976.0,9.0,6.1,93.7,36119,Westchester County,New York,0.42888959592745785,0.18262806236080179,0.8075087496022908,0.018135539293668512,0.05742920776328353,29.89182309895004,Low opportunity based on selected indicators,Large county
"Iredell County, North Carolina",196544.0,22.3,81419.0,10.0,4.2,93.6,37097,Iredell County,North Carolina,0.5628380528157811,0.25230671333121224,0.4513203945275215,0.1670378619153675,0.06061088132357617,29.88227807826917,Low opportunity based on selected indicators,Medium county
"Otsego County, Michigan",25584.0,20.8,68183.0,8.0,4.0,91.3,26137,Otsego County,Michigan,0.3636652879414572,0.11517658288259625,0.41520839961819916,0.420935412026726,0.17849188673242122,29.869551384027996,Low opportunity based on selected indicators,Small county
"Union County, Pennsylvania",42456.0,17.4,76404.0,9.0,2.2,80.3,42119,Union County,Pennsylvania,0.09640470887686924,0.18262806236080179,0.10610881323576202,0.23958001909004134,0.8682787146038816,29.860006363347118,Low opportunity based on selected indicators,Small county
"Salt Lake County, Utah",1196523.0,25.3,97494.0,8.1,3.8,93.8,49035,Salt Lake County,Utah,0.8813235762010818,0.1207445116131085,0.3752783964365256,0.06076996500159082,0.054565701559020074,29.85364301622654,Low opportunity based on selected indicators,Very large county
"Waldo County, Maine",40192.0,17.7,72782.0,12.0,3.7,89.5,23027,Waldo County,Maine,0.11422208081450844,0.40550429525930637,0.3523703468024181,0.31371301304486154,0.3051224944320713,29.818644607063316,Low opportunity based on selected indicators,Small county
"Cole County, Missouri",77032.0,22.1,74876.0,9.0,2.9,89.5,29051,Cole County,Missouri,0.5359529112313076,0.18262806236080179,0.19551384027998728,0.27044225262488064,0.3051224944320713,29.793191218580972,Low opportunity based on selected indicators,Medium county
"Linn County, Iowa",230004.0,22.5,77649.0,9.4,3.5,91.6,19113,Linn County,Iowa,0.5911549475023863,0.21237671014953866,0.3075087496022908,0.21858097359210948,0.15987909640470888,29.79000954502068,Low opportunity based on selected indicators,Medium county
"Clallam County, Washington",77813.0,16.1,70370.0,10.6,5.1,92.5,53009,Clallam County,Washington,0.05504295259306395,0.29430480432707606,0.6509704104358893,0.3732103086223354,0.11565383391664019,29.783646197900094,Low opportunity based on selected indicators,Medium county
"Randall County, Texas",146070.0,23.8,83864.0,9.7,2.9,91.6,48381,Randall County,Texas,0.7573973910276806,0.22923958001909003,0.19551384027998728,0.14412981228125998,0.15987909640470888,29.72319440025453,Low opportunity based on selected indicators,Medium county
"Dodge County, Minnesota",21045.0,25.1,95739.0,7.0,3.3,90.7,27039,Dodge County,Minnesota,0.8657333757556475,0.06697422844416163,0.2696468342348075,0.06649697741011773,0.21508113267578743,29.678650970410438,Low opportunity based on selected indicators,Small county
"Perkins County, Nebraska",2821.0,24.3,72778.0,7.2,1.5,90.4,31135,Perkins County,Nebraska,0.8033725739739103,0.0762010817690105,0.054088450524976135,0.31434934775692014,0.2351256761056315,29.662742602608972,Low opportunity based on selected indicators,Small county
"Tazewell County, Illinois",130290.0,21.9,77982.0,9.0,3.6,90.2,17179,Tazewell County,Illinois,0.5068405981546293,0.18262806236080179,0.32914412981228125,0.21412663060769965,0.24992045816099273,29.653197581928094,Low opportunity based on selected indicators,Medium county
"Capitol Planning Region, Connecticut",977290.0,20.2,93394.0,10.3,5.2,91.5,9110,Capitol Planning Region,Connecticut,0.2966910594972956,0.27330575882914415,0.6683105313394846,0.07826916958320074,0.16608335984727962,29.653197581928094,Low opportunity based on selected indicators,Large county
"Menard County, Illinois",12095.0,21.9,82176.0,10.1,3.5,90.2,17129,Menard County,Illinois,0.5068405981546293,0.258510976773783,0.3075087496022908,0.15972001272669423,0.24992045816099273,29.650015908367806,Low opportunity based on selected indicators,Small county
"Kalawao County, Hawaii",67.0,0.0,73750.0,22.7,0.0,90.0,15005,Kalawao County,Hawaii,0.0004772510340439071,0.9167992363983455,0.003658924594336621,0.2962138084632516,0.2653515749284123,29.6500159083678,Low opportunity based on selected indicators,Small county
"Gilmer County, Georgia",32426.0,18.3,74499.0,16.0,2.7,90.7,13123,Gilmer County,Georgia,0.1457206490614063,0.6748329621380846,0.17037861915367483,0.27648743238943685,0.21508113267578743,29.650015908367795,Low opportunity based on selected indicators,Small county
"McCone County, Montana",1670.0,18.6,69375.0,5.0,2.1,82.1,30055,McCone County,Montana,0.16321985364301622,0.012885777919185491,0.09720012726694241,0.3959592745784283,0.8114858415526567,29.615017499204583,Low opportunity based on selected indicators,Small county
"Salem city, Virginia",25618.0,19.5,66725.0,10.2,3.6,91.1,51775,Salem city,Virginia,0.23114858415526568,0.26582882596245627,0.32914412981228125,0.46197900095450206,0.19265033407572385,29.615017499204583,Low opportunity based on selected indicators,Small county
"Multnomah County, Oregon",801477.0,17.6,88766.0,12.6,5.7,93.6,41051,Multnomah County,Oregon,0.10865415208399619,0.45147947820553613,0.7531021317212854,0.1059497295577474,0.06061088132357617,29.595927457842823,Low opportunity based on selected indicators,Large county
"Oliver County, North Dakota",1839.0,25.9,77240.0,5.2,1.0,89.7,38065,Oliver County,North Dakota,0.9128221444479796,0.01893095768374165,0.030066815144766147,0.22717149220489974,0.2893732103086223,29.567292395800195,Low opportunity based on selected indicators,Small county
"Pennington County, Minnesota",13791.0,20.8,77325.0,10.5,2.9,88.2,27113,Pennington County,Minnesota,0.3636652879414572,0.2865097041043589,0.19551384027998728,0.22558065542475347,0.4070951320394528,29.567292395800195,Low opportunity based on selected indicators,Small county
"Spink County, South Dakota",6219.0,21.1,70139.0,10.1,1.3,88.3,46115,Spink County,South Dakota,0.3989818644607063,0.258510976773783,0.043748011454024814,0.3779828189627744,0.39882278078269173,29.560929048679608,Low opportunity based on selected indicators,Small county
"Green County, Wisconsin",37017.0,21.5,82852.0,7.7,3.6,87.8,55045,Green County,Wisconsin,0.4540248170537703,0.10054088450524976,0.32914412981228125,0.1549475023862552,0.43811644925230675,29.535475660197264,Low opportunity based on selected indicators,Small county
"Kendall County, Illinois",137675.0,27.0,111601.0,5.4,4.3,95.6,17093,Kendall County,Illinois,0.9433662106267897,0.02290804963410754,0.47216035634743875,0.02640789055042958,0.011931275851097656,29.535475660197264,Low opportunity based on selected indicators,Medium county
"King George County, Virginia",27896.0,24.4,116884.0,7.5,3.7,91.0,51099,King George County,Virginia,0.8132357620108177,0.08892777601018136,0.3523703468024181,0.020044543429844075,0.19837734648425076,29.459115494750243,Low opportunity based on selected indicators,Small county
"Arapahoe County, Colorado",659844.0,22.6,101087.0,8.6,5.0,94.7,8005,Arapahoe County,Colorado,0.6056315622017181,0.15478841870824053,0.6310849506840598,0.05122494432071267,0.029430480432707573,29.443207126948778,Low opportunity based on selected indicators,Large county
"Haines Borough, Alaska",2086.0,22.1,86927.0,5.4,4.7,90.5,2100,Haines Borough,Alaska,0.5359529112313076,0.02290804963410754,0.5641107222398982,0.11899459115494748,0.22923958001909006,29.42411708558702,Low opportunity based on selected indicators,Small county
"La Crosse County, Wisconsin",120488.0,19.4,73013.0,12.4,3.1,89.9,55063,La Crosse County,Wisconsin,0.2223989818644607,0.4379573655742921,0.2286032453070315,0.3092586700604518,0.2726694241170856,29.417753738466434,Low opportunity based on selected indicators,Medium county
"Sussex County, Delaware",255626.0,18.1,81497.0,10.9,5.3,91.5,10005,Sussex County,Delaware,0.13649379573655743,0.31403118040089084,0.6870824053452116,0.16640152720330892,0.16608335984727962,29.401845370664965,Low opportunity based on selected indicators,Large county
"Yavapai County, Arizona",245480.0,15.4,69613.0,12.0,4.3,91.6,4025,Yavapai County,Arizona,0.03865733375755648,0.40550429525930637,0.47216035634743875,0.3907095132039453,0.15987909640470888,29.338211899459115,Low opportunity based on selected indicators,Medium county
"Chugach Census Area, Alaska",6862.0,20.9,90509.0,5.9,9.5,96.9,2063,Chugach Census Area,Alaska,0.3773464842507159,0.032453070314985684,0.9634107540566338,0.09163219853643012,0.0019090041361756738,29.335030225898816,Low opportunity based on selected indicators,Small county
"Franklin County, Vermont",50638.0,21.6,81313.0,10.3,3.2,89.5,50011,Franklin County,Vermont,0.4675469296850143,0.27330575882914415,0.25071587655106586,0.1679923639834553,0.3051224944320713,29.29366846961502,Low opportunity based on selected indicators,Medium county
"Chelan County, Washington",80172.0,22.6,82381.0,8.3,3.7,90.7,53007,Chelan County,Washington,0.6056315622017181,0.13378937321030862,0.3523703468024181,0.15749284123448937,0.21508113267578743,29.287305122494434,Low opportunity based on selected indicators,Medium county
"Ellsworth County, Kansas",6360.0,17.6,65560.0,10.4,2.6,88.1,20053,Ellsworth County,Kansas,0.10865415208399619,0.2801463569837735,0.1551065860642698,0.5046134266624245,0.4137766465160675,29.245943366210632,Low opportunity based on selected indicators,Small county
"Yamhill County, Oregon",108734.0,21.1,90063.0,10.3,4.8,92.6,41071,Yamhill County,Oregon,0.3989818644607063,0.27330575882914415,0.5874960229080496,0.09385937002863509,0.1086541520839962,29.245943366210625,Low opportunity based on selected indicators,Medium county
"Buffalo County, Nebraska",50579.0,22.7,75911.0,9.9,2.6,91.1,31019,Buffalo County,Nebraska,0.6193127585109768,0.24610244988864144,0.1551065860642698,0.2488068724148902,0.19265033407572385,29.239580019090045,Low opportunity based on selected indicators,Medium county
"Gulf County, Florida",15131.0,15.1,61179.0,12.5,2.6,90.9,12045,Gulf County,Florida,0.0334075723830735,0.44447979637289214,0.1551065860642698,0.6258351893095768,0.20314985682468978,29.239580019090045,Low opportunity based on selected indicators,Small county
"Manassas city, Virginia",42976.0,26.9,113590.0,7.7,3.8,95.1,51683,Manassas city,Virginia,0.9408208717785556,0.10054088450524976,0.3752783964365256,0.02386255170219531,0.01956729239580024,29.201399936366528,Low opportunity based on selected indicators,Small county
"Plymouth County, Iowa",25747.0,25.0,83251.0,6.9,2.2,89.8,19149,Plymouth County,Iowa,0.8584155265669742,0.06299713649379574,0.10610881323576202,0.15144766146993316,0.2809417753738467,29.19821826280623,Low opportunity based on selected indicators,Small county
"Worcester County, Massachusetts",867788.0,20.6,95939.0,10.3,5.3,92.9,25027,Worcester County,Massachusetts,0.3398027362392618,0.27330575882914415,0.6870824053452116,0.06586064269805914,0.09258670060451801,29.172764874323892,Low opportunity based on selected indicators,Large county
"Volusia County, Florida",579622.0,17.4,70044.0,11.8,4.1,91.6,12127,Volusia County,Florida,0.09640470887686924,0.38927776010181353,0.4322303531657652,0.38084632516703787,0.15987909640470888,29.172764874323885,Low opportunity based on selected indicators,Large county
"Hancock County, Ohio",74866.0,21.8,73141.0,9.9,3.1,91.2,39063,Hancock County,Ohio,0.4928412344893414,0.24610244988864144,0.2286032453070315,0.3054406617881006,0.1854915685650652,29.169583200763604,Low opportunity based on selected indicators,Medium county
"Kearney County, Nebraska",6713.0,24.8,78631.0,7.2,1.7,90.0,31099,Kearney County,Nebraska,0.8461660833598473,0.0762010817690105,0.06617881005408845,0.2042634425707922,0.2653515749284123,29.163219853643017,Low opportunity based on selected indicators,Small county
"Warren County, Missouri",37177.0,23.1,81209.0,8.0,3.7,91.8,29219,Warren County,Missouri,0.6719694559338212,0.11517658288259625,0.3523703468024181,0.16926503340757237,0.14906140629971365,29.156856506522434,Low opportunity based on selected indicators,Small county
"Indian River County, Florida",166936.0,15.0,73491.0,11.1,4.5,89.9,12061,Indian River County,Florida,0.032453070314985684,0.3285077951002227,0.5227489659560929,0.30130448615972005,0.2726694241170856,29.153674832962135,Low opportunity based on selected indicators,Medium county
"Hamilton County, New York",5089.0,12.1,68835.0,10.6,4.4,90.2,36041,Hamilton County,New York,0.007476932866687878,0.29430480432707606,0.49713649379573654,0.40725421571746734,0.24992045816099273,29.12185809735921,Low opportunity based on selected indicators,Small county
"St. Louis County, Missouri",995569.0,22.0,82936.0,9.8,4.3,93.4,29189,St. Louis County,Missouri,0.5224307986000636,0.23814826598790964,0.47216035634743875,0.1546293350302259,0.06792873051224946,29.105949729557747,Low opportunity based on selected indicators,Large county
"Doniphan County, Kansas",7503.0,21.1,74028.0,9.6,1.6,87.2,20043,Doniphan County,Kansas,0.3989818644607063,0.2223989818644607,0.05997454661151766,0.28857779191854915,0.48504613426662424,29.09958638243716,Low opportunity based on selected indicators,Small county
"Fairfield County, Ohio",163453.0,23.8,90966.0,8.0,3.8,92.5,39045,Fairfield County,Ohio,0.7573973910276806,0.11517658288259625,0.3752783964365256,0.08972319440025456,0.11565383391664019,29.064587973273948,Low opportunity based on selected indicators,Medium county
"Webster County, Nebraska",3360.0,22.1,64347.0,9.6,0.7,92.1,31181,Webster County,Nebraska,0.5359529112313076,0.2223989818644607,0.021317212853961185,0.5351574928412345,0.1361756283805282,29.020044543429847,Low opportunity based on selected indicators,Small county
"San Luis Obispo County, California",281555.0,17.5,97446.0,12.9,5.5,93.1,6079,San Luis Obispo County,California,0.10244988864142539,0.4769328666878778,0.7265351574928413,0.06108813235762012,0.08192809417753744,28.97868278714604,Low opportunity based on selected indicators,Large county
"Carbon County, Montana",11116.0,17.2,80261.0,7.8,4.5,86.4,30009,Carbon County,Montana,0.08813235762010818,0.10626789691377665,0.5227489659560929,0.18294622971683105,0.5485205217944639,28.97231944002545,Low opportunity based on selected indicators,Small county
"Guthrie County, Iowa",10688.0,21.2,77711.0,9.9,3.2,89.3,19077,Guthrie County,Iowa,0.4139357301940821,0.24610244988864144,0.25071587655106586,0.2176264715240216,0.31944002545338845,28.956411072223986,Low opportunity based on selected indicators,Small county
"Miami County, Ohio",110296.0,22.9,76817.0,9.4,3.1,92.3,39109,Miami County,Ohio,0.6455615653833917,0.21237671014953866,0.2286032453070315,0.23321667196945595,0.12663060769965007,28.927776010181354,Low opportunity based on selected indicators,Medium county
"Cass County, Missouri",110773.0,23.5,87535.0,6.2,4.2,92.5,29037,Cass County,Missouri,0.7239898186446071,0.04024817053770283,0.4513203945275215,0.11390391345847917,0.11565383391664019,28.902322621699017,Low opportunity based on selected indicators,Medium county
"Pinellas County, Florida",963481.0,15.4,72646.0,11.5,4.4,90.5,12103,Pinellas County,Florida,0.03865733375755648,0.3615972001272669,0.49713649379573654,0.3184855233853007,0.22923958001909006,28.902322621699017,Low opportunity based on selected indicators,Large county
"Maury County, Tennessee",107791.0,22.9,76130.0,9.8,2.4,91.2,47119,Maury County,Tennessee,0.6455615653833917,0.23814826598790964,0.12949411390391347,0.24562519885459755,0.1854915685650652,28.886414253897552,Low opportunity based on selected indicators,Medium county
"Jersey County, Illinois",21274.0,19.8,80361.0,8.8,3.4,86.4,17083,Jersey County,Illinois,0.256761056315622,0.1689468660515431,0.28778237352847597,0.18199172764874327,0.5485205217944639,28.88005090677696,Low opportunity based on selected indicators,Small county
"Esmeralda County, Nevada",1028.0,12.8,41715.0,12.4,0.6,95.8,32009,Esmeralda County,Nevada,0.010976773783009864,0.4379573655742921,0.01813553929366847,0.967228762328985,0.008272351256761068,28.85141584473433,Low opportunity based on selected indicators,Small county
"Parker County, Texas",165168.0,24.7,104443.0,8.0,4.0,94.6,48367,Parker County,Texas,0.8396436525612472,0.11517658288259625,0.41520839961819916,0.04008908685968815,0.03245307031498568,28.85141584473433,Low opportunity based on selected indicators,Medium county
"Sheridan County, North Dakota",1303.0,16.8,62639.0,10.1,1.1,87.1,38083,Sheridan County,North Dakota,0.07286032453070315,0.258510976773783,0.03436207445116131,0.583837098313713,0.4926821508113267,28.845052497613743,Low opportunity based on selected indicators,Small county
"Douglas County, Wisconsin",44229.0,19.2,75099.0,10.8,3.1,87.8,55031,Douglas County,Wisconsin,0.20235443843461662,0.308304167992364,0.2286032453070315,0.26471524021635384,0.43811644925230675,28.841870824053455,Low opportunity based on selected indicators,Small county
"Valley County, Idaho",12389.0,18.8,76078.0,11.7,4.8,93.9,16085,Valley County,Idaho,0.17578746420617244,0.37941457206490614,0.5874960229080496,0.24689786827871463,0.052179446388800454,28.835507476932865,Low opportunity based on selected indicators,Small county
"Laramie County, Wyoming",101060.0,22.4,80173.0,8.9,3.7,91.7,56021,Laramie County,Wyoming,0.5760419980909959,0.17626471524021636,0.3523703468024181,0.18326439707286035,0.15367483296213813,28.832325803372573,Low opportunity based on selected indicators,Medium county
"Whatcom County, Washington",230503.0,18.5,81784.0,12.9,4.8,93.7,53073,Whatcom County,Washington,0.15701559020044542,0.4769328666878778,0.5874960229080496,0.16258351893095768,0.05742920776328353,28.829144129812285,Low opportunity based on selected indicators,Medium county
"Glasscock County, Texas",1068.0,23.5,101250.0,8.9,0.8,87.4,48173,Glasscock County,Texas,0.7239898186446071,0.17626471524021636,0.023544384346166083,0.05058860960865419,0.4667515112949412,28.822780782691705,Low opportunity based on selected indicators,Small county
"McLean County, North Dakota",9823.0,21.1,83583.0,8.9,1.4,84.7,38055,McLean County,North Dakota,0.3989818644607063,0.17626471524021636,0.04899777282850779,0.14667515112949414,0.6699013681196309,28.81641743557111,Low opportunity based on selected indicators,Small county
"Union County, South Dakota",17081.0,24.1,89636.0,6.2,3.0,89.5,46127,Union County,South Dakota,0.7858733693923003,0.04024817053770283,0.2098313713013045,0.09863188036907411,0.3051224944320713,28.794145720649063,Low opportunity based on selected indicators,Small county
"West Feliciana Parish, Louisiana",15327.0,16.0,77452.0,11.8,4.1,89.0,22125,West Feliciana Parish,Louisiana,0.05186127903277124,0.38927776010181353,0.4322303531657652,0.22239898186446072,0.3433025771555839,28.78141902640789,Low opportunity based on selected indicators,Small county
"Hamlin County, South Dakota",6373.0,33.1,87101.0,6.9,0.5,90.2,46057,Hamlin County,South Dakota,0.9928412344893414,0.06299713649379574,0.015112949411390391,0.11676741966274262,0.24992045816099273,28.752783964365257,Low opportunity based on selected indicators,Small county
"Stevens County, Minnesota",9739.0,22.3,75733.0,11.1,2.0,90.9,27149,Stevens County,Minnesota,0.5628380528157811,0.3285077951002227,0.08892777601018136,0.25262488068724154,0.20314985682468978,28.72096722876233,Low opportunity based on selected indicators,Small county
"Campbell County, Kentucky",93426.0,20.6,77567.0,11.1,4.0,92.2,21037,Campbell County,Kentucky,0.3398027362392618,0.3285077951002227,0.41520839961819916,0.22017181037225586,0.13124403436207444,28.698695513840285,Low opportunity based on selected indicators,Medium county
"Blanco County, Texas",12446.0,17.5,92425.0,8.4,5.9,89.2,48031,Blanco County,Texas,0.10244988864142539,0.1403118040089087,0.7820553611199491,0.08240534521158127,0.3265987909640471,28.676423798918233,Low opportunity based on selected indicators,Small county
"Aleutians West Census Area, Alaska",5235.0,9.2,135500.0,11.3,4.3,85.6,2016,Aleutians West Census Area,Alaska,0.0028635062042634426,0.34743875278396436,0.47216035634743875,0.006363347120585394,0.6016544702513522,28.609608654152087,Low opportunity based on selected indicators,Small county
"Bullitt County, Kentucky",84027.0,21.2,80558.0,9.7,4.3,92.1,21029,Bullitt County,Kentucky,0.4139357301940821,0.22923958001909003,0.47216035634743875,0.17881005408845052,0.1361756283805282,28.60642698059179,Low opportunity based on selected indicators,Medium county
"Lampasas County, Texas",22715.0,21.3,81736.0,9.1,4.5,92.3,48281,Lampasas County,Texas,0.42888959592745785,0.18851415844734332,0.5227489659560929,0.16321985364301628,0.12663060769965007,28.60006363347121,Low opportunity based on selected indicators,Small county
"Marathon County, Wisconsin",138403.0,22.5,77884.0,8.7,2.9,90.0,55073,Marathon County,Wisconsin,0.5911549475023863,0.1613108495068406,0.19551384027998728,0.21508113267578743,0.2653515749284123,28.56824689786828,Low opportunity based on selected indicators,Medium county
"Mercer County, Ohio",42484.0,25.4,76782.0,7.3,1.6,91.5,39107,Mercer County,Ohio,0.8884823417117403,0.08001909004136176,0.05997454661151766,0.23385300668151443,0.16608335984727962,28.56824689786827,Low opportunity based on selected indicators,Small county
"Chesterfield County, Virginia",377869.0,23.7,101931.0,7.1,4.6,95.3,51041,Chesterfield County,Virginia,0.7476932866687878,0.0717467387846007,0.5439070951320395,0.04804327076042003,0.016385618835507487,28.55552020362711,Low opportunity based on selected indicators,Large county
"Ravalli County, Montana",46727.0,18.6,71283.0,8.8,3.2,87.1,30081,Ravalli County,Montana,0.16321985364301622,0.1689468660515431,0.25071587655106586,0.35189309576837413,0.4926821508113267,28.54915685650652,Low opportunity based on selected indicators,Small county
"Southeastern Connecticut Planning Region, Connecticut",279971.0,19.3,86586.0,10.7,5.0,91.6,9180,Southeastern Connecticut Planning Region,Connecticut,0.21158129175946547,0.30178173719376394,0.6310849506840598,0.12281259942729872,0.15987909640470888,28.542793509385927,Low opportunity based on selected indicators,Large county
"New Castle County, Delaware",577961.0,21.2,91166.0,10.1,4.8,93.2,10003,New Castle County,Delaware,0.4139357301940821,0.258510976773783,0.5874960229080496,0.08813235762010818,0.07731466751511296,28.50779510022271,Low opportunity based on selected indicators,Large county
"Okaloosa County, Florida",216599.0,22.6,81998.0,9.3,3.8,93.2,12091,Okaloosa County,Florida,0.6056315622017181,0.20489977728285078,0.3752783964365256,0.1609926821508113,0.07731466751511296,28.48234171174037,Low opportunity based on selected indicators,Medium county
"Madison County, New York",67328.0,18.2,75499.0,10.0,4.2,89.3,36053,Madison County,New York,0.14078905504295258,0.25230671333121224,0.4513203945275215,0.25835189309576834,0.31944002545338845,28.44416162901686,Low opportunity based on selected indicators,Medium county
"Charlotte County, Florida",201064.0,11.8,69952.0,9.0,5.4,92.0,12015,Charlotte County,Florida,0.006045179764556157,0.18262806236080179,0.7085587018771874,0.38243716194718425,0.14031180400890864,28.399618199172767,Low opportunity based on selected indicators,Medium county
"Rockwall County, Texas",123617.0,26.5,127981.0,4.0,4.3,96.8,48397,Rockwall County,Texas,0.9311167674196628,0.0028635062042634426,0.47216035634743875,0.010817690104995226,0.002386255170219509,28.3868915049316,Low opportunity based on selected indicators,Medium county
"Sitka City and Borough, Alaska",8368.0,19.2,101727.0,7.5,6.8,90.8,2220,Sitka City and Borough,Alaska,0.20235443843461662,0.08892777601018136,0.8685968819599109,0.049952274896595594,0.20903595291123134,28.377346484250708,Low opportunity based on selected indicators,Small county
"New Hanover County, North Carolina",235229.0,17.9,75166.0,12.3,4.5,93.3,37129,New Hanover County,North Carolina,0.12583518930957685,0.4303213490295896,0.5227489659560929,0.26407890550429525,0.07286032453070312,28.316894686605153,Low opportunity based on selected indicators,Medium county
"Wabasha County, Minnesota",21565.0,21.8,82007.0,7.1,2.2,85.9,27157,Wabasha County,Minnesota,0.4928412344893414,0.0717467387846007,0.10610881323576202,0.160674514794782,0.5828825962456252,28.285077951002226,Low opportunity based on selected indicators,Small county
"Clermont County, Ohio",211181.0,22.1,85510.0,9.1,4.2,92.6,39025,Clermont County,Ohio,0.5359529112313076,0.18851415844734332,0.4513203945275215,0.1298122812599427,0.1086541520839962,28.285077951002226,Low opportunity based on selected indicators,Medium county
"Falls Church city, Virginia",14710.0,24.0,143262.0,4.0,5.0,98.3,51610,Falls Church city,Virginia,0.7763283487114222,0.0028635062042634426,0.6310849506840598,0.0031816735602927526,0.00031816735602929747,28.27553293032135,Low opportunity based on selected indicators,Small county
"Porter County, Indiana",174818.0,21.3,87972.0,9.6,4.7,93.0,18127,Porter County,Indiana,0.42888959592745785,0.2223989818644607,0.5641107222398982,0.11104040725421571,0.08701877187400575,28.269169583200764,Low opportunity based on selected indicators,Medium county
"Manitowoc County, Wisconsin",81406.0,20.3,69148.0,9.6,2.6,89.2,55071,Manitowoc County,Wisconsin,0.3078269169583201,0.2223989818644607,0.1551065860642698,0.40120903595291124,0.3265987909640471,28.26280623608018,Low opportunity based on selected indicators,Medium county
"Seward County, Nebraska",17641.0,23.3,82444.0,7.4,2.1,88.6,31159,Seward County,Nebraska,0.6998090995863825,0.08399618199172765,0.09720012726694241,0.15685650652243077,0.37480114540248166,28.253261215399295,Low opportunity based on selected indicators,Small county
"Licking County, Ohio",181837.0,22.8,84426.0,10.2,3.2,92.4,39089,Licking County,Ohio,0.6331530384982501,0.26582882596245627,0.25071587655106586,0.13967546929685015,0.12201718103722559,28.227807826916962,Low opportunity based on selected indicators,Medium county
"Iron County, Wisconsin",6210.0,15.5,60625.0,10.5,2.5,89.6,55051,Iron County,Wisconsin,0.04152083996181992,0.2865097041043589,0.14110722239898185,0.6452433980273624,0.2963728921412663,28.215081132675785,Low opportunity based on selected indicators,Small county
"Antrim County, Michigan",24127.0,16.9,72054.0,9.9,3.9,88.8,26009,Antrim County,Michigan,0.0757238307349666,0.24610244988864144,0.3970728603245307,0.33184855233853006,0.3598472796691059,28.211899459115497,Low opportunity based on selected indicators,Small county
"Buffalo County, Wisconsin",13393.0,19.9,70479.0,8.4,2.9,87.8,55011,Buffalo County,Wisconsin,0.2653515749284123,0.1403118040089087,0.19551384027998728,0.36971046770601335,0.43811644925230675,28.180082723512566,Low opportunity based on selected indicators,Small county
"York County, Nebraska",14286.0,23.3,77757.0,9.2,1.5,90.3,31185,York County,Nebraska,0.6998090995863825,0.19583200763601655,0.054088450524976135,0.2169901368119631,0.2421253579382755,28.176901049952274,Low opportunity based on selected indicators,Small county
"Lake County, Florida",412924.0,19.0,73161.0,8.9,5.0,92.6,12069,Lake County,Florida,0.1872414890232262,0.17626471524021636,0.6310849506840598,0.3051224944320713,0.1086541520839962,28.167356029271396,Low opportunity based on selected indicators,Large county
"Washtenaw County, Michigan",369822.0,18.2,89180.0,14.2,4.6,94.1,26161,Washtenaw County,Michigan,0.14078905504295258,0.5723830734966593,0.5439070951320395,0.10213172128539616,0.046452433980273655,28.113267578746427,Low opportunity based on selected indicators,Large county
"Stillwater County, Montana",9182.0,21.0,84732.0,8.3,3.1,86.8,30095,Stillwater County,Montana,0.38832325803372575,0.13378937321030862,0.2286032453070315,0.1368119630925867,0.5167037861915367,28.084632516703785,Low opportunity based on selected indicators,Small county
"Perry County, Pennsylvania",46239.0,21.0,79444.0,8.0,3.1,87.3,42099,Perry County,Pennsylvania,0.38832325803372575,0.11517658288259625,0.2286032453070315,0.19312758510976769,0.47709195036589247,28.046452433980274,Low opportunity based on selected indicators,Small county
"Hennepin County, Minnesota",1269496.0,21.6,97653.0,10.0,4.5,92.8,27053,Hennepin County,Minnesota,0.4675469296850143,0.25230671333121224,0.5227489659560929,0.05981546293350304,0.09863188036907411,28.020999045497934,Low opportunity based on selected indicators,Very large county
"Flagler County, Florida",126528.0,16.1,77363.0,10.3,4.4,88.9,12035,Flagler County,Florida,0.05504295259306395,0.27330575882914415,0.49713649379573654,0.2239898186446071,0.3514158447343303,28.017817371937635,Low opportunity based on selected indicators,Medium county
"Santa Cruz County, California",264926.0,18.4,111093.0,11.6,6.1,94.2,6087,Santa Cruz County,California,0.15112949411390392,0.36971046770601335,0.8075087496022908,0.02863506204263444,0.043111676741966254,28.001909004136174,Low opportunity based on selected indicators,Large county
"Clinton County, Michigan",79626.0,21.4,88210.0,9.7,3.8,90.3,26037,Clinton County,Michigan,0.44177537384664334,0.22923958001909003,0.3752783964365256,0.10944957047406934,0.2421253579382755,27.95736557429208,Low opportunity based on selected indicators,Medium county
"Kane County, Utah",8170.0,20.8,77092.0,9.5,3.7,90.4,49025,Kane County,Utah,0.3636652879414572,0.21762647152402165,0.3523703468024181,0.2290804963410754,0.2351256761056315,27.957365574292076,Low opportunity based on selected indicators,Small county
"Essex County, Massachusetts",813054.0,20.8,101883.0,9.4,5.1,92.4,25009,Essex County,Massachusetts,0.3636652879414572,0.21237671014953866,0.6509704104358893,0.048679605472478515,0.12201718103722559,27.95418390073179,Low opportunity based on selected indicators,Large county
"Winona County, Minnesota",49779.0,17.6,70744.0,14.8,2.3,91.0,27169,Winona County,Minnesota,0.10865415208399619,0.609608654152084,0.11756283805281578,0.36334712058542795,0.19837734648425076,27.951002227171497,Low opportunity based on selected indicators,Small county
"LaMoure County, North Dakota",4118.0,22.9,80664.0,8.7,2.5,89.9,38045,LaMoure County,North Dakota,0.6455615653833917,0.1613108495068406,0.14110722239898185,0.17626471524021636,0.2726694241170856,27.938275532930323,Low opportunity based on selected indicators,Small county
"Frederick County, Virginia",95008.0,22.7,97606.0,6.8,4.2,90.9,51069,Frederick County,Virginia,0.6193127585109768,0.05949729557747375,0.4513203945275215,0.060133630289532336,0.20314985682468978,27.86827871460388,Low opportunity based on selected indicators,Medium county
"Amador County, California",41428.0,15.4,88044.0,8.2,5.4,88.2,6005,Amador County,California,0.03865733375755648,0.12726694241170855,0.7085587018771874,0.11072223989818641,0.4070951320394528,27.846006999681833,Low opportunity based on selected indicators,Small county
"Weber County, Utah",269648.0,26.6,90005.0,8.1,3.0,94.6,49057,Weber County,Utah,0.9339802736239262,0.1207445116131085,0.2098313713013045,0.09449570474069358,0.03245307031498568,27.830098631880368,Low opportunity based on selected indicators,Large county
"Sheridan County, Wyoming",32055.0,21.3,71388.0,10.2,2.2,90.3,56033,Sheridan County,Wyoming,0.42888959592745785,0.26582882596245627,0.10610881323576202,0.34791600381800825,0.2421253579382755,27.8173719376392,Low opportunity based on selected indicators,Small county
"Eau Claire County, Wisconsin",107116.0,19.8,74546.0,11.8,3.0,90.1,55035,Eau Claire County,Wisconsin,0.256761056315622,0.38927776010181353,0.2098313713013045,0.27521476296531977,0.2575564747056952,27.772828507795104,Low opportunity based on selected indicators,Medium county
"Rains County, Texas",12775.0,19.2,65413.0,10.0,3.3,91.7,48379,Rains County,Texas,0.20235443843461662,0.25230671333121224,0.2696468342348075,0.5100222717149221,0.15367483296213813,27.760101813553934,Low opportunity based on selected indicators,Small county
"Monroe County, Georgia",29664.0,21.1,83183.0,12.3,2.7,90.4,13207,Monroe County,Georgia,0.3989818644607063,0.4303213490295896,0.17037861915367483,0.15176582882596246,0.2351256761056315,27.73146675151129,Low opportunity based on selected indicators,Small county
"Fillmore County, Nebraska",5541.0,19.7,76295.0,8.8,0.4,84.0,31059,Fillmore County,Nebraska,0.24896595609290487,0.1689468660515431,0.012885777919185491,0.24148902322621701,0.7134902958956411,27.715558383709833,Low opportunity based on selected indicators,Small county
"Olmsted County, Minnesota",164498.0,23.9,95406.0,7.5,3.6,92.2,27109,Olmsted County,Minnesota,0.7671014953865734,0.08892777601018136,0.32914412981228125,0.06904231625835189,0.13124403436207444,27.70919503658925,Low opportunity based on selected indicators,Medium county
"Tooele County, Utah",79347.0,31.0,106587.0,5.2,3.6,95.4,49045,Tooele County,Utah,0.9850461342666242,0.01893095768374165,0.32914412981228125,0.035952911231307616,0.014635698377346462,27.674196627426024,Low opportunity based on selected indicators,Medium county
"San Miguel County, Colorado",7968.0,17.9,79024.0,9.3,2.7,84.5,8113,San Miguel County,Colorado,0.12583518930957685,0.20489977728285078,0.17037861915367483,0.19790009545020681,0.6839007317849188,27.658288259624562,Low opportunity based on selected indicators,Small county
"Jackson County, Georgia",84757.0,25.1,89544.0,7.3,3.4,94.0,13157,Jackson County,Georgia,0.8657333757556475,0.08001909004136176,0.28778237352847597,0.0992682150811327,0.049952274896595594,27.65510658606427,Low opportunity based on selected indicators,Medium county
"Anoka County, Minnesota",370349.0,23.7,101869.0,7.0,4.3,94.2,27003,Anoka County,Minnesota,0.7476932866687878,0.06697422844416163,0.47216035634743875,0.04899777282850781,0.043111676741966254,27.57874642061725,Low opportunity based on selected indicators,Large county
"Burleigh County, North Dakota",100600.0,23.2,86851.0,7.9,2.3,89.0,38015,Burleigh County,North Dakota,0.6870824053452116,0.1100859051861279,0.11756283805281578,0.11963092586700608,0.3433025771555839,27.553293032134906,Low opportunity based on selected indicators,Medium county
"Douglas County, Minnesota",39575.0,21.4,79043.0,9.0,2.9,88.8,27041,Douglas County,Minnesota,0.44177537384664334,0.18262806236080179,0.19551384027998728,0.19758192809417752,0.3598472796691059,27.546929685014316,Low opportunity based on selected indicators,Small county
"Sauk County, Wisconsin",66009.0,22.3,79541.0,8.1,2.3,88.5,55111,Sauk County,Wisconsin,0.5628380528157811,0.1207445116131085,0.11756283805281578,0.1918549156856506,0.3835507476932867,27.531021317212854,Low opportunity based on selected indicators,Medium county
"Hanson County, South Dakota",3472.0,28.7,81071.0,7.0,1.8,92.8,46061,Hanson County,South Dakota,0.9651606745147948,0.06697422844416163,0.07413299395482023,0.17117403754374805,0.09863188036907411,27.521476296531976,Low opportunity based on selected indicators,Small county
"Garfield County, Colorado",62479.0,24.6,91131.0,8.2,3.4,94.3,8045,Garfield County,Colorado,0.8321667196945594,0.12726694241170855,0.28778237352847597,0.08845052497613748,0.04008908685968815,27.515112949411392,Low opportunity based on selected indicators,Medium county
"Ness County, Kansas",2653.0,19.8,68616.0,11.2,0.8,89.0,20135,Ness County,Kansas,0.256761056315622,0.33837098313713015,0.023544384346166083,0.41027680559974544,0.3433025771555839,27.445116131084944,Low opportunity based on selected indicators,Small county
"Mills County, Texas",4511.0,20.6,67620.0,7.2,3.2,90.0,48333,Mills County,Texas,0.3398027362392618,0.0762010817690105,0.25071587655106586,0.43748011454024816,0.2653515749284123,27.391027680559976,Low opportunity based on selected indicators,Small county
"Fremont County, Iowa",6514.0,21.4,71621.0,7.7,0.8,87.5,19071,Fremont County,Iowa,0.44177537384664334,0.10054088450524976,0.023544384346166083,0.342348075087496,0.45863824371619477,27.336939230035,Low opportunity based on selected indicators,Small county
"Marshall County, South Dakota",4344.0,24.3,78156.0,6.1,0.3,89.5,46091,Marshall County,South Dakota,0.8033725739739103,0.03690741329939548,0.010499522748965956,0.2106267896913777,0.3051224944320713,27.33057588291441,Low opportunity based on selected indicators,Small county
"Jackson County, Minnesota",9933.0,21.8,75743.0,8.6,2.4,89.1,27063,Jackson County,Minnesota,0.4928412344893414,0.15478841870824053,0.12949411390391347,0.25198854597518294,0.33487114222080816,27.279669105949733,Low opportunity based on selected indicators,Small county
"Thurston County, Washington",299067.0,20.9,96563.0,9.5,5.2,94.5,53067,Thurston County,Washington,0.3773464842507159,0.21762647152402165,0.6683105313394846,0.06490614062997135,0.034839325485205186,27.260579064587976,Low opportunity based on selected indicators,Large county
"Otoe County, Nebraska",16241.0,24.0,82188.0,9.1,2.7,93.4,31131,Otoe County,Nebraska,0.7763283487114222,0.18851415844734332,0.17037861915367483,0.15908367801463574,0.06792873051224946,27.24467069678651,Low opportunity based on selected indicators,Small county
"Eaton County, Michigan",109130.0,20.5,79597.0,8.3,4.5,91.2,26045,Eaton County,Michigan,0.32818962774419347,0.13378937321030862,0.5227489659560929,0.19153674832962142,0.1854915685650652,27.235125676105632,Low opportunity based on selected indicators,Medium county
"Sumner County, Tennessee",204424.0,23.1,90301.0,8.8,3.6,92.8,47165,Sumner County,Tennessee,0.6719694559338212,0.1689468660515431,0.32914412981228125,0.0929048679605472,0.09863188036907411,27.23194400254534,Low opportunity based on selected indicators,Medium county
"Goodhue County, Minnesota",47943.0,21.9,84171.0,9.3,3.6,91.3,27049,Goodhue County,Minnesota,0.5068405981546293,0.20489977728285078,0.32914412981228125,0.141902640789055,0.17849188673242122,27.225580655424753,Low opportunity based on selected indicators,Small county
"Weston County, Wyoming",6826.0,19.6,89509.0,9.0,1.0,82.2,56045,Weston County,Wyoming,0.23989818644607064,0.18262806236080179,0.030066815144766147,0.099586382437162,0.8076678332803054,27.196945593382114,Low opportunity based on selected indicators,Small county
"Beaverhead County, Montana",9713.0,17.5,61268.0,11.4,1.3,90.4,30001,Beaverhead County,Montana,0.10244988864142539,0.3550747693286669,0.043748011454024814,0.6223353483932548,0.2351256761056315,27.17467387846007,Low opportunity based on selected indicators,Small county
"Ohio County, Indiana",5999.0,19.9,70392.0,8.1,1.3,86.3,18115,Ohio County,Indiana,0.2653515749284123,0.1207445116131085,0.043748011454024814,0.3722558065542475,0.5556792873051225,27.15558383709832,Low opportunity based on selected indicators,Small county
"Orange County, California",3165820.0,21.0,116289.0,9.5,5.4,95.0,6059,Orange County,California,0.38832325803372575,0.21762647152402165,0.7085587018771874,0.020362710785873372,0.021317212853961154,27.12376710149539,Low opportunity based on selected indicators,Very large county
"Lake County, South Dakota",10972.0,19.6,76808.0,8.4,3.0,86.6,46079,Lake County,South Dakota,0.23989818644607064,0.1403118040089087,0.2098313713013045,0.23353483932548524,0.5324530703149857,27.120585427935097,Low opportunity based on selected indicators,Small county
"Jo Daviess County, Illinois",21851.0,18.2,73993.0,7.8,3.6,87.2,17085,Jo Daviess County,Illinois,0.14078905504295258,0.10626789691377665,0.32914412981228125,0.2911231307667833,0.48504613426662424,27.047406936048358,Low opportunity based on selected indicators,Small county
"Collin County, Texas",1163337.0,24.7,121600.0,6.2,4.2,96.5,48085,Collin County,Texas,0.8396436525612472,0.04024817053770283,0.4513203945275215,0.01590836780146354,0.004295259306395183,27.0283168946866,Low opportunity based on selected indicators,Very large county
"Montgomery County, Maryland",1065949.0,22.8,132450.0,7.5,4.9,95.7,24031,Montgomery County,Maryland,0.6331530384982501,0.08892777601018136,0.6104040725421572,0.007636016544702473,0.01018135539293663,27.006045179764556,Low opportunity based on selected indicators,Very large county
"Hancock County, Maine",56460.0,16.2,72744.0,9.9,4.6,91.2,23009,Hancock County,Maine,0.05806554247534203,0.24610244988864144,0.5439070951320395,0.3159401845370665,0.1854915685650652,26.99013681196309,Low opportunity based on selected indicators,Medium county
"Clay County, Florida",227584.0,22.8,87820.0,9.2,3.8,94.6,12019,Clay County,Florida,0.6331530384982501,0.19583200763601655,0.3752783964365256,0.11231307667833279,0.03245307031498568,26.980591791282215,Low opportunity based on selected indicators,Medium county
"Allegan County, Michigan",121456.0,23.2,83283.0,8.4,3.0,91.6,26005,Allegan County,Michigan,0.6870824053452116,0.1403118040089087,0.2098313713013045,0.15081132675787468,0.15987909640470888,26.958320076360167,Low opportunity based on selected indicators,Medium county
"Flathead County, Montana",110695.0,21.6,73925.0,9.3,2.9,91.2,30029,Flathead County,Montana,0.4675469296850143,0.20489977728285078,0.19551384027998728,0.293032134902959,0.1854915685650652,26.929685014317535,Low opportunity based on selected indicators,Medium county
"Grundy County, Iowa",12384.0,23.5,87205.0,6.5,2.0,88.7,19075,Grundy County,Iowa,0.7239898186446071,0.04931594018453707,0.08892777601018136,0.11644925230671332,0.3678014635698378,26.929685014317535,Low opportunity based on selected indicators,Small county
"Dodge County, Wisconsin",88742.0,19.4,75929.0,8.5,3.8,88.9,55027,Dodge County,Wisconsin,0.2223989818644607,0.1479478205536112,0.3752783964365256,0.248488705058861,0.3514158447343303,26.91059497295577,Low opportunity based on selected indicators,Medium county
"Charleston County, South Carolina",420264.0,19.5,88494.0,11.3,3.5,88.9,45019,Charleston County,South Carolina,0.23114858415526568,0.34743875278396436,0.3075087496022908,0.10722239898186448,0.3514158447343303,26.894686605154316,Low opportunity based on selected indicators,Large county
"Sumter County, Florida",143408.0,7.1,76508.0,9.7,5.4,91.5,12119,Sumter County,Florida,0.0019090041361756285,0.22923958001909003,0.7085587018771874,0.23767101495386578,0.16608335984727962,26.869233216671972,Low opportunity based on selected indicators,Medium county
"White Pine County, Nevada",8735.0,19.5,72865.0,8.2,4.0,90.1,32033,White Pine County,Nevada,0.23114858415526568,0.12726694241170855,0.41520839961819916,0.311804008908686,0.2575564747056952,26.859688195991094,Low opportunity based on selected indicators,Small county
"Fond du Lac County, Wisconsin",104137.0,21.1,74275.0,9.2,3.2,90.7,55039,Fond du Lac County,Wisconsin,0.3989818644607063,0.19583200763601655,0.25071587655106586,0.28221444479796376,0.21508113267578743,26.856506522430802,Low opportunity based on selected indicators,Medium county
"Cobb County, Georgia",775208.0,22.6,102738.0,8.7,4.5,96.1,13067,Cobb County,Georgia,0.6056315622017181,0.1613108495068406,0.5227489659560929,0.04677060133630284,0.006045179764556208,26.850143175310215,Low opportunity based on selected indicators,Large county
"Gloucester County, New Jersey",306954.0,21.3,105115.0,7.7,5.3,93.0,34015,Gloucester County,New Jersey,0.42888959592745785,0.10054088450524976,0.6870824053452116,0.03881641743557107,0.08701877187400575,26.846961501749924,Low opportunity based on selected indicators,Large county
"Powell County, Montana",7053.0,13.3,66923.0,5.6,2.3,83.8,30077,Powell County,Montana,0.012090359529112313,0.026726057906458798,0.11756283805281578,0.4578428253261215,0.727966910594973,26.84377982818963,Low opportunity based on selected indicators,Small county
"Kerr County, Texas",53489.0,18.1,69395.0,11.4,3.3,91.2,48265,Kerr County,Texas,0.13649379573655743,0.3550747693286669,0.2696468342348075,0.39516385618835503,0.1854915685650652,26.837416481069038,Low opportunity based on selected indicators,Medium county
"Culpeper County, Virginia",54397.0,25.2,100049.0,7.9,2.6,91.8,51047,Culpeper County,Virginia,0.8736875596563792,0.1100859051861279,0.1551065860642698,0.05313394845688835,0.14906140629971365,26.821508113267576,Low opportunity based on selected indicators,Medium county
"Pope County, Minnesota",11418.0,21.4,76220.0,9.4,1.3,88.3,27121,Pope County,Minnesota,0.44177537384664334,0.21237671014953866,0.043748011454024814,0.24339802736239258,0.39882278078269173,26.802418071905826,Low opportunity based on selected indicators,Small county
"Warren County, Iowa",54409.0,24.4,94588.0,5.1,3.4,91.8,19181,Warren County,Iowa,0.8132357620108177,0.015431116767419662,0.28778237352847597,0.07222398981864464,0.14906140629971365,26.75469296850143,Low opportunity based on selected indicators,Medium county
"Hood County, Texas",65894.0,20.4,88160.0,7.7,5.6,93.4,48221,Hood County,Texas,0.3181673560292714,0.10054088450524976,0.7402163538020999,0.11008590518612793,0.06792873051224946,26.738784600699972,Low opportunity based on selected indicators,Medium county
"Tipton County, Indiana",15346.0,20.5,76156.0,11.2,2.3,89.5,18159,Tipton County,Indiana,0.32818962774419347,0.33837098313713015,0.11756283805281578,0.24467069678650966,0.3051224944320713,26.6783328030544,Low opportunity based on selected indicators,Small county
"Jefferson County, Missouri",229458.0,22.5,82851.0,9.0,3.2,91.7,29099,Jefferson County,Missouri,0.5911549475023863,0.18262806236080179,0.25071587655106586,0.1552656697422844,0.15367483296213813,26.668787782373528,Low opportunity based on selected indicators,Medium county
"Bristol Bay Borough, Alaska",918.0,14.9,95625.0,9.3,4.4,86.6,2060,Bristol Bay Borough,Alaska,0.030384982500795417,0.20489977728285078,0.49713649379573654,0.06776964683423481,0.5324530703149857,26.652879414572066,Low opportunity based on selected indicators,Small county
"Brown County, Wisconsin",270892.0,23.0,79649.0,9.1,2.6,92.0,55009,Brown County,Wisconsin,0.657651924912504,0.18851415844734332,0.1551065860642698,0.19058224626153353,0.14031180400890864,26.643334393891184,Low opportunity based on selected indicators,Large county
"Santa Rosa County, Florida",198472.0,21.8,91922.0,8.8,4.5,93.7,12113,Santa Rosa County,Florida,0.4928412344893414,0.1689468660515431,0.5227489659560929,0.08495068405981543,0.05742920776328353,26.538339166401524,Low opportunity based on selected indicators,Medium county
"Deuel County, Nebraska",1847.0,18.3,70096.0,9.4,1.4,86.5,31049,Deuel County,Nebraska,0.1457206490614063,0.21237671014953866,0.04899777282850779,0.3792554883868915,0.5400890868596881,26.528794145720653,Low opportunity based on selected indicators,Small county
"Lincoln County, North Carolina",92716.0,20.6,80016.0,11.2,3.3,91.1,37109,Lincoln County,North Carolina,0.3398027362392618,0.33837098313713015,0.2696468342348075,0.1858097359210945,0.19265033407572385,26.525612472160354,Low opportunity based on selected indicators,Medium county
"Benton County, Arkansas",303632.0,25.4,93506.0,7.6,3.1,94.4,5007,Benton County,Arkansas,0.8884823417117403,0.0940184537066497,0.2286032453070315,0.07699650015908366,0.03706649697741016,26.50334075723831,Low opportunity based on selected indicators,Large county
"Richmond County, Virginia",9095.0,17.7,66304.0,7.7,2.5,87.1,51159,Richmond County,Virginia,0.11422208081450844,0.10054088450524976,0.14110722239898185,0.47502386255170215,0.4926821508113267,26.47152402163538,Low opportunity based on selected indicators,Small county
"Benton County, Iowa",25724.0,22.9,86962.0,7.4,2.0,88.5,19011,Benton County,Iowa,0.6455615653833917,0.08399618199172765,0.08892777601018136,0.118358256442889,0.3835507476932867,26.407890550429524,Low opportunity based on selected indicators,Small county
"Prince George County, Virginia",43146.0,19.5,84897.0,8.9,5.2,92.6,51149,Prince George County,Virginia,0.23114858415526568,0.17626471524021636,0.6683105313394846,0.13490295895641102,0.1086541520839962,26.385618835507472,Low opportunity based on selected indicators,Small county
"Pottawatomie County, Kansas",26204.0,28.8,92325.0,6.7,2.1,92.5,20149,Pottawatomie County,Kansas,0.9665924276169265,0.05583837098313713,0.09720012726694241,0.08304167992363987,0.11565383391664019,26.366528794145722,Low opportunity based on selected indicators,Small county
"Fairfax city, Virginia",25026.0,24.8,132348.0,9.1,3.3,96.7,51600,Fairfax city,Virginia,0.8461660833598473,0.18851415844734332,0.2696468342348075,0.00795418390073177,0.003022589882278104,26.306076996500156,Low opportunity based on selected indicators,Small county
"Norton County, Kansas",5359.0,20.1,54050.0,7.2,1.7,93.1,20137,Norton County,Kansas,0.2855552020362711,0.0762010817690105,0.06617881005408845,0.8046452433980273,0.08192809417753744,26.290168628698694,Low opportunity based on selected indicators,Small county
"Cheatham County, Tennessee",41829.0,21.4,89852.0,7.7,4.3,90.9,47021,Cheatham County,Tennessee,0.44177537384664334,0.10054088450524976,0.47216035634743875,0.09640470887686925,0.20314985682468978,26.280623608017812,Low opportunity based on selected indicators,Small county
"St. Mary's County, Maryland",115126.0,23.9,119446.0,8.0,3.6,93.1,24037,St. Mary's County,Maryland,0.7671014953865734,0.11517658288259625,0.32914412981228125,0.017499204581609917,0.08192809417753744,26.21699013681196,Low opportunity based on selected indicators,Medium county
"Boyd County, Nebraska",1688.0,20.1,67045.0,9.7,2.3,90.6,31015,Boyd County,Nebraska,0.2855552020362711,0.22923958001909003,0.11756283805281578,0.4557747375119313,0.22223989818644607,26.207445116131083,Low opportunity based on selected indicators,Small county
"Fayette County, Tennessee",43267.0,17.9,88456.0,10.3,4.8,90.7,47047,Fayette County,Tennessee,0.12583518930957685,0.27330575882914415,0.5874960229080496,0.10785873369392296,0.21508113267578743,26.191536748329618,Low opportunity based on selected indicators,Small county
"Iowa County, Wisconsin",23867.0,21.6,82182.0,7.6,3.1,88.8,55049,Iowa County,Wisconsin,0.4675469296850143,0.0940184537066497,0.2286032453070315,0.15940184537066493,0.3598472796691059,26.188355074769326,Low opportunity based on selected indicators,Small county
"Kent County, Maryland",19346.0,15.5,80147.0,9.7,3.0,85.0,24029,Kent County,Maryland,0.04152083996181992,0.22923958001909003,0.2098313713013045,0.18358256442888965,0.6449252306713331,26.18199172764874,Low opportunity based on selected indicators,Small county
"Western Connecticut Planning Region, Connecticut",627071.0,21.8,128188.0,7.5,5.3,94.7,9190,Western Connecticut Planning Region,Connecticut,0.4928412344893414,0.08892777601018136,0.6870824053452116,0.010499522748965928,0.029430480432707573,26.17562838052816,Low opportunity based on selected indicators,Large county
"Kootenai County, Idaho",181996.0,22.3,81861.0,9.0,3.3,92.2,16055,Kootenai County,Idaho,0.5628380528157811,0.18262806236080179,0.2696468342348075,0.16226535157492838,0.13124403436207444,26.172446706967868,Low opportunity based on selected indicators,Medium county
"Mills County, Iowa",14568.0,22.8,90753.0,8.2,2.0,88.7,19129,Mills County,Iowa,0.6331530384982501,0.12726694241170855,0.08892777601018136,0.09067769646834234,0.3678014635698378,26.156538339166403,Low opportunity based on selected indicators,Small county
"Park County, Montana",17710.0,16.9,70047.0,12.3,2.7,90.2,30067,Park County,Montana,0.0757238307349666,0.4303213490295896,0.17037861915367483,0.38052815781100857,0.24992045816099273,26.137448297804646,Low opportunity based on selected indicators,Small county
"Polk County, Wisconsin",45555.0,19.9,77219.0,8.2,3.4,88.3,55095,Polk County,Wisconsin,0.2653515749284123,0.12726694241170855,0.28778237352847597,0.22748965956092904,0.39882278078269173,26.13426662424435,Low opportunity based on selected indicators,Small county
"Sioux County, Iowa",36212.0,27.2,86098.0,6.7,1.5,92.4,19167,Sioux County,Iowa,0.9468660515431117,0.05583837098313713,0.054088450524976135,0.12726694241170855,0.12201718103722559,26.12153993000318,Low opportunity based on selected indicators,Small county
"Madison County, Alabama",405718.0,21.6,86499.0,10.1,3.6,92.3,1089,Madison County,Alabama,0.4675469296850143,0.258510976773783,0.32914412981228125,0.12344893413935731,0.12663060769965007,26.10563156220172,Low opportunity based on selected indicators,Large county
"Mercer County, Illinois",15495.0,20.8,74182.0,8.9,3.2,90.5,17131,Mercer County,Illinois,0.3636652879414572,0.17626471524021636,0.25071587655106586,0.2853961183582564,0.22923958001909006,26.10563156220172,Low opportunity based on selected indicators,Small county
"Northeastern Connecticut Planning Region, Connecticut",96312.0,18.4,90589.0,7.5,6.0,91.4,9150,Northeastern Connecticut Planning Region,Connecticut,0.15112949411390392,0.08892777601018136,0.7971683105313395,0.09099586382437164,0.17181037225580653,26.000636334712055,Low opportunity based on selected indicators,Medium county
"Martin County, Florida",162176.0,16.1,82943.0,11.3,4.9,92.2,12085,Martin County,Florida,0.05504295259306395,0.34743875278396436,0.6104040725421572,0.15431116767419661,0.13124403436207444,25.968819599109132,Low opportunity based on selected indicators,Medium county
"Skagway Municipality, Alaska",1244.0,16.5,81136.0,5.9,9.1,93.3,2230,Skagway Municipality,Alaska,0.06395163856188354,0.032453070314985684,0.9540248170537703,0.17053770283168945,0.07286032453070312,25.876551065860642,Low opportunity based on selected indicators,Small county
"Stafford County, Virginia",163466.0,26.2,137807.0,4.7,3.7,96.8,51179,Stafford County,Virginia,0.9230034998409163,0.009545020680878142,0.3523703468024181,0.005408845052497613,0.002386255170219509,25.85427935093859,Low opportunity based on selected indicators,Medium county
"Lee County, Florida",817666.0,17.2,76107.0,12.0,4.0,92.1,12071,Lee County,Florida,0.08813235762010818,0.40550429525930637,0.41520839961819916,0.24594336621062673,0.1361756283805282,25.819280941775375,Low opportunity based on selected indicators,Large county
"Baldwin County, Alabama",246989.0,21.1,78775.0,10.1,3.0,90.6,1003,Baldwin County,Alabama,0.3989818644607063,0.258510976773783,0.2098313713013045,0.20139993636652875,0.22223989818644607,25.819280941775375,Low opportunity based on selected indicators,Medium county
"Nevada County, California",102481.0,17.0,89882.0,11.0,5.4,93.0,6057,Nevada County,California,0.0801781737193764,0.31975819280941775,0.7085587018771874,0.09513203945275217,0.08701877187400575,25.812917594654795,Low opportunity based on selected indicators,Medium county
"Middlesex County, Virginia",10847.0,16.0,75060.0,7.3,2.9,84.3,51119,Middlesex County,Virginia,0.05186127903277124,0.08001909004136176,0.19551384027998728,0.26503340757238303,0.6959910913140313,25.76837416481069,Low opportunity based on selected indicators,Small county
"Hughes County, South Dakota",17664.0,24.4,81395.0,9.2,1.0,93.1,46065,Hughes County,South Dakota,0.8132357620108177,0.19583200763601655,0.030066815144766147,0.1673560292713967,0.08192809417753744,25.768374164810687,Low opportunity based on selected indicators,Small county
"Henrico County, Virginia",335744.0,21.9,88783.0,8.8,3.9,92.6,51087,Henrico County,Virginia,0.5068405981546293,0.1689468660515431,0.3970728603245307,0.1056315622017181,0.1086541520839962,25.742920776328347,Low opportunity based on selected indicators,Large county
"Lincoln County, Nevada",4405.0,20.0,72307.0,5.0,1.9,85.8,32017,Lincoln County,Nevada,0.2748965956092905,0.012885777919185491,0.08160992682150811,0.32580337257397396,0.5887686923321667,25.67928730512249,Low opportunity based on selected indicators,Small county
"Boone County, Kentucky",139841.0,25.6,99414.0,6.3,3.1,93.8,21015,Boone County,Kentucky,0.900413617562838,0.043907095132039456,0.2286032453070315,0.055679287305122505,0.054565701559020074,25.663378937321035,Low opportunity based on selected indicators,Medium county
"Warren County, New York",65517.0,17.5,78442.0,10.5,4.3,90.7,36113,Warren County,New York,0.10244988864142539,0.2865097041043589,0.47216035634743875,0.20680878141902637,0.21508113267578743,25.660197263760736,Low opportunity based on selected indicators,Medium county
"Brevard County, Florida",632780.0,18.1,78476.0,10.2,4.8,93.0,12009,Brevard County,Florida,0.13649379573655743,0.26582882596245627,0.5874960229080496,0.20585427935093858,0.08701877187400575,25.653833916640146,Low opportunity based on selected indicators,Large county
"McPherson County, Kansas",30205.0,21.6,78851.0,9.5,1.8,89.3,20113,McPherson County,Kansas,0.4675469296850143,0.21762647152402165,0.07413299395482023,0.20044543429844097,0.31944002545338845,25.583837098313715,Low opportunity based on selected indicators,Small county
"Windsor County, Vermont",57990.0,17.6,77594.0,9.2,4.4,90.1,50027,Windsor County,Vermont,0.10865415208399619,0.19583200763601655,0.49713649379573654,0.21985364301622656,0.2575564747056952,25.580655424753417,Low opportunity based on selected indicators,Medium county
"Essex County, New York",36973.0,15.4,71661.0,11.2,4.0,91.9,36031,Essex County,New York,0.03865733375755648,0.33837098313713015,0.41520839961819916,0.3413935730194082,0.14444797963728917,25.561565383391667,Low opportunity based on selected indicators,Small county
"Ottawa County, Michigan",301203.0,23.0,90502.0,8.3,3.5,93.0,26139,Ottawa County,Michigan,0.657651924912504,0.13378937321030862,0.3075087496022908,0.09195036589245942,0.08701877187400575,25.55838370983137,Low opportunity based on selected indicators,Large county
"McHenry County, Illinois",312591.0,22.7,104802.0,6.2,4.7,95.4,17111,McHenry County,Illinois,0.6193127585109768,0.04024817053770283,0.5641107222398982,0.03913458479160037,0.014635698377346462,25.54883868915049,Low opportunity based on selected indicators,Large county
"Johnson County, Indiana",166315.0,24.3,90454.0,7.4,3.0,93.0,18081,Johnson County,Indiana,0.8033725739739103,0.08399618199172765,0.2098313713013045,0.09226853324848872,0.08701877187400575,25.529748647788743,Low opportunity based on selected indicators,Medium county
"Greeley County, Kansas",1304.0,31.1,80565.0,7.1,0.1,94.6,20071,Greeley County,Kansas,0.986000636334712,0.0717467387846007,0.0077951002227171495,0.17849188673242122,0.03245307031498568,25.529748647788736,Low opportunity based on selected indicators,Small county
"Alpine County, California",1616.0,19.9,105521.0,10.0,4.4,90.6,6003,Alpine County,California,0.2653515749284123,0.25230671333121224,0.49713649379573654,0.03818008272351259,0.22223989818644607,25.504295259306396,Low opportunity based on selected indicators,Small county
"Cheyenne County, Colorado",1741.0,22.2,70865.0,8.2,0.4,90.6,8017,Cheyenne County,Colorado,0.5493159401845371,0.12726694241170855,0.012885777919185491,0.361119949093223,0.22223989818644607,25.456570155902003,Low opportunity based on selected indicators,Small county
"Greene County, Georgia",20109.0,17.2,86272.0,9.8,3.4,86.6,13133,Greene County,Georgia,0.08813235762010818,0.23814826598790964,0.28778237352847597,0.1250397709195037,0.5324530703149857,25.43111676741966,Low opportunity based on selected indicators,Small county
"Petersburg Borough, Alaska",3409.0,18.6,75125.0,7.0,3.8,88.3,2195,Petersburg Borough,Alaska,0.16321985364301622,0.06697422844416163,0.3752783964365256,0.26439707286032454,0.39882278078269173,25.373846643334392,Low opportunity based on selected indicators,Small county
"Sullivan County, New Hampshire",43715.0,17.7,80858.0,10.1,3.1,87.1,33019,Sullivan County,New Hampshire,0.11422208081450844,0.258510976773783,0.2286032453070315,0.1730830416799236,0.4926821508113267,25.342029907731465,Low opportunity based on selected indicators,Small county
"Potter County, South Dakota",2388.0,20.4,72045.0,6.2,2.6,88.0,46107,Potter County,South Dakota,0.3181673560292714,0.04024817053770283,0.1551065860642698,0.33216671969455935,0.42141266306076997,25.342029907731465,Low opportunity based on selected indicators,Small county
"Davis County, Utah",370924.0,30.1,110884.0,6.4,2.7,94.2,49011,Davis County,Utah,0.977728285077951,0.04661151765828826,0.17037861915367483,0.028953229398663738,0.043111676741966254,25.335666560610875,Low opportunity based on selected indicators,Large county
"Williamson County, Texas",672688.0,24.1,111340.0,6.4,3.9,95.8,48491,Williamson County,Texas,0.7858733693923003,0.04661151765828826,0.3970728603245307,0.02768055997454666,0.008272351256761068,25.31021317212854,Low opportunity based on selected indicators,Large county
"Dallas County, Iowa",107968.0,26.6,102379.0,6.3,2.3,92.4,19049,Dallas County,Iowa,0.9339802736239262,0.043907095132039456,0.11756283805281578,0.047725103404390734,0.12201718103722559,25.303849825007962,Low opportunity based on selected indicators,Medium county
"Wake County, North Carolina",1178653.0,23.0,105768.0,8.1,4.1,95.3,37183,Wake County,North Carolina,0.657651924912504,0.1207445116131085,0.4322303531657652,0.03786191536748329,0.016385618835507487,25.29748647788737,Low opportunity based on selected indicators,Very large county
"Greene County, Ohio",169688.0,20.6,87309.0,9.8,4.3,92.8,39057,Greene County,Ohio,0.3398027362392618,0.23814826598790964,0.47216035634743875,0.11581291759465484,0.09863188036907411,25.291123130766792,Low opportunity based on selected indicators,Medium county
"Bayfield County, Wisconsin",16575.0,16.3,71151.0,9.8,3.6,89.8,55007,Bayfield County,Wisconsin,0.0606108813235762,0.23814826598790964,0.32914412981228125,0.35571110404072537,0.2809417753738467,25.291123130766785,Low opportunity based on selected indicators,Small county
"DuPage County, Illinois",930024.0,22.2,112096.0,6.6,4.9,94.8,17043,DuPage County,Illinois,0.5493159401845371,0.052338530066815145,0.6104040725421572,0.025771555838370985,0.026089723194400283,25.278396436525618,Low opportunity based on selected indicators,Large county
"Sheboygan County, Wisconsin",117991.0,21.5,73094.0,8.5,2.7,91.2,55117,Sheboygan County,Wisconsin,0.4540248170537703,0.1479478205536112,0.17037861915367483,0.30607699650015907,0.1854915685650652,25.278396436525608,Low opportunity based on selected indicators,Medium county
"Scott County, Minnesota",154557.0,25.8,119314.0,4.6,3.5,95.0,27139,Scott County,Minnesota,0.9085268851415845,0.008272351256761056,0.3075087496022908,0.017817371937639215,0.021317212853961154,25.268851415844733,Low opportunity based on selected indicators,Medium county
"Pawnee County, Kansas",6144.0,14.5,63517.0,11.5,1.2,89.8,20145,Pawnee County,Kansas,0.023067133312122175,0.3615972001272669,0.0383391664015272,0.5567928730512249,0.2809417753738467,25.21476296531976,Low opportunity based on selected indicators,Small county
"Kearny County, Kansas",3864.0,28.4,89135.0,4.5,2.2,93.1,20093,Kearny County,Kansas,0.9626153356665607,0.007158765510658607,0.10610881323576202,0.10276805599745464,0.08192809417753744,25.211581291759472,Low opportunity based on selected indicators,Small county
"Skamania County, Washington",12402.0,16.8,93265.0,8.1,5.2,89.3,53059,Skamania County,Washington,0.07286032453070315,0.1207445116131085,0.6683105313394846,0.07858733693923003,0.31944002545338845,25.198854597518295,Low opportunity based on selected indicators,Small county
"Honolulu County, Hawaii",1001146.0,20.6,106195.0,9.2,4.7,92.4,15003,Honolulu County,Hawaii,0.3398027362392618,0.19583200763601655,0.5641107222398982,0.037225580655424806,0.12201718103722559,25.17976455615655,Low opportunity based on selected indicators,Very large county
"Durham County, North Carolina",332353.0,20.0,82316.0,11.5,3.9,93.5,37063,Durham County,North Carolina,0.2748965956092905,0.3615972001272669,0.3970728603245307,0.15812917594654785,0.06395163856188357,25.11294941139039,Low opportunity based on selected indicators,Large county
"Edmunds County, South Dakota",4048.0,23.6,81630.0,9.9,1.1,93.3,46045,Edmunds County,South Dakota,0.7367165128857779,0.24610244988864144,0.03436207445116131,0.16417435571110406,0.07286032453070312,25.084314349347753,Low opportunity based on selected indicators,Small county
"La Plata County, Colorado",56331.0,17.5,86056.0,11.7,3.8,90.0,8067,La Plata County,Colorado,0.10244988864142539,0.37941457206490614,0.3752783964365256,0.12838052815781098,0.2653515749284123,25.01749920458161,Low opportunity based on selected indicators,Medium county
"San Francisco County, California",830235.0,13.7,140970.0,11.2,6.1,93.0,6075,San Francisco County,California,0.01368119630925867,0.33837098313713015,0.8075087496022908,0.004136175628380534,0.08701877187400575,25.01431753102132,Low opportunity based on selected indicators,Large county
"Wright County, Minnesota",148269.0,27.2,107209.0,5.2,2.7,93.2,27171,Wright County,Minnesota,0.9468660515431117,0.01893095768374165,0.17037861915367483,0.03531657651924913,0.07731466751511296,24.976137448297802,Low opportunity based on selected indicators,Medium county
"Travis County, Texas",1330015.0,20.2,99611.0,10.9,4.6,94.3,48453,Travis County,Texas,0.2966910594972956,0.31403118040089084,0.5439070951320395,0.05377028316894683,0.04008908685968815,24.969774101177215,Low opportunity based on selected indicators,Very large county
"Posey County, Indiana",25116.0,21.6,78129.0,10.1,1.8,90.4,18129,Posey County,Indiana,0.4675469296850143,0.258510976773783,0.07413299395482023,0.2109449570474069,0.2351256761056315,24.925230671333114,Low opportunity based on selected indicators,Small county
"Sherburne County, Minnesota",100560.0,25.8,105466.0,5.1,3.0,93.3,27141,Sherburne County,Minnesota,0.9085268851415845,0.015431116767419662,0.2098313713013045,0.038498250079541885,0.07286032453070312,24.902958956411076,Low opportunity based on selected indicators,Medium county
"Denver County, Colorado",718877.0,18.0,94718.0,11.2,4.9,92.9,8031,Denver County,Colorado,0.13140311804008908,0.33837098313713015,0.6104040725421572,0.07190582246261534,0.09258670060451801,24.893413935730198,Low opportunity based on selected indicators,Large county
"Manatee County, Florida",429792.0,17.5,78457.0,9.8,4.6,91.7,12081,Manatee County,Florida,0.10244988864142539,0.23814826598790964,0.5439070951320395,0.20617244670696788,0.15367483296213813,24.88705058860961,Low opportunity based on selected indicators,Large county
"Rabun County, Georgia",17312.0,16.2,67493.0,13.1,1.3,90.8,13241,Rabun County,Georgia,0.05806554247534203,0.4933184855233853,0.043748011454024814,0.4400254533884823,0.20903595291123134,24.883868915049316,Low opportunity based on selected indicators,Small county
"Bergen County, New Jersey",962316.0,20.9,124884.0,6.8,5.8,94.8,34003,Bergen County,New Jersey,0.3773464842507159,0.05949729557747375,0.7664651606745148,0.013044861597200086,0.026089723194400283,24.848870505886094,Low opportunity based on selected indicators,Large county
"Lyon County, Kentucky",8900.0,13.6,65066.0,9.5,2.9,89.6,21143,Lyon County,Kentucky,0.013044861597200128,0.21762647152402165,0.19551384027998728,0.5176582882596246,0.2963728921412663,24.804327076041996,Low opportunity based on selected indicators,Small county
"Nicollet County, Minnesota",34411.0,21.5,79756.0,8.0,2.2,88.6,27103,Nicollet County,Minnesota,0.4540248170537703,0.11517658288259625,0.10610881323576202,0.18930957683741645,0.37480114540248166,24.788418708240535,Low opportunity based on selected indicators,Small county
"Snohomish County, Washington",844430.0,22.1,111246.0,8.0,4.5,94.4,53061,Snohomish County,Washington,0.5359529112313076,0.11517658288259625,0.5227489659560929,0.028316894686605143,0.03706649697741016,24.785237034680243,Low opportunity based on selected indicators,Large county
"Park County, Wyoming",30449.0,20.7,73035.0,8.9,2.2,89.6,56029,Park County,Wyoming,0.35141584473433024,0.17626471524021636,0.10610881323576202,0.30830416799236393,0.2963728921412663,24.769328666878778,Low opportunity based on selected indicators,Small county
"Lewis and Clark County, Montana",73464.0,21.2,78237.0,8.1,3.2,90.3,30049,Lewis and Clark County,Montana,0.4139357301940821,0.1207445116131085,0.25071587655106586,0.20935412026726052,0.2421253579382755,24.73751193127585,Low opportunity based on selected indicators,Medium county
"Denton County, Texas",979561.0,23.4,111498.0,7.1,4.0,95.7,48121,Denton County,Texas,0.7114222080814508,0.0717467387846007,0.41520839961819916,0.027044225262488064,0.01018135539293663,24.712058542793507,Low opportunity based on selected indicators,Large county
"Talbot County, Maryland",37917.0,18.6,84811.0,9.3,4.3,90.1,24041,Talbot County,Maryland,0.16321985364301622,0.20489977728285078,0.47216035634743875,0.13585746102449892,0.2575564747056952,24.67387846007,Low opportunity based on selected indicators,Small county
"Larimer County, Colorado",367368.0,18.3,93765.0,11.2,4.8,93.1,8069,Larimer County,Colorado,0.1457206490614063,0.33837098313713015,0.5874960229080496,0.07540566337893728,0.08192809417753744,24.578428253261215,Low opportunity based on selected indicators,Large county
"Saunders County, Nebraska",23048.0,24.8,94066.0,6.3,2.5,92.4,31155,Saunders County,Nebraska,0.8461660833598473,0.043907095132039456,0.14110722239898185,0.0744511613108495,0.12201718103722559,24.552974864778882,Low opportunity based on selected indicators,Small county
"Northampton County, Pennsylvania",318580.0,19.2,89184.0,8.8,4.6,90.8,42095,Northampton County,Pennsylvania,0.20235443843461662,0.1689468660515431,0.5439070951320395,0.10181355392936686,0.20903595291123134,24.521158129175944,Low opportunity based on selected indicators,Large county
"Montour County, Pennsylvania",18103.0,20.1,76976.0,8.8,2.9,89.0,42093,Montour County,Pennsylvania,0.2855552020362711,0.1689468660515431,0.19551384027998728,0.23130766783328027,0.3433025771555839,24.492523067133316,Low opportunity based on selected indicators,Small county
"Loup County, Nebraska",578.0,22.5,71667.0,6.9,0.0,90.6,31115,Loup County,Nebraska,0.5911549475023863,0.06299713649379574,0.003658924594336621,0.3410754056633789,0.22223989818644607,24.422526248806875,Low opportunity based on selected indicators,Small county
"Forsyth County, Georgia",267287.0,25.7,143784.0,4.3,3.5,97.7,13117,Forsyth County,Georgia,0.904390709513204,0.004613426662424435,0.3075087496022908,0.002863506204263455,0.0012726694241170788,24.412981228126,Low opportunity based on selected indicators,Large county
"Dare County, North Carolina",37875.0,17.9,88994.0,6.6,5.9,91.7,37055,Dare County,North Carolina,0.12583518930957685,0.052338530066815145,0.7820553611199491,0.10467706013363032,0.15367483296213813,24.371619471842187,Low opportunity based on selected indicators,Small county
"Oconee County, Georgia",43551.0,25.9,121217.0,6.2,3.0,94.5,13219,Oconee County,Georgia,0.9128221444479796,0.04024817053770283,0.2098313713013045,0.016544702513522136,0.034839325485205186,24.28571428571429,Low opportunity based on selected indicators,Small county
"York County, Virginia",71005.0,23.1,109956.0,5.6,4.2,94.6,51199,York County,Virginia,0.6719694559338212,0.026726057906458798,0.4513203945275215,0.031498568246897896,0.03245307031498568,24.279350938593698,Low opportunity based on selected indicators,Medium county
"Lake County, Minnesota",10879.0,19.1,75541.0,8.6,2.6,87.6,27075,Lake County,Minnesota,0.19455933821189947,0.15478841870824053,0.1551065860642698,0.25739739102768056,0.45179764556156543,24.272987591473118,Low opportunity based on selected indicators,Small county
"Gunnison County, Colorado",17241.0,15.2,84527.0,11.3,4.7,92.3,8051,Gunnison County,Colorado,0.034202990773146674,0.34743875278396436,0.5641107222398982,0.13840279987273307,0.12663060769965007,24.215717467387847,Low opportunity based on selected indicators,Small county
"Dakota County, Minnesota",445771.0,24.0,106318.0,5.8,3.6,94.4,27037,Dakota County,Minnesota,0.7763283487114222,0.03070314985682469,0.32914412981228125,0.03658924594336621,0.03706649697741016,24.196627426026094,Low opportunity based on selected indicators,Large county
"Loudoun County, Virginia",432998.0,26.6,181765.0,4.2,3.3,97.0,51107,Loudoun County,Virginia,0.9339802736239262,0.003818008272351257,0.2696468342348075,0.0,0.0015908367801463763,24.180719058224625,Low opportunity based on selected indicators,Large county
"Hampshire County, Massachusetts",162028.0,14.2,87001.0,11.3,5.0,92.9,25015,Hampshire County,Massachusetts,0.019726376073814826,0.34743875278396436,0.6310849506840598,0.1180400890868597,0.09258670060451801,24.177537384664337,Low opportunity based on selected indicators,Medium county
"Alameda County, California",1649473.0,19.8,129367.0,9.2,5.4,94.4,6001,Alameda County,California,0.256761056315622,0.19583200763601655,0.7085587018771874,0.01018135539293663,0.03706649697741016,24.167992363983455,Low opportunity based on selected indicators,Very large county
"Richland County, North Dakota",16584.0,21.7,75432.0,9.7,1.7,91.4,38077,Richland County,North Dakota,0.48106904231625836,0.22923958001909003,0.06617881005408845,0.25978364619790006,0.17181037225580653,24.161629016862864,Low opportunity based on selected indicators,Small county
"Kendall County, Texas",48567.0,22.3,114962.0,5.0,4.7,94.1,48259,Kendall County,Texas,0.5628380528157811,0.012885777919185491,0.5641107222398982,0.02163538020999045,0.046452433980273655,24.158447343302576,Low opportunity based on selected indicators,Small county
"Calhoun County, Illinois",4330.0,19.9,93203.0,6.3,3.2,86.1,17013,Calhoun County,Illinois,0.2653515749284123,0.043907095132039456,0.25071587655106586,0.07890550429525933,0.5682468978682786,24.14253897550111,Low opportunity based on selected indicators,Small county
"Monmouth County, New Jersey",645353.0,20.9,124845.0,6.5,5.4,93.7,34025,Monmouth County,New Jersey,0.3773464842507159,0.04931594018453707,0.7085587018771874,0.013363028953229383,0.05742920776328353,24.120267260579062,Low opportunity based on selected indicators,Large county
"Wilson County, Tennessee",158805.0,23.4,95839.0,8.0,3.2,93.6,47189,Wilson County,Tennessee,0.7114222080814508,0.11517658288259625,0.25071587655106586,0.06617881005408843,0.06061088132357617,24.082087177855552,Low opportunity based on selected indicators,Medium county
"Placer County, California",419156.0,21.8,115998.0,6.8,4.8,94.2,6061,Placer County,California,0.4928412344893414,0.05949729557747375,0.5874960229080496,0.020999045497931967,0.043111676741966254,24.07890550429526,Low opportunity based on selected indicators,Large county
"Warrick County, Indiana",65261.0,23.0,89844.0,7.0,3.1,91.8,18173,Warrick County,Indiana,0.657651924912504,0.06697422844416163,0.2286032453070315,0.09672287623289855,0.14906140629971365,23.98027362392619,Low opportunity based on selected indicators,Medium county
"Rich County, Utah",2631.0,28.9,79009.0,3.8,0.0,94.9,49033,Rich County,Utah,0.967706013363029,0.0017499204581609927,0.003658924594336621,0.1982182628062361,0.023385300668151476,23.89436843779828,Low opportunity based on selected indicators,Small county
"Houston County, Minnesota",18653.0,21.4,79825.0,6.6,1.6,87.6,27055,Houston County,Minnesota,0.44177537384664334,0.052338530066815145,0.05997454661151766,0.18851415844734332,0.45179764556156543,23.8880050906777,Low opportunity based on selected indicators,Small county
"Virginia Beach city, Virginia",456349.0,21.9,92968.0,8.6,4.0,94.4,51810,Virginia Beach city,Virginia,0.5068405981546293,0.15478841870824053,0.41520839961819916,0.08017817371937641,0.03706649697741016,23.881641743557108,Low opportunity based on selected indicators,Large county
"Sonoma County, California",485040.0,19.0,104674.0,8.9,5.7,94.4,6097,Sonoma County,California,0.1872414890232262,0.17626471524021636,0.7531021317212854,0.039770919503658964,0.03706649697741016,23.868915049315937,Low opportunity based on selected indicators,Large county
"Columbia County, Wisconsin",58272.0,20.5,85351.0,7.8,3.1,88.3,55021,Columbia County,Wisconsin,0.32818962774419347,0.10626789691377665,0.2286032453070315,0.1310849506840598,0.39882278078269173,23.85937002863506,Low opportunity based on selected indicators,Medium county
"Union County, Georgia",26304.0,14.9,66176.0,10.9,2.6,90.8,13291,Union County,Georgia,0.030384982500795417,0.31403118040089084,0.1551065860642698,0.4821826280623608,0.20903595291123134,23.814826598790965,Low opportunity based on selected indicators,Small county
"Wakulla County, Florida",35387.0,20.7,81895.0,6.7,3.3,88.9,12129,Wakulla County,Florida,0.35141584473433024,0.05583837098313713,0.2696468342348075,0.1619471842188991,0.3514158447343303,23.805281578110087,Low opportunity based on selected indicators,Small county
"Plymouth County, Massachusetts",535075.0,20.7,114201.0,7.1,5.1,92.9,25023,Plymouth County,Massachusetts,0.35141584473433024,0.0717467387846007,0.6509704104358893,0.02290804963410753,0.09258670060451801,23.79255488386892,Low opportunity based on selected indicators,Large county
"Walworth County, Wisconsin",105657.0,19.5,80520.0,9.4,2.9,88.7,55127,Walworth County,Wisconsin,0.23114858415526568,0.21237671014953866,0.19551384027998728,0.1797645561565383,0.3678014635698378,23.732103086223354,Low opportunity based on selected indicators,Medium county
"Oldham County, Kentucky",69257.0,24.7,122497.0,4.3,3.5,95.4,21185,Oldham County,Kentucky,0.8396436525612472,0.004613426662424435,0.3075087496022908,0.015272033089405057,0.014635698377346462,23.633471205854278,Low opportunity based on selected indicators,Medium county
"Thomas County, Nebraska",564.0,11.2,65000.0,8.9,2.1,88.5,31171,Thomas County,Nebraska,0.004613426662424435,0.17626471524021636,0.09720012726694241,0.5195672923958001,0.3835507476932867,23.623926185173403,Low opportunity based on selected indicators,Small county
"Somervell County, Texas",9691.0,21.5,79825.0,7.5,3.2,91.0,48425,Somervell County,Texas,0.4540248170537703,0.08892777601018136,0.25071587655106586,0.18851415844734332,0.19837734648425076,23.61119949093223,Low opportunity based on selected indicators,Small county
"Morton County, North Dakota",33777.0,22.9,79382.0,8.0,1.5,91.4,38059,Morton County,North Dakota,0.6455615653833917,0.11517658288259625,0.054088450524976135,0.19376391982182628,0.17181037225580653,23.608017817371934,Low opportunity based on selected indicators,Small county
"Winnebago County, Wisconsin",171769.0,20.2,74925.0,11.3,2.2,91.6,55139,Winnebago County,Wisconsin,0.2966910594972956,0.34743875278396436,0.10610881323576202,0.2688514158447344,0.15987909640470888,23.579382755329306,Low opportunity based on selected indicators,Medium county
"Chisago County, Minnesota",57991.0,22.3,99400.0,6.0,4.1,92.9,27025,Chisago County,Minnesota,0.5628380528157811,0.03483932548520522,0.4322303531657652,0.0559974546611518,0.09258670060451801,23.569837734648424,Low opportunity based on selected indicators,Medium county
"Putnam County, Indiana",37280.0,19.3,78378.0,8.7,3.1,88.7,18133,Putnam County,Indiana,0.21158129175946547,0.1613108495068406,0.2286032453070315,0.20808145084314345,0.3678014635698378,23.547566019726375,Low opportunity based on selected indicators,Small county
"Boone County, Indiana",74718.0,25.5,111250.0,4.5,2.8,93.5,18011,Boone County,Indiana,0.8950047725103404,0.007158765510658607,0.18310531339484568,0.027998727330575846,0.06395163856188357,23.544384346166087,Low opportunity based on selected indicators,Medium county
"Marin County, California",257969.0,19.4,149091.0,8.3,6.1,95.8,6041,Marin County,California,0.2223989818644607,0.13378937321030862,0.8075087496022908,0.0019090041361756738,0.008272351256761068,23.477569201399934,Low opportunity based on selected indicators,Large county
"Jefferson County, Kansas",18349.0,22.0,81278.0,5.6,2.4,89.2,20087,Jefferson County,Kansas,0.5224307986000636,0.026726057906458798,0.12949411390391347,0.1683105313394846,0.3265987909640471,23.471205854279347,Low opportunity based on selected indicators,Small county
"Geauga County, Ohio",95481.0,22.2,107860.0,5.6,3.0,88.9,39055,Geauga County,Ohio,0.5493159401845371,0.026726057906458798,0.2098313713013045,0.03468024180719054,0.3514158447343303,23.439389118676424,Low opportunity based on selected indicators,Medium county
"Mason County, Texas",3955.0,19.2,74180.0,7.0,3.0,88.2,48319,Mason County,Texas,0.20235443843461662,0.06697422844416163,0.2098313713013045,0.2857142857142857,0.4070951320394528,23.439389118676424,Low opportunity based on selected indicators,Small county
"Clinton County, Illinois",36954.0,21.6,86588.0,7.4,3.4,90.8,17027,Clinton County,Illinois,0.4675469296850143,0.08399618199172765,0.28778237352847597,0.12249443207126953,0.20903595291123134,23.417117403754375,Low opportunity based on selected indicators,Small county
"Woodford County, Kentucky",27279.0,21.7,83788.0,10.5,2.5,92.5,21239,Woodford County,Kentucky,0.48106904231625836,0.2865097041043589,0.14110722239898185,0.14476614699331847,0.11565383391664019,23.382118994591156,Low opportunity based on selected indicators,Small county
"Nuckolls County, Nebraska",4087.0,18.4,73976.0,5.7,0.6,84.6,31129,Nuckolls County,Nebraska,0.15112949411390392,0.029430480432707604,0.01813553929366847,0.2923958001909004,0.6780146356983774,23.382118994591156,Low opportunity based on selected indicators,Small county
"Chaffee County, Colorado",20178.0,13.9,84132.0,8.3,4.8,89.7,8015,Chaffee County,Colorado,0.01590836780146357,0.13378937321030862,0.5874960229080496,0.1422208081450843,0.2893732103086223,23.37575564747057,Low opportunity based on selected indicators,Small county
"Gillespie County, Texas",27524.0,19.4,76162.0,9.2,2.7,89.1,48171,Gillespie County,Texas,0.2223989818644607,0.19583200763601655,0.17037861915367483,0.24435252943048047,0.33487114222080816,23.356665606108812,Low opportunity based on selected indicators,Small county
"Sarpy County, Nebraska",197389.0,26.3,103321.0,5.6,2.6,95.4,31153,Sarpy County,Nebraska,0.9250715876551066,0.026726057906458798,0.1551065860642698,0.0439070951320395,0.014635698377346462,23.308940502704417,Low opportunity based on selected indicators,Medium county
"Orange County, Virginia",37822.0,21.7,94008.0,9.8,3.4,93.1,51137,Orange County,Virginia,0.48106904231625836,0.23814826598790964,0.28778237352847597,0.0750874960229081,0.08192809417753744,23.280305440661788,Low opportunity based on selected indicators,Small county
"Warren County, New Jersey",110849.0,19.3,100869.0,8.3,5.1,92.5,34041,Warren County,New Jersey,0.21158129175946547,0.13378937321030862,0.6509704104358893,0.05154311167674197,0.11565383391664019,23.270760419980913,Low opportunity based on selected indicators,Medium county
"Blount County, Tennessee",139333.0,19.8,77365.0,8.4,3.5,90.4,47009,Blount County,Tennessee,0.256761056315622,0.1403118040089087,0.3075087496022908,0.2236716512885778,0.2351256761056315,23.267578746420618,Low opportunity based on selected indicators,Medium county
"Washington County, Oregon",603947.0,21.6,107772.0,8.1,4.5,95.4,41067,Washington County,Oregon,0.4675469296850143,0.1207445116131085,0.5227489659560929,0.034998409163219835,0.014635698377346462,23.213490295895642,Low opportunity based on selected indicators,Large county
"Morgan County, Utah",12802.0,33.1,130929.0,1.4,2.3,94.3,49029,Morgan County,Utah,0.9928412344893414,0.0003181673560292714,0.11756283805281578,0.008590518612790365,0.04008908685968815,23.1880369074133,Low opportunity based on selected indicators,Small county
"Ottawa County, Ohio",39994.0,17.5,76101.0,8.4,3.1,87.8,39123,Ottawa County,Ohio,0.10244988864142539,0.1403118040089087,0.2286032453070315,0.24626153356665603,0.43811644925230675,23.11485841552657,Low opportunity based on selected indicators,Small county
"Bremer County, Iowa",25204.0,22.4,86784.0,7.3,3.3,92.6,19017,Bremer County,Iowa,0.5760419980909959,0.08001909004136176,0.2696468342348075,0.12026726057906456,0.1086541520839962,23.092586700604514,Low opportunity based on selected indicators,Small county
"Dearborn County, Indiana",51094.0,21.9,84735.0,7.6,1.9,89.1,18029,Dearborn County,Indiana,0.5068405981546293,0.0940184537066497,0.08160992682150811,0.1364937957365574,0.33487114222080816,23.076678332803056,Low opportunity based on selected indicators,Medium county
"Carver County, Minnesota",110041.0,25.2,125946.0,4.4,3.1,94.7,27019,Carver County,Minnesota,0.8736875596563792,0.005886096086541521,0.2286032453070315,0.012090359529112304,0.029430480432707573,22.993954820235444,Low opportunity based on selected indicators,Medium county
"Cedar County, Iowa",18349.0,21.1,80602.0,7.3,2.3,88.6,19031,Cedar County,Iowa,0.3989818644607063,0.08001909004136176,0.11756283805281578,0.17785555202036274,0.37480114540248166,22.984409799554566,Low opportunity based on selected indicators,Small county
"Loudon County, Tennessee",58580.0,19.0,84185.0,12.6,2.8,91.2,47105,Loudon County,Tennessee,0.1872414890232262,0.45147947820553613,0.18310531339484568,0.14158447343302583,0.1854915685650652,22.978046452433983,Low opportunity based on selected indicators,Medium county
"Butler County, Pennsylvania",197254.0,19.3,89843.0,8.1,4.4,90.6,42019,Butler County,Pennsylvania,0.21158129175946547,0.1207445116131085,0.49713649379573654,0.09704104358892773,0.22223989818644607,22.974864778873687,Low opportunity based on selected indicators,Medium county
"Chatham County, North Carolina",80151.0,19.4,94317.0,11.0,2.9,89.1,37037,Chatham County,North Carolina,0.2223989818644607,0.31975819280941775,0.19551384027998728,0.0741329939548202,0.33487114222080816,22.933503022589882,Low opportunity based on selected indicators,Medium county
"Harford County, Maryland",263757.0,22.3,112265.0,7.1,3.8,92.6,24025,Harford County,Maryland,0.5628380528157811,0.0717467387846007,0.3752783964365256,0.025453388482341688,0.1086541520839962,22.879414572064903,Low opportunity based on selected indicators,Large county
"Northwest Hills Planning Region, Connecticut",113216.0,17.8,93551.0,8.8,5.4,93.4,9160,Northwest Hills Planning Region,Connecticut,0.12042634425707922,0.1689468660515431,0.7085587018771874,0.07604199809099588,0.06792873051224946,22.8380528157811,Low opportunity based on selected indicators,Medium county
"Carteret County, North Carolina",69148.0,16.8,72322.0,10.1,4.0,93.4,37031,Carteret County,North Carolina,0.07286032453070315,0.258510976773783,0.41520839961819916,0.32548520521794466,0.06792873051224946,22.799872733057587,Low opportunity based on selected indicators,Medium county
"Bedford County, Virginia",80894.0,19.5,78937.0,8.1,3.1,88.8,51019,Bedford County,Virginia,0.23114858415526568,0.1207445116131085,0.2286032453070315,0.1991727648743239,0.3598472796691059,22.79032771237671,Low opportunity based on selected indicators,Medium county
"Jefferson County, West Virginia",59260.0,21.1,98806.0,8.7,3.9,92.4,54037,Jefferson County,West Virginia,0.3989818644607063,0.1613108495068406,0.3970728603245307,0.056633789373210286,0.12201718103722559,22.72033089405027,Low opportunity based on selected indicators,Medium county
"Fairfax County, Virginia",1147837.0,22.9,153637.0,5.9,4.2,96.4,51059,Fairfax County,Virginia,0.6455615653833917,0.032453070314985684,0.4513203945275215,0.0009545020680877814,0.004931594018453667,22.704422526248802,Low opportunity based on selected indicators,Very large county
"Kewaunee County, Wisconsin",20664.0,20.8,82725.0,7.6,1.5,87.4,55061,Kewaunee County,Wisconsin,0.3636652879414572,0.0940184537066497,0.054088450524976135,0.1555838370983137,0.4667515112949412,22.682150811326757,Low opportunity based on selected indicators,Small county
"Stanton County, Kansas",2038.0,21.7,71700.0,1.5,1.8,90.4,20187,Stanton County,Kansas,0.48106904231625836,0.0006363347120585428,0.07413299395482023,0.33948456888323253,0.2351256761056315,22.608972319440028,Low opportunity based on selected indicators,Small county
"Napa County, California",134869.0,19.4,111471.0,8.5,5.2,93.5,6055,Napa County,California,0.2223989818644607,0.1479478205536112,0.6683105313394846,0.02736239261851736,0.06395163856188357,22.59942729875915,Low opportunity based on selected indicators,Medium county
"Grand Traverse County, Michigan",96166.0,19.4,81647.0,9.6,3.8,91.9,26055,Grand Traverse County,Michigan,0.2223989818644607,0.2223989818644607,0.3752783964365256,0.16385618835507476,0.14444797963728917,22.567610563156222,Low opportunity based on selected indicators,Medium county
"Burlington County, New Jersey",467805.0,20.5,108111.0,6.6,5.3,94.8,34005,Burlington County,New Jersey,0.32818962774419347,0.052338530066815145,0.6870824053452116,0.03436207445116135,0.026089723194400283,22.561247216035635,Low opportunity based on selected indicators,Large county
"Pickens County, Georgia",34951.0,18.8,78930.0,12.0,3.0,92.1,13227,Pickens County,Georgia,0.17578746420617244,0.40550429525930637,0.2098313713013045,0.1994909322303532,0.1361756283805282,22.535793827553295,Low opportunity based on selected indicators,Small county
"Knox County, Maine",41003.0,16.8,74096.0,8.2,3.9,90.3,23013,Knox County,Maine,0.07286032453070315,0.12726694241170855,0.3970728603245307,0.2873051224944321,0.2421253579382755,22.532612153992996,Low opportunity based on selected indicators,Small county
"Washington County, Minnesota",276238.0,24.0,115345.0,5.1,3.4,94.9,27163,Washington County,Minnesota,0.7763283487114222,0.015431116767419662,0.28778237352847597,0.021317212853961154,0.023385300668151476,22.48488705058861,Low opportunity based on selected indicators,Large county
"Hamilton County, Nebraska",9464.0,24.1,83994.0,5.2,2.3,93.7,31081,Hamilton County,Nebraska,0.7858733693923003,0.01893095768374165,0.11756283805281578,0.1434934775692014,0.05742920776328353,22.465797009226847,Low opportunity based on selected indicators,Small county
"Wasatch County, Utah",36642.0,28.8,117608.0,4.7,2.0,94.4,49051,Wasatch County,Utah,0.9665924276169265,0.009545020680878142,0.08892777601018136,0.01940820871778559,0.03706649697741016,22.430798600063635,Low opportunity based on selected indicators,Small county
"Seminole County, Florida",481470.0,20.5,85761.0,9.0,4.2,94.7,12117,Seminole County,Florida,0.32818962774419347,0.18262806236080179,0.4513203945275215,0.12885777919185493,0.029430480432707573,22.40852688514158,Low opportunity based on selected indicators,Large county
"Hartley County, Texas",5215.0,22.2,75841.0,9.4,1.6,94.3,48205,Hartley County,Texas,0.5493159401845371,0.21237671014953866,0.05997454661151766,0.24976137448297808,0.04008908685968815,22.230353165765194,Low opportunity based on selected indicators,Small county
"Washington County, Nebraska",21106.0,24.0,94396.0,6.4,1.8,92.0,31177,Washington County,Nebraska,0.7763283487114222,0.04661151765828826,0.07413299395482023,0.07349665924276172,0.14031180400890864,22.217626471524017,Low opportunity based on selected indicators,Small county
"Queen Anne's County, Maryland",51825.0,21.1,112826.0,6.4,3.8,90.0,24035,Queen Anne's County,Maryland,0.3989818644607063,0.04661151765828826,0.3752783964365256,0.02418071905822461,0.2653515749284123,22.208081450843142,Low opportunity based on selected indicators,Medium county
"Coweta County, Georgia",152852.0,23.1,95548.0,7.4,3.1,93.7,13077,Coweta County,Georgia,0.6719694559338212,0.08399618199172765,0.2286032453070315,0.0684059815462934,0.05742920776328353,22.208081450843142,Low opportunity based on selected indicators,Medium county
"Oneida County, Wisconsin",38167.0,16.7,69371.0,8.5,2.0,88.2,55085,Oneida County,Wisconsin,0.06967865097041044,0.1479478205536112,0.08892777601018136,0.3964365256124721,0.4070951320394528,22.201718103722563,Low opportunity based on selected indicators,Small county
"Hood River County, Oregon",23905.0,21.8,88947.0,8.0,3.8,95.0,41027,Hood River County,Oregon,0.4928412344893414,0.11517658288259625,0.3752783964365256,0.10499522748965961,0.021317212853961154,22.19217308304168,Low opportunity based on selected indicators,Small county
"Hyde County, South Dakota",1191.0,18.0,73472.0,5.7,3.7,89.7,46069,Hyde County,South Dakota,0.13140311804008908,0.029430480432707604,0.3523703468024181,0.30162265351574924,0.2893732103086223,22.08399618199173,Low opportunity based on selected indicators,Small county
"Columbia County, Oregon",53493.0,20.3,87458.0,8.9,4.1,93.3,41009,Columbia County,Oregon,0.3078269169583201,0.17626471524021636,0.4322303531657652,0.11485841552656695,0.07286032453070312,22.08081450843143,Low opportunity based on selected indicators,Medium county
"Outagamie County, Wisconsin",192826.0,23.0,85069.0,6.3,2.7,92.8,55087,Outagamie County,Wisconsin,0.657651924912504,0.043907095132039456,0.17037861915367483,0.13299395482023546,0.09863188036907411,22.071269487750556,Low opportunity based on selected indicators,Medium county
"Cape May County, New Jersey",94941.0,17.1,91128.0,8.7,5.3,93.1,34009,Cape May County,New Jersey,0.08415526566974228,0.1613108495068406,0.6870824053452116,0.08876869233216667,0.08192809417753744,22.064906140629976,Low opportunity based on selected indicators,Medium county
"Eagle County, Colorado",55135.0,20.4,104096.0,8.7,4.7,95.4,8037,Eagle County,Colorado,0.3181673560292714,0.1613108495068406,0.5641107222398982,0.04136175628380523,0.014635698377346462,21.991727648743236,Low opportunity based on selected indicators,Medium county
"Hamilton County, Indiana",365056.0,25.4,121530.0,4.4,2.8,96.3,18057,Hamilton County,Indiana,0.8884823417117403,0.005886096086541521,0.18310531339484568,0.01622653515749284,0.005408845052497613,21.98218262806236,Low opportunity based on selected indicators,Large county
"Orange County, North Carolina",149678.0,18.9,90089.0,12.5,3.6,94.0,37135,Orange County,North Carolina,0.18151447661469933,0.44447979637289214,0.32914412981228125,0.0935412026726058,0.049952274896595594,21.972637607381486,Low opportunity based on selected indicators,Medium county
"Oakland County, Michigan",1279825.0,20.3,97760.0,7.7,4.8,94.2,26125,Oakland County,Michigan,0.3078269169583201,0.10054088450524976,0.5874960229080496,0.05854279350938596,0.043111676741966254,21.950365892459438,Low opportunity based on selected indicators,Very large county
"Frederick County, Maryland",287048.0,23.3,122002.0,6.0,3.3,93.2,24021,Frederick County,Maryland,0.6998090995863825,0.03483932548520522,0.2696468342348075,0.015590200445434244,0.07731466751511296,21.944002545338844,Low opportunity based on selected indicators,Large county
"Hendricks County, Indiana",183344.0,24.5,101144.0,5.3,2.6,94.1,18063,Hendricks County,Indiana,0.8227807826916959,0.021635380209990455,0.1551065860642698,0.050906776964683376,0.046452433980273655,21.937639198218264,Low opportunity based on selected indicators,Medium county
"Missoula County, Montana",120672.0,18.2,75598.0,10.1,3.7,93.0,30063,Missoula County,Montana,0.14078905504295258,0.258510976773783,0.3523703468024181,0.2561247216035635,0.08701877187400575,21.89627744193445,Low opportunity based on selected indicators,Medium county
"Lawrence County, South Dakota",27233.0,16.3,73384.0,11.6,1.7,89.6,46081,Lawrence County,South Dakota,0.0606108813235762,0.36971046770601335,0.06617881005408845,0.30194082087177854,0.2963728921412663,21.89627744193445,Low opportunity based on selected indicators,Small county
"Nassau County, Florida",97859.0,19.3,89804.0,9.7,4.5,94.6,12089,Nassau County,Florida,0.21158129175946547,0.22923958001909003,0.5227489659560929,0.09767737830098633,0.03245307031498568,21.874005727012406,Low opportunity based on selected indicators,Medium county
"Nassau County, New York",1389591.0,21.5,146202.0,5.4,4.8,94.8,36059,Nassau County,New York,0.4540248170537703,0.02290804963410754,0.5874960229080496,0.0025453388482341577,0.026089723194400283,21.861279032771243,Low opportunity based on selected indicators,Very large county
"Fauquier County, Virginia",74577.0,23.3,130189.0,6.8,2.9,92.3,51061,Fauquier County,Virginia,0.6998090995863825,0.05949729557747375,0.19551384027998728,0.009863188036907444,0.12663060769965007,21.82628062360802,Low opportunity based on selected indicators,Medium county
"Lincoln County, South Dakota",70638.0,26.5,99166.0,5.6,1.7,95.7,46083,Lincoln County,South Dakota,0.9311167674196628,0.026726057906458798,0.06617881005408845,0.05631562201718099,0.01018135539293663,21.810372255806556,Low opportunity based on selected indicators,Medium county
"Howard County, Maryland",336328.0,23.8,149763.0,5.2,3.5,96.6,24027,Howard County,Maryland,0.7573973910276806,0.01893095768374165,0.3075087496022908,0.0012726694241170788,0.003658924594336588,21.775373846643337,Low opportunity based on selected indicators,Large county
"Lamoille County, Vermont",26148.0,19.8,74908.0,8.5,3.3,91.9,50015,Lamoille County,Vermont,0.256761056315622,0.1479478205536112,0.2696468342348075,0.26948775055679286,0.14444797963728917,21.76582882596246,Low opportunity based on selected indicators,Small county
"Trousdale County, Tennessee",11957.0,16.6,72747.0,11.9,0.6,89.7,47169,Trousdale County,Tennessee,0.06617881005408845,0.3978682787146039,0.01813553929366847,0.3156220171810372,0.2893732103086223,21.743557111040406,Low opportunity based on selected indicators,Small county
"Sherman County, Texas",2295.0,17.4,61250.0,10.4,1.9,96.6,48421,Sherman County,Texas,0.09640470887686924,0.2801463569837735,0.08160992682150811,0.623130766783328,0.003658924594336588,21.699013681196305,Low opportunity based on selected indicators,Small county
"Oconto County, Wisconsin",39589.0,19.7,75049.0,8.2,2.0,88.9,55083,Oconto County,Wisconsin,0.24896595609290487,0.12726694241170855,0.08892777601018136,0.2656697422844416,0.3514158447343303,21.644925230671333,Low opportunity based on selected indicators,Small county
"Brunswick County, North Carolina",152568.0,14.0,77024.0,9.2,4.7,93.3,37019,Brunswick County,North Carolina,0.017181037225580655,0.19583200763601655,0.5641107222398982,0.2303531657651925,0.07286032453070312,21.60674514794782,Low opportunity based on selected indicators,Medium county
"Boulder County, Colorado",328961.0,17.5,103994.0,11.2,4.8,95.7,8013,Boulder County,Colorado,0.10244988864142539,0.33837098313713015,0.5874960229080496,0.041679923639834526,0.01018135539293663,21.603563474387528,Low opportunity based on selected indicators,Large county
"Delaware County, Ohio",226834.0,24.8,133540.0,4.7,3.0,96.0,39041,Delaware County,Ohio,0.8461660833598473,0.009545020680878142,0.2098313713013045,0.006999681832643989,0.006522430798600043,21.581291759465483,Low opportunity based on selected indicators,Medium county
"Dutchess County, New York",298220.0,18.4,99478.0,8.4,5.2,93.5,36027,Dutchess County,New York,0.15112949411390392,0.1403118040089087,0.6683105313394846,0.05472478523703472,0.06395163856188357,21.568565065224316,Low opportunity based on selected indicators,Large county
"St. Croix County, Wisconsin",96033.0,23.8,103046.0,6.6,2.6,93.4,55109,St. Croix County,Wisconsin,0.7573973910276806,0.052338530066815145,0.1551065860642698,0.04549793191218576,0.06792873051224946,21.56538339166401,Low opportunity based on selected indicators,Medium county
"Kauai County, Hawaii",73731.0,21.2,97668.0,9.1,3.8,94.3,15007,Kauai County,Hawaii,0.4139357301940821,0.18851415844734332,0.3752783964365256,0.05949729557747374,0.04008908685968815,21.546293350302257,Low opportunity based on selected indicators,Medium county
"Meade County, South Dakota",30546.0,21.2,74790.0,7.1,3.2,93.4,46093,Meade County,South Dakota,0.4139357301940821,0.0717467387846007,0.25071587655106586,0.2726694241170856,0.06792873051224946,21.539930003181677,Low opportunity based on selected indicators,Small county
"Warren County, Ohio",250008.0,23.8,110132.0,6.0,3.1,94.9,39165,Warren County,Ohio,0.7573973910276806,0.03483932548520522,0.2286032453070315,0.030225898822780817,0.023385300668151476,21.48902322621699,Low opportunity based on selected indicators,Large county
"Ontario County, New York",112625.0,19.2,82324.0,9.0,3.7,91.3,36069,Ontario County,New York,0.20235443843461662,0.18262806236080179,0.3523703468024181,0.15781100859051866,0.17849188673242122,21.473114858415528,Low opportunity based on selected indicators,Medium county
"Wayne County, Utah",2584.0,21.2,76607.0,10.6,2.1,94.7,49055,Wayne County,Utah,0.4139357301940821,0.29430480432707606,0.09720012726694241,0.2357620108176901,0.029430480432707573,21.412663060769965,Low opportunity based on selected indicators,Small county
"Sagadahoc County, Maine",37285.0,17.6,87806.0,10.0,4.6,93.9,23023,Sagadahoc County,Maine,0.10865415208399619,0.25230671333121224,0.5439070951320395,0.11263124403436209,0.052179446388800454,21.393573019408212,Low opportunity based on selected indicators,Small county
"Augusta County, Virginia",78033.0,18.4,82049.0,6.6,2.4,86.0,51015,Augusta County,Virginia,0.15112949411390392,0.052338530066815145,0.12949411390391347,0.16035634743875282,0.5754056633789373,21.374482978046455,Low opportunity based on selected indicators,Medium county
"Jefferson County, Wisconsin",86003.0,19.7,83750.0,8.1,3.6,90.6,55055,Jefferson County,Wisconsin,0.24896595609290487,0.1207445116131085,0.32914412981228125,0.14508431434934776,0.22223989818644607,21.32357620108177,Low opportunity based on selected indicators,Medium county
"Montgomery County, Pennsylvania",867573.0,21.3,113915.0,6.5,4.5,94.3,42091,Montgomery County,Pennsylvania,0.42888959592745785,0.04931594018453707,0.5227489659560929,0.023544384346166125,0.04008908685968815,21.29175946547884,Low opportunity based on selected indicators,Large county
"Suffolk County, New York",1530146.0,20.8,130686.0,6.4,4.7,93.2,36103,Suffolk County,New York,0.3636652879414572,0.04661151765828826,0.5641107222398982,0.009545020680878147,0.07731466751511296,21.224944320712698,Low opportunity based on selected indicators,Very large county
"Carroll County, New Hampshire",51804.0,14.7,86463.0,7.6,5.1,91.5,33003,Carroll County,New Hampshire,0.025771555838370982,0.0940184537066497,0.6509704104358893,0.1240852688514158,0.16608335984727962,21.21858097359211,Low opportunity based on selected indicators,Medium county
"Williamson County, Tennessee",260351.0,25.8,135594.0,4.6,2.4,96.0,47187,Williamson County,Tennessee,0.9085268851415845,0.008272351256761056,0.12949411390391347,0.006045179764556208,0.006522430798600043,21.177219217308306,Low opportunity based on selected indicators,Large county
"Newport County, Rhode Island",84657.0,16.0,103514.0,8.5,5.8,94.1,44005,Newport County,Rhode Island,0.05186127903277124,0.1479478205536112,0.7664651606745148,0.0432707604199809,0.046452433980273655,21.119949093223035,Low opportunity based on selected indicators,Medium county
"Clackamas County, Oregon",423975.0,20.8,103517.0,7.7,4.4,94.0,41005,Clackamas County,Oregon,0.3636652879414572,0.10054088450524976,0.49713649379573654,0.042952593063951605,0.049952274896595594,21.08495068405981,Low opportunity based on selected indicators,Large county
"Currituck County, North Carolina",30601.0,21.9,93511.0,7.5,3.0,91.4,37053,Currituck County,North Carolina,0.5068405981546293,0.08892777601018136,0.2098313713013045,0.07667833280305436,0.17181037225580653,21.081769010499524,Low opportunity based on selected indicators,Small county
"Storey County, Nevada",4140.0,13.4,93409.0,7.1,6.5,94.1,32029,Storey County,Nevada,0.012408526885141585,0.0717467387846007,0.8450524976137448,0.07763283487114225,0.046452433980273655,21.06586064269806,Low opportunity based on selected indicators,Small county
"Madison County, Ohio",44423.0,19.9,87045.0,8.5,3.5,90.7,39097,Madison County,Ohio,0.2653515749284123,0.1479478205536112,0.3075087496022908,0.11708558701877192,0.21508113267578743,21.059497295577472,Low opportunity based on selected indicators,Small county
"Charlevoix County, Michigan",26108.0,17.6,76531.0,8.7,3.4,90.1,26029,Charlevoix County,Michigan,0.10865415208399619,0.1613108495068406,0.28778237352847597,0.23719376391982183,0.2575564747056952,21.049952274896597,Low opportunity based on selected indicators,Small county
"Platte County, Missouri",110371.0,23.1,96227.0,7.0,2.7,93.2,29165,Platte County,Missouri,0.6719694559338212,0.06697422844416163,0.17037861915367483,0.06554247534202995,0.07731466751511296,21.04358892777601,Low opportunity based on selected indicators,Medium county
"Comal County, Texas",183826.0,22.1,101889.0,6.5,3.9,95.0,48091,Comal County,Texas,0.5359529112313076,0.04931594018453707,0.3970728603245307,0.04836143811644922,0.021317212853961154,21.040407254215715,Low opportunity based on selected indicators,Medium county
"Clay County, Texas",10495.0,19.4,80114.0,8.4,2.0,88.1,48077,Clay County,Texas,0.2223989818644607,0.1403118040089087,0.08892777601018136,0.18421889914094813,0.4137766465160675,20.99268215081133,Low opportunity based on selected indicators,Small county
"Portage County, Wisconsin",70832.0,18.8,76070.0,10.1,3.2,92.5,55097,Portage County,Wisconsin,0.17578746420617244,0.258510976773783,0.25071587655106586,0.24721603563474392,0.11565383391664019,20.957683741648108,Low opportunity based on selected indicators,Medium county
"Adams County, Pennsylvania",106115.0,19.4,84092.0,8.2,3.4,90.0,42001,Adams County,Pennsylvania,0.2223989818644607,0.12726694241170855,0.28778237352847597,0.1428571428571429,0.2653515749284123,20.91314031180401,Low opportunity based on selected indicators,Medium county
"Winneshiek County, Iowa",19873.0,18.7,79066.0,8.4,2.3,88.0,19191,Winneshiek County,Iowa,0.16958320076360164,0.1403118040089087,0.11756283805281578,0.19662742602608974,0.42141266306076997,20.909958638243715,Low opportunity based on selected indicators,Small county
"Fayette County, Georgia",122244.0,22.5,111978.0,5.6,3.8,94.8,13113,Fayette County,Georgia,0.5911549475023863,0.026726057906458798,0.3752783964365256,0.026089723194400283,0.026089723194400283,20.90677696468342,Low opportunity based on selected indicators,Medium county
"Douglas County, Colorado",377150.0,23.4,149594.0,3.8,3.6,97.9,8035,Douglas County,Colorado,0.7114222080814508,0.0017499204581609927,0.32914412981228125,0.0015908367801463763,0.0006363347120585949,20.890868596881962,Low opportunity based on selected indicators,Large county
"Morris County, New Jersey",514528.0,20.6,137326.0,4.9,5.2,95.2,34027,Morris County,New Jersey,0.3398027362392618,0.011294941139039135,0.6683105313394846,0.00572701240852691,0.017976455615653864,20.862233534839326,Low opportunity based on selected indicators,Large county
"Johnson County, Kansas",620631.0,23.5,109208.0,5.4,3.2,95.9,20091,Johnson County,Kansas,0.7239898186446071,0.02290804963410754,0.25071587655106586,0.03340757238307346,0.007158765510658638,20.76360165447025,Low opportunity based on selected indicators,Large county
"Denali Borough, Alaska",1969.0,14.6,80781.0,8.3,0.9,84.6,2068,Denali Borough,Alaska,0.02433980273623926,0.13378937321030862,0.026089723194400255,0.1743557111040407,0.6780146356983774,20.731784918867326,Low opportunity based on selected indicators,Small county
"Deschutes County, Oregon",206334.0,18.9,92758.0,8.8,4.4,92.7,41017,Deschutes County,Oregon,0.18151447661469933,0.1689468660515431,0.49713649379573654,0.08145084314349349,0.10356347438752789,20.652243079860007,Low opportunity based on selected indicators,Medium county
"Yakutat City and Borough, Alaska",527.0,12.1,85000.0,11.9,0.9,87.4,2282,Yakutat City and Borough,Alaska,0.007476932866687878,0.3978682787146039,0.026089723194400255,0.1334712058542793,0.4667515112949412,20.63315303849825,Low opportunity based on selected indicators,Small county
"Norfolk County, Massachusetts",730082.0,20.5,130739.0,6.7,4.9,94.8,25021,Norfolk County,Massachusetts,0.32818962774419347,0.05583837098313713,0.6104040725421572,0.00922685332484885,0.026089723194400283,20.59497295577474,Low opportunity based on selected indicators,Large county
"Sargent County, North Dakota",3804.0,20.4,77946.0,6.9,0.8,88.2,38081,Sargent County,North Dakota,0.3181673560292714,0.06299713649379574,0.023544384346166083,0.21444479796372895,0.4070951320394528,20.5249761374483,Low opportunity based on selected indicators,Small county
"Santa Clara County, California",1902047.0,20.5,164281.0,7.1,4.9,95.6,6085,Santa Clara County,California,0.32818962774419347,0.0717467387846007,0.6104040725421572,0.00031816735602929747,0.011931275851097656,20.451797645561566,Low opportunity based on selected indicators,Very large county
"El Dorado County, California",192662.0,19.5,108845.0,8.0,4.5,92.5,6017,El Dorado County,California,0.23114858415526568,0.11517658288259625,0.5227489659560929,0.033725739739102756,0.11565383391664019,20.36907413299396,Low opportunity based on selected indicators,Medium county
"Cumberland County, Pennsylvania",268323.0,20.5,87494.0,7.5,3.7,92.2,42041,Cumberland County,Pennsylvania,0.32818962774419347,0.08892777601018136,0.3523703468024181,0.11454024817053765,0.13124403436207444,20.305440661788097,Low opportunity based on selected indicators,Large county
"Somerset County, New Jersey",349846.0,21.2,140374.0,5.4,4.7,95.8,34035,Somerset County,New Jersey,0.4139357301940821,0.02290804963410754,0.5641107222398982,0.0044543429844098315,0.008272351256761068,20.273623926185177,Low opportunity based on selected indicators,Large county
"Lake County, Ohio",232216.0,19.3,80925.0,8.3,3.9,92.8,39085,Lake County,Ohio,0.21158129175946547,0.13378937321030862,0.3970728603245307,0.17212853961183583,0.09863188036907411,20.264078905504295,Low opportunity based on selected indicators,Medium county
"Pierce County, Wisconsin",42584.0,20.3,92109.0,9.8,3.2,92.2,55093,Pierce County,Wisconsin,0.3078269169583201,0.23814826598790964,0.25071587655106586,0.08431434934775695,0.13124403436207444,20.244988864142538,Low opportunity based on selected indicators,Small county
"Harding County, South Dakota",1148.0,23.3,80441.0,6.3,0.9,93.6,46063,Harding County,South Dakota,0.6998090995863825,0.043907095132039456,0.026089723194400255,0.1800827235125676,0.06061088132357617,20.209990454979323,Low opportunity based on selected indicators,Small county
"Loving County, Texas",33.0,0.0,51250.0,6.1,0.0,92.6,48301,Loving County,Texas,0.0004772510340439071,0.03690741329939548,0.003658924594336621,0.8601654470251352,0.1086541520839962,20.197263760738153,Low opportunity based on selected indicators,Small county
"Hancock County, Indiana",84037.0,23.2,93186.0,4.7,2.7,93.6,18059,Hancock County,Indiana,0.6870824053452116,0.009545020680878142,0.17037861915367483,0.07922367165128863,0.06061088132357617,20.136811963092587,Low opportunity based on selected indicators,Medium county
"King County, Washington",2287171.0,19.5,124746.0,8.6,4.8,95.1,53033,King County,Washington,0.23114858415526568,0.15478841870824053,0.5874960229080496,0.01368119630925868,0.01956729239580024,20.13363028953229,Low opportunity based on selected indicators,Very large county
"Ada County, Idaho",518935.0,22.0,91502.0,8.3,3.1,94.7,16001,Ada County,Idaho,0.5224307986000636,0.13378937321030862,0.2286032453070315,0.08749602290804959,0.029430480432707573,20.034998409163215,Low opportunity based on selected indicators,Large county
"Orange County, Vermont",29761.0,17.8,82232.0,9.3,2.3,88.3,50017,Orange County,Vermont,0.12042634425707922,0.20489977728285078,0.11756283805281578,0.15876551065860645,0.39882278078269173,20.00954502068088,Low opportunity based on selected indicators,Small county
"Juneau City and Borough, Alaska",31794.0,20.4,101661.0,8.9,4.0,94.3,2110,Juneau City and Borough,Alaska,0.3181673560292714,0.17626471524021636,0.41520839961819916,0.05027044225262489,0.04008908685968815,20.0,Low opportunity based on selected indicators,Small county
"Kitsap County, Washington",277881.0,19.7,104158.0,8.2,4.7,95.3,53035,Kitsap County,Washington,0.24896595609290487,0.12726694241170855,0.5641107222398982,0.04104358892777604,0.016385618835507487,19.955456570155903,Low opportunity based on selected indicators,Large county
"Union County, Ohio",67324.0,24.1,112322.0,5.0,2.6,95.2,39159,Union County,Ohio,0.7858733693923003,0.012885777919185491,0.1551065860642698,0.02513522112631239,0.017976455615653864,19.939548202354437,Low opportunity based on selected indicators,Medium county
"Jefferson County, Montana",12774.0,20.0,95490.0,5.7,4.2,91.4,30043,Jefferson County,Montana,0.2748965956092905,0.029430480432707604,0.4513203945275215,0.06872414890232259,0.17181037225580653,19.923639834552972,Low opportunity based on selected indicators,Small county
"Shelby County, Alabama",230211.0,22.8,97961.0,7.2,2.9,94.7,1117,Shelby County,Alabama,0.6331530384982501,0.0762010817690105,0.19551384027998728,0.05822462615335666,0.029430480432707573,19.850461342666243,Low opportunity based on selected indicators,Medium county
"Cherokee County, Georgia",281032.0,22.8,108115.0,7.0,3.2,95.9,13057,Cherokee County,Georgia,0.6331530384982501,0.06697422844416163,0.25071587655106586,0.03404390709513205,0.007158765510658638,19.840916321985365,Low opportunity based on selected indicators,Large county
"Cass County, Nebraska",27161.0,23.0,91836.0,5.2,1.7,91.6,31025,Cass County,Nebraska,0.657651924912504,0.01893095768374165,0.06617881005408845,0.08558701877187402,0.15987909640470888,19.76455615653834,Low opportunity based on selected indicators,Small county
"Clear Creek County, Colorado",9262.0,14.8,94577.0,6.4,4.8,90.2,8019,Clear Creek County,Colorado,0.02783964365256125,0.04661151765828826,0.5874960229080496,0.07254215717467383,0.24992045816099273,19.688195991091312,Low opportunity based on selected indicators,Small county
"Carroll County, Maryland",175321.0,22.0,118211.0,5.2,3.5,92.5,24013,Carroll County,Maryland,0.5224307986000636,0.01893095768374165,0.3075087496022908,0.019090041361756294,0.11565383391664019,19.67228762328985,Low opportunity based on selected indicators,Medium county
"Bottineau County, North Dakota",6378.0,22.1,85000.0,7.6,1.6,91.6,38009,Bottineau County,North Dakota,0.5359529112313076,0.0940184537066497,0.05997454661151766,0.1334712058542793,0.15987909640470888,19.665924276169264,Low opportunity based on selected indicators,Small county
"Anne Arundel County, Maryland",598166.0,22.4,124911.0,5.6,3.7,95.5,24003,Anne Arundel County,Maryland,0.5760419980909959,0.026726057906458798,0.3523703468024181,0.0127266942411709,0.013044861597200086,19.618199172764875,Low opportunity based on selected indicators,Large county
"Gloucester County, Virginia",39526.0,19.9,84306.0,5.2,3.0,89.0,51073,Gloucester County,Virginia,0.2653515749284123,0.01893095768374165,0.2098313713013045,0.14062997136493793,0.3433025771555839,19.560929048679604,Low opportunity based on selected indicators,Small county
"Chester County, Pennsylvania",547840.0,22.0,127208.0,6.0,3.8,94.7,42029,Chester County,Pennsylvania,0.5224307986000636,0.03483932548520522,0.3752783964365256,0.01145402481705382,0.029430480432707573,19.468660515431115,Low opportunity based on selected indicators,Large county
"Renville County, North Dakota",2304.0,21.2,74301.0,9.1,1.0,93.7,38075,Renville County,North Dakota,0.4139357301940821,0.18851415844734332,0.030066815144766147,0.28125994272987587,0.05742920776328353,19.424117085587017,Low opportunity based on selected indicators,Small county
"Collier County, Florida",398291.0,16.3,90045.0,10.7,3.9,92.5,12021,Collier County,Florida,0.0606108813235762,0.30178173719376394,0.3970728603245307,0.09417753738466428,0.11565383391664019,19.385937002863507,Low opportunity based on selected indicators,Large county
"Dickinson County, Iowa",17990.0,19.1,75432.0,7.6,3.0,90.8,19059,Dickinson County,Iowa,0.19455933821189947,0.0940184537066497,0.2098313713013045,0.25978364619790006,0.20903595291123134,19.3445752465797,Low opportunity based on selected indicators,Small county
"Dukes County, Massachusetts",20933.0,16.8,125786.0,4.4,6.6,95.0,25007,Dukes County,Massachusetts,0.07286032453070315,0.005886096086541521,0.8533248488705059,0.012408526885141602,0.021317212853961154,19.315940184537066,Low opportunity based on selected indicators,Small county
"Boone County, Iowa",26668.0,21.0,83531.0,6.2,1.5,89.1,19015,Boone County,Iowa,0.38832325803372575,0.04024817053770283,0.054088450524976135,0.14794782055361122,0.33487114222080816,19.309576837416483,Low opportunity based on selected indicators,Small county
"Dawson County, Georgia",30242.0,20.4,92991.0,8.5,3.5,92.6,13085,Dawson County,Georgia,0.3181673560292714,0.1479478205536112,0.3075087496022908,0.07986000636334711,0.1086541520839962,19.242761692650333,Low opportunity based on selected indicators,Small county
"Sussex County, New Jersey",145807.0,19.5,116186.0,5.5,5.1,94.5,34037,Sussex County,New Jersey,0.23114858415526568,0.02433980273623926,0.6509704104358893,0.02068087814190267,0.034839325485205186,19.239580019090045,Low opportunity based on selected indicators,Medium county
"Kent County, Rhode Island",171456.0,18.0,94345.0,7.5,4.7,92.7,44003,Kent County,Rhode Island,0.13140311804008908,0.08892777601018136,0.5641107222398982,0.07381482659879102,0.10356347438752789,19.23639834552975,Low opportunity based on selected indicators,Medium county
"Roanoke County, Virginia",97023.0,19.6,83709.0,7.3,2.8,89.5,51161,Roanoke County,Virginia,0.23989818644607064,0.08001909004136176,0.18310531339484568,0.14540248170537706,0.3051224944320713,19.07095132039453,Low opportunity based on selected indicators,Medium county
"Poquoson city, Virginia",12639.0,23.0,120972.0,4.5,3.2,95.7,51735,Poquoson city,Virginia,0.657651924912504,0.007158765510658607,0.25071587655106586,0.016862869869551433,0.01018135539293663,18.851415844734333,Low opportunity based on selected indicators,Small county
"Emmet County, Michigan",34125.0,18.1,78112.0,8.5,3.2,91.1,26047,Emmet County,Michigan,0.13649379573655743,0.1479478205536112,0.25071587655106586,0.2112631244034362,0.19265033407572385,18.781419026407892,Low opportunity based on selected indicators,Small county
"Piatt County, Illinois",16695.0,21.6,94811.0,6.1,2.8,91.3,17147,Piatt County,Illinois,0.4675469296850143,0.03690741329939548,0.18310531339484568,0.07158765510658605,0.17849188673242122,18.752783964365253,Low opportunity based on selected indicators,Small county
"Lincoln County, Maine",36099.0,16.5,76875.0,7.9,2.9,89.1,23015,Lincoln County,Maine,0.06395163856188354,0.1100859051861279,0.19551384027998728,0.23289850461342665,0.33487114222080816,18.74642061724467,Low opportunity based on selected indicators,Small county
"Burnet County, Texas",52652.0,20.5,78732.0,8.0,2.6,92.1,48053,Burnet County,Texas,0.32818962774419347,0.11517658288259625,0.1551065860642698,0.20235443843461665,0.1361756283805282,18.740057270124087,Low opportunity based on selected indicators,Medium county
"Grafton County, New Hampshire",92120.0,15.6,88261.0,10.4,3.2,90.3,33009,Grafton County,New Hampshire,0.043429844097995544,0.2801463569837735,0.25071587655106586,0.10913140311804004,0.2421253579382755,18.510976773783007,Low opportunity based on selected indicators,Medium county
"Monroe County, Florida",81860.0,15.7,87738.0,10.6,2.9,89.9,12087,Monroe County,Florida,0.045975182946229716,0.29430480432707606,0.19551384027998728,0.11326757874642057,0.2726694241170856,18.434616608335986,Low opportunity based on selected indicators,Medium county
"Botetourt County, Virginia",34004.0,18.6,81213.0,6.2,2.4,88.1,51023,Botetourt County,Virginia,0.16321985364301622,0.04024817053770283,0.12949411390391347,0.16894686605154308,0.4137766465160675,18.31371301304486,Low opportunity based on selected indicators,Small county
"Foster County, North Dakota",3358.0,21.8,87831.0,8.8,1.0,92.6,38031,Foster County,North Dakota,0.4928412344893414,0.1689468660515431,0.030066815144766147,0.11199490932230349,0.1086541520839962,18.25007954183901,Low opportunity based on selected indicators,Small county
"Calvert County, Maryland",94313.0,23.1,133922.0,3.9,2.7,93.6,24009,Calvert County,Maryland,0.6719694559338212,0.0022271714922048997,0.17037861915367483,0.006681514476614692,0.06061088132357617,18.237352847597833,Low opportunity based on selected indicators,Medium county
"Ketchikan Gateway Borough, Alaska",13768.0,20.2,92885.0,8.7,3.1,92.0,2130,Ketchikan Gateway Borough,Alaska,0.2966910594972956,0.1613108495068406,0.2286032453070315,0.08049634107540571,0.14031180400890864,18.14826598790964,Low opportunity based on selected indicators,Small county
"Madison County, Montana",9223.0,16.3,75250.0,6.2,3.1,89.4,30057,Madison County,Montana,0.0606108813235762,0.04024817053770283,0.2286032453070315,0.26312440343620747,0.31307667833280306,18.113267578746424,Low opportunity based on selected indicators,Small county
"San Juan County, Washington",18478.0,12.6,84800.0,11.3,3.7,93.8,53055,San Juan County,Washington,0.010181355392936684,0.34743875278396436,0.3523703468024181,0.1361756283805282,0.054565701559020074,18.014635698377347,Low opportunity based on selected indicators,Small county
"Brown County, Indiana",15606.0,16.6,78528.0,7.8,2.2,88.1,18013,Brown County,Indiana,0.06617881005408845,0.10626789691377665,0.10610881323576202,0.2055361119949093,0.4137766465160675,17.957365574292076,Low opportunity based on selected indicators,Small county
"Custer County, South Dakota",8892.0,13.8,84112.0,9.0,2.3,87.8,46033,Custer County,South Dakota,0.01479478205536112,0.18262806236080179,0.11756283805281578,0.1425389755011136,0.43811644925230675,17.912822144447983,Low opportunity based on selected indicators,Small county
"Boise County, Idaho",8273.0,15.4,78774.0,7.7,3.4,90.0,16015,Boise County,Idaho,0.03865733375755648,0.10054088450524976,0.28778237352847597,0.20171810372255805,0.2653515749284123,17.881005408845052,Low opportunity based on selected indicators,Small county
"Fluvanna County, Virginia",28092.0,19.4,96768.0,7.7,4.2,93.8,51065,Fluvanna County,Virginia,0.2223989818644607,0.10054088450524976,0.4513203945275215,0.06395163856188357,0.054565701559020074,17.855552020362715,Low opportunity based on selected indicators,Small county
"Benzie County, Michigan",18310.0,16.9,74834.0,9.7,3.1,93.0,26019,Benzie County,Michigan,0.0757238307349666,0.22923958001909003,0.2286032453070315,0.27076041998090994,0.08701877187400575,17.826916958320076,Low opportunity based on selected indicators,Small county
"San Mateo County, California",742340.0,19.5,158855.0,6.7,4.8,95.7,6081,San Mateo County,California,0.23114858415526568,0.05583837098313713,0.5874960229080496,0.0006363347120585949,0.01018135539293663,17.706013363028955,Low opportunity based on selected indicators,Large county
"Calumet County, Wisconsin",52942.0,22.2,88810.0,5.9,2.1,92.9,55015,Calumet County,Wisconsin,0.5493159401845371,0.032453070314985684,0.09720012726694241,0.1053133948456888,0.09258670060451801,17.537384664333437,Low opportunity based on selected indicators,Medium county
"Door County, Wisconsin",30445.0,15.8,74795.0,7.7,2.4,89.3,55029,Door County,Wisconsin,0.04804327076041998,0.10054088450524976,0.12949411390391347,0.272033089405027,0.31944002545338845,17.391027680559972,Low opportunity based on selected indicators,Small county
"Middlesex County, Massachusetts",1638365.0,19.5,130847.0,7.7,4.4,94.7,25017,Middlesex County,Massachusetts,0.23114858415526568,0.10054088450524976,0.49713649379573654,0.008908685968819552,0.029430480432707573,17.34330257715558,Low opportunity based on selected indicators,Very large county
"Teton County, Idaho",12425.0,22.3,99805.0,9.1,1.2,94.9,16081,Teton County,Idaho,0.5628380528157811,0.18851415844734332,0.0383391664015272,0.053452115812917644,0.023385300668151476,17.330575882914417,Low opportunity based on selected indicators,Small county
"St. Charles County, Missouri",414535.0,22.5,104692.0,5.2,2.9,95.1,29183,St. Charles County,Missouri,0.5911549475023863,0.01893095768374165,0.19551384027998728,0.039452752147629666,0.01956729239580024,17.292395800190903,Low opportunity based on selected indicators,Large county
"Sweet Grass County, Montana",3720.0,20.1,77000.0,7.9,1.8,91.6,30097,Sweet Grass County,Montana,0.2855552020362711,0.1100859051861279,0.07413299395482023,0.2309895004772511,0.15987909640470888,17.212853961183583,Low opportunity based on selected indicators,Small county
"Grand County, Colorado",15895.0,15.9,88612.0,7.6,4.1,91.3,8049,Grand County,Colorado,0.04931594018453707,0.0940184537066497,0.4322303531657652,0.10658606426980588,0.17849188673242122,17.21285396118358,Low opportunity based on selected indicators,Small county
"Barnstable County, Massachusetts",231668.0,14.1,95241.0,7.7,5.0,94.3,25001,Barnstable County,Massachusetts,0.01845370664969774,0.10054088450524976,0.6310849506840598,0.07047406936048362,0.04008908685968815,17.21285396118358,Low opportunity based on selected indicators,Medium county
"Dane County, Wisconsin",572674.0,19.7,89975.0,10.6,2.4,92.9,55025,Dane County,Wisconsin,0.24896595609290487,0.29430480432707606,0.12949411390391347,0.09481387209672287,0.09258670060451801,17.203308940502705,Low opportunity based on selected indicators,Large county
"Cheshire County, New Hampshire",77297.0,17.8,83329.0,8.7,3.3,91.8,33005,Cheshire County,New Hampshire,0.12042634425707922,0.1613108495068406,0.2696468342348075,0.15049315940184538,0.14906140629971365,17.01877187400573,Low opportunity based on selected indicators,Medium county
"Bucks County, Pennsylvania",647461.0,19.9,114764.0,6.1,4.4,94.8,42017,Bucks County,Pennsylvania,0.2653515749284123,0.03690741329939548,0.49713649379573654,0.02195354756601975,0.026089723194400283,16.948775055679288,Low opportunity based on selected indicators,Large county
"Medina County, Ohio",183660.0,21.4,94968.0,6.3,2.9,92.9,39103,Medina County,Ohio,0.44177537384664334,0.043907095132039456,0.19551384027998728,0.07111040407254221,0.09258670060451801,16.897868278714608,Low opportunity based on selected indicators,Medium county
"St. Johns County, Florida",306934.0,21.6,109839.0,6.5,3.3,95.4,12109,St. Johns County,Florida,0.4675469296850143,0.04931594018453707,0.2696468342348075,0.03213490295895638,0.014635698377346462,16.665606108813236,Low opportunity based on selected indicators,Large county
"Putnam County, New York",98107.0,19.4,126257.0,7.1,4.4,94.8,36079,Putnam County,New York,0.2223989818644607,0.0717467387846007,0.49713649379573654,0.011772192173083007,0.026089723194400283,16.582882596245625,Low opportunity based on selected indicators,Medium county
"Summit County, Colorado",31017.0,16.3,109773.0,7.7,5.0,97.8,8117,Summit County,Colorado,0.0606108813235762,0.10054088450524976,0.6310849506840598,0.03308940502704427,0.0009545020680877814,16.525612472160354,Low opportunity based on selected indicators,Small county
"Clarke County, Virginia",15216.0,19.6,117111.0,7.0,2.7,89.2,51043,Clarke County,Virginia,0.23989818644607064,0.06697422844416163,0.17037861915367483,0.019726376073814778,0.3265987909640471,16.471524021635382,Low opportunity based on selected indicators,Small county
"Nantucket County, Massachusetts",14483.0,20.5,139688.0,3.2,4.3,95.3,25019,Nantucket County,Massachusetts,0.32818962774419347,0.0009545020680878142,0.47216035634743875,0.004772510340439018,0.016385618835507487,16.44925230671333,Low opportunity based on selected indicators,Small county
"Hanover County, Virginia",112879.0,21.6,112805.0,5.7,2.7,92.3,51085,Hanover County,Virginia,0.4675469296850143,0.029430480432707604,0.17037861915367483,0.024498886414253906,0.12663060769965007,16.369710467706017,Low opportunity based on selected indicators,Medium county
"Cook County, Minnesota",5635.0,14.5,72638.0,10.2,2.2,92.7,27031,Cook County,Minnesota,0.023067133312122175,0.26582882596245627,0.10610881323576202,0.31880369074132997,0.10356347438752789,16.347438752783965,Low opportunity based on selected indicators,Small county
"Addison County, Vermont",37664.0,16.0,89639.0,7.6,3.8,91.4,50001,Addison County,Vermont,0.05186127903277124,0.0940184537066497,0.3752783964365256,0.09831371301304481,0.17181037225580653,15.82564428889596,Low opportunity based on selected indicators,Small county
"Lexington city, Virginia",7525.0,7.3,84517.0,14.0,0.6,93.4,51678,Lexington city,Virginia,0.0023862551702195354,0.5591791282214444,0.01813553929366847,0.13872096722876237,0.06792873051224946,15.727012408526885,Low opportunity based on selected indicators,Small county
"Island County, Washington",86836.0,17.3,90551.0,7.7,4.3,94.8,53029,Island County,Washington,0.09242761692650334,0.10054088450524976,0.47216035634743875,0.09131403118040093,0.026089723194400283,15.65065224307986,Low opportunity based on selected indicators,Medium county
"Hunterdon County, New Jersey",130160.0,19.1,141715.0,4.0,4.6,94.6,34019,Hunterdon County,New Jersey,0.19455933821189947,0.0028635062042634426,0.5439070951320395,0.0038180082723512365,0.03245307031498568,15.552020362710788,Low opportunity based on selected indicators,Medium county
"Summit County, Utah",42970.0,23.1,138114.0,4.9,1.8,95.6,49043,Summit County,Utah,0.6719694559338212,0.011294941139039135,0.07413299395482023,0.005090677696468315,0.011931275851097656,15.488386891504929,Low opportunity based on selected indicators,Small county
"Washington County, Vermont",60017.0,18.0,83449.0,8.7,2.7,91.6,50023,Washington County,Vermont,0.13140311804008908,0.1613108495068406,0.17037861915367483,0.1485841552656697,0.15987909640470888,15.431116767419661,Low opportunity based on selected indicators,Medium county
"Lake County, Colorado",7380.0,18.6,96575.0,7.9,2.2,89.2,8065,Lake County,Colorado,0.16321985364301622,0.1100859051861279,0.10610881323576202,0.06458797327394206,0.3265987909640471,15.412026726057906,Low opportunity based on selected indicators,Small county
"Gilpin County, Colorado",5901.0,16.4,95361.0,11.2,3.1,93.4,8047,Gilpin County,Colorado,0.062360801781737196,0.33837098313713015,0.2286032453070315,0.06967865097041048,0.06792873051224946,15.338848234171177,Low opportunity based on selected indicators,Small county
"Sarasota County, Florida",459547.0,14.0,83416.0,8.6,3.7,92.9,12115,Sarasota County,Florida,0.017181037225580655,0.15478841870824053,0.3523703468024181,0.1495386573337576,0.09258670060451801,15.329303213490297,Low opportunity based on selected indicators,Large county
"Elbert County, Colorado",27874.0,21.2,132685.0,5.3,3.4,94.5,8039,Elbert County,Colorado,0.4139357301940821,0.021635380209990455,0.28778237352847597,0.007317849188673287,0.034839325485205186,15.31021317212854,Low opportunity based on selected indicators,Small county
"Stanley County, South Dakota",3015.0,21.2,87712.0,5.1,0.5,90.9,46117,Stanley County,South Dakota,0.4139357301940821,0.015431116767419662,0.015112949411390391,0.11358574610244987,0.20314985682468978,15.224307986000635,Low opportunity based on selected indicators,Small county
"Broomfield County, Colorado",76304.0,20.5,123874.0,6.2,3.8,96.7,8014,Broomfield County,Colorado,0.32818962774419347,0.04024817053770283,0.3752783964365256,0.014317531021317165,0.003022589882278104,15.221126312440342,Low opportunity based on selected indicators,Medium county
"Divide County, North Dakota",2167.0,19.3,91852.0,9.3,2.3,92.0,38023,Divide County,North Dakota,0.21158129175946547,0.20489977728285078,0.11756283805281578,0.08526885141584473,0.14031180400890864,15.192491250397708,Low opportunity based on selected indicators,Small county
"Albemarle County, Virginia",114919.0,19.5,104392.0,7.7,3.4,92.9,51003,Albemarle County,Virginia,0.23114858415526568,0.10054088450524976,0.28778237352847597,0.040725421571746745,0.09258670060451801,15.055679287305122,Low opportunity based on selected indicators,Medium county
"Strafford County, New Hampshire",132575.0,17.6,88570.0,8.7,3.5,93.5,33017,Strafford County,New Hampshire,0.10865415208399619,0.1613108495068406,0.3075087496022908,0.10690423162583518,0.06395163856188357,14.966592427616925,Low opportunity based on selected indicators,Medium county
"Monroe County, Illinois",35036.0,21.8,102880.0,5.0,1.9,92.7,17133,Monroe County,Illinois,0.4928412344893414,0.012885777919185491,0.08160992682150811,0.046452433980273655,0.10356347438752789,14.747056951956733,Low opportunity based on selected indicators,Small county
"Washington County, Rhode Island",130344.0,15.4,106638.0,8.2,4.4,94.4,44009,Washington County,Rhode Island,0.03865733375755648,0.12726694241170855,0.49713649379573654,0.03563474387527843,0.03706649697741016,14.715240216353804,Low opportunity based on selected indicators,Medium county
"Livingston County, Michigan",195833.0,20.3,103039.0,5.1,3.4,93.3,26093,Livingston County,Michigan,0.3078269169583201,0.015431116767419662,0.28778237352847597,0.04581609926821506,0.07286032453070312,14.594336621062679,Low opportunity based on selected indicators,Medium county
"Washington County, Wisconsin",137879.0,21.0,96359.0,5.8,2.5,92.8,55131,Washington County,Wisconsin,0.38832325803372575,0.03070314985682469,0.14110722239898185,0.06522430798600065,0.09863188036907411,14.479796372892142,Low opportunity based on selected indicators,Medium county
"Teller County, Colorado",24825.0,15.7,85361.0,7.6,3.7,92.8,8119,Teller County,Colorado,0.045975182946229716,0.0940184537066497,0.3523703468024181,0.1307667833280305,0.09863188036907411,14.435252943048043,Low opportunity based on selected indicators,Small county
"York County, Maine",216731.0,17.8,88333.0,7.7,3.4,92.7,23031,York County,Maine,0.12042634425707922,0.10054088450524976,0.28778237352847597,0.10849506840598155,0.10356347438752789,14.416162901686286,Low opportunity based on selected indicators,Medium county
"Powhatan County, Virginia",31555.0,18.3,110537.0,4.6,3.6,90.9,51145,Powhatan County,Virginia,0.1457206490614063,0.008272351256761056,0.32914412981228125,0.029589564110722222,0.20314985682468978,14.317531021317212,Low opportunity based on selected indicators,Small county
"Ozaukee County, Wisconsin",92966.0,20.9,96996.0,5.0,2.8,93.5,55089,Ozaukee County,Wisconsin,0.3773464842507159,0.012885777919185491,0.18310531339484568,0.06363347120585428,0.06395163856188357,14.018453706649698,Low opportunity based on selected indicators,Medium county
"Chittenden County, Vermont",169758.0,17.2,96759.0,9.7,3.2,93.4,50007,Chittenden County,Vermont,0.08813235762010818,0.22923958001909003,0.25071587655106586,0.06426980591791287,0.06792873051224946,14.005727012408528,Low opportunity based on selected indicators,Medium county
"Belknap County, New Hampshire",64659.0,17.3,92783.0,8.5,3.1,91.9,33001,Belknap County,New Hampshire,0.09242761692650334,0.1479478205536112,0.2286032453070315,0.08113267578746419,0.14444797963728917,13.89118676423799,Low opportunity based on selected indicators,Medium county
"Saratoga County, New York",238284.0,19.1,100787.0,7.1,3.3,92.8,36091,Saratoga County,New York,0.19455933821189947,0.0717467387846007,0.2696468342348075,0.05186127903277127,0.09863188036907411,13.72892141266306,Low opportunity based on selected indicators,Medium county
"Lake of the Woods County, Minnesota",3821.0,18.4,77546.0,6.4,1.5,90.8,27077,Lake of the Woods County,Minnesota,0.15112949411390392,0.04661151765828826,0.054088450524976135,0.22048997772828505,0.20903595291123134,13.627107858733694,Low opportunity based on selected indicators,Small county
"Mono County, California",13148.0,17.7,99415.0,8.6,3.1,92.4,6051,Mono County,California,0.11422208081450844,0.15478841870824053,0.2286032453070315,0.05536111994909321,0.12201718103722559,13.499840916321986,Low opportunity based on selected indicators,Small county
"Armstrong County, Texas",1822.0,19.3,72750.0,5.2,1.2,93.0,48011,Armstrong County,Texas,0.21158129175946547,0.01893095768374165,0.0383391664015272,0.31514476614699327,0.08701877187400575,13.420299077314668,Low opportunity based on selected indicators,Small county
"Trego County, Kansas",2777.0,20.2,81528.0,5.5,1.0,91.7,20195,Trego County,Kansas,0.2966910594972956,0.02433980273623926,0.030066815144766147,0.16592427616926508,0.15367483296213813,13.413935730194085,Low opportunity based on selected indicators,Small county
"Lower Connecticut River Valley Planning Region, Connecticut",175822.0,16.7,104428.0,6.8,3.8,92.5,9130,Lower Connecticut River Valley Planning Region,Connecticut,0.06967865097041044,0.05949729557747375,0.3752783964365256,0.04040725421571745,0.11565383391664019,13.210308622335349,Low opportunity based on selected indicators,Medium county
"Gallatin County, Montana",124074.0,18.8,93528.0,9.5,2.3,93.3,30031,Gallatin County,Montana,0.17578746420617244,0.21762647152402165,0.11756283805281578,0.07636016544702517,0.07286032453070312,13.203945275214762,Low opportunity based on selected indicators,Medium county
"Archuleta County, Colorado",13900.0,16.7,83065.0,8.2,1.3,90.0,8007,Archuleta County,Colorado,0.06967865097041044,0.12726694241170855,0.043748011454024814,0.15303849825007954,0.2653515749284123,13.181673560292712,Low opportunity based on selected indicators,Small county
"Jefferson County, Colorado",579377.0,18.5,110656.0,6.7,3.9,95.1,8059,Jefferson County,Colorado,0.15701559020044542,0.05583837098313713,0.3970728603245307,0.029271396754692924,0.01956729239580024,13.175310213172128,Low opportunity based on selected indicators,Large county
"Beaufort County, South Carolina",195289.0,17.4,86573.0,9.6,2.6,94.0,45013,Beaufort County,South Carolina,0.09640470887686924,0.2223989818644607,0.1551065860642698,0.12313076678332802,0.049952274896595594,12.939866369710467,Low opportunity based on selected indicators,Medium county
"Merrimack County, New Hampshire",155967.0,18.4,97004.0,7.6,3.1,92.8,33013,Merrimack County,New Hampshire,0.15112949411390392,0.0940184537066497,0.2286032453070315,0.06331530384982498,0.09863188036907411,12.713967546929684,Low opportunity based on selected indicators,Medium county
"Hillsborough County, New Hampshire",426378.0,19.6,103545.0,6.7,3.1,93.4,33011,Hillsborough County,New Hampshire,0.23989818644607064,0.05583837098313713,0.2286032453070315,0.04263442570792242,0.06792873051224946,12.698059179128224,Low opportunity based on selected indicators,Large county
"Ouray County, Colorado",5087.0,12.6,91020.0,4.3,3.5,90.7,8091,Ouray County,Colorado,0.010181355392936684,0.004613426662424435,0.3075087496022908,0.08940502704422526,0.21508113267578743,12.535793827553293,Low opportunity based on selected indicators,Small county
"Waukesha County, Wisconsin",411762.0,21.0,106076.0,5.2,2.3,94.0,55133,Waukesha County,Wisconsin,0.38832325803372575,0.01893095768374165,0.11756283805281578,0.03754374801145399,0.049952274896595594,12.246261533566656,Low opportunity based on selected indicators,Large county
"Los Alamos County, New Mexico",19435.0,22.0,147139.0,3.5,0.6,93.4,35028,Los Alamos County,New Mexico,0.5224307986000636,0.0012726694241170856,0.01813553929366847,0.00222717149220486,0.06792873051224946,12.23989818644607,Low opportunity based on selected indicators,Small county
"Cumberland County, Maine",308827.0,18.0,95677.0,7.3,3.1,92.7,23005,Cumberland County,Maine,0.13140311804008908,0.08001909004136176,0.2286032453070315,0.06713331212217621,0.10356347438752789,12.214444797963727,Low opportunity based on selected indicators,Large county
"Grand Isle County, Vermont",7450.0,16.9,97396.0,7.9,3.1,92.5,50013,Grand Isle County,Vermont,0.0757238307349666,0.1100859051861279,0.2286032453070315,0.061406299713649415,0.11565383391664019,11.82946229716831,Low opportunity based on selected indicators,Small county
"Alexandria city, Virginia",156976.0,18.1,119681.0,7.9,3.3,94.1,51510,Alexandria city,Virginia,0.13649379573655743,0.1100859051861279,0.2696468342348075,0.01718103722558062,0.046452433980273655,11.597200127266943,Low opportunity based on selected indicators,Medium county
"Douglas County, Nevada",49623.0,14.9,90754.0,9.0,3.0,94.0,32005,Douglas County,Nevada,0.030384982500795417,0.18262806236080179,0.2098313713013045,0.09035952911231304,0.049952274896595594,11.263124403436207,Low opportunity based on selected indicators,Small county
"New Kent County, Virginia",25105.0,19.5,123314.0,4.7,2.3,91.4,51127,New Kent County,Virginia,0.23114858415526568,0.009545020680878142,0.11756283805281578,0.014635698377346462,0.17181037225580653,10.894050270442253,Low opportunity based on selected indicators,Small county
"Rockingham County, New Hampshire",319082.0,18.5,118331.0,4.8,3.6,95.0,33015,Rockingham County,New Hampshire,0.15701559020044542,0.010658606426980593,0.32914412981228125,0.018771874005726996,0.021317212853961154,10.738148265987908,Low opportunity based on selected indicators,Large county
"Leelanau County, Michigan",22734.0,15.4,99422.0,6.5,3.4,93.1,26089,Leelanau County,Michigan,0.03865733375755648,0.04931594018453707,0.28778237352847597,0.05504295259306391,0.08192809417753744,10.254533884823417,Low opportunity based on selected indicators,Small county
"Bristol County, Rhode Island",50490.0,17.8,114490.0,6.5,3.0,92.6,44001,Bristol County,Rhode Island,0.12042634425707922,0.04931594018453707,0.2098313713013045,0.022271714922049046,0.1086541520839962,10.20999045497932,Low opportunity based on selected indicators,Medium county
"James City County, Virginia",81013.0,19.5,109985.0,6.8,2.7,95.2,51095,James City County,Virginia,0.23114858415526568,0.05949729557747375,0.17037861915367483,0.030544066178810003,0.017976455615653864,10.190900413617562,Low opportunity based on selected indicators,Medium county
"Arlington County, Virginia",236254.0,18.0,142114.0,7.4,3.3,95.2,51013,Arlington County,Virginia,0.13140311804008908,0.08399618199172765,0.2696468342348075,0.003499840916321939,0.017976455615653864,10.130448615972002,Low opportunity based on selected indicators,Medium county
"Hinsdale County, Colorado",1005.0,18.5,75972.0,4.1,0.0,94.1,8053,Hinsdale County,Colorado,0.15701559020044542,0.0034998409163219855,0.003658924594336621,0.2481705377028317,0.046452433980273655,9.175946547884188,Low opportunity based on selected indicators,Small county
"Blaine County, Idaho",24951.0,19.2,92566.0,6.6,2.1,95.8,16013,Blaine County,Idaho,0.20235443843461662,0.052338530066815145,0.09720012726694241,0.08208717785555197,0.008272351256761068,8.845052497613743,Low opportunity based on selected indicators,Small county
"Park County, Colorado",17907.0,14.3,103670.0,5.0,3.3,93.1,8093,Park County,Colorado,0.020839961819917277,0.012885777919185491,0.2696468342348075,0.04231625835189312,0.08192809417753744,8.552338530066816,Low opportunity based on selected indicators,Small county
"Pitkin County, Colorado",16985.0,14.6,102645.0,7.8,2.5,92.8,8097,Pitkin County,Colorado,0.02433980273623926,0.10626789691377665,0.14110722239898185,0.04708876869233214,0.09863188036907411,8.34871142220808,Low opportunity based on selected indicators,Small county
"Routt County, Colorado",25084.0,17.2,106489.0,5.2,2.4,93.2,8107,Routt County,Colorado,0.08813235762010818,0.01893095768374165,0.12949411390391347,0.036271078587336913,0.07731466751511296,7.002863506204263,Low opportunity based on selected indicators,Small county
"Teton County, Wyoming",23396.0,17.1,124172.0,5.7,1.8,94.0,56039,Teton County,Wyoming,0.08415526566974228,0.029430480432707604,0.07413299395482023,0.013999363665287978,0.049952274896595594,5.033407572383074,Low opportunity based on selected indicators,Small county
"Goochland County, Virginia",26410.0,16.2,118931.0,5.1,1.7,93.5,51075,Goochland County,Virginia,0.05806554247534203,0.015431116767419662,0.06617881005408845,0.0184537066496977,0.06395163856188357,4.4416162901686285,Low opportunity based on selected indicators,Small county
